tree
version=v4
num_class=1
num_tree_per_iteration=1
label_index=0
max_feature_idx=53
objective=tweedie
feature_names=cost_inpatient_6m_ratio claims_inpatient_6m cost_outpatient_6m_ratio claims_outpatient_6m cost_er_6m_ratio claims_er_6m cost_professional_6m_ratio claims_professional_6m cost_rx_6m_ratio claims_rx_6m cost_total_6m_ratio claims_total_6m months_enrolled_6m cost_inpatient_12m_ratio claims_inpatient_12m cost_outpatient_12m_ratio claims_outpatient_12m cost_er_12m_ratio claims_er_12m cost_professional_12m_ratio claims_professional_12m cost_rx_12m_ratio claims_rx_12m cost_total_12m_ratio claims_total_12m months_history_available has_any_claim hcc_01 hcc_02 hcc_03 hcc_04 hcc_05 hcc_06 hcc_07 hcc_08 hcc_09 hcc_10 hcc_11 hcc_12 hcc_13 hcc_14 hcc_15 hcc_count raf_score_base age sex_male dual orec esrd hospice_any_base county_freq pcp_freq county_id_te pcp_provider_id_te
feature_infos=[0:22.065700426890707] [0:6] [0:10.344867469160411] [0:6] [0:6.0006855802450962] [0:6] [0:12.76062814598434] [0:6] [0:9.8233520376395322] [0:6] [0:49.559576520600359] [0:30] none [0:40.899906595104753] [0:12] [0:8.9626540811005952] [0:12] [0:11.221276668001703] [0:12] [0:11.729062520963286] [0:12] [0:17.323471498690676] [0:12] [0:69.98649267224134] [0:60] [1:12] [0:1] [0:1] [0:1] [0:1] [0:1] [0:1] [0:1] [0:1] [0:1] [0:1] [0:1] [0:1] [0:1] [0:1] [0:1] [0:1] [0:11] [0.40920000000000001:7.8704999999999998] [65:98] [0:1] [0:1] [0:3] none none [74:105] [7:31] [0.79675300187070686:1.112453406400074] [0.82273815093108571:1.1400523623747958]
tree_sizes=2910 2935 2937 2836 2937 2725 3049 2723 2741 2830 2616 2831 2511 2748 2834 2945 2940 2941 3051 2950 2743 2631 2709 2828 2955 2612 2839 2739 2859 2960 2847 2827 2951 2836 3046 2730 2825 2749 3059 2842 3052 2966 2832 2839 3171 2634 2963 2747 2960 2859 2840 3157 2748 2951 2855 3172 2727 2952 3060 2951 2730 2952 2836 2956 2957 2964 2967 2740 2747 2966 2958 3074 3276 2861 2736 2958 2954 2738 2947 3073 2958 2969 2850 3154 3074 2861 2853 2966 3071 3072 2842 3063 2848 2647 3079 2851 3075 2848 2855 3167 2949 2747 2854 2855 2845 2863 2978 2964 2754 3192 3085 2970 2961 2758 2769 2755 2658 2959 2978 3084 3076 3191 2949 2961 2859 3194 3069 2965 3082 2856 2874 2846 2840 2876 3184 2980 3084 2864 2867 2854 3078 2958 3073 2862 2755 2971 2984 2979 2760 2981 2986 2863 2861 2962 2962 2759 2975 2867 2967 3075 2957 2756 2885 2767 2981 2990 3069 3182 3069 2963 3084 2854 2870 2871 2762 2759 2852 3080 2982 2981 2861 2860 2971 2982 3182 3191 2866 3084 2875 2663 3180 2981 3086 3094 3080 2966 2883 2743

Tree=0
num_leaves=26
num_cat=0
split_feature=43 23 43 23 17 43 19 43 44 43 42 17 6 30 43 10 0 15 52 44 52 10 15 43 19
split_gain=1415.9 345.594 199.618 80.4968 28.216 22.7863 22.2816 20.6472 17.4313 17.0701 15.6404 12.983 7.34412 6.43856 6.10935 5.19679 4.29436 2.43884 2.4434 1.85341 1.53003 1.39623 0.215354 0.187947 0.152379
threshold=1.2160500000000003 3.9138090935851699 0.82440000000000013 1.4675051578114526 0.17457549678022896 1.5776500000000002 0.097367751614808401 0.68885000000000007 71.500000000000014 0.97920000000000018 1.5000000000000002 0.019097709751056745 0.1200342702983853 1.0000000180025095e-35 0.55930000000000013 1.0321232220234233 0.078915701995084866 0.12886338985245557 0.94848231247631942 71.500000000000014 0.99757849208906302 0.12325692480369692 0.012214635070876275 0.51430000000000009 0.033589469918625291
decision_type=2 2 2 2 2 2 2 2 2 2 2 2 2 2 2 2 2 2 2 2 2 2 2 2 2
left_child=2 3 7 6 8 -5 -2 14 13 11 -11 -10 19 17 23 -8 20 18 -4 24 22 -21 -16 -1 -9
right_child=1 -3 4 5 -6 -7 15 12 9 10 -12 -13 -14 -15 16 -17 -18 -19 -20 21 -22 -23 -24 -25 -26
leaf_value=-0.062410400699168617 -0.042830958660321501 -0.012491344243731124 -0.054428743696437479 -0.033057005289014799 -0.03777454774064077 -0.024310366683207723 -0.033511646650399712 -0.057117080637142006 -0.052893100817859216 -0.047705161908339989 -0.039427173898832789 -0.045169601906957603 -0.050132777075174918 -0.046029875238814993 -0.06047037836482607 -0.038149745873897398 -0.055059705331111 -0.048945753135687838 -0.050461824671303043 -0.055536288276601481 -0.057012879847562863 -0.052449810979536819 -0.059307851721208567 -0.061239986214720071 -0.056065948813800517
leaf_weight=68.301193952560425 155.75129634141922 285.40388202667236 76.551026403903961 120.68896675109863 96.942678451538086 218.37798923254013 175.47471839189529 71.486735701560974 93.992767930030823 90.555956721305847 174.0568071603775 143.54064017534256 96.021574020385742 85.53495728969574 78.999371111392975 98.398589432239532 102.54286301136017 84.49886566400528 86.095483958721161 78.620874404907227 70.011580288410187 74.489707708358765 87.80941915512085 75.260024785995483 72.489220857620239
leaf_count=93 161 150 94 105 92 158 154 91 113 101 170 154 111 93 105 94 127 96 100 98 89 89 115 101 91
internal_value=-0.0425526 -0.0276719 -0.0512293 -0.0333082 -0.0460242 -0.0274237 -0.0379524 -0.0567656 -0.0469821 -0.0450821 -0.0422601 -0.0482258 -0.0540167 -0.0498501 -0.0590032 -0.035178 -0.0578214 -0.0511722 -0.0523289 -0.055272 -0.0590172 -0.0540347 -0.0598584 -0.0617968 -0.0565879
internal_weight=2861.9 1054.1 1807.8 768.692 931.769 339.067 429.625 876.033 834.827 502.146 264.613 237.533 393.108 332.68 482.924 273.873 339.363 247.145 162.647 297.087 236.82 153.111 166.809 143.561 143.976
internal_count=2945 822 2123 672 1013 263 409 1110 921 538 271 267 480 383 630 248 436 290 194 369 309 187 220 194 182
is_linear=0
shrinkage=1


Tree=1
num_leaves=26
num_cat=0
split_feature=43 19 43 43 43 43 44 43 23 19 42 4 17 43 2 43 15 0 52 51 50 51 2 19 43
split_gain=1473.94 286.237 252.836 65.2908 43.8885 40.8405 25.1971 22.0759 17.1542 16.4482 10.6454 10.5294 8.68639 8.004 5.78769 5.56518 5.23275 3.97123 3.91425 3.44138 3.09046 2.74915 1.64051 0.710135 0.268236
threshold=1.3410500000000003 0.42173806816088577 0.82440000000000013 2.1222500000000006 1.0356500000000002 1.8413000000000002 71.500000000000014 0.67240000000000011 1.1409354199009341 0.12228977806785631 1.5000000000000002 0.011577299766233248 0.03616876556948994 0.90665000000000007 0.03741085306009654 0.55930000000000013 0.24950275918002532 0.16430623381219867 0.94635198881010252 16.500000000000004 88.500000000000014 19.500000000000004 0.032461715363748145 0.045712727394782153 0.5223000000000001
decision_type=2 2 2 2 2 2 2 2 2 2 2 2 2 2 2 2 2 2 2 2 2 2 2 2 2
left_child=2 5 7 -3 9 8 18 15 -2 14 20 -12 -8 -11 21 24 -14 -16 -6 -17 -9 -4 -21 -22 -1
right_child=1 3 4 -5 6 -7 12 10 -10 13 11 -13 16 -15 17 19 -18 -19 -20 22 23 -23 -24 -25 -26
leaf_value=-0.019659625870878033 0.0010160680415428015 0.020629853659684342 -0.011286836185522118 0.03271635280051384 -0.0066090112135887853 0.015914859749573462 -0.0001741196454143338 -0.015607319581491592 0.0092349841339199445 -0.005687817849338095 -0.012578650965581851 -0.0049427065241461517 0.0075650427067164277 0.0005470418355632596 -0.0034267844068666242 -0.012661971373052774 0.0028708880822886154 -0.0081189340813185972 -0.0017618280753170627 -0.017489240916918079 -0.010933856354483729 -0.007224492143198675 -0.014485107728033112 -0.01311449057559716 -0.018267901904545816
leaf_weight=73.856287777423859 166.02981251478195 244.26227575540543 103.41283404827118 223.24453461170197 84.683506965637207 110.55333483219147 123.71796381473541 102.66812986135483 110.30236238241196 89.379386901855469 86.046670079231262 104.19645470380783 116.27556836605072 134.73838502168655 105.05760282278061 99.357414066791534 132.70754873752594 85.290600299835205 89.353343605995178 123.80125677585602 79.855983734130859 75.010215699672699 76.910505175590515 76.128729701042175 70.776652276515961
leaf_count=102 168 165 127 106 97 84 128 134 96 101 108 117 105 138 115 125 130 100 95 166 98 87 99 96 96
internal_value=9.06775e-05 0.0178953 -0.0073911 0.0264014 -0.00234663 0.00761667 0.000954711 -0.0138244 0.00429678 -0.00539099 -0.0112972 -0.00839643 0.00332459 -0.00193945 -0.00748863 -0.0163755 0.00506307 -0.00552923 -0.00412039 -0.0151209 -0.0134307 -0.009579 -0.0163381 -0.0119981 -0.0189786
internal_weight=2887.62 854.392 2033.23 467.507 1139.63 386.886 546.738 893.598 276.332 592.889 448.896 190.243 372.701 224.118 368.771 444.702 248.983 190.348 174.037 300.069 258.653 178.423 200.712 155.985 144.633
internal_count=2983 619 2364 271 1223 348 555 1141 264 668 553 225 363 239 429 588 235 215 192 390 328 214 265 194 198
is_linear=0
shrinkage=0.0161547


Tree=2
num_leaves=26
num_cat=0
split_feature=43 43 21 13 43 43 44 21 40 43 43 44 42 15 6 4 43 51 44 42 42 52 2 43 15
split_gain=1332.88 297.305 211.254 54.9906 48.8484 25.1203 22.8656 17.1619 16.1612 13.3073 12.8897 11.7817 8.01873 7.98517 7.70221 7.14367 6.53281 4.44599 4.37772 4.23 3.96214 3.41513 2.51774 0.45075 0.365311
threshold=1.4303000000000001 0.82440000000000013 0.6287816546443008 0.50019795339197237 1.2160500000000003 0.68525000000000014 71.500000000000014 0.12395624597763898 1.0000000180025095e-35 0.97920000000000018 1.7021500000000003 75.500000000000014 1.5000000000000002 0.10486818341782804 0.043274223556738593 0.026012103739959182 0.55930000000000013 15.500000000000002 69.500000000000014 1.5000000000000002 1.5000000000000002 0.92883891194968904 0.032461715363748145 0.5223000000000001 0.012214635070876275
decision_type=2 2 2 2 2 2 2 2 2 2 2 2 2 2 2 2 2 2 2 2 2 2 2 2 2
left_child=1 5 3 10 6 16 13 -6 9 15 -2 -5 21 19 -14 -8 23 -18 -15 -3 -11 -7 24 -1 -19
right_child=2 4 -4 11 7 12 8 -9 -10 20 -12 -13 14 18 -16 -17 17 22 -20 -21 -22 -23 -24 -25 -26
leaf_value=-0.019682131361942655 0.0024256942033678923 -0.011058275014970819 0.030926549125009091 0.014252331370972733 7.4129185522105797e-05 -0.015077816808263565 -0.0086811643499878199 0.007725160756666463 0.0036346685407756462 -0.0025794640408263289 0.010471508882433712 0.02083952495613391 -0.011382144975250646 -0.0064769021520263738 -0.0044372942150510348 -0.0025010916216715549 -0.011619043990703916 -0.018017935296426889 -0.0012411800038284104 -0.0061846813513055515 0.0015421955240234534 -0.011008062933088755 -0.013840496410488181 -0.017916846184614234 -0.01643867979187344
leaf_weight=82.761144161224365 107.47625368833542 97.410547435283661 247.19695562124252 156.71809333562851 141.04001820087433 87.874334096908569 106.71988928318024 167.22874754667282 136.73474609851837 106.75452709197998 100.60642009973526 129.34422159194946 83.557807207107544 83.578226685523987 83.147924184799194 89.959216117858887 83.875141441822052 73.911309242248535 83.129865884780884 88.888360023498535 141.60518288612366 138.81674975156784 93.84094101190567 69.406679332256317 79.172627329826355
leaf_count=116 106 120 122 121 145 115 127 149 133 115 85 86 104 96 93 97 105 101 88 102 142 172 121 95 106
internal_value=8.93246e-05 -0.00643229 0.0187339 0.0126345 -0.00135198 -0.0136383 -0.00319101 0.00422464 -0.0012229 -0.00271535 0.00631579 0.0172308 -0.0106078 -0.00643456 -0.00791826 -0.00585446 -0.0161067 -0.0148325 -0.00386608 -0.00873295 -0.000229452 -0.0125857 -0.015924 -0.018877 -0.0172012
internal_weight=2860.76 2119.41 741.342 494.145 1243.05 876.365 934.781 308.269 581.774 445.039 208.083 286.062 393.397 353.007 166.706 196.679 482.968 330.8 166.708 186.299 248.36 226.691 246.925 152.168 153.084
internal_count=2962 2442 520 398 1314 1128 1020 294 614 481 191 207 484 406 197 224 644 433 184 222 257 287 328 211 207
is_linear=0
shrinkage=0.0161547


Tree=3
num_leaves=25
num_cat=0
split_feature=43 43 43 19 44 19 43 40 19 18 53 43 6 50 44 43 42 15 52 53 0 50 19 19
split_gain=1346.73 327.285 182.514 113.961 29.0608 26.4242 21.8874 21.5193 27.1681 17.6807 17.1158 13.5557 12.0761 10.5335 9.82704 6.22469 5.6441 3.77488 3.62847 3.42881 3.93773 2.18749 0.441277 0.249252
threshold=1.2160500000000003 2.1222500000000006 0.81085000000000018 0.42173806816088577 68.500000000000014 0.094501449550094915 0.68885000000000007 1.0000000180025095e-35 0.12228977806785631 5.5000000000000009 0.91469527498796532 0.98180000000000012 0.027710359292413635 88.500000000000014 74.500000000000014 0.55930000000000013 1.5000000000000002 0.17217110333217089 0.9581557274773399 0.90384744284573093 0.078915701995084866 88.500000000000014 0.0056831619581395555 0.0090664920851537354
decision_type=2 2 2 2 2 2 2 2 2 2 2 2 2 2 2 2 2 2 2 2 2 2 2 2
left_child=2 3 6 5 -4 -2 15 11 -9 -5 -7 12 -6 -13 -12 23 21 -14 -15 -17 22 -8 -21 -1
right_child=1 -3 4 9 7 10 16 8 -10 -11 14 13 17 18 -16 19 -18 -19 -20 20 -22 -23 -24 -25
leaf_value=-0.018280369999616287 -0.0008590038198631626 0.029897794506194331 -0.01063238181129488 0.013477825843658402 -0.010625111800290733 0.011968707898489441 -0.01467913863971386 -0.0038623220419235949 0.0084268489384396201 0.02175348620196961 0.0013493853244750144 -0.005071883478903424 -0.0019486127519219552 0.0032290061282274972 0.0079868491492297057 -0.011962810719277683 -0.0083906299801080903 -0.0063979907723703093 -0.0013371926968544299 -0.018087975221337167 -0.012811045421585393 -0.011256359737351965 -0.016487522543725056 -0.019607239175983362
leaf_weight=73.095674991607666 152.28798693418503 269.88459807634354 132.54041713476181 130.31152528524399 109.46279680728912 125.98965555429459 79.752717614173889 93.320729434490204 94.476747155189514 139.49765735864639 119.67475658655167 128.54822111129761 110.28335458040237 91.837964117527008 113.34741169214249 76.175258159637451 141.19857585430145 90.679523587226868 89.849267780780792 73.720817387104034 78.692189157009125 125.26699602603912 115.24202913045883 74.710678577423096
leaf_count=102 159 136 163 101 135 103 105 103 84 89 119 144 119 90 100 97 169 104 95 102 101 157 156 106
internal_value=6.25509e-05 0.0145612 -0.00850363 0.00926218 -0.00362085 0.00477977 -0.0139875 -0.00247136 0.00232009 0.0177565 0.00717166 -0.00392115 -0.00630786 -0.00153297 0.004578 -0.0161786 -0.0108761 -0.00395628 0.000970897 -0.0149868 -0.0158474 -0.0125878 -0.0171119 -0.0189511
internal_weight=2829.85 1050.99 1778.85 781.109 940.999 511.3 837.855 808.459 187.797 269.809 359.012 620.661 310.426 310.235 233.022 491.637 346.218 200.963 181.687 343.83 267.655 205.02 188.963 147.806
internal_count=2939 807 2132 671 1037 481 1095 874 187 190 322 687 358 329 219 664 431 223 185 456 359 262 258 208
is_linear=0
shrinkage=0.0161547


Tree=4
num_leaves=26
num_cat=0
split_feature=43 43 21 13 17 43 43 30 40 40 17 13 44 43 4 42 43 43 51 4 50 53 13 50 43
split_gain=1266.77 281.879 200.802 55.7182 53.0443 32.7373 23.011 16.6896 16.2157 10.2214 10.0361 8.416 8.38558 7.45002 11.1329 8.3969 7.23412 6.27097 4.31657 3.86054 2.07391 2.05007 1.5271 1.42061 0.489419
threshold=1.4303000000000001 0.82440000000000013 0.6287816546443008 0.50019795339197237 0.052036489192750751 1.2297000000000002 0.67240000000000011 1.0000000180025095e-35 1.0000000180025095e-35 1.0000000180025095e-35 0.15311589202150724 0.3049102303245752 75.500000000000014 1.1164500000000002 0.02480107282595833 1.5000000000000002 1.6849500000000002 0.55930000000000013 16.500000000000004 0.011141434512675706 88.500000000000014 0.94478689605954669 0.03200323270180324 88.500000000000014 0.5223000000000001
decision_type=2 2 2 2 2 2 2 2 2 2 2 2 2 2 2 2 2 2 2 2 2 2 2 2 2
left_child=1 6 3 16 7 8 17 13 10 19 11 -6 -5 14 15 23 -2 24 -19 20 -8 -21 -20 -3 -1
right_child=2 4 -4 12 5 -7 9 -9 -10 -11 -12 -13 -14 -15 -16 -17 -18 18 22 21 -22 -23 -24 -25 -26
leaf_value=-0.019677390615548525 0.0023666119274562522 -0.0099247554744516988 0.029630305231012514 0.013987909746210284 -0.00053894821260060653 0.0081526903479147792 -0.015917667941921055 -7.7330164411305025e-05 0.0056042049175466149 -0.0058442854293240176 0.002483995717306274 -0.0070654278241052623 0.019509535657331097 -0.0028088940460525851 -0.0029411187271369856 -0.0056199548978493157 0.0085066138468619414 -0.011886718777060356 -0.017673449829491279 -0.012128138840351271 -0.01232765067176402 -0.0087328804014922615 -0.014725408829407302 -0.013110579718739069 -0.017829338724483453
leaf_weight=75.585193514823914 99.740957260131836 72.626915156841278 257.11116904020309 155.47236126661301 94.164520442485809 170.49289506673813 70.265992760658264 171.09479737281799 90.938623070716858 85.823831796646118 84.669051170349121 113.97742342948914 133.33992749452591 146.25731617212296 115.15616852045059 110.13558846712112 100.57455050945282 95.883420050144196 86.687161207199097 92.577979207038879 104.37507551908493 93.067600250244141 97.356140077114105 73.491951823234558 74.024152278900146
leaf_count=109 98 89 127 118 99 149 95 178 85 100 84 132 89 158 126 126 87 123 121 118 134 113 130 94 104
internal_value=-2.82573e-05 -0.00640359 0.018072 0.0119963 -0.00145787 0.00226234 -0.0134242 -0.00445149 -0.00035464 -0.0108545 -0.00220528 -0.00411281 0.0165372 -0.0058972 -0.00711334 -0.00898827 0.00544939 -0.016093 -0.014666 -0.012048 -0.0137721 -0.010426 -0.016114 -0.0115271 -0.018763
internal_weight=2864.89 2118.65 746.239 489.128 1243.01 554.243 875.647 688.763 383.75 446.11 292.811 208.142 288.812 517.668 371.411 256.254 200.316 429.536 279.927 360.287 174.641 185.646 184.043 146.119 149.609
internal_count=2986 2467 519 392 1320 549 1147 771 400 560 315 231 207 593 435 309 185 587 374 460 229 231 251 183 213
is_linear=0
shrinkage=0.0161547


Tree=5
num_leaves=24
num_cat=0
split_feature=43 43 43 13 17 13 43 19 17 13 13 43 42 43 50 51 42 2 6 50 6 19 43
split_gain=1276.43 285.811 190.215 81.9994 41.3426 21.8517 19.0255 16.8275 13.9005 8.35748 7.71917 6.50933 5.45563 5.4521 5.76312 4.4166 4.13408 2.74005 2.30752 2.27616 0.74955 0.198277 0.120087
threshold=1.2361500000000001 2.1222500000000006 0.82440000000000013 0.4909970289550632 0.019097709751056745 0.17620109618591498 0.68525000000000014 0.4580072480266324 0.17457549678022896 0.16642427953031005 0.30940368770180426 0.55930000000000013 1.5000000000000002 1.1053500000000003 90.500000000000014 15.500000000000002 1.5000000000000002 0.033205295285967662 0.043274223556738593 88.500000000000014 0.046118350860211182 0.0056831619581395555 0.5223000000000001
decision_type=2 2 2 2 2 2 2 2 2 2 2 2 2 2 2 2 2 2 2 2 2 2 2
left_child=2 3 6 5 16 -2 11 -5 9 -6 -7 22 19 14 -11 -13 -4 21 -14 -8 -21 -17 -1
right_child=1 -3 4 7 8 10 12 -9 -10 13 -12 15 18 -15 -16 17 -18 -19 -20 20 -22 -23 -24
leaf_value=-0.019366566340627889 -0.0012574212892219384 0.028013688605274478 -0.010399823994814728 0.0097008407379992907 0.0010723601425202205 0.0095601468719284082 -0.014803373978340074 0.016691903529973726 0.0046941972289779258 -0.0023559852780983643 0.0035250062935480195 -0.011270723538403186 -0.010919656985458021 -0.00031406058622321142 -0.0069631615491483022 -0.017789334216243544 -0.0065613299986607984 -0.013635568991474282 -0.0070905654296605459 -0.010426920549493681 -0.012760507345449475 -0.016624009029677728 -0.018426624406474326
leaf_weight=75.468566179275513 149.85156559944153 280.36328017711639 140.115110039711 141.78773683309555 159.39601218700409 117.78276216983795 92.139124155044556 245.3093004822731 92.930699288845062 152.38309293985367 104.27428829669952 72.564198017120361 81.380138039588928 113.71638035774231 132.44318622350693 64.285145819187164 153.38235419988632 95.824979484081268 82.924682557582855 74.549949824810028 69.324864447116852 93.563916742801666 66.933740794658661
leaf_count=110 157 144 174 118 164 101 124 172 88 165 99 93 103 118 154 91 178 127 98 94 90 130 96
internal_value=-0.000198054 0.0140752 -0.00837924 0.00892655 -0.00336029 0.00350936 -0.0138337 0.0141312 -0.00109052 -0.00205402 0.00672615 -0.016043 -0.0112474 -0.00330441 -0.00449831 -0.0147851 -0.00839382 -0.0157904 -0.00898711 -0.0128209 -0.0115513 -0.0170986 -0.0189248
internal_weight=2852.7 1039.37 1813.33 759.006 944.367 371.909 868.959 387.097 650.869 557.939 222.057 468.641 400.319 398.543 284.826 326.238 293.497 253.674 164.305 236.014 143.875 157.849 142.402
internal_count=2988 791 2197 647 1041 357 1156 290 689 601 200 647 509 437 319 441 352 348 201 308 184 221 206
is_linear=0
shrinkage=0.0161547


Tree=6
num_leaves=27
num_cat=0
split_feature=43 23 43 21 17 43 43 44 40 43 40 6 53 44 53 43 51 43 51 23 53 51 43 10 4 43
split_gain=1187.66 252.927 218.643 62.1197 30.1317 24.5236 23.43 16.1851 15.5545 14.7729 13.1081 11.4375 14.5936 10.5377 9.76075 8.90452 8.54979 5.95007 5.68474 5.28842 4.63926 3.96434 2.94711 1.09024 0.872215 0.273267
threshold=1.3141500000000004 3.9138090935851699 0.82440000000000013 0.097828419590379814 0.037244737372534954 0.67240000000000011 1.9631000000000001 71.500000000000014 1.0000000180025095e-35 1.1547500000000002 1.0000000180025095e-35 0.42690812019722624 0.94183029594696299 73.500000000000014 0.95301020273056103 0.93070000000000008 18.500000000000004 0.55930000000000013 16.500000000000004 0.7123412772167611 0.94662718545412983 18.500000000000004 0.73665000000000014 0.15270801548180177 0.0097435049662869967 0.5223000000000001
decision_type=2 2 2 2 2 2 2 2 2 2 2 2 2 2 2 2 2 2 2 2 2 2 2 2 2 2
left_child=2 3 5 -2 13 17 11 21 9 20 19 12 -5 15 -15 -4 -17 25 -19 22 -9 -6 -7 -20 -24 -1
right_child=1 -3 4 6 7 10 -8 8 -10 -11 -12 -13 -14 14 -16 16 -18 18 23 -21 -22 -23 24 -25 -26 -27
leaf_value=-0.019432786680002149 0.00089402136523732644 0.028047361646265756 -0.010665084094494291 0.01192357681422067 -0.0057261171892630724 -0.014794210162849274 0.018032589700107852 -8.9379322315038414e-05 0.0074876843291099317 0.0053072659777140055 -0.0042174397020572456 0.014477140075934368 0.0034892669838938349 -0.0051250362684810268 0.0021487395135693968 -0.0077888587485392818 -0.00090639959870338592 -0.01151757570370922 -0.017321926222932417 -0.0081013248780413254 -0.0052025885638763677 -0.00094096872483957902 -0.012519975075874358 -0.014716355125593763 -0.010007987813279676 -0.017975618272782025
leaf_weight=70.280963003635406 155.58111709356308 287.21258795261383 107.05729991197586 117.8013311624527 100.30788344144821 113.78619134426117 146.36973428726196 102.75856000185013 107.52579164505005 99.63802832365036 73.966314315795898 110.68351453542709 98.140055179595947 117.05492985248566 81.785664856433868 110.44934558868408 82.133852601051331 100.03942370414734 110.22941792011261 80.231799066066742 84.297157645225525 82.218471646308899 75.429858565330505 67.618671476840973 69.137622475624084 64.328526258468628
leaf_count=104 156 144 134 94 115 154 98 107 96 92 85 82 92 133 83 131 88 130 157 98 95 87 99 92 87 93
internal_value=0.000375295 0.0154878 -0.00690776 0.00974894 -0.00210768 -0.0131634 0.0126616 0.000406482 0.00224793 0.000282732 -0.0103784 0.0102547 0.00809039 -0.00501658 -0.00213324 -0.00692996 -0.00485359 -0.0159487 -0.0145983 -0.0117243 -0.00239366 -0.00357066 -0.0128494 -0.0163313 -0.0113186 -0.0187364
internal_weight=2816.06 915.788 1900.28 628.576 1075.23 825.049 472.995 576.746 394.22 286.694 412.552 326.625 215.941 498.481 198.841 299.64 192.583 412.497 277.888 338.585 187.056 182.526 258.354 177.848 144.567 134.609
internal_count=2926 666 2260 522 1161 1099 366 592 390 294 523 268 186 569 216 353 219 576 379 438 202 202 340 249 186 197
is_linear=0
shrinkage=0.0161547


Tree=7
num_leaves=24
num_cat=0
split_feature=43 23 43 13 17 43 44 53 43 13 42 4 51 42 4 42 43 43 52 50 2 43 19
split_gain=1081.95 232.969 225.718 70.6774 41.0429 20.1557 18.065 14.3023 15.36 11.1194 10.3009 12.1901 9.38229 7.82752 12.561 7.60127 6.14739 4.92845 3.92595 2.3472 1.81869 1.60457 0.114433
threshold=1.3141500000000004 3.9138090935851699 0.81085000000000018 0.50019795339197237 0.03616876556948994 0.67240000000000011 71.500000000000014 0.92589480976418181 1.1164500000000002 0.20308842989699713 2.5000000000000004 0.027283178532970031 18.500000000000004 1.5000000000000002 0.011577299766233248 1.5000000000000002 1.8873500000000003 0.54150000000000009 0.99585146972637795 88.500000000000014 0.024780404476097723 0.98660000000000014 0.0072438131651504497
decision_type=2 2 2 2 2 2 2 2 2 2 2 2 2 2 2 2 2 2 2 2 2 2 2
left_child=2 3 5 9 10 17 12 -8 -9 -2 11 15 -6 19 -15 21 -5 -1 20 -7 22 -4 -19
right_child=1 -3 4 16 6 13 7 8 -10 -11 -12 -13 -14 14 -16 -17 -18 18 -20 -21 -22 -23 -24
leaf_value=-0.019155568503674114 0.00010494149306348372 0.027218863684380545 -0.011682032576073373 0.01266286124998035 -0.0065441771881430619 -0.014857883510972007 0.0064348607007110878 -0.0030709702196410338 0.0048302220010378576 0.0063138411254871065 -0.0019233308044165143 -0.0013772949405249937 0.00046789637126977809 -0.012979173265735167 -0.003980996336771507 -0.0050371650931183036 0.017187425640604954 -0.016955596148799306 -0.012360685536438801 -0.011483558577590562 -0.014330002985723216 -0.0086304391393323045 -0.017914591968918959
leaf_weight=97.77606737613678 131.59800636768341 266.36257416009903 115.29102748632431 201.30410498380661 111.65035450458527 88.034373819828033 151.45814138650894 154.66552329063416 109.79045099020004 175.88041788339615 141.16306447982788 77.958238363265991 89.891921997070312 75.460634708404541 87.355772376060486 103.01009368896484 128.32379758358002 65.627775967121124 99.958779275417328 138.34208953380585 79.677581369876862 73.722972452640533 64.276248276233673
leaf_count=146 134 134 148 154 130 121 139 169 102 157 153 84 93 100 100 118 86 94 134 180 109 89 93
internal_value=-5.26262e-05 0.0145318 -0.0068972 0.00922755 -0.00225013 -0.0134818 0.000552835 0.00247636 0.000209256 0.00365649 -0.00563607 -0.00705262 -0.00341665 -0.0108528 -0.00815139 -0.0085677 0.0144243 -0.0159938 -0.0149951 -0.0127958 -0.0162515 -0.0104918 -0.0174301
internal_weight=2828.58 903.469 1925.11 637.106 1128.6 796.509 617.456 415.914 264.456 307.478 511.145 369.982 201.542 389.193 162.816 292.024 329.628 407.316 309.54 226.376 209.582 189.014 129.904
internal_count=2967 665 2302 531 1225 1077 633 410 271 291 592 439 223 501 200 355 240 576 430 301 296 237 187
is_linear=0
shrinkage=0.0161547


Tree=8
num_leaves=24
num_cat=0
split_feature=13 19 19 42 18 42 44 13 42 44 13 19 44 15 21 53 52 44 17 53 45 13 52
split_gain=904.753 183.09 137.702 55.0302 43.1259 32.2063 16.844 16.6875 16.519 13.8718 13.4223 13.1315 12.7304 11.0573 10.2347 9.63043 5.25442 4.48459 3.92876 0.98449 1.32972 0.93969 0.787293
threshold=0.48369619982896545 0.8444656278901107 0.089287216583840909 1.5000000000000002 4.5000000000000009 2.5000000000000004 70.500000000000014 0.27176115183095922 3.5000000000000004 69.500000000000014 0.055357355479754733 0.056967874817824275 75.500000000000014 0.066076970186463219 0.071521412368737228 0.93753587324282261 0.96181049592101975 69.500000000000014 0.013423381871710265 0.92549695194969772 1.0000000180025095e-35 0.032741211340303653 0.92883891194968904
decision_type=2 2 2 2 2 2 2 2 2 2 2 2 2 2 2 2 2 2 2 2 2 2 2
left_child=2 4 3 11 12 9 16 -7 -6 -4 -8 17 -2 -12 -11 -16 -5 21 19 -19 -21 22 -1
right_child=1 -3 5 6 8 7 10 -9 -10 14 13 -13 -14 -15 15 -17 -18 18 -20 20 -22 -23 -24
leaf_value=-0.017519993976212723 0.00034593575003085661 0.024231410989703349 -0.0082320706309158779 -0.011781806110604321 0.0093398405179229895 0.0084858064878635432 -0.0075111644390486567 -1.5226276947484485e-05 0.016631692461103784 -0.0067012617578933167 0.0025582815145422976 -0.0076785137559227052 0.0075964252037506357 -0.0049033692175568001 0.0021976770892881375 -0.0033581680021796635 -0.0061447359412934574 -0.011987665529619584 -0.0091815460012492859 -0.015468819287791208 -0.012636737717579408 -0.01404284051128539 -0.015070782093584027
leaf_weight=63.222434401512146 145.56527769565582 284.64078897237778 106.27511644363403 110.04418635368347 201.30275774002075 117.27812558412552 131.51267373561859 123.95625311136246 135.75735157728195 84.394333720207214 111.21059769392014 118.57655191421509 111.68962830305099 97.068543374538422 174.71089243888855 152.48831057548523 70.993507385253906 90.362965524196625 75.830663919448853 87.470853090286255 85.61354660987854 86.164287865161896 74.747030138969421
leaf_count=92 146 157 130 143 168 104 160 126 93 99 113 145 97 110 175 168 85 120 95 122 115 118 105
internal_value=-4.30353e-05 0.0135775 -0.00614516 -0.00954516 0.00847498 -0.000757768 -0.00559113 0.00411762 0.0122768 -0.00302883 -0.00347056 -0.0125648 0.0034938 -0.000919223 -0.00168533 -0.000391576 -0.00957124 -0.0135932 -0.0124218 -0.0133544 -0.014068 -0.0153665 -0.0161931
internal_weight=2840.88 878.956 1961.92 1202.82 594.315 759.103 520.83 241.234 337.06 517.869 339.792 681.988 257.255 208.279 411.594 327.199 181.038 563.412 339.278 263.447 173.084 224.134 137.969
internal_count=2986 661 2325 1523 504 802 611 230 261 572 383 912 243 223 442 343 228 767 452 357 237 315 197
is_linear=0
shrinkage=0.0161547


Tree=9
num_leaves=25
num_cat=0
split_feature=43 43 43 19 19 17 43 40 53 24 44 51 53 42 53 17 43 44 43 6 50 53 8 52
split_gain=1133.08 273.131 163.131 81.2159 25.576 23.2293 22.4608 20.8542 15.5785 12.9476 11.6056 9.79647 7.81865 8.22013 7.60138 7.18668 6.68647 6.12972 6.10654 4.06827 3.42152 2.69373 2.33985 0.532794
threshold=1.2160500000000003 2.1222500000000006 0.81085000000000018 0.42173806816088577 0.096050370809429339 0.037244737372534954 0.68885000000000007 1.0000000180025095e-35 0.92349798135726757 29.500000000000004 73.500000000000014 19.500000000000004 0.91145497872686565 1.5000000000000002 0.95939497315071243 0.15311589202150724 0.54715000000000014 74.500000000000014 0.98180000000000012 0.057379585743990921 90.500000000000014 0.91000072448503511 0.027697830913402412 0.94848231247631942
decision_type=2 2 2 2 2 2 2 2 2 2 2 2 2 2 2 2 2 2 2 2 2 2 2 2
left_child=2 3 6 4 -2 10 16 15 -6 -5 11 22 -8 20 -12 18 -1 -10 -7 21 -14 -18 -4 -23
right_child=1 -3 5 9 8 7 12 -9 17 -11 14 -13 13 -15 -16 -17 19 -19 -20 -21 -22 23 -24 -25
leaf_value=-0.019022158432610917 -0.00086704581594583118 0.026691554576781611 -0.012020195483518533 0.011668023233119209 0.0110013572448534 -0.0064121879940758596 -0.014405096953661146 0.0051032653059130779 0.0017731057116053479 0.018569083062581825 -0.0054151798136598053 -0.0041519228163623785 -0.013708804356949413 -0.0052910333630988163 0.0010299035163480409 0.0014500917076094636 -0.012838257216186628 0.007067882296789829 -0.0016645729131013144 -0.011468713187131871 -0.0087007837534481634 -0.017352018687940181 -0.0082032149363343299 -0.01562562830060394
leaf_weight=110.10439193248749 156.30052721500397 285.94931399822235 97.770480394363403 134.29785400629044 147.49647277593613 136.51991784572601 80.862829923629761 117.13168752193451 121.02736097574234 150.416787981987 121.72900497913361 106.98019766807556 70.663051128387451 108.9918794631958 78.588422179222107 83.08253139257431 72.70705509185791 107.96415293216705 146.65824830532074 88.725876450538635 71.757125675678253 94.934004306793213 73.362222373485565 91.733144700527191
leaf_count=168 164 143 127 101 119 160 111 110 117 95 141 123 97 129 82 83 100 94 157 118 91 139 89 131
internal_value=0.000278712 0.0131019 -0.00779626 0.00834848 0.00462625 -0.00332777 -0.0132333 -0.00083014 0.00690682 0.0153139 -0.00585131 -0.00798668 -0.0100356 -0.00863017 -0.00288665 -0.00272767 -0.0155523 0.00426947 -0.00395339 -0.0144547 -0.0111856 -0.0154762 -0.0103839 -0.0165036
internal_weight=2855.75 1103.45 1752.3 817.503 532.789 961.823 790.479 483.392 376.488 284.715 478.43 278.113 332.275 251.412 200.317 366.261 458.204 228.992 283.178 348.1 142.42 259.374 171.133 186.667
internal_count=2989 833 2156 690 494 1072 1084 510 330 196 562 339 428 317 223 400 656 211 317 488 188 370 216 270
is_linear=0
shrinkage=0.0161547


Tree=10
num_leaves=23
num_cat=0
split_feature=43 43 21 13 43 44 43 15 50 50 43 19 42 53 53 43 51 15 50 10 50 51
split_gain=978.292 227.623 201.715 66.8319 33.2352 23.5116 17.7783 14.1214 12.3274 16.5533 12.1731 11.9659 7.94 6.73208 8.2218 6.15028 3.63853 3.24747 2.26239 1.47714 1.36727 0.313039
threshold=1.3141500000000004 0.81085000000000018 0.6287816546443008 0.50019795339197237 0.98180000000000012 71.500000000000014 0.68885000000000007 0.032985834179786337 88.500000000000014 94.000000000000014 1.8873500000000003 0.091537198447371404 1.5000000000000002 0.92649058320704669 0.98824788256428586 0.54150000000000009 15.500000000000002 0.09860688054038215 90.500000000000014 0.15270801548180177 90.500000000000014 20.500000000000004
decision_type=2 2 2 2 2 2 2 2 2 2 2 2 2 2 2 2 2 2 2 2 2 2
left_child=1 6 3 11 7 17 15 -3 -7 -10 -5 -2 20 -9 18 -1 -17 -6 -15 21 -8 -18
right_child=2 4 -4 10 5 8 12 13 9 -11 -12 -13 -14 14 -16 16 19 -19 -20 -21 -22 -23
leaf_value=-0.019124507403731977 -0.00095333234527669633 -0.010319090395514019 0.02588288425174284 0.011330337532303312 -0.0065550453301327317 -0.00080258393979220082 -0.014047854078461852 -0.00099640540285696991 0.0088607455577379961 0.00052882288650742961 0.017584403941370959 0.0057657217571862786 -0.0077066831872329312 -0.0056789719093180233 -0.0011507372582067526 -0.011738908633800425 -0.015924042582428025 -0.0023797010500695966 -0.0095569135648062731 -0.014022600309476068 -0.011286079924708469 -0.017387332614415996
leaf_weight=101.91935062408447 106.5383637547493 109.96578240394592 255.41099798679352 201.23090106248856 84.091431021690369 166.02619469165802 104.7527756690979 144.22576332092285 130.20578026771545 119.19637584686279 136.19298887252808 197.22002863883972 136.84403014183044 80.999654710292816 78.277931213378906 86.48173314332962 88.518552958965302 115.2274015545845 76.191906213760376 97.992536425590515 84.534488439559937 67.056886613368988
leaf_count=158 111 141 127 154 100 173 146 156 114 121 87 176 169 94 85 117 129 125 94 137 112 100
internal_value=-0.0001342 -0.00677851 0.0137423 0.0089061 -0.00208131 0.000419805 -0.0135324 -0.00522134 0.00260816 0.00487868 0.0138546 0.00340912 -0.0106712 -0.00374495 -0.00542844 -0.0156436 -0.0146003 -0.00414125 -0.00755864 -0.0155762 -0.0128145 -0.0165548
internal_weight=2769.1 1872.51 896.593 641.182 1104.41 614.747 768.1 489.661 415.428 249.402 337.424 303.758 326.131 379.695 235.469 441.969 340.05 199.319 157.192 253.568 189.287 155.575
internal_count=2926 2271 655 528 1203 633 1068 570 408 235 241 287 427 429 273 641 483 225 188 366 258 229
is_linear=0
shrinkage=0.0161547


Tree=11
num_leaves=25
num_cat=0
split_feature=43 23 43 19 19 43 44 44 43 51 40 0 4 52 2 23 52 43 51 4 44 52 23 13
split_gain=980.571 239.157 154.58 59.517 23.1602 21.7838 21.5264 16.7499 15.1232 11.9437 9.3138 9.05609 6.8191 9.53378 6.26538 5.87092 5.31341 5.16971 4.27411 3.58081 2.15009 1.87964 1.81355 1.0029
threshold=1.2160500000000003 4.1636595017134832 0.82440000000000013 0.10263515851024747 0.4124391221452528 0.67240000000000011 71.500000000000014 77.500000000000014 0.98180000000000012 17.500000000000004 1.0000000180025095e-35 0.37166033167545598 0.074355801118211037 0.94635198881010252 0.074591025026347513 0.6896855334904789 0.96240805599483303 0.54715000000000014 16.500000000000004 1.0000000180025095e-35 68.500000000000014 0.94848231247631942 0.27939515583368302 0.03200323270180324
decision_type=2 2 2 2 2 2 2 2 2 2 2 2 2 2 2 2 2 2 2 2 2 2 2 2
left_child=2 3 5 22 7 17 14 11 9 -8 15 -5 13 -10 19 20 -16 -1 -19 -4 -7 -22 -2 -20
right_child=1 -3 6 4 -6 10 8 -9 12 -11 -12 -13 -14 -15 16 -17 -18 18 23 -21 21 -23 -24 -25
leaf_value=-0.018634921492362712 -0.0023924298204209601 0.025040308157464542 -0.0063149611943534413 0.0077969611332544698 0.013851915912497454 -0.014947634495671406 -1.1337989413655315e-05 0.012776926278003605 0.0032294817230996398 -0.0070815561678646971 -0.0053631519146213726 0.0019260034997789805 0.0045603983991000865 -0.003919728922657348 -0.0018787570017837223 -0.0075068142760486515 -0.0074517171544086725 -0.01168099315629972 -0.01716200094709313 -0.011296022666157507 -0.010157041227069478 -0.01338841077692378 0.00089313036746905183 -0.014789510757373038
leaf_weight=104.98204374313354 88.836754441261292 273.22600209712982 76.995986580848694 166.42111450433731 237.42883896827698 73.184600234031677 109.70627266168594 111.23163157701492 93.479573130607605 144.46939903497696 81.492941856384277 116.61512219905853 108.39382940530777 101.57502192258835 102.89383548498154 76.377587556838989 78.872157692909241 96.696213662624359 84.830190539360046 73.734117209911346 99.348257124423981 89.121056318283081 86.568116188049316 102.90732669830322
leaf_count=164 96 137 93 143 167 104 117 84 92 172 98 109 102 113 113 95 94 132 128 95 131 123 87 148
internal_value=-5.68553e-05 0.0119766 -0.0077082 0.0075542 0.00986585 -0.0128196 -0.00306298 0.00746543 -0.00112307 -0.00402994 -0.0102655 0.00537804 0.0013118 -0.000493482 -0.00631639 -0.0114473 -0.00429698 -0.0155711 -0.0144403 -0.0087516 -0.0125976 -0.0116851 -0.000770897 -0.0158615
internal_weight=2779.39 1080.33 1699.06 807.102 631.697 808.94 890.12 394.268 557.624 254.176 419.524 283.036 303.448 195.055 332.496 338.032 181.766 389.416 284.434 150.73 261.654 188.469 175.405 187.738
internal_count=2937 823 2114 686 503 1123 991 336 596 289 551 252 307 205 395 453 207 572 408 188 358 254 183 276
is_linear=0
shrinkage=0.0161547


Tree=12
num_leaves=22
num_cat=0
split_feature=43 43 43 19 44 43 43 13 4 42 15 40 50 43 42 51 52 17 21 13 43
split_gain=979.246 213.615 178.712 60.5129 28.5957 22.8544 21.0544 16.9006 13.5432 11.2586 9.60818 9.0505 6.51352 6.18468 4.4798 4.01768 3.70697 3.35788 3.11882 1.38102 1.33338
threshold=1.3410500000000003 0.82440000000000013 2.1222500000000006 0.42173806816088577 71.500000000000014 0.67240000000000011 0.98180000000000012 0.20308842989699713 0.029475084370675839 1.5000000000000002 0.09860688054038215 1.0000000180025095e-35 88.500000000000014 0.54150000000000009 1.5000000000000002 15.500000000000002 0.96240805599483303 0.089875165633874168 0.067297514581690601 0.03200323270180324 0.73665000000000014
decision_type=2 2 2 2 2 2 2 2 2 2 2 2 2 2 2 2 2 2 2 2 2
left_child=1 5 3 7 10 13 8 -2 -6 -8 14 18 -11 -1 -3 -15 -12 -9 20 -17 -7
right_child=2 4 -4 -5 6 11 9 17 -10 12 16 -13 -14 15 -16 19 -18 -19 -20 -21 -22
leaf_value=-0.019062929941728715 -0.00043087789932695658 -0.010430222589032109 0.02482794703345979 0.015116004937382242 -0.0068096228168020899 -0.013690946124368115 -0.0011248411568558624 0.0093435803084860741 0.00063063804920104947 0.0016146981573034683 -0.0010212688808402838 -0.0052521250382459791 0.0064832796810641337 -0.011083206735100718 -0.0055235219792997567 -0.016847055107658385 -0.005438214236572295 0.0055111358551865226 -0.0089135799474568383 -0.014281881719220168 -0.011194465385982484
leaf_weight=96.050756871700287 108.89443099498749 89.553306639194489 280.03910994529724 262.1694028377533 142.80451941490173 100.73502004146576 160.3144770860672 108.56880450248718 115.4766326546669 134.23187738656998 124.75890386104584 82.17375773191452 153.9813027381897 73.93050479888916 106.08336859941483 99.335723996162415 82.298897504806519 132.45418447256088 102.8292042016983 122.09501731395721 125.26137924194336
leaf_count=153 112 116 141 173 172 142 169 90 120 133 134 99 139 101 125 151 95 115 132 176 169
internal_value=0.000162667 -0.0063586 0.0141384 0.00924775 -0.00176645 -0.0127082 0.000191139 0.00485107 -0.00348311 0.00230692 -0.00520242 -0.0100476 0.0042158 -0.015502 -0.00776958 -0.014344 -0.00277686 0.00723746 -0.011246 -0.0154326 -0.0123072
internal_weight=2804.04 1911.91 892.126 612.087 1109.5 802.411 706.809 349.917 258.281 448.528 402.694 410.999 288.213 391.412 195.637 295.361 207.058 241.023 328.826 221.431 225.996
internal_count=2957 2326 631 490 1203 1123 733 317 292 441 470 542 272 581 241 428 229 205 443 327 311
is_linear=0
shrinkage=0.0161547


Tree=13
num_leaves=24
num_cat=0
split_feature=43 43 19 43 13 17 43 17 44 40 45 30 17 15 40 43 0 14 8 53 44 8 13
split_gain=993.105 273.21 128.992 61.5639 29.0524 28.5542 25.0283 20.7962 14.1773 14.9167 8.83993 8.16565 8.08885 6.75721 6.70361 5.17456 4.74396 4.03009 3.98797 3.59002 2.35325 1.69358 0.474356
threshold=1.5984500000000004 0.82440000000000013 0.77109599635169346 1.2297000000000002 0.5878556289926794 0.045804834923636385 0.68525000000000014 0.024402137590181876 71.500000000000014 1.0000000180025095e-35 1.0000000180025095e-35 1.0000000180025095e-35 0.099597602389158407 0.1636393137059817 1.0000000180025095e-35 0.54715000000000014 0.20410868426479686 1.5000000000000002 0.030777868668778702 0.91000072448503511 70.500000000000014 0.052280255151655797 0.018480079259595592
decision_type=2 2 2 2 2 2 2 2 2 2 2 2 2 2 2 2 2 2 2 2 2 2 2
left_child=1 6 4 7 -2 -5 15 11 16 12 -7 17 13 -10 20 -1 -9 -3 19 -17 -8 -22 -21
right_child=2 3 -4 5 -6 10 14 8 9 -11 -12 -13 -14 -15 -16 18 -18 -19 -20 22 21 -23 -24
leaf_value=-0.018430348237786862 0.0063847108105589134 -0.005626589826106392 0.026842003204252025 -0.0017719182522317788 0.015705193855026996 0.0089944567303646503 -0.012325557821817063 -0.0076888049842844383 -0.00044152421549292493 0.0059860328615886403 0.0034661670233316474 -0.0021464792078604105 0.0022973259366699953 -0.0067126364534475262 -0.0050337347056885924 -0.012194676488612399 -0.0027129374323406463 -0.0097672518108656188 -0.011488009253480929 -0.017595781229077036 -0.010633538523384133 -0.0074305287880883468 -0.01585977205431734
leaf_weight=102.4416424036026 148.29572057723999 112.96720147132874 257.46114337444305 149.25584626197815 212.11605155467987 190.50134360790253 121.22736132144928 83.684823334217072 94.788760364055634 97.327303886413574 125.0281600356102 88.07179182767868 101.40438717603683 85.097976624965668 69.954726338386536 64.667506098747253 124.23987478017807 134.24056053161621 95.282826244831085 78.432711720466614 114.13738250732422 69.201069831848145 86.246072590351105
leaf_count=164 127 136 118 158 138 154 168 102 100 89 112 98 100 99 84 92 138 170 132 121 154 87 129
internal_value=2.28272e-05 -0.00508403 0.0181088 -0.000743888 0.0118702 0.00404995 -0.0125917 -0.00316095 -0.00132643 0.000534787 0.00680388 -0.00637028 -0.00135136 -0.00340816 -0.00954344 -0.0152649 -0.00471561 -0.00787508 -0.0142659 -0.01542 -0.0105793 -0.00942456 -0.0166866
internal_weight=2806.07 2188.2 617.873 1386.61 360.412 464.785 801.591 921.823 586.543 378.618 315.53 335.28 281.291 179.887 374.521 427.071 207.925 247.208 324.629 229.346 304.566 183.338 164.679
internal_count=2970 2587 383 1456 265 424 1131 1032 628 388 266 404 299 199 493 638 240 306 474 342 409 241 250
is_linear=0
shrinkage=0.0161547


Tree=14
num_leaves=25
num_cat=0
split_feature=43 43 19 43 13 19 42 43 17 44 44 21 13 44 21 42 42 52 52 50 53 44 53 43
split_gain=958.528 243.976 154.922 48.0914 28.4725 27.2687 17.1725 17.1634 10.9427 10.6362 10.3569 9.30592 7.5518 5.85696 5.68137 5.56254 3.43873 2.74101 2.30893 2.49367 2.18391 1.13215 1.06415 0.808447
threshold=1.4303000000000001 0.82440000000000013 0.77109599635169346 0.98180000000000012 0.50019795339197237 0.30509575058311983 1.5000000000000002 0.57190000000000007 0.024402137590181876 71.500000000000014 75.500000000000014 0.04757468413430959 0.19310610522644225 75.500000000000014 0.15584911545098859 2.5000000000000004 1.5000000000000002 0.9470520362260636 0.92027754702720543 94.000000000000014 0.93611791650428611 70.500000000000014 0.94870025735440966 0.5223000000000001
decision_type=2 2 2 2 2 2 2 2 2 2 2 2 2 2 2 2 2 2 2 2 2 2 2 2
left_child=1 7 4 8 22 6 11 23 16 -8 17 -5 -11 -6 15 18 -3 -10 21 20 -20 -9 -2 -1
right_child=2 3 -4 5 13 -7 9 14 10 12 -12 -13 -14 -15 -16 -17 -18 -19 19 -21 -22 -23 -24 -25
leaf_value=-0.019375658813585619 0.0061081975073730465 -0.010900965990874169 0.02468577563188528 -0.0084311945508755478 0.010696074298586176 0.0061210029974697409 -0.0028339310218348799 -0.015885799844931704 -0.0040422851119246627 0.00617519369910323 0.00086868298304187551 -0.0018026191309924227 0.00048609469806179382 0.015282609615912202 -0.0077222670632726533 -0.0080692662662507544 -0.00649028503581142 -0.0083319813340916697 -0.011449176863591183 -0.0099048316442054592 -0.01464008214693705 -0.013303615511728468 0.0037581595924624195 -0.016974737565797926
leaf_weight=66.182906091213226 110.68970537185669 97.512571811676025 282.54609507322311 86.061373770236969 149.45415955781937 194.63564169406891 106.16608637571335 86.148011267185211 81.369046747684479 120.19629716873169 86.913764834403992 154.50678384304047 123.41520041227341 141.41237771511078 73.789532005786896 65.375834405422211 87.545223832130432 74.434727668762207 105.5184006690979 85.821175336837769 119.22349214553833 91.249670565128326 92.151229977607727 81.887204945087433
leaf_count=109 97 129 136 106 109 171 118 129 93 112 90 165 123 93 94 85 106 91 147 116 174 130 85 128
internal_value=-7.77511e-05 -0.00602225 0.0151459 -0.00149756 0.00968621 0.000877228 -0.000851632 -0.0131009 -0.00585536 0.00143337 -0.00359927 -0.00417394 0.00329306 0.0129259 -0.0119329 -0.0124944 -0.00881441 -0.00609167 -0.0130873 -0.0122474 -0.0131419 -0.0145576 0.00504057 -0.0180479
internal_weight=2764.21 1987.95 776.254 1212.76 493.707 784.981 590.346 775.196 427.775 349.778 242.718 240.568 243.611 290.867 627.126 553.337 185.058 155.804 487.961 310.563 224.742 177.398 202.841 148.07
internal_count=2936 2416 520 1304 384 795 624 1112 509 353 274 271 235 202 875 781 235 184 696 437 321 259 182 237
is_linear=0
shrinkage=0.0161547


Tree=15
num_leaves=26
num_cat=0
split_feature=43 43 23 17 19 43 43 44 40 43 43 51 4 10 52 43 4 52 53 0 52 52 15 43 51
split_gain=891.522 210.51 176.399 35.6537 35.4391 24.6145 18.9189 15.3934 15.5409 17.3504 12.784 11.8631 7.60461 6.68996 7.76902 6.67752 6.50227 5.18795 3.93073 3.78557 3.45902 0.954901 0.720062 0.698494 0.253119
threshold=1.3410500000000003 0.82440000000000013 3.7683208380636213 0.03616876556948994 0.4124391221452528 1.8413000000000002 0.68525000000000014 71.500000000000014 1.0000000180025095e-35 1.1547500000000002 1.0356500000000002 18.500000000000004 0.0087294933920022393 0.31535395405384209 0.9581557274773399 0.54715000000000014 0.055016338631147098 0.99585146972637795 0.94662718545412983 0.067258324345230061 0.93698915103395375 0.95515907072733131 0.012613887895981455 0.74635000000000018 18.500000000000004
decision_type=2 2 2 2 2 2 2 2 2 2 2 2 2 2 2 2 2 2 2 2 2 2 2 2 2
left_child=1 6 4 10 5 16 15 20 9 18 12 -12 21 22 -15 -1 -2 19 -9 24 -5 -3 -8 -24 -17
right_child=2 3 -4 7 -6 -7 13 8 -10 -11 11 -13 -14 14 -16 17 -18 -19 -20 -21 -22 -23 23 -25 -26
leaf_value=-0.01858989952734838 0.00071151440753152448 -0.010892278922378169 0.023293174936512527 -0.00035416272886189211 0.013899740758649583 0.011428394571878629 -0.013067909106380927 2.5735536676715387e-07 0.0080720129392376234 0.005970826001739594 -0.0053660015725944506 0.0025202932974119135 -0.0043867946091386868 -0.010987477755814897 -0.0037320951857118733 -0.016060405732048935 0.0056773495088912294 -0.010773943466312727 -0.0046890217098554321 -0.012131630733141822 -0.0047023150362214888 -0.0082818931031030472 -0.012317445496173677 -0.010057050726014719 -0.017408884774799519
leaf_weight=98.852622091770172 159.95596355199814 73.08704674243927 305.67782974243164 87.154468953609467 194.28677624464035 126.59367841482162 71.435846030712128 106.25906085968018 107.58752346038818 111.62361311912537 106.53567212820053 93.44038200378418 147.37964498996735 76.468961298465729 77.604405283927917 79.139658272266388 120.77089577913284 101.73850935697556 83.161096334457397 70.926859855651855 105.59612166881561 73.200689852237701 65.375652015209198 78.53759628534317 67.15231841802597
leaf_count=163 157 96 150 93 130 94 102 110 93 99 124 95 172 103 94 121 105 144 94 101 121 93 92 106 106
internal_value=0.000145826 -0.00619479 0.0133001 -0.00161404 0.00822259 0.00551465 -0.0125665 0.00102697 0.00280208 0.000918698 -0.00483147 -0.00168107 -0.00697677 -0.0099032 -0.00733305 -0.0149214 0.00284786 -0.0137844 -0.00205848 -0.0151944 -0.00273625 -0.00958607 -0.011742 -0.0110839 -0.0166794
internal_weight=2789.54 1882.26 907.285 1095.03 601.607 407.321 787.232 601.382 408.631 301.044 493.643 199.976 293.667 369.422 154.073 417.81 280.727 318.957 189.42 217.219 192.751 146.288 215.349 143.913 146.292
internal_count=2958 2322 636 1190 486 356 1132 610 396 303 580 219 361 497 197 635 262 472 204 328 214 189 300 198 227
is_linear=0
shrinkage=0.0161547


Tree=16
num_leaves=26
num_cat=0
split_feature=43 43 43 19 17 44 43 17 8 44 53 51 42 6 43 21 51 43 51 10 13 50 43 13 43
split_gain=857.655 235.388 144.903 76.1234 26.2075 18.6985 18.6832 14.4053 18.6061 13.2753 12.4748 8.5753 7.17948 10.0285 6.68479 5.88111 5.52663 5.37105 7.93882 4.53926 4.21434 2.33415 2.03392 1.81462 0.21798
threshold=1.2235000000000003 2.1222500000000006 0.80820000000000014 0.42173806816088577 0.019097709751056745 80.500000000000014 0.67240000000000011 0.045804834923636385 0.18616258867341171 68.500000000000014 0.92427157925950543 18.500000000000004 1.5000000000000002 0.042417751119333651 0.55930000000000013 0.04757468413430959 16.500000000000004 0.92720000000000014 18.500000000000004 3.9497541532716149 0.32094878819885592 90.500000000000014 0.98660000000000014 0.03200323270180324 0.5223000000000001
decision_type=2 2 2 2 2 2 2 2 2 2 2 2 2 2 2 2 2 2 2 2 2 2 2 2 2
left_child=2 3 6 7 17 9 14 15 -9 -6 22 20 21 -14 24 -2 -16 -4 -19 -5 -12 -8 -11 -18 -1
right_child=1 -3 4 19 5 -7 12 8 -10 10 11 -13 13 -15 16 -17 23 18 -20 -21 -22 -23 -24 -25 -26
leaf_value=-0.018926338663456985 -0.003232392702354829 0.023761702500676652 -0.0094815771878807697 0.011351912477803011 -0.0082402401359977333 0.005782083343588873 -0.013513203800653566 0.0081262780886672322 -0.00017553571754283452 0.0038036973381641074 -0.008513863390585746 -0.00028709611060718262 -0.01133435691685359 -0.0027451257109987427 -0.010438206911409051 0.0022720062409353906 -0.017236189226284282 -0.0084749657439254483 -0.0015588439715005524 0.01538743063566112 -0.0033166236050265504 -0.010109259899610411 0.00040237261804590082 -0.01387378806330518 -0.017540611272369905
leaf_weight=62.935819804668427 98.769802331924438 286.66626387834549 128.94772285223007 151.94420772790909 83.603965699672699 86.133532464504242 106.21684771776199 196.04520392417908 109.97843050956726 88.653879523277283 77.926835000514984 134.3294723033905 72.413919389247894 69.545210599899292 90.92954695224762 103.99194759130478 75.671185612678528 89.507538676261902 83.928366005420685 139.55049955844879 85.274575889110565 104.0964692234993 95.097873270511627 93.823268890380859 55.972096621990204
leaf_count=106 108 140 169 107 104 81 155 164 104 89 95 142 100 82 128 100 121 112 94 86 94 143 97 140 91
internal_value=1.26301e-05 0.0112008 -0.00720452 0.00670141 -0.00305462 -0.00122923 -0.0126125 0.00293016 0.00514278 -0.00229831 -0.00126614 -0.00331007 -0.00993363 -0.00712653 -0.0151003 -0.00040931 -0.0136512 -0.00698461 -0.00512815 0.0132839 -0.00579825 -0.0118284 0.00204339 -0.0153749 -0.0182741
internal_weight=2771.95 1086.95 1685.01 800.28 953.404 651.02 731.604 508.785 306.024 564.887 481.283 297.531 352.272 141.959 379.332 202.762 260.424 302.384 173.436 291.495 163.201 210.313 183.752 169.494 118.908
internal_count=2952 809 2143 669 1077 702 1066 476 268 621 517 331 480 182 586 208 389 375 206 193 189 298 186 261 197
is_linear=0
shrinkage=0.0161547


Tree=17
num_leaves=26
num_cat=0
split_feature=43 43 43 19 43 44 17 17 8 0 40 42 6 44 43 43 53 51 51 4 8 17 52 43 52
split_gain=859.731 215.5 135.761 72.3808 23.8972 23.6945 19.5939 14.9001 16.2484 16.0754 14.6154 8.90632 9.69834 7.31851 6.55573 5.95854 6.83964 5.15052 4.99166 3.83666 1.94928 1.73846 1.6668 0.384844 0.353786
threshold=1.2160500000000003 2.1222500000000006 0.82440000000000013 0.42173806816088577 0.68885000000000007 68.500000000000014 0.037244737372534954 0.030304702947318404 0.18138559164181359 0.25933766822591509 1.0000000180025095e-35 1.5000000000000002 0.043274223556738593 72.500000000000014 0.55930000000000013 0.94535000000000013 0.94816946525677215 15.500000000000002 18.500000000000004 0.24453338926893378 0.024142170784886115 0.086742656701591106 0.92883891194968904 0.5223000000000001 0.96701999508434089
decision_type=2 2 2 2 2 2 2 2 2 2 2 2 2 2 2 2 2 2 2 2 2 2 2 2 2
left_child=2 3 4 7 14 -4 15 -2 9 -9 13 22 -13 -8 23 16 -7 -16 -17 -5 24 -15 -6 -1 -19
right_child=1 -3 5 19 11 6 10 8 -10 -11 -12 12 -14 21 17 18 -18 20 -20 -21 -22 -23 -24 -25 -26
leaf_value=-0.018859350495609533 -0.0015817858473073302 0.023144989383695174 -0.0090605093642774619 0.011463341279035586 -0.013019121345326751 -0.01019010017020679 0.0018649117525857248 0.0037693305784337237 0.00028936801750139728 0.012015046728488145 0.0058399470083933813 -0.010209822701660787 -0.0022179839569579081 -0.0049255850233049844 -0.0097134142065785946 -0.0048180768028461473 -0.0034764281037370872 -0.016495042154401705 0.00023229289881446677 0.015129517123818813 -0.012587483355934039 -0.0016494384928270823 -0.010056047021046583 -0.016990342955531878 -0.014855851579624834
leaf_weight=60.944718301296234 123.19786822795868 295.42116338014603 133.69659352302551 145.90016734600067 82.068684756755829 77.41296374797821 124.89691126346588 145.03499132394791 132.37836998701096 107.38925230503082 108.36244761943817 77.870742380619049 80.691638648509979 84.744985401630402 73.016985237598419 116.00622707605362 81.077829599380493 81.059514939785004 91.246390819549561 152.21261346340179 75.860184490680695 84.337988138198853 125.01745635271072 54.429443538188934 59.647464632987976
leaf_count=104 130 144 171 101 119 101 129 133 125 83 99 106 94 96 102 136 96 129 98 94 111 89 173 89 92
internal_value=0.000260142 0.0113418 -0.00703886 0.00701615 -0.012018 -0.00278401 -0.0016915 0.00330788 0.00487335 0.00727732 0.000768559 -0.00902414 -0.00614281 -0.00110078 -0.0147212 -0.00439772 -0.00675564 -0.0134238 -0.00259457 0.0133352 -0.0146748 -0.00329145 -0.0112303 -0.0179776 -0.0158002
internal_weight=2773.92 1101.53 1672.39 806.113 770.607 901.782 768.086 508 384.803 252.424 402.342 365.649 158.562 293.98 404.958 365.743 158.491 289.584 207.253 298.113 216.567 169.083 207.086 115.374 140.707
internal_count=2944 810 2134 666 1119 1015 844 471 341 216 413 492 200 314 627 431 197 434 234 195 332 185 292 193 221
is_linear=0
shrinkage=0.0161547


Tree=18
num_leaves=27
num_cat=0
split_feature=43 43 43 19 17 40 43 19 21 53 44 43 51 43 43 53 18 51 44 10 10 13 19 13 43 8
split_gain=760.043 188.422 157.917 50.5686 19.2367 21.0575 18.2986 14.4464 15.1913 12.7389 10.4555 7.82189 7.11937 7.06103 6.08554 5.65875 5.51188 5.4908 4.25682 3.17113 2.97669 2.00837 0.92284 0.493121 0.4408 0.434296
threshold=1.2160500000000003 2.1222500000000006 0.81085000000000018 0.42173806816088577 0.03682627414251529 1.0000000180025095e-35 0.68525000000000014 0.094501449550094915 0.22220212234678707 0.93027159698065931 73.500000000000014 0.98180000000000012 19.500000000000004 0.55930000000000013 0.71015000000000017 0.95370061783585136 5.5000000000000009 15.500000000000002 72.500000000000014 0.14541003398248151 0.21057071628214877 0.21179228254015706 0.047545173280060297 0.023855847897947455 0.5223000000000001 0.13154783777661158
decision_type=2 2 2 2 2 2 2 2 2 2 2 2 2 2 2 2 2 2 2 2 2 2 2 2 2 2
left_child=2 3 6 7 10 11 13 -2 9 -9 12 25 20 24 -8 -12 -5 -15 -13 23 -4 22 -16 -19 -1 -6
right_child=1 -3 4 16 5 -7 14 8 -10 -11 15 18 -14 17 21 -17 -18 19 -20 -21 -22 -23 -24 -25 -26 -27
leaf_value=-0.018796514745347329 -0.00074260138710701849 0.021844105152883275 -0.011178569387245154 0.0096405577807869118 -0.004038609312526492 0.0053094057387569329 -0.005401159937540435 0.011145532558212594 9.9915903191541124e-05 0.0040318820111491316 -0.0044422981861584861 0.0022917647989211315 -0.0036816427448479873 -0.0094502977944473827 -0.010778385890541994 0.0012070832936409072 0.01409051227224728 -0.017161474693127593 -0.002320483742357376 -0.012236166822417788 -0.0066883774523811904 -0.0084347299752128672 -0.013201152846400919 -0.015129603973634692 -0.016856706713062972 -0.005706730559718892
leaf_weight=65.353299379348755 147.867566883564 283.72780203819275 85.075296461582184 140.54475492238998 81.901581227779388 131.353355884552 72.622667014598846 121.76158076524734 107.28107005357742 142.68181431293488 104.97556948661804 98.669345676898956 103.79931288957596 73.452675700187683 119.79571622610092 82.744697034358978 150.35383099317551 67.495853066444397 110.93956750631332 89.016964197158813 70.426163792610168 72.856289565563202 62.403097987174988 57.921716570854187 57.443775355815887 81.028544902801514
leaf_count=113 155 141 115 101 95 122 94 95 100 129 123 101 123 103 169 88 94 110 118 131 87 96 90 91 95 95
internal_value=2.52526e-05 0.010514 -0.00676874 0.00654761 -0.00241635 -0.000252186 -0.0123741 0.00352832 0.00522724 0.00730733 -0.00485584 -0.00221315 -0.00695798 -0.0146457 -0.00952694 -0.00195212 0.0119406 -0.0132623 -0.000149357 -0.014568 -0.00914497 -0.0107017 -0.0116082 -0.0162231 -0.0178891 -0.0048682
internal_weight=2783.49 1094.22 1689.28 810.491 950.913 503.892 738.362 519.592 371.724 264.443 447.021 372.539 259.301 410.684 327.678 187.72 290.899 287.887 209.609 214.435 155.501 255.055 182.199 125.418 122.797 162.93
internal_count=2974 815 2159 674 1067 531 1092 479 324 224 536 409 325 643 449 211 195 435 219 332 202 355 259 201 208 190
is_linear=0
shrinkage=0.0161547


Tree=19
num_leaves=26
num_cat=0
split_feature=43 43 43 17 17 15 43 43 44 4 13 30 21 13 43 43 51 44 43 51 42 10 52 43 15
split_gain=840.99 195.873 147.405 40.71 23.0336 16.8505 16.3814 15.2713 13.6421 16.6506 13.0614 8.63843 12.3078 7.20305 6.82817 6.02603 3.88569 3.71223 2.45828 2.34324 2.20639 1.53062 0.903195 0.498404 0.29922
threshold=1.2672500000000002 2.1222500000000006 0.81085000000000018 0.11764995444272233 0.17457549678022896 0.032045079560131841 1.5776500000000002 0.68525000000000014 81.500000000000014 0.0007889216205220407 0.17620109618591498 1.0000000180025095e-35 0.086238297139243095 0.34161165671271737 0.94535000000000013 0.55930000000000013 16.500000000000004 70.500000000000014 0.93070000000000008 18.500000000000004 1.5000000000000002 0.14541003398248151 0.9581557274773399 0.5223000000000001 0.012214635070876275
decision_type=2 2 2 2 2 2 2 2 2 2 2 2 2 2 2 2 2 2 2 2 2 2 2 2 2
left_child=2 3 7 10 5 18 -5 15 9 -7 -2 12 19 -12 -14 23 -17 22 -4 -11 -19 24 -9 -1 -18
right_child=1 -3 4 6 -6 8 -8 17 -10 11 13 -13 14 -15 -16 16 21 20 -20 -21 -22 -23 -24 -25 -26
leaf_value=-0.018774844047396277 -0.00086289351679705631 0.022640928968091858 -0.010697998818439806 0.0068991409479789625 0.00420385144466171 0.0025531962171142009 0.013974655043482956 -0.013372063244105319 0.0035113788529167037 -0.010474803105423066 0.0084500015168037044 -0.0010980859976790424 -0.0069188777986951191 0.0029623996476868726 -0.0012523903883418154 -0.010737362565746259 -0.016736028893084502 -0.0099235288800188746 -0.0067331687372515457 -0.0069200948411519032 -0.0064754914379713648 -0.012897652046460217 -0.010635908808410173 -0.016630120938503086 -0.015073518312547388
leaf_weight=58.761401951313019 126.86850869655609 295.05634772777557 71.182656586170197 147.17479968070984 105.11257374286652 100.88204878568649 203.43384569883347 65.083260476589203 80.999277472496033 98.220285773277283 115.97613716125488 141.95454633235931 85.979920566082001 135.18848794698715 156.54014140367508 98.252629458904266 55.329923093318939 118.10500413179398 95.651569008827209 95.403473734855652 82.099932849407196 73.920519709587097 60.988371074199677 54.507432281970978 57.731908321380615
leaf_count=103 132 141 97 115 98 106 130 96 80 127 97 153 104 119 166 142 91 166 118 116 105 111 86 91 92
internal_value=-0.000102432 0.0115363 -0.00688473 0.00703954 -0.00296294 -0.00377574 0.0110046 -0.0124685 -0.00275515 -0.00350272 0.00336216 -0.00455952 -0.00568614 0.00549632 -0.00326131 -0.0145903 -0.0133385 -0.00987696 -0.00842483 -0.00872331 -0.00850956 -0.0147053 -0.0120484 -0.0177428 -0.0158871
internal_weight=2780.41 1023.7 1756.71 728.642 1031.93 926.814 350.609 724.78 759.98 678.98 378.033 578.098 436.144 251.165 242.52 398.504 285.235 326.277 166.834 193.624 200.205 186.982 126.072 113.269 113.062
internal_count=2982 734 2248 593 1165 1067 245 1083 852 772 348 666 513 216 270 630 436 453 215 243 271 294 182 194 183
is_linear=0
shrinkage=0.0161547


Tree=20
num_leaves=24
num_cat=0
split_feature=43 43 21 13 17 43 43 19 44 21 43 43 19 51 45 30 52 43 19 50 10 43 13
split_gain=769.392 188.266 123.693 33.7275 31.7056 27.3737 18.414 17.6777 14.8697 10.7418 7.93585 6.77626 5.77538 5.31065 4.86858 4.65899 5.11906 4.61217 3.96451 3.15337 2.68959 0.710865 0.599109
threshold=1.4178000000000002 0.82440000000000013 0.66037318962937674 0.50019795339197237 0.085589166295716959 0.68525000000000014 1.1053500000000003 0.029703432034952855 68.500000000000014 0.031900207812596566 1.7021500000000003 0.57190000000000007 0.10048390752255644 15.500000000000002 1.0000000180025095e-35 1.0000000180025095e-35 0.90420138009029516 0.98180000000000012 0.0099279540152328438 89.500000000000014 0.14541003398248151 0.54150000000000009 0.018480079259595592
decision_type=2 2 2 2 2 2 2 2 2 2 2 2 2 2 2 2 2 2 2 2 2 2 2
left_child=1 5 3 10 7 11 -6 18 -9 -10 -2 21 19 -13 -5 16 -11 -18 -3 -7 22 -1 -15
right_child=2 4 -4 14 6 12 -8 8 9 15 -12 13 -14 20 -16 -17 17 -19 -20 -21 -22 -23 -24
leaf_value=-0.018423304856532881 0.00077521576681820962 -0.005364605368941568 0.022894926024158269 0.013921074378093852 -0.0016766936177896692 -0.011752547897315776 0.0056785208391951182 -0.0081038738163909177 0.0040107336401166453 -0.00030158704812840309 0.0070842040951366444 -0.008996518673718118 -0.0054915557543456185 -0.017237007147994681 0.0099926222033085554 0.00061440665075129883 -0.0074410573180610567 -0.0026591115803392736 -0.010001596919348104 -0.0081148235545755176 -0.012231024677690924 -0.016078900613878653 -0.014903283341415576
leaf_weight=87.949955582618713 103.17957371473312 101.63325190544128 244.7511699795723 191.55023193359375 158.19118112325668 124.02169191837311 202.59081560373306 89.929426789283752 92.263615608215332 120.93226271867752 104.96480005979538 61.532895803451538 110.60520488023758 55.637832701206207 144.38990354537964 128.61425518989563 83.278494417667389 143.0620219707489 91.386203706264496 124.73622727394104 84.085895955562592 54.775615751743317 59.312223792076111
leaf_count=155 100 125 112 122 169 180 176 114 94 128 86 87 141 93 101 132 103 155 119 170 126 90 95
internal_value=-0.0001292 -0.00551703 0.0133571 0.0090666 -0.00155983 -0.0118051 0.0024535 -0.00326109 -0.00200018 -0.00103406 0.00395677 -0.0146942 -0.00856287 -0.0131444 0.0122326 -0.00201213 -0.00298489 -0.00441855 -0.00756002 -0.00992846 -0.0144267 -0.0175236 -0.0160328
internal_weight=2763.37 1974.54 788.836 544.085 1211.88 762.658 360.782 851.1 658.08 568.151 208.144 403.294 359.363 260.569 335.94 475.887 347.273 226.341 193.019 248.758 199.036 142.726 114.95
internal_count=2973 2452 521 409 1315 1137 345 970 726 612 186 646 491 401 223 518 386 258 244 350 314 245 188
is_linear=0
shrinkage=0.0161547


Tree=21
num_leaves=23
num_cat=0
split_feature=43 23 43 13 43 42 4 4 43 35 44 40 42 15 43 13 44 4 13 8 44 21
split_gain=726.482 182.511 131.262 47.9924 22.7253 17.1895 23.6638 14.8173 9.61923 9.58232 9.30318 8.16037 6.42154 6.42097 6.12032 5.55143 3.48725 3.16739 2.9539 2.80511 1.56447 0.605051
threshold=1.2160500000000003 4.1636595017134832 0.82440000000000013 0.4909970289550632 0.68525000000000014 2.5000000000000004 0.027283178532970031 0.050689933021541338 1.5620500000000002 1.0000000180025095e-35 71.500000000000014 1.0000000180025095e-35 1.5000000000000002 0.24031576688786949 0.54715000000000014 0.17620109618591498 70.500000000000014 0.0049999786292282663 0.03200323270180324 0.053339529731633861 72.500000000000014 0.0011988263140623077
decision_type=2 2 2 2 2 2 2 2 2 2 2 2 2 2 2 2 2 2 2 2 2 2
left_child=2 3 4 10 14 6 12 -8 -5 -7 -2 16 17 -9 -1 -12 -6 -4 21 -18 -20 -16
right_child=1 -3 5 8 11 9 7 13 -10 -11 15 -13 -14 -15 18 -17 19 -19 20 -21 -22 -23
leaf_value=-0.01810866276675822 -0.0016981217147690011 0.021213085733133446 -0.0072915096768297718 0.0066629711367648375 -0.012431524437437922 0.0032519501795177184 0.0044338513212972396 -0.0060756734339572844 0.012043745072182361 -0.0031049796215146391 0.00074140968875995646 -0.0038799148789783809 -0.0042511085640997599 -0.00059204815322414504 -0.014151796688806107 0.0053738497303628882 -0.010282015439100184 -0.011399493430990899 -0.013357849990984988 -0.0061194642519787224 -0.010151084524345655 -0.016420118880712136
leaf_weight=99.032816708087921 110.34348678588867 285.5936039686203 113.87256616353989 130.61152255535126 110.11961024999619 158.22880917787552 91.438397705554962 109.63535779714584 257.93596935272217 101.63165253400803 102.64940536022186 66.201306939125061 113.80821847915649 113.33307778835297 58.533353626728058 197.23101115226746 118.4585993885994 85.957713544368744 95.722992241382599 65.674061357975006 67.844144761562347 64.512672901153564
leaf_count=176 114 136 146 105 163 159 92 129 170 113 103 82 134 119 94 170 169 115 148 85 100 107
internal_value=-0.000122542 0.0101292 -0.00692582 0.00616621 -0.0119207 -0.00272865 -0.00417449 -0.00104254 0.010235 0.000765749 0.00231244 -0.00900447 -0.00731412 -0.00328839 -0.0146465 0.00378816 -0.0101574 -0.00905857 -0.0134502 -0.00879737 -0.0120278 -0.0153411
internal_weight=2718.37 1084.36 1634.01 798.771 746.1 887.906 628.045 314.407 388.547 259.86 410.224 360.454 313.638 222.968 385.646 299.88 294.252 199.83 286.613 184.133 163.567 123.046
internal_count=2929 798 2131 662 1124 1007 735 340 275 272 387 499 395 248 625 273 417 261 449 254 248 201
is_linear=0
shrinkage=0.0161547


Tree=22
num_leaves=24
num_cat=0
split_feature=43 43 43 17 14 17 43 44 42 51 8 51 53 51 50 43 42 43 13 0 50 53 13
split_gain=710.964 176.724 130.623 40.1505 19.569 19.3938 16.8369 10.5609 10.8168 10.9544 9.59751 9.23317 10.4301 8.99163 7.39732 6.55024 6.11907 5.2577 4.61785 3.8668 3.40486 2.94806 1.14314
threshold=1.2160500000000003 2.1222500000000006 0.81085000000000018 0.045804834923636385 6.5000000000000009 0.13361495042784163 0.68525000000000014 80.500000000000014 2.5000000000000004 18.500000000000004 0.10033760281447754 21.500000000000004 0.92349798135726757 17.500000000000004 82.500000000000014 0.54715000000000014 1.5000000000000002 0.95870000000000011 0.1141049698486326 0.1127824653647652 90.500000000000014 0.92962044334891047 0.020500914385898864
decision_type=2 2 2 2 2 2 2 2 2 2 2 2 2 2 2 2 2 2 2 2 2 2 2
left_child=2 3 6 18 11 7 15 8 10 -10 14 12 -5 -14 -4 -1 20 -16 -2 21 -8 -17 -23
right_child=1 -3 5 4 -6 -7 16 -9 9 -11 -12 -13 13 -15 17 19 -18 -19 -20 -21 -22 22 -24
leaf_value=-0.018092007973909283 -0.0028490920551346526 0.020541263617945896 -0.011165324892386095 0.01130221332869834 0.013730065030712942 0.0028519884088263826 -0.013420254781957981 0.0012117287900422808 -0.0046740795982742923 0.0031531158993441345 -0.0023731909744617746 0.0025914784426458366 0.0025942345415466391 0.0089653787468404241 -0.008080454206547032 -0.012170272026664623 -0.0067151735791543109 -0.0035660307481243251 0.0020282576825185524 -0.0097161392484525246 -0.0091024521098919519 -0.017580437365889323 -0.014460971040441105
leaf_weight=92.74860942363739 94.694978594779968 296.26114016771317 90.76756227016449 139.73427516222 125.45407313108444 131.91176378726959 93.526962220668793 95.370840728282928 105.51031464338303 83.665666282176971 155.38112109899521 115.7584433555603 118.1183705329895 113.22479039430618 135.21961039304733 105.19221818447113 133.98015427589417 134.09328532218933 108.94479954242706 65.7394979596138 97.19151759147644 55.129882276058197 69.06363433599472
leaf_count=167 104 144 122 100 77 128 143 100 123 85 175 99 102 87 176 164 176 156 104 96 137 94 111
internal_value=-0.000121509 0.00985448 -0.0068684 0.00597415 0.00804082 -0.00288715 -0.0120752 -0.00383347 -0.00451632 -0.0012124 -0.00572888 0.00657475 0.00781733 0.00571242 -0.00717691 -0.0143472 -0.0093611 -0.00583268 -0.000239769 -0.0131703 -0.0112199 -0.0141602 -0.0158457
internal_weight=2756.68 1112.19 1644.49 815.93 612.29 931.92 712.572 800.008 704.638 189.176 515.462 486.836 371.077 231.343 360.08 387.874 324.699 269.313 203.64 295.125 190.718 229.386 124.194
internal_count=2970 817 2153 673 465 1065 1088 937 837 208 629 388 289 189 454 632 456 332 208 465 280 369 205
is_linear=0
shrinkage=0.0161547


Tree=23
num_leaves=25
num_cat=0
split_feature=23 23 13 42 24 21 44 42 19 42 4 50 51 15 44 53 44 51 50 44 46 44 42 44
split_gain=600.727 124.327 108.295 48.2665 31.1422 19.9032 19.363 18.825 17.3872 14.6038 9.41591 8.35679 8.43948 7.8947 6.52973 9.68315 4.75255 3.39834 2.40332 1.88334 1.8704 2.01022 2.1332 0.749311
threshold=1.4943195750625249 4.8551764725398963 0.059767846359745636 1.5000000000000002 24.500000000000004 0.055771864763774708 70.500000000000014 1.5000000000000002 0.10048390752255644 3.5000000000000004 0.015803409760627048 94.000000000000014 17.500000000000004 0.44516233990088389 70.500000000000014 0.92349798135726757 74.500000000000014 18.500000000000004 89.500000000000014 69.500000000000014 1.0000000180025095e-35 67.500000000000014 1.0000000180025095e-35 72.500000000000014
decision_type=2 2 2 2 2 2 2 2 2 2 2 2 2 2 2 2 2 2 2 2 2 2 2 2
left_child=2 4 7 5 13 19 8 20 -5 -6 -8 12 -12 -2 -7 -16 18 -17 -9 -4 21 -1 -23 -24
right_child=1 -3 3 6 9 14 10 16 -10 -11 11 -13 -14 -15 15 17 -18 -19 -20 -21 -22 22 23 -25
leaf_value=-0.015745800689259962 0.0058556334864849789 0.020267879756806217 -0.012598899500713591 -0.0097310189477570162 0.0071243737213580989 -0.0071958001254348192 0.0048209069670952691 -0.006814464937937169 0.00053050400133236239 0.013407864768782279 0.0053629506227003384 -0.0032732177077934633 -0.00068645493451505244 -7.4324852167627669e-06 0.0017339897363842524 -0.0069643661269044701 -0.0036608281561595923 -0.0023299881372384453 -0.010851559512002918 -0.009178317890543913 -0.01063935102746324 -0.014495926008293806 -0.010120975794975173 -0.012595881071790969
leaf_weight=77.867442190647125 105.69892203807831 262.8632218837738 65.323928952217102 82.769682168960571 220.02296948432922 108.73689341545105 181.7794064283371 83.686451256275177 89.8953857421875 171.98324745893478 108.39908277988434 115.37653285264969 135.31375855207443 138.43231040239334 91.81860476732254 88.600518763065338 72.549989521503448 77.33814662694931 71.245939314365387 117.68911296129227 73.806196510791779 100.912966132164 64.117352485656738 63.588613092899323
leaf_count=131 92 130 98 111 175 142 179 112 96 109 102 125 139 129 96 106 90 88 101 161 111 160 94 96
internal_value=6.92146e-05 0.0109222 -0.00514606 -0.00244986 0.00706036 -0.00604847 0.000321495 -0.0107491 -0.00438852 0.0098811 0.0018251 0.000308557 0.00200421 0.00253104 -0.00387586 -0.00247532 -0.00707308 -0.00480445 -0.00867093 -0.0103992 -0.012948 -0.013504 -0.0127405 -0.0113533
internal_weight=2769.82 899.001 1870.82 1263.04 636.137 549.507 713.534 607.775 172.665 392.006 540.869 359.089 243.713 244.131 366.494 257.757 227.482 165.939 154.932 183.013 380.293 306.486 228.619 127.706
internal_count=2973 635 2338 1443 505 691 752 895 207 284 545 366 241 221 432 290 303 194 213 259 592 481 350 190
is_linear=0
shrinkage=0.0161547


Tree=24
num_leaves=26
num_cat=0
split_feature=13 23 19 42 42 17 42 1 44 51 21 53 44 2 50 35 44 21 17 13 53 23 47 13 44
split_gain=559.4 123.713 107.313 33.6784 26.683 21.0955 20.4539 16.5121 14.2999 11.2467 10.5987 8.45514 12.6559 8.07658 7.56147 4.83228 5.40122 4.64934 3.86356 3.31493 2.37114 2.20374 1.62042 0.764603 0.705921
threshold=0.50019795339197237 4.8551764725398963 0.08677482541381569 2.5000000000000004 2.5000000000000004 0.01433651041002045 3.5000000000000004 1.5000000000000002 75.500000000000014 17.500000000000004 0.071521412368737228 0.97089362745912899 71.500000000000014 0.16888977116763124 89.500000000000014 1.0000000180025095e-35 67.500000000000014 0.31286043719539991 0.026117163181096713 0.059767846359745636 0.97332193148459667 0.30188305160244799 1.0000000180025095e-35 0.017514392468189924 72.500000000000014
decision_type=2 2 2 2 2 2 2 2 2 2 2 2 2 2 2 2 2 2 2 2 2 2 2 2 2
left_child=2 6 3 5 10 15 8 -6 17 -5 -4 12 -12 -14 21 16 23 -2 -16 20 22 -7 24 -1 -18
right_child=1 -3 4 9 7 14 -8 -9 -10 -11 11 -13 13 -15 18 -17 19 -19 -20 -21 -22 -23 -24 -25 -26
leaf_value=-0.016523617009993854 0.0038899084287327156 0.019651041334060908 -0.0067056403567413462 -0.0069060645281571256 0.0081890227725629535 -0.011172556762420807 0.010575856064786554 4.4749223219026374e-05 0.0078352862477640735 0.00053256878567369979 -0.0048854936916160737 -0.0056423872709637441 0.005256599597367735 -0.00093944272706244158 -0.0012658901526918043 -0.0076893530698167352 -0.010980238015422967 -0.00076793791184841243 -0.006334575735086505 -0.0082017920993690957 -0.014566765225981076 -0.0070625946650833141 -0.0090772939446524866 -0.013893208514170231 -0.013190086724987423
leaf_weight=59.760524928569794 122.4136226773262 272.80694109201431 121.80627346038818 92.213835597038269 120.07606500387192 65.849858999252319 222.34814435243607 141.55802720785141 183.5839067697525 124.87713021039963 97.211580216884613 90.033902764320374 108.29753690958023 111.35767030715942 77.051166355609894 70.802008211612701 73.908770203590393 102.97061514854431 79.987620115280151 74.35541307926178 72.003878653049469 70.498020827770233 66.229661643505096 55.737744569778442 77.057072520256042
leaf_count=103 113 134 154 116 106 95 151 140 146 140 117 106 105 116 94 99 111 95 103 101 115 91 96 89 119
internal_value=0.000145322 0.0105605 -0.00494288 -0.0083014 -0.00043705 -0.00976223 0.00663227 0.00378254 0.00448821 -0.00262714 -0.00252514 -0.0012737 -3.23919e-05 0.00211542 -0.00626421 -0.0116287 -0.0122109 0.00176189 -0.00384762 -0.011244 -0.0120262 -0.00904752 -0.011184 -0.0152542 -0.0121082
internal_weight=2754.8 904.123 1850.67 1060.33 790.341 843.242 631.316 261.634 408.968 217.091 528.707 406.901 316.867 219.655 293.387 549.855 479.053 225.384 157.039 363.555 289.199 136.348 217.196 115.498 150.966
internal_count=2955 639 2316 1472 844 1216 505 246 354 256 598 444 338 221 383 833 734 208 197 542 441 186 326 192 230
is_linear=0
shrinkage=0.0161547


Tree=25
num_leaves=23
num_cat=0
split_feature=43 2 43 43 43 43 8 44 4 4 15 6 50 51 52 43 50 2 44 52 50 43
split_gain=668.801 135.299 117.997 38.4627 18.3348 16.0096 15.6448 12.4643 8.9011 9.56584 8.08727 14.7522 7.75574 7.26926 4.40567 4.85072 4.04656 3.66389 2.95289 4.9639 2.49321 2.06464
threshold=1.2160500000000003 1.0979799851982135 0.81085000000000018 1.9172000000000002 0.59250000000000014 0.98180000000000012 0.01941970748283596 71.500000000000014 0.029475084370675839 0.058935399920989361 0.19199571528612727 0.22176486295811024 88.500000000000014 19.500000000000004 0.99757849208906302 0.68525000000000014 88.500000000000014 0.024780404476097723 70.500000000000014 0.93698915103395375 88.500000000000014 0.54150000000000009
decision_type=2 2 2 2 2 2 2 2 2 2 2 2 2 2 2 2 2 2 2 2 2 2
left_child=2 3 4 6 21 8 -2 -7 13 -10 -8 -12 -9 20 15 17 -16 -6 -17 -20 -4 -1
right_child=1 -3 5 -5 14 7 10 12 9 -11 11 -13 -14 -15 16 18 -18 -19 19 -21 -22 -23
leaf_value=-0.018215423236740299 -0.00073676296431381474 0.02131036268143666 -0.0073955147585580911 0.01240727891523366 -0.016153985465609044 -0.0047058567430493057 0.0029144974505759336 -0.002157567718360758 0.0014284352538556043 -0.0055689574873801617 0.0111995022468417 0.00461958186011355 0.0030869165207937626 -0.0041068576466725742 -0.010747708630645614 -0.012122292867838124 -0.0054173666443766916 -0.010853307961037525 -0.0054882517055051001 -0.011495810172609255 -0.011639271700954792 -0.014702172341613865
leaf_weight=83.770725131034851 112.03267520666122 206.29643845558167 70.604835033416748 232.93172836303711 73.482238590717316 150.72230464220047 164.20646625757217 123.37838363647461 86.652967214584351 123.86946588754654 146.97786396741867 225.12788057327271 182.35775226354599 113.63956475257874 71.886815011501312 92.911133170127869 76.95982438325882 63.387483179569244 73.390327572822571 70.255381107330322 73.99037903547287 91.157277762889862
leaf_count=156 114 95 92 143 125 180 155 134 93 146 109 179 179 140 108 140 106 96 99 102 103 153
internal_value=-0.000268497 0.00953353 -0.0068392 0.00677672 -0.011858 -0.00305729 0.00475382 -0.00090381 -0.00515427 -0.00268877 0.00590077 0.00721858 0.00097053 -0.00716424 -0.0103418 -0.0112786 -0.0079917 -0.0136991 -0.00987806 -0.00842648 -0.00956707 -0.0163846
internal_weight=2709.99 1087.57 1622.42 881.277 697.201 925.216 648.345 456.458 468.757 210.522 536.312 372.106 305.736 258.235 522.273 373.427 148.847 136.87 236.557 143.646 144.595 174.928
internal_count=2947 795 2152 700 1085 1067 557 493 574 239 443 288 313 335 776 562 214 221 341 201 195 309
is_linear=0
shrinkage=0.0161547


Tree=26
num_leaves=25
num_cat=0
split_feature=43 43 43 19 44 2 43 17 53 8 42 43 14 15 8 8 8 52 42 53 15 50 43 43
split_gain=637.236 155.598 131.832 61.6512 26.8733 19.9964 19.159 13.8554 17.9912 12.2935 11.7855 11.0492 10.5156 8.33637 7.21278 6.53741 4.87916 3.94662 3.70806 3.61083 2.36403 1.83417 1.47609 0.542727
threshold=1.3410500000000003 0.82440000000000013 2.7722500000000001 0.42173806816088577 71.500000000000014 0.20888690224780124 0.56265000000000009 0.03616876556948994 0.92549695194969772 0.0086961608152970691 2.5000000000000004 1.1164500000000002 5.5000000000000009 0.09860688054038215 0.051601176634615921 0.034358746432638636 0.089208148338912233 0.92027754702720543 1.5000000000000002 0.93027159698065931 0.18234466898327736 89.500000000000014 0.69255000000000011 0.52625000000000011
decision_type=2 2 2 2 2 2 2 2 2 2 2 2 2 2 2 2 2 2 2 2 2 2 2 2
left_child=1 6 3 5 13 15 23 9 -9 -6 16 -10 -5 18 -11 -2 17 22 -3 -19 -15 -21 -8 -1
right_child=2 4 -4 12 7 -7 10 8 11 14 -12 -13 -14 20 -16 -17 -18 19 -20 21 -22 -23 -24 -25
leaf_value=-0.018470622868140555 -0.0020983645319886833 -0.0098616446947347031 0.025646904691557539 0.010197762862765612 0.0018183778324364953 0.0082220113047384944 -0.015353220251155075 0.0066682564688802298 -0.0033979974974065515 -0.0085806156081955475 -0.0042989981079986413 0.0032360169065283216 0.015564979578919879 -0.00061125902972511371 -0.0019736274600733652 0.0034393373628855647 -0.0078529387604597128 -0.0084636396430808666 -0.0052190399603450005 -0.01390929899597588 -0.004133963634180021 -0.010353736603090838 -0.012125712761707021 -0.016186264020378677
leaf_weight=57.384500861167908 100.24714291095734 85.892168700695038 139.13035714626312 170.21728831529617 113.20538628101349 177.78145813941956 77.861118972301483 154.33822733163834 139.38771003484726 80.129142880439758 81.088214159011841 123.63804948329926 216.34788149595261 85.143478989601135 93.367143571376801 125.01434701681137 108.18995326757431 120.95088684558868 94.069278717041016 79.019516289234161 119.48512518405914 72.69825804233551 70.433930456638336 51.503479182720184
leaf_count=109 102 119 55 109 124 135 132 136 155 103 107 112 116 95 104 111 150 178 116 127 135 109 107 92
internal_value=0.00027107 -0.0053165 0.0111473 0.00859239 -0.0014645 0.0041716 -0.0111479 0.000411387 0.00228966 -0.0023229 -0.010034 -0.000279609 0.0132016 -0.00489867 -0.00502506 0.000974918 -0.0109129 -0.0116993 -0.00743487 -0.0105457 -0.00266821 -0.0122056 -0.0138203 -0.0173901
internal_weight=2736.52 1807.79 928.738 789.608 1088.66 403.043 719.13 704.066 417.364 286.702 610.242 263.026 386.565 384.59 173.496 225.261 529.154 420.964 179.961 272.669 204.629 151.718 148.295 108.888
internal_count=2938 2310 628 573 1199 348 1111 734 403 331 910 267 225 465 207 213 803 653 235 414 230 236 239 201
is_linear=0
shrinkage=0.0161547


Tree=27
num_leaves=24
num_cat=0
split_feature=43 43 43 13 44 42 43 52 52 46 40 7 6 13 10 17 42 23 8 52 43 50 50
split_gain=683.796 155.706 146.428 30.1997 16.0761 13.7417 12.9554 11.0168 13.1763 10.9569 12.1154 8.76214 7.27918 7.27426 7.13459 5.98297 4.80407 3.54806 2.73042 2.71862 1.4916 1.16682 0.538159
threshold=1.2160500000000003 2.1222500000000006 0.81085000000000018 0.50019795339197237 68.500000000000014 1.0000000180025095e-35 0.59250000000000014 0.89285503247052622 0.91681468301125502 1.0000000180025095e-35 1.0000000180025095e-35 2.5000000000000004 0.053590332624575951 0.17620109618591498 0.99978201701165414 0.001713562872673369 1.5000000000000002 0.72342247253362391 0.027697830913402412 0.90420138009029516 0.5223000000000001 88.500000000000014 87.500000000000014
decision_type=2 2 2 2 2 2 2 2 2 2 2 2 2 2 2 2 2 2 2 2 2 2 2
left_child=2 3 6 13 -4 -6 20 17 -9 10 12 -5 -10 -2 -15 -8 19 -7 -18 -17 -1 -21 -22
right_child=1 -3 4 11 5 7 15 8 9 -11 -12 -13 -14 14 -16 16 18 -19 -20 21 22 -23 -24
leaf_value=-0.018395225192022392 0.00017939317021185543 0.019548562003951397 -0.0076801933576732392 0.006371664041870318 -0.0068812550407411624 -0.0067792349546116739 -0.014821820655381738 0.0061156190313388778 0.0016664405700277261 -0.0060556171565987662 0.0051921732734585445 0.011079899142451574 -0.0037589500150521076 0.0067662126908706365 0.0012207925650007346 -0.014370224808898165 -0.010265606173103721 -0.0019856304043673685 -0.0060550649836978174 -0.012192984184833545 -0.016346244853958768 -0.009538218345619973 -0.014152585968650133
leaf_weight=54.546431511640549 152.61038649082184 308.04479813575745 133.60378462076187 176.52175188064575 111.99847322702408 84.031309306621552 89.936959564685822 86.285924315452576 114.35822319984436 83.529839396476746 100.85135769844055 248.19617486000061 148.14439219236374 157.58857750892639 98.326236486434937 68.4102463722229 76.328699886798859 77.42441326379776 84.899816513061523 71.509702801704407 54.089005708694458 109.16547405719757 63.390436589717865
leaf_count=105 158 144 175 131 142 105 150 83 125 100 97 160 169 133 91 111 113 83 113 113 96 163 109
internal_value=0.0001662 0.00973484 -0.00660623 0.00610676 -0.00248981 -0.00163011 -0.0123633 -0.000783437 0.000336119 -0.000779807 0.000433026 0.00912306 -0.0013954 0.00297091 0.00463558 -0.0110482 -0.0102211 -0.00448051 -0.00804842 -0.0116275 -0.0161876 -0.010589 -0.0151626
internal_weight=2753.79 1141.29 1612.5 833.243 940.228 806.624 672.277 694.625 533.17 446.884 363.354 424.718 262.503 408.525 255.915 500.251 410.314 161.456 161.229 249.085 172.026 180.675 117.479
internal_count=2969 817 2152 673 1079 904 1073 762 574 491 391 291 294 382 224 763 613 188 226 387 310 276 205
is_linear=0
shrinkage=0.0161547


Tree=28
num_leaves=25
num_cat=0
split_feature=13 13 13 44 18 44 34 44 30 21 52 19 8 45 51 13 14 46 21 52 15 13 17 44
split_gain=522.05 101.92 84.5246 28.613 27.288 16.4948 12.8345 12.077 13.7596 13.6016 8.41731 6.17018 6.32441 5.97783 5.13835 5.09443 4.57078 3.52169 2.55329 2.52053 2.04485 4.19572 1.50896 0.608575
threshold=0.48369619982896545 1.6757038921707734 0.058786042100752355 68.500000000000014 4.5000000000000009 75.500000000000014 1.0000000180025095e-35 83.500000000000014 1.0000000180025095e-35 0.099847617488450696 0.96181049592101975 0.020056978130238351 0.017591486492917214 1.0000000180025095e-35 20.500000000000004 0.34624942857231805 2.5000000000000004 1.0000000180025095e-35 0.13759251564430797 0.9359257835280298 0.055859318798049659 0.16064510962825121 0.0025337778488504427 70.500000000000014
decision_type=2 2 2 2 2 2 2 2 2 2 2 2 2 2 2 2 2 2 2 2 2 2 2 2
left_child=2 4 6 10 13 -6 11 8 9 14 -4 17 -13 -2 20 18 -10 19 -11 23 -5 -22 -21 -1
right_child=1 -3 3 7 5 -7 -8 -9 16 15 -12 12 -14 -15 -16 -17 -18 -19 -20 22 21 -23 -24 -25
leaf_value=-0.015736494506696799 0.0045685087151765167 0.018382937939227895 -0.011351480580908461 -0.0084992850843456976 0.0061427542132360992 0.012805651849006274 -0.0036291334248718487 0.0044783395375308961 0.0040910707173211613 -0.00069711316389226485 -0.0042821224502866606 -0.0043616902095877149 -0.011172004370254861 -0.00040015869464495501 -0.0024865289179219438 -0.0031782905405210635 -0.00046383806071410415 -0.0089341439216835839 0.0029991193076363172 -0.010418425128056331 -0.0028381547450366681 -0.0076250560828519439 -0.013551016794073703 -0.013397378614658352
leaf_weight=61.584240764379501 154.67867052555084 269.85759687423706 106.15122708678246 79.270150005817413 205.51253855228424 183.58740496635437 73.055893033742905 82.077741265296936 97.062443554401398 103.63708329200745 75.0197913646698 66.205433309078217 76.946033626794815 106.84037685394287 137.87048357725143 120.61486446857452 141.03997474908829 78.247327297925949 92.131429255008698 110.04428061842918 88.739301890134811 103.54227709770203 63.164183139801025 54.908254474401474
leaf_count=106 135 132 156 109 158 119 97 81 98 113 97 90 114 101 163 131 148 117 92 170 107 128 103 87
internal_value=0.000129611 0.0100362 -0.00490472 -0.00249698 0.00657415 0.00928648 -0.00996273 -0.00147036 -0.00197689 -0.00308239 -0.00842418 -0.010868 -0.00802233 0.00253862 -0.00502643 -0.000566663 0.00139297 -0.0119752 0.00104239 -0.0127966 -0.00631596 -0.00541587 -0.0115608 -0.014634
internal_weight=2731.79 920.477 1811.31 1227.16 650.619 389.1 584.156 1045.99 963.908 725.806 181.171 511.1 143.151 261.519 409.422 316.383 238.102 367.948 195.769 289.701 271.552 192.282 173.208 116.492
internal_count=2952 645 2307 1423 513 277 884 1170 1089 843 253 787 204 236 507 336 246 583 205 466 344 235 273 193
is_linear=0
shrinkage=0.0161547


Tree=29
num_leaves=26
num_cat=0
split_feature=43 43 43 13 43 17 40 14 17 45 43 30 4 43 53 45 4 4 51 44 17 23 50 2 53
split_gain=569.042 143.5 126.213 60.2658 20.1284 17.9467 24.5264 16.649 12.5314 9.38798 8.68672 8.55627 10.495 7.58521 6.80147 5.02676 4.92407 8.87672 4.10906 3.61526 3.50515 2.65565 2.28141 1.60765 0.20527
threshold=1.2297000000000002 2.7722500000000001 0.81085000000000018 0.4909970289550632 0.67240000000000011 0.037244737372534954 1.0000000180025095e-35 6.5000000000000009 0.045804834923636385 1.0000000180025095e-35 0.98180000000000012 1.0000000180025095e-35 0.027283178532970031 0.55930000000000013 0.94582288360085498 1.0000000180025095e-35 0.011141434512675706 0.026837973083005773 16.500000000000004 73.500000000000014 0.011581695096440628 1.0259343300198027 88.500000000000014 0.032461715363748145 0.93821776264767565
decision_type=2 2 2 2 2 2 2 2 2 2 2 2 2 2 2 2 2 2 2 2 2 2 2 2 2
left_child=2 3 4 8 13 11 10 9 19 -5 21 12 15 24 -12 20 22 -18 -15 -2 -4 -7 -6 -20 -1
right_child=1 -3 5 7 16 6 -8 -9 -10 -11 14 -13 -14 18 -16 -17 17 -19 23 -21 -22 -23 -24 -25 -26
leaf_value=-0.016850571735945178 -0.0032721573358371978 0.024012266353588115 -0.011723128788312172 0.010596743095827504 -0.012914424837557248 -0.007109111850513973 0.0060784961930599544 0.014306795140117927 0.0048829055727194872 0.0055072148752584125 0.0028986940373166409 -0.00060328245382906343 -0.00063581250988454185 -0.0094307714544701951 -0.0029172331296961678 -0.0047577380463365605 -0.0022703451946023741 -0.0096400623437002744 -0.015347473365724578 0.0011380040241505639 -0.0066428569241088926 -0.0028931092924364236 -0.0089870706755950623 -0.011891374991021329 -0.018279001128883848
leaf_weight=48.526506274938583 88.302127659320831 146.98520588874817 75.527900516986847 215.60931801795959 62.032839417457581 77.150831997394562 129.97892993688583 181.00742334127426 202.25968015193939 168.50212180614471 107.30120009183884 114.86293995380402 80.607833087444305 79.728374183177948 102.70461881160736 111.45212042331696 72.948519229888916 102.70403629541397 89.099898159503937 107.64654278755188 66.781923651695251 78.83257257938385 102.19306480884552 57.983767688274384 57.204453438520432
leaf_count=92 96 58 108 141 99 97 118 98 174 122 105 130 91 123 113 141 96 147 158 106 86 89 152 93 111
internal_value=0.000238519 0.00914427 -0.00587426 0.0068757 -0.0112243 -0.00206824 5.03083e-05 0.0102675 0.00206218 0.00836407 -0.00209057 -0.00440719 -0.00571391 -0.0140499 5.43796e-05 -0.00732697 -0.00845957 -0.00657942 -0.0123841 -0.000849387 -0.0093391 -0.00497838 -0.0104705 -0.013985 -0.0176234
internal_weight=2727.93 1110.31 1617.62 963.327 672.421 945.201 495.968 565.119 398.208 384.111 365.989 449.233 334.37 332.543 210.006 253.762 339.878 175.653 226.812 195.949 142.31 155.983 164.226 147.084 105.731
internal_count=2944 795 2149 737 1071 1078 522 361 376 263 404 556 426 577 218 335 494 243 374 202 194 186 251 251 203
is_linear=0
shrinkage=0.0161547


Tree=30
num_leaves=25
num_cat=0
split_feature=23 23 13 44 18 17 53 44 30 44 14 4 6 34 19 4 44 15 44 0 51 19 53 23
split_gain=476.206 102.26 82.2708 34.5395 26.4657 19.4559 12.7084 11.9099 11.8865 10.5635 10.0223 9.42411 16.9621 9.09195 7.3656 7.35841 5.16798 2.8026 2.76732 2.59487 1.92088 2.11625 1.59555 1.49564
threshold=1.6455701611663971 0.15977025303818473 1.9908864856711574 68.500000000000014 4.5000000000000009 0.057674008328826035 0.96780688817230665 75.500000000000014 1.0000000180025095e-35 80.500000000000014 2.5000000000000004 0.1008839378173338 0.083079846466542803 1.0000000180025095e-35 0.097367751614808401 0.030980375967504709 70.500000000000014 0.23195690520226941 77.500000000000014 0.10452821979569685 21.500000000000004 0.0090664920851537354 0.94676675384615505 0.4713126299789584
decision_type=2 2 2 2 2 2 2 2 2 2 2 2 2 2 2 2 2 2 2 2 2 2 2 2
left_child=1 13 4 6 -2 8 23 -6 9 14 -10 12 -7 16 19 -16 20 -13 22 -5 21 -1 -18 -3
right_child=2 3 -4 5 7 11 -8 -9 10 -11 -12 17 -14 -15 15 -17 18 -19 -20 -21 -22 -23 -24 -25
leaf_value=-0.013297098178545602 0.0028108395468007456 -0.012243411101579142 0.018801564425345193 -0.0078041722304963363 0.0071257934483749206 -0.0005008425185287084 -0.0018238829234492671 0.012752608502180456 0.0050604256284336267 0.00204675437199257 -0.0024873938284358972 -0.0025135198555514943 0.0075991960959472258 -0.0044857356035329331 0.00080848190516082997 -0.0054855220450131309 -0.0068671255042660976 0.0013815617320387062 -0.012024457356905618 -0.0045574944447442671 -0.014978842574297541 -0.009562556719476166 -0.0098833849812871612 -0.008844140611816537
leaf_weight=86.945957034826279 206.38339376449585 71.909132421016693 233.35232961177826 131.89500090479851 195.17098027467728 123.45691031217575 62.126531958580017 197.52698439359665 91.77583372592926 76.990140080451965 91.871641337871552 105.40721201896667 148.77310132980347 70.233632147312164 106.29235082864761 89.121401369571686 108.17118027806282 88.841086328029633 64.416550308465958 125.25446972250938 60.379057079553604 72.720024406909943 79.338304907083511 63.705221176147461
leaf_count=148 180 112 109 181 141 129 78 123 92 83 102 114 131 96 117 105 155 86 101 156 104 114 119 86
internal_value=0.000459462 -0.00396576 0.0106642 -0.00162642 0.00749455 -0.00057907 -0.00787466 0.00995608 -0.00225692 -0.00348509 0.00128455 0.0019862 0.00392581 -0.00990863 -0.00442617 -0.00206199 -0.0107156 -0.000732072 -0.00913574 -0.00622275 -0.0125244 -0.0115962 -0.00814335 -0.0106466
internal_weight=2752.06 1919.62 832.434 1377.42 599.081 1179.68 197.741 392.698 713.201 529.553 183.647 466.478 272.23 542.205 452.563 195.414 471.971 194.248 251.926 257.149 220.045 159.666 187.509 135.614
internal_count=2962 2409 553 1572 444 1296 276 264 836 642 194 460 260 837 559 222 741 200 375 337 366 262 274 198
is_linear=0
shrinkage=0.0161547


Tree=31
num_leaves=25
num_cat=0
split_feature=43 43 43 13 43 43 43 42 50 17 17 21 13 43 8 42 44 42 51 50 8 15 50 53
split_gain=536.342 109.715 96.2823 50.396 21.3629 19.1603 14.5396 12.7261 12.221 10.3133 10.0387 9.592 7.69011 7.38274 7.1302 6.9175 6.83967 5.6057 5.33153 4.30133 3.48453 3.29437 2.28861 0.826134
threshold=1.2672500000000002 0.81085000000000018 2.7722500000000001 0.4909970289550632 0.98180000000000012 0.68885000000000007 1.5776500000000002 2.5000000000000004 92.500000000000014 0.018759706206513061 0.03682627414251529 0.04757468413430959 0.30940368770180426 0.54715000000000014 0.066611109524920678 3.5000000000000004 73.500000000000014 1.5000000000000002 15.500000000000002 88.500000000000014 0.030777868668778702 0.10348914856526324 92.500000000000014 0.92427157925950543
decision_type=2 2 2 2 2 2 2 2 2 2 2 2 2 2 2 2 2 2 2 2 2 2 2 2
left_child=1 5 3 10 8 13 -5 11 9 -3 -2 -6 -12 -1 -9 -8 -11 19 -15 -7 23 -10 -13 -20
right_child=2 4 -4 6 7 17 15 14 21 16 12 22 -14 18 -16 -17 -18 -19 20 -21 -22 -23 -24 -25
leaf_value=-0.017653930279173568 -0.0013220397099512385 -0.0071427934382058654 0.021975406481598202 0.0060269747081249372 -0.0066839781655931964 -0.013088930083192172 0.0096075680794105115 0.0059656264471959347 -0.011442966011009722 -0.0036736909657542642 0.0071955881445807286 0.00067553424783499654 0.0010846681287273339 -0.0083810876050425705 -0.00028628446028874883 0.013893537287462841 0.0024486844543780781 -0.0053852282291960351 -0.013345740711673465 -0.0078374430301261424 -0.010433561034965389 -0.0065959774964218102 -0.002436598083341682 -0.015823810951573813
leaf_weight=84.104857355356216 132.11670124530792 113.77951008081436 128.09298288822174 167.59019756317139 91.494216442108154 66.087004125118256 200.39862436056137 100.27419120073318 71.180049061775208 109.69166135787964 114.68896901607513 151.7947513461113 101.13251543045044 71.283738911151886 90.641654968261719 192.85212135314941 84.154440581798553 127.52683699131012 57.277164369821548 105.97629857063293 67.408693671226501 75.318867743015289 103.86096447706223 90.714938580989838
leaf_count=166 138 154 52 123 117 108 126 95 101 131 96 156 91 109 91 104 87 171 99 155 106 92 112 164
internal_value=-0.000255053 -0.0059417 0.00886318 0.007015 -0.00253051 -0.0109904 0.0100114 -0.000352784 -0.00511076 -0.00328194 0.00218512 -0.00219522 0.00433205 -0.0134453 0.00299739 0.0117094 -0.00101578 -0.00795204 -0.0122107 -0.00985446 -0.013478 -0.008951 -0.00058878 -0.0148647
internal_weight=2699.44 1662.57 1036.87 908.779 992.19 670.38 560.841 538.066 454.125 307.626 347.938 347.15 215.821 370.789 190.916 393.251 193.846 299.59 286.685 172.063 215.401 146.499 255.656 147.992
internal_count=2944 2214 730 678 1136 1078 353 571 565 372 325 385 187 644 186 230 218 434 478 263 369 193 268 263
is_linear=0
shrinkage=0.0161547


Tree=32
num_leaves=26
num_cat=0
split_feature=43 43 43 19 43 44 52 46 18 6 43 53 43 43 43 53 43 51 43 2 44 13 23 43 13
split_gain=506.257 134.467 101.939 22.8483 22.8318 22.4809 12.2657 12.6347 11.8561 13.2608 10.6755 13.2555 8.9409 7.30869 6.75593 5.96825 5.09605 5.03248 4.0022 3.38629 3.19801 2.02188 2.05047 0.414323 0.363941
threshold=1.2160500000000003 2.1222500000000006 0.81680000000000008 0.096050370809429339 0.68525000000000014 70.500000000000014 0.89285503247052622 1.0000000180025095e-35 5.5000000000000009 0.22176486295811024 0.90155000000000007 0.92589480976418181 1.4968500000000002 1.0436000000000003 0.55930000000000013 0.93063026656330183 0.71015000000000017 15.500000000000002 0.98660000000000014 0.032461715363748145 68.500000000000014 0.14540631695078712 0.16358762505349064 0.5223000000000001 0.023855847897947455
decision_type=2 2 2 2 2 2 2 2 2 2 2 2 2 2 2 2 2 2 2 2 2 2 2 2 2
left_child=2 3 4 -2 14 20 18 10 9 15 -8 -12 -11 -13 23 -5 -6 -16 -7 24 -4 22 -18 -1 -19
right_child=1 -3 5 8 16 6 7 -9 -10 12 11 13 -14 -15 17 -17 21 19 -20 -21 -22 -23 -24 -25 -26
leaf_value=-0.018019190357247805 -0.00083382991878398229 0.017462155457689255 -0.0084058730256308025 0.0098788780790734429 -0.0034653996399085598 -0.007318171366852355 -0.0032209674182359345 -0.0048519702866752865 0.0093696794088490524 -0.001353557600435825 0.0072621312447419539 -0.0030139317846180247 0.0050360616415646795 0.0033231619053874914 -0.0083765680883819294 0.0047597097896279715 -0.0081911149566836379 -0.015986949184915587 -0.0021839272363369483 -0.010797989312686097 -0.0047587517603400438 -0.0068149310670682431 -0.012099016871732256 -0.015946852218650692 -0.014157649378168297
leaf_weight=49.854834824800491 150.48791396617889 301.90525597333908 119.58334243297577 121.70450842380524 65.448098659515381 78.554549992084503 90.024779796600342 95.536075949668884 204.91756862401962 111.16666978597641 121.62721246480942 87.066753327846527 117.62266206741333 104.505011677742 70.972160637378693 116.16675233840942 87.456038355827332 63.568309396505356 79.948531031608582 77.377606630325317 132.0098904967308 104.71992075443268 58.46410071849823 50.866241455078125 51.279137760400772
leaf_count=101 160 140 162 91 90 99 109 113 131 101 113 101 87 104 109 99 132 118 87 124 162 144 91 97 90
internal_value=-5.55322e-05 0.00824181 -0.00592512 0.00485562 -0.0106557 -0.00238568 -0.000813732 0.00043035 0.00613052 0.00470815 0.00168189 0.00309116 0.0019314 0.000443039 -0.0134145 0.00737888 -0.00747951 -0.0120529 -0.00472847 -0.0134102 -0.00649224 -0.00852769 -0.00975685 -0.0169726 -0.0151702
internal_weight=2712.83 1123.97 1588.86 822.066 680.006 908.856 657.263 498.76 671.578 466.661 403.224 313.199 228.789 191.572 363.918 237.871 316.088 263.197 158.503 192.225 251.593 250.64 145.92 100.721 114.847
internal_count=2955 809 2146 669 1096 1050 726 540 509 378 427 318 188 205 639 190 457 441 186 332 324 367 223 198 208
is_linear=0
shrinkage=0.0161547


Tree=33
num_leaves=25
num_cat=0
split_feature=43 23 43 43 44 43 17 44 17 53 8 4 43 51 44 2 21 42 50 53 4 43 44 23
split_gain=508.781 135.207 122.086 30.576 20.9758 17.5454 11.0484 10.9599 9.93125 18.5084 17.849 8.7248 5.3847 5.4899 4.67355 6.66129 4.30492 3.44085 3.62027 2.86551 2.28646 1.59094 1.52578 0.416543
threshold=1.2160500000000003 4.1636595017134832 0.82440000000000013 1.7249500000000004 71.500000000000014 0.57190000000000007 0.045804834923636385 76.500000000000014 0.03682627414251529 0.92589480976418181 0.0086961608152970691 0.075608410211181629 0.68885000000000007 15.500000000000002 68.500000000000014 0.10917407818711151 0.048848601317672248 1.5000000000000002 90.500000000000014 0.95901628632432112 0.01498148301184739 0.54150000000000009 72.500000000000014 0.051408880938043133
decision_type=2 2 2 2 2 2 2 2 2 2 2 2 2 2 2 2 2 2 2 2 2 2 2 2
left_child=2 3 5 6 14 21 -2 -5 10 -10 -6 -8 13 -7 -4 -16 -12 18 -14 -11 23 -1 -19 -15
right_child=1 -3 4 7 8 12 11 -9 9 19 16 -13 17 20 15 -17 -18 22 -20 -21 -22 -23 -24 -25
leaf_value=-0.01794001965269865 -0.001082534743707782 0.017268399684458036 -0.0077976510417484355 0.0060413661399825553 0.0028196602534852513 -0.0073099161140001588 0.0067134575153478884 0.012244327891962874 0.0067707608848068188 0.00067513743677991055 -0.0085001816863701039 0.0016227348332040622 -0.012097770080409742 -0.015379606077921687 -0.0064956206804565753 -0.00051233653326436806 -0.0031138823355956733 -0.008240453245319591 -0.0076029736983759004 -0.0034033387500281816 -0.010453988555991126 -0.014175714582943528 -0.0047868068824123526 -0.013489146061379168
leaf_weight=79.013559341430664 163.5886372923851 312.24384045600891 121.62518811225891 162.73000299930573 101.62767380475998 57.432611882686615 164.59901171922684 136.85406976938248 120.93609362840652 88.283221364021301 79.946057915687561 188.45625764131546 95.882667243480682 51.741018891334534 106.41708111763 89.316629707813263 75.102151215076447 66.669179916381836 91.289285123348236 91.609477043151855 60.915335297584534 46.571105152368546 66.865953087806702 73.807126760482788
leaf_count=161 172 142 164 116 112 87 132 84 108 90 105 160 155 96 139 98 87 95 134 102 97 85 88 129
internal_value=-4.09373e-05 0.0082275 -0.00600285 0.00476895 -0.00199528 -0.0110827 0.00238801 0.00887496 -0.00010799 0.00188364 -0.00244222 0.0039961 -0.00986796 -0.0116771 -0.00531069 -0.00376535 -0.00589117 -0.00849216 -0.00990553 -0.00140181 -0.0130222 -0.0165441 -0.00651109 -0.0142682
internal_weight=2693.52 1128.47 1565.05 816.228 874.864 690.188 516.644 299.584 557.505 300.829 256.676 353.055 564.603 243.896 317.359 195.734 155.048 320.707 187.172 179.893 186.463 125.585 133.535 125.548
internal_count=2938 806 2132 664 1005 1127 464 200 604 300 304 292 881 409 401 237 192 472 289 192 322 246 183 225
is_linear=0
shrinkage=0.0161547


Tree=34
num_leaves=27
num_cat=0
split_feature=43 43 43 13 43 43 19 42 28 44 10 51 0 19 13 52 44 50 18 52 52 43 43 10 43 15
split_gain=482.06 165.607 72.9732 53.9802 25.438 16.6299 10.083 9.06866 8.46663 7.9411 7.71154 7.79676 7.62988 14.4058 10.2928 7.51717 6.93837 6.90961 5.29765 5.11932 3.31591 3.0921 2.99254 2.8217 1.85856 1.112
threshold=1.1053500000000003 2.7722500000000001 0.81085000000000018 0.47620109562064777 1.5776500000000002 0.59250000000000014 0.12228977806785631 2.5000000000000004 1.0000000180025095e-35 75.500000000000014 1.2356152278980603 17.500000000000004 0.37166033167545598 0.097367751614808401 0.26604010369605646 0.89641903898076214 74.500000000000014 88.500000000000014 1.5000000000000002 0.99757849208906302 1.0405157991585543 0.94845000000000013 0.70825000000000016 0.14541003398248151 0.54150000000000009 0.044858740096498304
decision_type=2 2 2 2 2 2 2 2 2 2 2 2 2 2 2 2 2 2 2 2 2 2 2 2 2 2
left_child=2 3 5 12 17 24 8 19 15 -6 11 -8 13 18 -15 -4 21 -5 -2 22 -21 -17 23 -7 -1 -24
right_child=1 -3 6 4 9 7 10 -9 -10 -11 -12 -13 -14 14 -16 16 -18 -19 -20 20 -22 -23 25 -25 -26 -27
leaf_value=-0.017316644866949085 0.0019530706215631843 0.02303957036449749 -0.010659514174679512 0.0065533086080924712 0.0079515804491378447 -0.015203466906147383 0.0044934837091552245 -0.0037607195235010763 -0.00084491196256935761 0.012605914127789523 -0.0041263153596737415 -0.0023845675240168548 -0.002906519209605783 0.0080921569521605792 0.0014106099585819046 -0.008592705272633382 -0.00085402287612723886 0.0012091802108249387 -0.003256157278894758 -0.0050680809854115865 -0.010274806075878537 -0.0041266848106268437 -0.011345870726251119 -0.010751516867164326 -0.013811036424055961 -0.0085419288014183508
leaf_weight=72.235595315694809 85.877951800823212 144.23659539222717 77.734266221523285 128.59711194038391 173.34676778316498 76.171660900115967 87.074162840843201 64.75765472650528 97.229729771614075 213.48882699012756 129.20138430595398 84.996019780635834 104.17451173067093 116.54789400100708 124.38562625646591 97.312695264816284 76.320593476295471 124.04149079322815 125.26508837938309 67.051038712263107 60.925081968307495 69.249751150608063 66.712470829486847 72.534565955400467 87.007523089647293 82.631157100200653
leaf_count=148 90 54 108 99 109 137 88 88 113 117 146 96 105 98 115 135 89 104 139 99 97 86 107 115 157 122
internal_value=-0.000200757 0.00668759 -0.00694228 0.0047151 0.00791639 -0.010865 -0.00339642 -0.00939318 -0.00502071 0.0105202 -0.00114361 0.00109599 0.00103486 0.00194309 0.00464271 -0.00628706 -0.00488766 0.00392943 -0.00113741 -0.0102493 -0.00754683 -0.00673592 -0.0114097 -0.0130319 -0.0154012 -0.00979446
internal_weight=2709.11 1339.96 1369.15 1195.73 639.474 650.027 719.119 490.784 417.847 386.836 301.272 172.07 556.251 452.077 240.934 320.617 242.883 252.639 211.143 426.026 127.976 166.562 298.05 148.706 159.243 149.344
internal_count=2961 1030 1931 976 429 1070 861 765 531 226 330 184 547 442 213 418 310 203 229 677 196 221 481 252 305 229
is_linear=0
shrinkage=0.0161547


Tree=35
num_leaves=24
num_cat=0
split_feature=43 43 43 19 42 43 43 44 53 50 52 0 50 42 18 43 42 6 51 44 50 19 0
split_gain=472.657 101.081 92.3579 22.9969 22.6692 19.5741 14.6514 13.6667 13.0075 9.7798 10.3332 10.1723 7.30311 7.24098 6.58038 6.30102 6.06073 11.2731 3.66618 3.60308 3.52057 2.19606 1.76436
threshold=1.2160500000000003 0.81085000000000018 2.1222500000000006 0.42173806816088577 1.0000000180025095e-35 0.67240000000000011 0.98180000000000012 71.500000000000014 0.91539799374893172 92.500000000000014 0.9916313361729393 0.1127824653647652 88.500000000000014 1.5000000000000002 5.5000000000000009 0.54715000000000014 1.5000000000000002 0.043274223556738593 16.500000000000004 73.500000000000014 88.500000000000014 0.047545173280060297 0.055269079692672737
decision_type=2 2 2 2 2 2 2 2 2 2 2 2 2 2 2 2 2 2 2 2 2 2 2
left_child=1 5 3 8 -3 15 9 -8 -2 10 11 -6 -9 -10 -5 -1 20 -18 -17 -15 -7 -22 -20
right_child=2 4 -4 14 6 16 7 12 13 -11 -12 -13 -14 19 -16 18 17 -19 22 -21 21 -23 -24
leaf_value=-0.017522322198993343 0.006789954971783585 -0.0086869660624542405 0.015613574400965896 0.0062383092137654706 -0.0081520985785263206 -0.012707377546631194 -0.0035791900583791486 -0.00057951904665916928 -0.0022844122439743333 -0.0073194235102117707 0.0027966300980263141 -0.00039049196840796832 0.0047456251175259801 0.0005479199668093483 0.01089947442307076 -0.0094703235201502121 -0.010071105647538497 -0.00081008688700951142 -0.015133724445892449 0.0043991242972329326 -0.006159500501105886 -0.010471850686678559 -0.011516435770739577
leaf_weight=80.436917811632156 170.0300989151001 128.20022296905518 297.37435644865036 155.81929272413254 83.774351477622986 70.289553552865982 131.37769544124603 108.52704936265945 101.59981995820999 126.4812079668045 84.578810334205627 92.972110271453857 176.55030715465546 108.47506368160248 160.41767829656601 79.7574742436409 67.779202073812485 69.450685203075409 92.655842989683151 152.56631922721863 65.768985569477081 57.994494199752808 56.739318311214447
leaf_count=167 141 173 140 107 114 118 157 114 104 163 92 104 167 102 92 129 104 86 175 132 99 89 95
internal_value=-2.41766e-05 -0.00577267 0.00786594 0.00515193 -0.00237803 -0.0107118 -0.00137238 0.000731705 0.00310322 -0.0036319 -0.00184715 -0.00406934 0.00271838 0.00137463 0.00860278 -0.0136324 -0.00798255 -0.0053842 -0.0122669 0.00279877 -0.00982005 -0.00818023 -0.0137599
internal_weight=2719.62 1573.33 1146.28 848.908 932.462 640.872 804.262 416.455 532.671 387.806 261.325 176.746 285.077 362.641 316.237 309.59 331.283 137.23 229.153 261.041 194.053 123.763 149.395
internal_count=2964 2146 818 678 1084 1062 911 438 479 473 310 218 281 338 199 566 496 190 399 234 306 188 270
is_linear=0
shrinkage=0.0161547


Tree=36
num_leaves=25
num_cat=0
split_feature=43 43 23 13 43 44 43 43 51 30 42 8 6 53 43 52 42 53 51 15 42 44 6 52
split_gain=415.061 111.712 108.948 25.295 22.3609 17.1555 14.329 12.4196 13.2723 7.99103 7.904 11.7971 7.034 6.96134 6.95226 6.32707 5.79973 4.6193 3.78014 3.7129 3.32895 2.47867 1.63668 1.2281
threshold=1.2776000000000003 0.82440000000000013 5.4282518530246398 0.4909970289550632 0.68525000000000014 71.500000000000014 2.1222500000000006 0.97920000000000018 17.500000000000004 1.0000000180025095e-35 2.5000000000000004 0.11167643455684757 0.42690812019722624 0.91333509821843972 0.54715000000000014 0.90420138009029516 1.5000000000000002 0.9374758656968859 16.500000000000004 0.15876482125324706 1.5000000000000002 71.500000000000014 0.036063684351535237 0.96701999508434089
decision_type=2 2 2 2 2 2 2 2 2 2 2 2 2 2 2 2 2 2 2 2 2 2 2 2
left_child=1 4 3 15 14 9 12 8 -7 19 11 -9 -5 -6 -1 -2 21 -17 -16 20 -3 -15 23 -20
right_child=2 5 -4 6 13 7 -8 10 -10 -11 -12 -13 -14 16 18 17 -18 -19 22 -21 -22 -23 -24 -25
leaf_value=-0.017211529564545906 -0.00099245598825322269 -0.0091169009435615438 0.019143063878452611 0.003504234439295496 -0.010901154283395609 0.0013984649833410725 0.011896389833893279 -0.0029463959905652506 -0.0062051041122718146 -0.00022616382714576549 0.0048470383254521389 0.0039376743919399037 0.0082220915685007213 -0.0057804177594117075 -0.009033025402645601 0.0059030146061188277 -0.0029767391396324874 0.0014087854689523375 -0.015646658986754519 -0.0031240838173933944 -0.0046002774104721787 -0.010163261329948785 -0.010958846985034312 -0.012300811310510012
leaf_weight=76.877569168806076 110.60200947523117 101.76559919118881 187.51112818717957 157.01760494709015 91.377972781658173 106.19117003679276 157.98361778259277 147.4839950799942 137.47018736600876 87.122320652008057 138.97802627086639 116.11195528507233 173.71733611822128 68.196155786514282 91.402127265930176 120.73870450258255 112.57592213153839 118.03161001205444 66.227485984563828 85.787355303764343 73.234608173370361 66.523969113826752 62.397275239229202 50.431412875652313
leaf_count=161 108 144 77 120 143 117 81 167 172 99 127 107 112 102 147 102 148 112 127 98 93 104 104 91
internal_value=-8.67048e-05 -0.00503011 0.00801164 0.00552114 -0.0100447 -0.0015698 0.00789408 -1.27129e-05 -0.00289136 -0.00446207 0.00172961 8.59832e-05 0.00598227 -0.007091 -0.0129247 0.00220177 -0.00568312 0.00368138 -0.0117062 -0.00587717 -0.00722677 -0.00794464 -0.0130707 -0.0142003
internal_weight=2705.76 1680.16 1025.6 838.091 686.01 994.145 488.719 646.235 243.661 347.91 402.574 263.596 330.735 338.674 347.336 349.372 247.296 238.77 270.458 260.788 175 134.72 179.056 116.659
internal_count=2963 2251 712 635 1127 1124 313 690 289 434 401 274 232 497 630 322 354 214 469 335 237 206 322 218
is_linear=0
shrinkage=0.0161547


Tree=37
num_leaves=24
num_cat=0
split_feature=13 19 2 40 44 13 44 44 51 40 17 52 4 50 50 20 47 52 19 45 52 53 44
split_gain=387.105 104.751 51.6417 29.157 26.1634 23.5781 14.4936 12.4226 11.1209 10.2068 8.96102 7.09255 7.00531 6.86098 6.03208 4.51002 4.26309 3.93774 3.22054 2.21223 1.95149 1.60176 0.823683
threshold=0.91440779284054285 0.089287216583840909 1.0979799851982135 1.0000000180025095e-35 68.500000000000014 0.046971592009161449 69.500000000000014 75.500000000000014 20.500000000000004 1.0000000180025095e-35 0.088672490436192533 0.95515907072733131 0.083779389082829128 92.500000000000014 90.500000000000014 2.5000000000000004 1.0000000180025095e-35 0.9581557274773399 0.18025908479987654 1.0000000180025095e-35 0.94635198881010252 0.92759750545561859 66.500000000000014
decision_type=2 2 2 2 2 2 2 2 2 2 2 2 2 2 2 2 2 2 2 2 2 2 2
left_child=1 4 7 6 17 16 -3 -2 11 14 13 -5 -12 18 20 -16 19 22 -8 21 -7 -6 -1
right_child=2 3 -4 8 5 9 10 -9 -10 -11 12 -13 -14 -15 15 -17 -18 -19 -20 -21 -22 -23 -24
leaf_value=-0.014143567135496748 0.0045732289341422665 -0.0062371085284125063 0.018007925582517421 0.0035710895815570009 -0.0090890206988712939 -0.0046910357050022394 -0.0018912629992101086 0.010941861138131078 6.922941470997728e-05 0.0014038605339878557 0.0046301402315525944 0.009391614143790656 -0.00032840537567017838 -0.0046805392722334164 0.00019407872082758787 -0.0051387006855978141 -0.0056470911230148413 -0.00889830888739725 0.0020480394425102339 -0.007979917906395094 -0.0080463193574803887 -0.012670476488038105 -0.011721660611121194
leaf_weight=76.922260224819183 150.42116236686707 129.23385775089264 228.32486081123352 107.33508867025375 56.952504068613052 92.883526682853699 127.02646508812904 170.57119452953339 101.77828913927078 108.036098331213 126.11842793226242 111.27907079458237 181.16869121789932 150.64967125654221 96.943885684013367 72.219828277826309 90.918903231620789 105.45622995495796 94.41987007856369 102.37213897705078 88.19148451089859 76.183111995458603 69.99435031414032
leaf_count=142 107 168 103 98 90 122 146 101 96 121 111 91 172 170 121 95 134 170 94 157 121 127 115
internal_value=2.27462e-05 -0.0030489 0.0121349 0.000355937 -0.00675557 -0.00530041 -0.00127821 0.00795744 0.00448025 -0.00293704 -0.000334918 0.00653386 0.00170671 -0.00202095 -0.00427605 -0.00208261 -0.00861838 -0.0112801 -0.000211631 -0.00976545 -0.00632521 -0.0111384 -0.0129897
internal_weight=2715.4 2166.08 549.317 1129.01 1037.07 784.701 808.617 320.992 320.392 458.275 679.383 218.614 307.287 372.096 350.239 169.164 326.427 252.373 221.446 235.508 181.075 133.136 146.917
internal_count=2972 2661 311 1146 1515 1088 861 208 285 580 693 189 283 410 459 216 508 427 240 374 243 217 257
is_linear=0
shrinkage=0.0161547


Tree=38
num_leaves=27
num_cat=0
split_feature=19 13 42 44 42 13 52 44 42 14 53 30 35 17 52 13 17 15 21 51 17 53 44 52 19 53
split_gain=335.76 92.6525 54.8359 49.977 34.1237 25.7843 20.1764 18.2567 17.363 12.2978 10.1625 7.38384 6.97973 6.67381 6.16256 6.07095 5.03053 4.89193 3.31838 2.88392 2.43343 2.42988 2.5741 1.71021 1.4691 1.12563
threshold=0.40386861505851707 0.058786042100752355 3.5000000000000004 68.500000000000014 1.5000000000000002 1.6757038921707734 0.89860460146890608 78.500000000000014 2.5000000000000004 5.5000000000000009 0.91333509821843972 1.0000000180025095e-35 1.0000000180025095e-35 0.011211901385786861 0.94507234061369272 0.19018713179959387 0.029444326963428358 0.1467996335962127 0.10823075962848143 18.500000000000004 0.023255487640259188 0.92656632230388125 68.500000000000014 0.94226721597822705 0.12228977806785631 0.97089362745912899
decision_type=2 2 2 2 2 2 2 2 2 2 2 2 2 2 2 2 2 2 2 2 2 2 2 2 2 2
left_child=1 8 9 16 10 -4 24 11 12 -2 -5 14 13 21 -8 20 -3 -16 -13 -17 -12 23 -23 -1 -6 -24
right_child=2 3 5 4 6 -7 7 -9 -10 -11 15 18 -14 -15 17 19 -18 -19 -20 -21 -22 22 25 -25 -26 -27
leaf_value=-0.01258875468211762 0.0022283436535515647 -0.012198393900211048 0.0096135889137252701 -0.00010925303433039023 -0.0045631647273739169 0.018310335333654813 0.0035941287695720335 0.008449901241260542 -0.0029568910521998752 0.0085759367558319224 -0.005904710819308376 0.0060129993871679078 -0.005446216811626302 -0.0065920052847016969 -0.0043269936482149751 -0.0053562431655897625 -0.0068986266708431542 0.00075978582614050043 0.001845392891727495 -0.001356243736071464 -0.010196680120598621 -0.016031838439826574 -0.010899993199897377 -0.0089029925395895295 -0.0016513964340065298 -0.013920410892633503
leaf_weight=58.520793169736862 198.59254193305969 80.258905678987503 180.31339949369431 140.72354665398598 82.840457051992416 175.62544751167297 87.869905233383179 132.72974473237991 96.790325462818146 132.99987655878067 75.610086292028427 107.0333668589592 62.082551836967468 66.330317765474319 90.113376617431641 96.694223761558533 111.92238035798073 109.04337602853775 93.341807842254639 91.601344466209412 63.368228942155838 63.148552805185318 82.327613651752472 74.909572184085846 99.578019440174103 52.885025858879089
leaf_count=103 166 130 111 159 99 73 86 111 127 82 107 103 92 99 108 115 154 104 84 101 92 122 136 122 99 93
internal_value=-0.000249832 -0.00356916 0.00950117 -0.00143402 -0.000272672 0.0139047 0.00174903 0.00313827 -0.00917625 0.00477433 -0.00373961 0.00169181 -0.0104843 -0.0112699 3.04688e-05 -0.00530061 -0.00911192 -0.00154185 0.00407158 -0.00341034 -0.00786167 -0.0122051 -0.013339 -0.0105195 -0.0029737 -0.0120814
internal_weight=2707.25 2019.72 687.531 1462.73 1270.55 355.939 802.55 620.132 556.995 331.592 467.997 487.402 460.204 398.122 287.027 327.274 192.181 199.157 200.375 188.296 138.978 331.792 198.361 133.43 182.418 135.213
internal_count=2978 2546 432 1652 1368 184 794 596 894 248 574 485 767 675 298 415 284 212 187 216 199 576 351 225 198 229
is_linear=0
shrinkage=0.0161547


Tree=39
num_leaves=25
num_cat=0
split_feature=43 43 43 19 43 42 53 18 43 50 28 42 0 2 17 45 2 4 52 53 43 4 50 43
split_gain=446.39 112.592 107.294 37.1459 19.2638 12.3614 11.4204 10.557 10.291 10.113 9.69946 8.20219 7.25979 9.40866 7.18016 7.13824 6.7522 5.36838 4.49024 2.37044 3.02697 2.5297 2.18939 1.98342
threshold=1.2235000000000003 2.7722500000000001 0.81085000000000018 0.40386861505851707 0.59250000000000014 2.5000000000000004 0.91333509821843972 5.5000000000000009 0.98180000000000012 92.500000000000014 1.0000000180025095e-35 1.5000000000000002 0.055269079692672737 0.18922229015140887 0.018759706206513061 1.0000000180025095e-35 0.10646215595705663 0.053489009888285109 0.99757849208906302 0.9533933594012467 0.68525000000000014 0.015234214498771615 88.500000000000014 0.54150000000000009
decision_type=2 2 2 2 2 2 2 2 2 2 2 2 2 2 2 2 2 2 2 2 2 2 2 2
left_child=2 3 4 6 23 18 -2 -5 9 14 12 -8 -10 -14 -4 -16 -11 -13 19 20 -6 -22 -20 -1
right_child=1 -3 8 7 5 -7 11 -9 10 16 -12 17 13 -15 15 -17 -18 -19 22 -21 21 -23 -24 -25
leaf_value=-0.017458609436390972 0.0067648478646762039 0.020896823938932968 -0.0050359647772906775 0.0068854425179700925 -0.012598230387107391 -0.002386574101792579 -0.0020020193865985096 0.011860562663014223 0.0022707173348597686 -0.0099648535579587565 0.0040472129068497729 0.001029398479729346 -0.0056779143124858072 0.00040786635070216252 0.0027852627070490805 -0.003496948915636915 -0.0031578647893197613 0.005390489328997757 -0.0093421974975180181 -0.012844047320922121 -0.006290585900944657 -0.010855317028762931 -0.0051055382128667864 -0.013687715883376467
leaf_weight=69.310956507921219 171.87246572971344 151.92460548877716 112.0273243188858 212.69897603988647 67.773809790611267 67.690755188465118 108.65337669849396 233.50984692573547 103.03812658786774 83.599043726921082 112.61695557832718 148.63439363241196 139.25566971302032 126.54054492712021 110.66630631685257 82.310180246829987 69.770447731018066 146.04203605651855 65.192784935235977 105.44117924571037 69.409576833248138 58.293200731277466 62.20843306183815 76.667251139879227
leaf_count=150 140 57 152 136 120 91 110 122 112 119 110 139 167 128 118 98 83 116 107 181 106 91 93 144
internal_value=0.000371146 0.00792121 -0.00522924 0.00599121 -0.0103198 -0.00880172 0.00327782 0.00948902 -0.00175188 -0.00348437 -0.00010243 0.00179187 -0.00136945 -0.00278059 -0.00178282 0.000105714 -0.00686824 0.00319076 -0.00981556 -0.0108918 -0.00983876 -0.00837427 -0.00727349 -0.0154781
internal_weight=2755.15 1173.34 1581.81 1021.41 641.988 496.01 575.202 446.209 939.825 458.373 481.451 403.33 368.834 265.796 305.004 192.976 153.369 294.676 428.319 300.918 195.477 127.703 127.401 145.978
internal_count=2990 820 2170 763 1083 789 505 258 1087 570 517 365 407 295 368 216 202 255 698 498 317 197 200 294
is_linear=0
shrinkage=0.0161547


Tree=40
num_leaves=27
num_cat=0
split_feature=43 43 43 42 19 43 19 44 44 14 8 53 44 6 8 52 53 42 52 43 52 4 53 2 53 19
split_gain=412.285 100.993 97.7565 19.4252 17.5582 12.506 10.6359 9.4201 10.2752 8.47832 12.5102 7.94589 7.86624 6.87484 5.59022 4.62889 4.29582 3.60415 2.78965 3.19796 2.34725 2.19079 1.6416 1.46524 0.710421 0.501933
threshold=1.2160500000000003 0.82440000000000013 2.1222500000000006 2.5000000000000004 0.096050370809429339 0.54150000000000009 0.030857095507022318 71.500000000000014 72.500000000000014 6.5000000000000009 0.18616258867341171 0.94613493676004878 80.500000000000014 0.47942527837993532 0.10480289616246595 0.96469885679990064 0.92716892967412012 1.5000000000000002 0.99757849208906302 0.71015000000000017 1.0434748832691025 0.038489463228305924 0.96759490529174286 0.026426740220790185 0.93090424668181715 0.014786989650170923
decision_type=2 2 2 2 2 2 2 2 2 2 2 2 2 2 2 2 2 2 2 2 2 2 2 2 2 2
left_child=1 3 4 5 -2 -1 17 15 -9 10 11 -6 16 -12 18 21 -10 -3 19 23 -20 -8 -18 25 -21 -7
right_child=2 6 -4 -5 9 14 7 8 12 -11 13 -13 -14 -15 -16 -17 22 -19 20 24 -22 -23 -24 -25 -26 -27
leaf_value=-0.01753182836752953 -0.00065169249665703998 -0.0082164066606466007 0.014943807274082394 -0.0028883482637813815 0.0092243537719025725 -0.0134536431795891 -0.0035973995370854077 0.0052022063256409005 0.00014753388579394732 0.009139067519382555 -0.00088443031405686392 0.0038414211697695689 0.0031513432045165344 0.0043790855465365569 -0.0066452589337875336 -0.0061333409339864708 -0.0054647832443298575 -0.0032259613645919671 -0.0070377880763195936 -0.0086434222020745112 -0.011442680517915018 0.00027479097629547731 -0.0022923334913420288 -0.011231609997246286 -0.011026695908421093 -0.01558416189347283
leaf_weight=70.912293761968613 149.75373703241348 77.588451385498047 313.17862749099731 84.500276327133179 164.44474011659622 71.858565837144852 79.996309757232666 89.491944432258606 119.74127238988876 131.67124056816101 117.57113856077194 126.70816361904144 95.348153412342072 144.17415118217468 90.228141307830811 106.93852585554123 83.39536988735199 73.588868141174316 69.364280223846436 58.668857842683792 57.943973988294601 72.863591134548187 86.948439717292786 60.816855072975159 73.576571762561798 48.226269096136093
leaf_count=156 160 112 142 118 121 137 102 88 126 76 105 106 94 99 131 136 98 92 111 92 100 81 97 104 119 91
internal_value=-0.000114337 -0.00548842 0.00724778 -0.0101413 0.00435894 -0.01116 -0.00188497 -0.00108204 0.000270872 0.00545504 0.0045777 0.00688173 -0.000874112 0.00201481 -0.0103086 -0.00355524 -0.00219724 -0.0057872 -0.011059 -0.0118788 -0.00904266 -0.00175165 -0.00384547 -0.0132746 -0.00996939 -0.0143093
internal_weight=2719.5 1572 1147.5 686.096 834.323 601.596 885.901 734.724 474.925 684.569 552.898 291.153 385.433 261.745 530.684 259.798 290.085 151.177 440.455 313.147 127.308 152.86 170.344 180.902 132.245 120.085
internal_count=2994 2185 809 1159 667 1041 1026 822 503 507 431 227 415 204 885 319 321 204 754 543 211 183 195 332 211 228
is_linear=0
shrinkage=0.0161547


Tree=41
num_leaves=26
num_cat=0
split_feature=19 42 42 17 15 19 17 1 15 2 30 44 4 4 52 45 13 52 13 52 42 53 17 53 53
split_gain=345.712 82.0112 61.6857 45.8453 28.6058 26.8069 14.0187 12.8385 14.5103 12.2676 11.1201 9.97203 7.35364 14.105 7.04802 6.74376 6.47031 5.53325 3.70757 3.20677 3.5695 2.89753 2.22582 1.97845 2.20474
threshold=0.40386861505851707 1.5000000000000002 3.5000000000000004 0.018759706206513061 0.97745062260683813 0.08677482541381569 0.10872392874944169 1.5000000000000002 0.15669088397870931 0.91861130107405409 1.0000000180025095e-35 70.500000000000014 0.038489463228305924 0.022690190287105148 0.94507234061369272 1.0000000180025095e-35 0.067529570365999103 0.95335774496725556 0.21179228254015706 0.92883891194968904 1.0000000180025095e-35 0.93963268969756042 0.011581695096440628 0.92549695194969772 0.96726935803775005
decision_type=2 2 2 2 2 2 2 2 2 2 2 2 2 2 2 2 2 2 2 2 2 2 2 2 2
left_child=1 3 9 19 -4 11 12 8 -7 -2 15 17 13 21 22 -9 -16 -3 -14 20 -1 -5 -13 -21 -25
right_child=2 5 4 6 -6 7 -8 10 -10 -11 -12 14 18 -15 16 -17 -18 -19 -20 23 -22 -23 -24 24 -26
leaf_value=-0.014988449315288204 0.002391824296444041 -0.0092300686525899935 0.0096482204012643975 -0.0033082393248569991 0.018431416876751903 0.0091497764799622402 0.0026253990789204674 -0.0047439768607932496 0.0011460993779973752 0.008726599139439014 0.0034881807041165429 0.0027531074931514961 -0.0097908038528621132 0.0033820819218560432 -0.0074274236931116868 0.00087952714573637735 -0.00088970528523765724 -0.0030966674858633266 -0.0052285386034489172 -0.0077309646710232516 -0.010323376999401987 -0.0079895531742653209 -0.0010920195842048261 -0.012362510030118703 -0.0085458628190296544
leaf_weight=76.342393666505814 218.72573417425156 86.983924627304077 190.87786900997162 72.462362855672836 196.28353440761566 110.96338486671448 82.255804359912872 122.59969443082809 126.51413840055466 125.5890519618988 150.13144946098328 81.292804300785065 73.080820351839066 69.521923631429672 73.838997900485992 101.91672676801682 84.967955708503723 68.706790447235107 127.74402391910553 98.317288011312485 97.436113208532333 65.87423574924469 76.037482976913452 87.736500561237335 71.84433576464653
leaf_count=144 177 132 114 92 79 99 81 132 120 78 135 96 105 77 105 98 96 94 156 158 164 92 88 154 119
internal_value=0.000169626 -0.00329622 0.00967705 -0.00683622 0.0141011 -0.000283116 -0.00345945 0.00194732 0.00488589 0.00470244 8.46503e-05 -0.00317676 -0.00468415 -0.00255414 -0.00152863 -0.00219125 -0.00392949 -0.00652338 -0.00688876 -0.0106766 -0.0123728 -0.00553743 0.000894764 -0.00953362 -0.0106442
internal_weight=2738.05 2006.57 731.476 922.616 387.161 1083.95 490.939 612.125 237.478 344.315 374.648 471.828 408.683 207.859 316.137 224.516 158.807 155.691 200.825 431.677 173.779 138.337 157.33 257.898 159.581
internal_count=2985 2537 448 1342 193 1195 603 584 219 255 365 611 522 261 385 230 201 226 261 739 308 184 184 431 273
is_linear=0
shrinkage=0.0161547


Tree=42
num_leaves=25
num_cat=0
split_feature=43 43 2 44 43 23 43 44 50 17 42 24 52 43 51 40 0 0 44 17 52 50 43 23
split_gain=403.735 148.189 50.9989 33.2722 23.8547 13.9649 13.6214 18.1446 15.2862 12.9904 11.59 10.0659 7.45872 6.08535 5.73939 4.73216 3.98899 3.42583 3.12559 2.9325 2.9054 1.81827 0.510591 0.484973
threshold=1.5984500000000004 0.82440000000000013 1.0979799851982135 71.500000000000014 0.68885000000000007 0.6896855334904789 0.97920000000000018 72.500000000000014 92.500000000000014 0.019097709751056745 3.5000000000000004 24.500000000000004 0.98104320854007987 0.55930000000000013 17.500000000000004 1.0000000180025095e-35 0.38252258493519925 0.078915701995084866 70.500000000000014 0.014920637501234981 0.99757849208906302 91.500000000000014 0.5223000000000001 0.08293899491903782
decision_type=2 2 2 2 2 2 2 2 2 2 2 2 2 2 2 2 2 2 2 2 2 2 2 2
left_child=1 4 10 5 13 19 9 -8 11 -5 -2 12 -9 22 -10 18 -7 20 -6 -3 23 -20 -1 -15
right_child=2 3 -4 6 15 16 7 8 14 -11 -12 -13 -14 17 -16 -17 -18 -19 21 -21 -22 -23 -24 -25
leaf_value=-0.017623897092202773 0.0056382961982188382 -0.0047453830634740599 0.017835260237050884 -0.0071829677097730955 -0.0097893173460995558 0.0015090526065717573 0.0084797157752520419 0.0035388873693492345 -0.0050202373117446348 0.00071100364876373434 0.010783010533481678 0.0071263868164809672 -0.0021044009786897137 -0.015184485436513243 0.00030910912235085271 -0.0025990954214482808 -0.0031067448648742597 -0.0087474796922586539 -0.0077102051540847462 -0.0082937628303520888 -0.0096855965913693817 -0.0042251170916506476 -0.015167595507342068 -0.013099590578773114
leaf_weight=44.779593974351883 241.85751205682755 110.1806138753891 200.59982478618622 84.56071001291275 101.83265659213066 92.791745662689209 107.56641298532486 164.37011384963989 100.13102477788925 152.55131351947784 216.63906937837601 117.84445744752884 97.306116878986359 62.455980747938156 111.41991209983826 61.510352194309235 103.2081835269928 80.95380824804306 87.880771279335022 135.57113695144653 54.11192986369133 70.338855028152466 43.578964740037918 54.546989291906357
leaf_count=101 171 148 80 117 166 93 93 153 105 165 120 88 100 124 106 82 108 132 133 180 95 100 91 101
internal_value=4.98092e-05 -0.00350235 0.0110415 -0.000483612 -0.0097839 -0.00413775 0.00124144 0.00237693 0.00126631 -0.00210421 0.00806917 0.00320594 0.00144039 -0.0127643 -0.00221337 -0.00662861 -0.0009215 -0.0114856 -0.00758171 -0.00670288 -0.012781 -0.00616086 -0.0164124 -0.0142125
internal_weight=2698.59 2039.49 659.096 1377.5 661.99 441.752 935.75 698.638 591.072 237.112 458.497 379.521 261.676 340.427 211.551 321.563 196 252.069 260.052 245.752 171.115 158.22 88.3586 117.003
internal_count=2952 2581 371 1456 1125 529 927 645 552 282 291 341 253 644 211 481 201 452 399 328 320 233 192 225
is_linear=0
shrinkage=0.0161547


Tree=43
num_leaves=25
num_cat=0
split_feature=43 43 43 19 44 42 43 18 17 53 44 43 6 42 53 51 53 52 1 2 2 43 14 43
split_gain=427.081 117.747 84.9573 36.8366 18.8139 15.3798 13.761 12.9486 11.0766 8.41649 6.42866 7.47264 5.40901 4.27874 4.24495 4.60256 4.00613 3.84425 3.5661 5.40299 3.1156 2.6611 2.34433 0.592092
threshold=1.2235000000000003 3.0402500000000008 0.80820000000000014 0.4124391221452528 78.500000000000014 2.5000000000000004 0.55930000000000013 5.5000000000000009 0.018759706206513061 0.96386483662444189 79.500000000000014 0.90665000000000007 0.034431805850348177 1.5000000000000002 0.98885778720309514 19.500000000000004 0.92549695194969772 0.94848231247631942 2.5000000000000004 0.067362830758272887 0.087272174341870956 0.69255000000000011 1.5000000000000002 0.5223000000000001
decision_type=2 2 2 2 2 2 2 2 2 2 2 2 2 2 2 2 2 2 2 2 2 2 2 2
left_child=2 3 6 4 18 8 23 -5 22 16 11 -10 14 20 15 21 -7 -13 19 -2 -14 -8 -4 -1
right_child=1 -3 5 7 -6 9 12 -9 10 -11 -12 17 13 -15 -16 -17 -18 -19 -20 -21 -22 -23 -24 -25
leaf_value=-0.017510074029191282 0.0026823431818768649 0.021300323078814219 -0.0054627527822968137 0.005817914107836295 0.0082320661183676487 0.00066451838142320553 -0.010099669885388352 0.01128305617462364 -0.0072702099116268484 0.0042736694372106478 0.0015861077775143502 -0.0040821115225090068 -0.0066203104230783474 -0.0045826456808980348 -0.014585843524284516 -0.012719996709565397 -0.0042354525333893967 -0.00020018923922913683 0.0034135567773521214 -0.0015631029073269851 -0.011491200575955332 -0.0057261117457656522 -0.0090165737358519817 -0.014912252055267566
leaf_weight=45.971989929676056 132.59717220067978 136.93212640285492 95.882747173309326 209.39349770545959 121.74068510532379 94.192456901073456 78.545551002025604 246.13139915466309 100.84530591964722 99.978379487991333 77.840624094009399 130.84717303514481 63.708706110715866 82.126023501157761 62.441358715295792 90.148051530122757 80.983103632926941 135.53875249624252 122.54905760288239 190.81071871519089 74.1674964427948 67.515538722276688 97.90796434879303 45.615429848432541
leaf_count=105 127 48 134 133 94 98 140 125 134 101 80 153 102 115 117 164 94 149 99 180 123 104 141 96
internal_value=-0.000154091 0.00723177 -0.00577567 0.00534905 0.00260336 -0.00265934 -0.0104433 0.00877087 -0.00403459 0.000533763 -0.00263097 -0.00352484 -0.00942389 -0.00750174 -0.0108399 -0.00984961 -0.00160072 -0.00210697 0.00106679 0.000177529 -0.0092405 -0.00807803 -0.00725823 -0.0162162
internal_weight=2684.41 1160.15 1524.26 1023.22 567.698 914.017 610.24 455.525 638.863 275.154 445.072 367.231 518.653 220.002 298.65 236.209 175.176 266.386 445.957 323.408 137.876 146.061 193.791 91.5874
internal_count=2956 806 2150 758 500 1084 1066 258 791 293 516 436 865 340 525 408 192 302 406 307 225 244 275 201
is_linear=0
shrinkage=0.0161547


Tree=44
num_leaves=28
num_cat=0
split_feature=43 43 43 13 17 1 8 42 43 32 19 44 51 2 43 53 44 43 15 42 52 53 52 50 2 52 15
split_gain=435.475 128.544 52.139 31.4297 13.891 12.119 11.7557 10.9752 10.1634 8.63281 10.0557 8.17523 6.26008 6.76764 5.53123 5.44306 6.33598 4.45931 3.11936 2.5282 2.49005 1.81125 1.36591 1.04423 0.956163 0.439978 0.355275
threshold=1.1053500000000003 2.1222500000000006 0.70825000000000016 0.47620109562064777 0.016555397843254518 2.5000000000000004 0.062244875261531614 2.5000000000000004 1.4671500000000002 1.0000000180025095e-35 0.065212134006773045 78.500000000000014 17.500000000000004 0.075747378641662325 0.81680000000000008 0.96927308852484029 71.500000000000014 0.55930000000000013 0.12483104066470366 1.0000000180025095e-35 1.0007657362848483 0.92549695194969772 0.94006676259205324 89.500000000000014 0.023991909936971978 0.90420138009029516 0.0081479059114970779
decision_type=2 2 2 2 2 2 2 2 2 2 2 2 2 2 2 2 2 2 2 2 2 2 2 2 2 2 2
left_child=2 3 6 11 7 8 17 19 -5 10 -6 12 18 -14 -12 16 -16 26 -2 -4 24 -21 -7 -23 25 -19 -1
right_child=1 -3 4 5 9 22 -8 -9 -10 -11 14 -13 13 -15 15 -17 -18 20 -20 21 -22 23 -24 -25 -26 -27 -28
leaf_value=-0.015348798713536229 -0.00081443586584978886 0.01476371352285088 -0.011953797906641712 -1.6001098373541065e-05 -0.0092749964286476024 0.0071484758805466942 -0.0060715375155913891 -0.0020093646412224493 0.0065261134985043594 0.0015889293946943267 -0.0067544897248546119 0.0046956656828136423 0.0041040791322415676 -0.0013255406232170746 -0.0045559683718821463 -0.005801848032161913 0.00079889304695632518 -0.012854345640671278 -0.0050889230481358204 -0.010424970474586365 -0.009511109743163746 -0.0085900208828444142 0.0093777893551358852 -0.0056178159204030385 -0.011335341325125854 -0.014891157011377717 -0.01741223221733253
leaf_weight=41.033565402030945 91.677619397640228 331.0071102976799 64.559991449117661 120.80156445503235 85.459794282913208 150.09474784135818 71.120582908391953 71.046693861484528 127.25783729553223 76.883949160575867 90.476395100355148 93.101259529590607 108.11289596557617 134.36871045827866 88.662929952144623 84.761818051338196 164.94269192218781 47.53192475438118 86.682267606258392 65.34812730550766 66.116971135139465 61.481175988912582 137.3732231259346 61.914885103702545 48.696268886327744 66.261108070611954 46.400780320167542
leaf_count=91 101 145 107 107 124 95 111 89 83 83 132 84 105 134 111 104 173 92 91 102 116 95 87 89 86 128 104
internal_value=-0.000336057 0.00598608 -0.00703566 0.00321758 -0.00493398 0.00595632 -0.0120056 -0.00762045 0.00334019 -0.00346006 -0.00421485 0.000363815 -0.000594505 0.00109531 -0.00320646 -0.00225775 -0.00107322 -0.013341 -0.00289182 -0.00919424 -0.0121542 -0.00825034 0.0082138 -0.0070987 -0.0132297 -0.0140404 -0.0164438
internal_weight=2683.18 1380.48 1302.7 1049.47 915.538 535.527 387.161 324.351 248.059 591.188 514.304 513.943 420.841 242.482 428.844 338.367 253.606 316.041 178.36 253.304 228.606 188.744 287.468 123.396 162.489 113.793 87.4343
internal_count=2969 1032 1937 887 1209 372 728 482 190 727 644 515 431 239 520 388 284 617 192 393 422 286 182 184 306 220 195
is_linear=0
shrinkage=0.0161547


Tree=45
num_leaves=23
num_cat=0
split_feature=43 43 43 21 43 40 52 14 15 17 43 44 44 52 13 53 52 52 19 6 6 19
split_gain=387.991 109.265 72.702 22.5428 13.9658 11.8266 10.8437 9.4277 8.36606 9.4013 8.02985 7.60689 6.92552 7.44274 4.72221 4.48817 5.01779 3.98196 3.69534 2.90396 2.76419 0.416049
threshold=1.1118500000000002 2.1222500000000006 0.68885000000000007 0.10101018232830214 0.91520000000000012 1.0000000180025095e-35 0.89285503247052622 6.5000000000000009 0.461248200802508 0.096217074737156599 0.55930000000000013 75.500000000000014 71.500000000000014 0.94507234061369272 0.16642427953031005 0.91000072448503511 0.94350096727249033 1.0226814166942921 0.2632703928270928 0.0073130078167138951 0.034431805850348177 0.0090664920851537354
decision_type=2 2 2 2 2 2 2 2 2 2 2 2 2 2 2 2 2 2 2 2 2 2
left_child=2 3 10 12 5 11 -6 8 9 -5 21 15 -2 -14 -8 -4 -17 19 -16 -12 -18 -1
right_child=1 -3 4 7 6 -7 14 -9 -10 -11 17 -13 13 -15 18 16 20 -19 -20 -21 -22 -23
leaf_value=-0.015598555898525891 -0.0036948801046460581 0.014114135113909678 -0.011109135371367809 0.0031802007285163508 -0.006285660175251926 -0.00078446418678353473 0.0019131842815371012 0.008996935432676911 0.0017593958470032024 0.0081717329291014842 -0.014436311495064828 -0.0031528987942139822 0.0046365486071558029 -0.0015399851244441666 -0.0040038601819748281 -0.0043110086529313564 -0.011303728048643841 -0.0070780022425286152 0.00053221589703249196 -0.010327016584249393 -0.0067323499364162088 -0.017770913767800309
leaf_weight=46.249910593032837 96.367072522640228 343.31369948387146 85.344921112060547 196.52193409204483 102.16973060369492 110.71067690849304 145.66237008571625 133.95832574367523 221.90805184841156 197.37337678670883 81.311687856912613 118.73462256789207 102.26732474565506 101.39463543891907 103.82654017210007 113.84981051087379 65.343479007482529 51.48679593205452 85.438845694065094 100.16831070184708 73.180582672357559 45.784850388765335
leaf_count=104 111 152 135 174 130 137 169 77 165 147 162 160 95 107 122 163 107 87 86 177 104 104
internal_value=0.000245401 0.00620272 -0.00599803 0.00361544 -0.00384878 -0.0055212 -0.00167871 0.00511296 0.00426806 0.00568136 -0.0126392 -0.00667007 -0.0001268 0.00156151 -0.000273361 -0.00790663 -0.00682365 -0.0110432 -0.00195617 -0.0121682 -0.00888872 -0.0166792
internal_weight=2722.37 1393.1 1329.26 1049.79 1004.26 567.164 437.097 749.762 615.803 393.895 325.002 456.453 300.029 203.662 334.928 337.719 252.374 232.967 189.265 181.48 138.524 92.0348
internal_count=2975 1028 1947 876 1313 806 507 563 486 321 634 669 313 202 377 509 374 426 208 339 211 208
is_linear=0
shrinkage=0.0161547


Tree=46
num_leaves=26
num_cat=0
split_feature=13 2 42 17 44 44 42 19 13 53 17 17 6 0 35 17 21 15 51 13 21 17 19 50 17
split_gain=306.136 71.8276 67.5343 41.9486 25.0573 17.6562 12.4094 9.34395 17.6414 10.0599 8.91928 7.37189 5.98603 7.29402 6.40788 6.07292 5.84532 4.2667 3.93282 4.23198 3.39046 3.0944 1.32799 1.20722 0.692269
threshold=0.50019795339197237 1.0979799851982135 2.5000000000000004 0.012756347094362354 75.500000000000014 68.500000000000014 3.5000000000000004 0.099338467719469845 0.27176115183095922 0.92922911230539262 0.23577080787981494 0.011581695096440628 0.15093871343601284 0.36127636406052582 1.0000000180025095e-35 0.025349758525614833 0.10101018232830214 0.10034962901025359 22.500000000000004 0.031012082369187444 0.31286043719539991 0.0024036213627321649 0.00098635831777163182 84.500000000000014 0.0076138107517302739
decision_type=2 2 2 2 2 2 2 2 2 2 2 2 2 2 2 2 2 2 2 2 2 2 2 2 2
left_child=2 4 3 18 6 17 20 9 -9 -4 -6 -11 14 -14 15 -7 -17 -5 19 21 -2 22 -1 -21 -25
right_child=1 -3 7 5 10 12 -8 8 -10 11 -12 -13 13 -15 -16 16 -18 -19 -20 23 -22 -23 -24 24 -26
leaf_value=-0.011076730072772212 0.0010984619725877677 0.014556342488127637 -0.0059348075091458169 -0.012245403659357432 0.0054945191150216899 -0.0018040107696516774 0.0053564522718756464 0.0082897289720841941 -0.00073683828001366034 0.0044527316607230723 0.010909857159768338 -0.0024458149078134279 0.0026220009075537416 -0.0033811890081963691 0.00035203592347165331 -0.0085724232932020018 -0.0034562470107141561 -0.0062445301865118865 -0.013260737697374618 -0.0094313946042673662 -0.0029137099928592722 -0.0080718777273487662 -0.014308572162655483 -0.0054098906185761214 -0.0078400961751865783
leaf_weight=100.47769948840141 112.69743460416794 253.07065588235855 80.69393926858902 66.734984159469604 195.16866797208786 116.17121315002441 135.48287427425385 101.71908491849899 127.12065750360489 81.92413729429245 133.7821763753891 79.808221757411957 98.547644793987274 113.83403784036636 75.690439224243164 132.07315626740456 104.30654942989349 57.61952155828476 79.680010765790939 56.856278240680695 107.30104166269302 72.109385132789612 49.54143962264061 63.366947442293167 59.141018062829971
leaf_count=181 107 116 104 116 146 156 89 89 125 93 75 94 101 132 87 181 122 81 148 93 98 124 96 98 90
internal_value=-0.000222065 0.00720269 -0.00427509 -0.00624511 0.00448366 -0.0038944 0.00151023 0.000934172 0.00327546 -0.00127591 0.0076969 0.00104858 -0.00281308 -0.000595637 -0.0039128 -0.00482844 -0.00631482 -0.00946491 -0.00998232 -0.00933168 -0.000858416 -0.0108221 -0.012144 -0.00748596 -0.00658308
internal_weight=2654.92 937.503 1717.42 1246.15 684.432 764.978 355.481 471.266 228.84 242.426 328.951 161.732 640.623 212.382 428.241 352.551 236.38 124.355 481.173 401.493 219.998 222.129 150.019 179.364 122.508
internal_count=2942 631 2311 1806 515 976 294 505 214 291 221 187 779 233 546 459 303 197 830 682 205 401 277 281 188
is_linear=0
shrinkage=0.0161547


Tree=47
num_leaves=24
num_cat=0
split_feature=43 43 43 43 19 43 17 52 15 43 28 52 21 43 44 17 13 51 2 8 4 45 52
split_gain=351.276 115.378 54.3658 23.7444 14.3399 11.2181 10.4015 10.0554 7.36757 6.95466 6.47919 5.58164 5.17713 5.0108 3.95128 3.47965 3.76331 3.40861 3.34384 2.82272 3.42319 1.4773 0.541305
threshold=1.1053500000000003 2.2270500000000006 0.68885000000000007 1.5984500000000004 0.12525350611585276 0.95870000000000011 0.045804834923636385 0.89285503247052622 0.56619358531479935 0.54150000000000009 1.0000000180025095e-35 0.99585146972637795 0.21873391356917801 0.82440000000000013 72.500000000000014 0.13361495042784163 0.38796631379816687 17.500000000000004 0.032461715363748145 0.045100047705826839 0.0071160396057447341 1.0000000180025095e-35 0.93698915103395375
decision_type=2 2 2 2 2 2 2 2 2 2 2 2 2 2 2 2 2 2 2 2 2 2 2
left_child=2 3 9 6 5 10 17 -8 -5 -1 19 18 -9 -6 -7 16 -15 -2 22 20 21 -4 -11
right_child=1 -3 4 8 13 14 7 12 -10 11 -12 -13 -14 15 -16 -17 -18 -19 -20 -21 -22 -23 -24
leaf_value=-0.016719713823954145 -0.0037716708427895061 0.014621516968681747 -0.0064412593360544156 0.0042170957177685067 -0.0053678197105036492 -0.0046994306932435087 -0.0013683214867653926 0.0060895262235033092 0.0086806530904576362 -0.014965480105448027 -0.003211795981894975 -0.007317342370089722 0.0021063318368907146 -0.00014692703029395483 0.00036749672645539441 0.0019738375598368544 -0.0048016117102145451 0.0001770287730207078 -0.0095360363648554162 -0.0059609176631398499 -0.011921363472132636 -0.0094979451885954542 -0.012732840902355791
leaf_weight=64.364960253238678 100.49539434909821 283.8396110534668 89.946236073970795 212.81127947568893 79.058469533920288 83.202387869358063 119.56641364097595 168.53795915842056 176.5877913236618 67.750447303056717 83.462911665439606 82.728789031505585 172.1313608288765 116.12936770915985 77.649031460285187 84.568744122982025 74.353723168373108 131.97306132316589 68.620472222566605 101.66307106614113 79.38972470164299 76.238661736249924 48.719975084066391
leaf_count=151 116 121 138 162 112 110 108 145 93 140 112 144 136 130 86 83 87 140 119 144 129 122 96
internal_value=-0.000241325 0.00545419 -0.00632949 0.00304957 -0.0043546 -0.00589373 0.00125538 0.00266228 0.00624127 -0.0119516 -0.00725326 -0.0108057 0.00407692 -0.00178342 -0.00225343 -0.00075315 -0.00196385 -0.00152998 -0.0123649 -0.00822467 -0.00916182 -0.00784354 -0.0140316
internal_weight=2643.79 1365.94 1277.85 1082.1 945.662 591.552 692.704 460.236 389.399 332.185 430.701 267.82 340.669 354.11 160.851 275.052 190.483 232.468 185.091 347.238 245.575 166.185 116.47
internal_count=2924 1021 1903 900 1253 841 645 389 255 650 645 499 281 412 196 300 217 256 355 533 389 260 236
is_linear=0
shrinkage=0.0161547


Tree=48
num_leaves=26
num_cat=0
split_feature=43 43 43 19 43 44 44 14 30 17 8 43 40 43 53 42 53 19 19 51 44 50 50 50 43
split_gain=335.978 87.5321 83.7681 33.9388 18.5111 14.2802 13.2512 10.1706 9.2011 12.4826 10.3939 6.64053 6.63874 6.54462 6.21128 4.74474 3.72058 3.38794 3.58693 3.32133 3.28071 2.02267 1.95031 1.59566 0.533455
threshold=1.2160500000000003 0.82440000000000013 2.7722500000000001 0.42173806816088577 0.68525000000000014 78.500000000000014 68.500000000000014 5.5000000000000009 1.0000000180025095e-35 0.0086546895069189982 0.010712769869224406 0.55930000000000013 1.0000000180025095e-35 1.7021500000000003 0.92716892967412012 2.5000000000000004 0.98536692840785733 0.097367751614808401 0.19366677136590804 16.500000000000004 70.500000000000014 92.500000000000014 90.500000000000014 86.500000000000014 0.5223000000000001
decision_type=2 2 2 2 2 2 2 2 2 2 2 2 2 2 2 2 2 2 2 2 2 2 2 2 2
left_child=1 4 3 5 11 13 -3 -5 9 -8 -11 24 16 17 -12 -10 20 -2 -19 -13 -6 -16 -22 -21 -1
right_child=2 6 -4 7 12 -7 8 -9 15 10 14 19 -14 -15 21 -17 -18 18 -20 23 22 -23 -24 -25 -26
leaf_value=-0.017225394139751216 -0.0025258387273321276 -0.0067037530981730754 0.017782394004720207 0.0054618407665906902 -0.0095508955988666249 0.0070225017071661264 -0.0073988702620843465 0.010297611940724202 -0.00061123422937500304 0.0040836907051287549 0.00030563364989403874 -0.0082465647580306223 -0.0019737938464345697 0.0040233033499956798 -0.0025436235839681829 0.0044470926583677108 -0.011618903084503224 0.0030596812883240359 -0.0010477734140590586 -0.014493616361174888 -0.0072681281095259755 -0.0057282510273629029 -0.0033376379816615976 -0.010998225596101665 -0.01470963902496027
leaf_weight=46.189892590045929 111.11847227811813 117.23199915885925 149.19401848316193 204.21828806400299 77.036735147237778 130.94271898269653 90.854925632476807 255.52585422992706 88.518454372882843 89.867593288421631 168.58949637413025 83.695178687572479 60.979590952396393 132.354660987854 128.69594210386276 106.76513719558716 55.169867902994156 106.95683413743973 115.29616296291351 53.794825464487076 67.685141235589981 87.392061769962311 64.19306144118309 93.020256757736206 41.996672987937927
leaf_count=111 124 164 55 128 130 102 131 129 99 96 181 145 82 100 147 104 93 95 104 108 106 106 93 177 93
internal_value=8.10435e-05 -0.00496593 0.00645117 0.00485089 -0.00949059 0.0023092 -0.00164807 0.00814956 -0.000868922 -0.00191309 -0.000862804 -0.0122572 -0.00677817 0.000984023 -0.00201839 0.00215425 -0.00788754 -0.000222628 0.000928894 -0.0108149 -0.00690217 -0.00383158 -0.00535492 -0.012279 -0.0160273
internal_weight=2727.28 1521.68 1205.61 1056.41 643.761 596.669 877.916 459.744 760.684 565.4 474.545 318.697 325.064 465.726 384.678 195.284 264.085 333.371 222.253 230.51 208.915 216.088 131.878 146.815 88.1866
internal_count=3003 2166 837 782 1138 525 1028 257 864 661 530 634 504 423 434 203 422 323 199 430 329 253 199 285 204
is_linear=0
shrinkage=0.0161547


Tree=49
num_leaves=25
num_cat=0
split_feature=13 23 19 44 18 53 44 19 19 13 53 13 34 8 40 13 40 44 53 52 53 44 0 23
split_gain=256.799 58.8612 58.0609 19.8839 19.2349 11.2398 10.6821 11.225 9.77158 15.587 11.215 16.6494 8.17576 6.27935 6.03786 5.63775 5.23484 4.83939 3.5564 5.44717 2.96188 2.89999 2.6466 1.39209
threshold=0.4909970289550632 5.4282518530246398 0.031253158955431855 68.500000000000014 4.5000000000000009 0.96846862376111109 78.500000000000014 0.49155395140720515 0.041243581000930028 0.13608243954078994 0.92962044334891047 0.23992837525556321 1.0000000180025095e-35 0.036332840605547409 1.0000000180025095e-35 0.89816854024491855 1.0000000180025095e-35 68.500000000000014 0.91973258899656585 0.95129032131237745 0.93090424668181715 73.500000000000014 0.33069655826515681 0.82050376062501862
decision_type=2 2 2 2 2 2 2 2 2 2 2 2 2 2 2 2 2 2 2 2 2 2 2 2
left_child=2 4 12 5 15 -4 7 -6 -5 13 11 -11 16 -10 21 -2 17 20 -19 -20 -1 -12 -13 -23
right_child=1 -3 3 8 6 -7 -8 -9 9 10 14 22 -14 -15 -16 -17 -18 18 19 -21 -22 23 -24 -25
leaf_value=-0.0094597580558449627 -0.00069833523478015096 0.013812918402743556 -0.0096390140370697427 0.0047931901801060422 0.0015711817807861452 -0.00083574160059218144 0.010389243062855217 0.007651296906752059 -0.0074775238851310958 0.0065676490295596473 -0.0012648354122230321 0.00098703695730811142 -0.0027986665873823619 -0.0020426811060225195 0.0014933861972374165 0.0041229987965994142 -0.0047227518628569862 -0.011129494291204332 -0.0044980897000460474 -0.0099427553467755659 -0.014673493128181128 -0.0058702827548243993 -0.0029775064983929875 -0.0028607280607845279
leaf_weight=53.321978360414505 163.57818996906281 242.2353880405426 111.4890284538269 78.872038394212723 140.02629017829895 57.30546173453331 137.51455390453339 182.55268955230713 115.77138069272041 136.43886232376099 154.46508479118347 89.820428967475891 70.630014479160309 106.5338753759861 114.04931098222733 103.24479323625565 72.642642259597778 80.556835621595383 100.88286659121513 91.401628792285919 60.928520858287811 80.243865102529526 86.037558346986771 80.199347019195557
leaf_count=101 155 106 179 94 114 77 79 110 165 135 177 90 102 129 113 78 107 139 156 158 126 100 92 85
internal_value=0.000250778 0.00691622 -0.00345837 -0.00150654 0.00461798 -0.00665032 0.00661918 0.00501202 -0.00067364 -0.00112113 4.08134e-06 0.00233291 -0.0079159 -0.00487302 -0.00169139 0.00116724 -0.00870207 -0.00944884 -0.00827998 -0.00708619 -0.0122402 -0.00284481 -0.000952594 -0.00436592
internal_weight=2710.74 969.152 1741.59 1211.23 726.917 168.794 460.094 322.579 1042.43 963.56 741.254 312.297 530.364 222.305 428.958 266.823 459.734 387.092 272.841 192.284 114.25 314.908 175.858 160.443
internal_count=2967 642 2325 1436 536 256 303 224 1180 1086 792 317 889 294 475 233 787 680 453 314 227 362 182 185
is_linear=0
shrinkage=0.0161547


Tree=50
num_leaves=25
num_cat=0
split_feature=43 43 43 43 53 53 0 43 6 42 13 30 17 44 0 8 53 8 8 6 0 43 13 53
split_gain=317.375 116.978 29.7224 29.4854 12.3521 20.3208 15.2919 11.1298 8.06258 7.9546 7.4755 6.55564 7.21628 5.63061 5.62767 5.5485 3.88074 3.24516 2.34145 5.53238 2.37961 2.22364 1.28254 0.228695
threshold=0.90155000000000007 2.1222500000000006 0.68525000000000014 1.4178000000000002 0.92589480976418181 0.90284053588223168 0.16430623381219867 1.0356500000000002 0.051255390773152408 2.5000000000000004 0.50019795339197237 1.0000000180025095e-35 0.083536798770846979 78.500000000000014 0.10803970545817407 0.32174320431960685 0.90422554728146209 0.039384292814974367 0.04727397404545243 0.013619223880612029 0.25933766822591509 0.57190000000000007 0.03200323270180324 0.93919456910692289
decision_type=2 2 2 2 2 2 2 2 2 2 2 2 2 2 2 2 2 2 2 2 2 2 2 2
left_child=2 3 8 4 5 -2 -7 14 16 13 -5 12 17 18 -6 -12 -1 -9 19 23 -20 -18 -23 -4
right_child=1 -3 9 10 7 6 -8 11 -10 -11 15 -13 -14 -15 -16 -17 21 -19 20 -21 -22 22 -24 -25
leaf_value=-0.0095263930626123487 -0.0016302380938613751 0.012680692719210476 -0.0057240036034779214 0.0024108825717682903 -0.0070784056256912361 0.010261198223959945 0.0013629898028963308 -0.00082930608792150919 -0.0076861338663690932 -0.0014885789087421704 0.0085942359630047007 0.0035094830852644204 0.0020708442976476466 -0.0025813357685635046 -0.0017784168046782916 0.0044323034306463895 -0.016809008275138912 -0.0053324185108757612 -0.0038161986474922471 -0.01173884450916925 -0.0080223143432342024 -0.014739297549055409 -0.011298947921468898 -0.0071744336459313102
leaf_weight=47.5002601146698 162.93706798553467 317.22659194469452 61.322592258453369 186.8818211555481 94.2248894572258 106.16961276531219 95.957447052001953 82.817818999290466 78.109374642372131 88.529884874820709 161.81680685281754 124.88163155317307 121.75601881742477 68.204454213380814 117.46692270040512 172.93558204174042 76.984799325466156 84.253495633602142 65.862394273281097 90.780403584241867 75.161813944578171 65.965922981500626 49.49883845448494 52.79541739821434
leaf_count=92 176 139 97 167 130 96 92 95 135 110 103 118 108 92 136 103 181 98 93 152 107 138 94 85
internal_value=1.71657e-05 0.00376181 -0.00832941 0.0018907 0.000253593 0.00261486 0.00603688 -0.00112474 -0.0121942 -0.00588394 0.00499918 0.000416843 -0.000920337 -0.00682356 -0.00413746 0.00644415 -0.0136617 -0.00310021 -0.00765998 -0.00876261 -0.00605794 -0.0146824 -0.0132644 -0.00639503
internal_weight=2650.04 1829.33 820.716 1512.1 990.465 365.064 202.127 625.401 318.059 502.657 521.634 413.709 288.827 414.127 211.692 334.752 239.95 167.071 345.923 204.898 141.024 192.45 115.465 114.118
internal_count=2937 1561 1376 1422 1049 364 188 685 640 736 373 419 301 626 266 206 505 193 534 334 200 413 232 182
is_linear=0
shrinkage=0.0161547


Tree=51
num_leaves=28
num_cat=0
split_feature=43 43 43 2 43 44 42 13 52 52 40 15 4 53 10 43 44 52 50 43 53 43 17 43 52 19 44
split_gain=305.168 78.3393 70.9558 22.9812 15.3698 12.3995 9.69527 9.47876 8.89572 12.2836 14.5262 7.04008 8.89777 9.18519 4.99347 4.54801 9.1531 3.69973 5.20611 5.00026 3.29868 2.90527 2.79892 2.70576 1.02789 0.604121 0.520269
threshold=1.2160500000000003 3.0402500000000008 0.81085000000000018 1.0979799851982135 0.55930000000000013 68.500000000000014 2.5000000000000004 0.20308842989699713 0.89285503247052622 0.91485262813319512 1.0000000180025095e-35 0.461248200802508 0.10279181160896662 0.94613493676004878 2.525761333076741 0.97340000000000015 75.500000000000014 0.92027754702720543 91.500000000000014 0.6957000000000001 0.93611791650428611 0.99115000000000009 0.044495297054493295 0.72220000000000006 0.94006676259205324 0.0090664920851537354 70.500000000000014
decision_type=2 2 2 2 2 2 2 2 2 2 2 2 2 2 2 2 2 2 2 2 2 2 2 2 2 2 2
left_child=2 3 4 7 25 -4 17 24 21 -10 15 12 13 -9 -13 16 -11 23 20 -20 -19 -7 -17 26 -2 -1 -6
right_child=1 -3 5 -5 6 8 -8 11 9 10 -12 14 -14 -15 -16 22 -18 18 19 -21 -22 -23 -24 -25 -26 -27 -28
leaf_value=-0.014302122902424896 -0.00070873169095662903 0.017950950682296497 -0.0067500613685643968 0.010577682380583922 -0.013535251308402297 -0.0062799867010091652 -0.002161808606291235 0.010239190534960611 0.0054963605191043659 -0.0072960360934428278 0.0038850152490142562 0.00053122787916586945 0.0026539506730117908 0.0043305011148993822 0.0047977848351248827 0.00092464948042400303 1.2272361434918719e-05 -0.0073121719667463125 -0.009010980043174608 -0.002577315003086794 -0.011861680408112278 -0.0021097955703348989 -0.0027541752143632075 -0.0080659033255891348 0.001685813952994007 -0.01711563019381282 -0.011239838160405384
leaf_weight=40.229695528745651 91.397217512130737 131.73244094848633 119.85901588201523 150.21550345420837 53.74694150686264 95.151870787143707 63.514069974422455 154.69463551044464 83.927999198436737 114.67445874214172 115.64702767133713 144.10250425338745 142.63377714157104 123.45456790924072 142.26509153842926 102.56706941127777 73.316910743713379 79.0565285384655 55.815476804971695 72.446617782115936 87.766051828861237 80.46996533870697 113.91696363687515 57.65604630112648 95.844873547554016 39.446531683206558 49.5051389336586
leaf_count=94 95 46 171 71 110 125 90 109 84 158 115 100 111 99 85 117 86 135 101 106 161 89 123 95 95 94 92
internal_value=5.25674e-05 0.00621136 -0.00478147 0.00473091 -0.00908834 -0.00191263 -0.00807508 0.00374894 -0.00116897 -0.000238538 -0.00116393 0.0046047 0.00593444 0.00761666 0.00265082 -0.00260752 -0.00444579 -0.00889872 -0.00782419 -0.00537704 -0.00970569 -0.0043692 -0.0010112 -0.0108693 0.000516981 -0.015695 -0.0124347
internal_weight=2675.05 1176.34 1498.71 1044.61 599.183 899.531 519.507 894.393 779.672 604.05 520.122 707.151 420.783 278.149 286.368 404.475 187.991 455.993 295.085 128.262 166.823 175.622 216.484 160.908 187.242 79.6762 103.252
internal_count=2957 811 2146 765 1078 1068 890 694 897 683 599 504 319 208 185 484 244 800 503 207 296 214 240 297 190 188 202
is_linear=0
shrinkage=0.0161547


Tree=52
num_leaves=24
num_cat=0
split_feature=43 43 43 13 17 32 13 43 15 53 15 44 17 15 19 53 43 19 53 51 53 43 17
split_gain=284.441 95.0464 39.7441 35.0606 13.6546 12.6006 8.56635 8.51037 8.32835 8.70743 8.27736 7.78799 12.3447 13.2475 7.41398 7.15608 5.93915 3.85176 3.72565 2.50637 2.00559 1.76094 1.36941
threshold=0.98180000000000012 1.5984500000000004 0.68885000000000007 2.1609684917875263 0.037244737372534954 1.0000000180025095e-35 0.5878556289926794 0.59250000000000014 0.069619832819761404 0.94681166363811775 0.071898192718089518 79.500000000000014 0.23577080787981494 0.1636393137059817 0.31671101225536996 0.9188107011463954 0.90155000000000007 0.036741165704943554 0.93611791650428611 20.500000000000004 0.95848186569324789 0.54150000000000009 0.05519083296392012
decision_type=2 2 2 2 2 2 2 2 2 2 2 2 2 2 2 2 2 2 2 2 2 2 2
left_child=2 4 7 6 8 10 -3 21 9 -2 15 12 13 -6 -15 -4 19 20 -9 22 -17 -1 -12
right_child=1 3 5 -5 11 -7 -8 18 -10 -11 16 -13 -14 14 -16 17 -18 -19 -20 -21 -22 -23 -24
leaf_value=-0.016691598494989593 -0.0029676675782673873 0.0036280688547759396 -0.010981897577061179 0.015116804313065276 0.0041974014135379685 0.0018468144487285003 0.0081497807463946307 -0.0069178039200033315 -0.0052061363352210342 0.0039656218247389532 -0.0080184296070459696 0.0061096512789141078 0.0063749203180388731 -0.0040468673708657244 0.0011684805563356815 -0.0021379879805698632 -0.00079072357821704218 -0.0087308012765420617 -0.011555237206195569 -0.0028096762968914881 -0.0060571737430830117 -0.012940028060505758 -0.0049246047983307686
leaf_weight=59.012602537870407 102.82627373933792 163.66600751876831 93.860199779272079 172.15813624858856 145.57412803173065 71.21527311205864 329.42700862884521 90.988719165325165 120.6094456911087 87.498817503452301 71.507932841777802 111.81725174188614 105.81001770496368 163.45530867576599 125.94620114564896 70.65159472823143 124.27487623691559 68.15718686580658 89.862663984298706 76.58330911397934 65.823112815618515 73.099683254957199 78.133961081504822
leaf_count=146 125 127 155 64 139 85 179 161 142 93 107 87 74 172 106 103 143 106 174 100 104 152 104
internal_value=-6.20039e-05 0.00414379 -0.00669242 0.00884032 0.000901195 -0.00460376 0.00664895 -0.0114989 -0.00188489 0.000219798 -0.0053116 0.00222863 0.00142616 0.00022235 -0.00177717 -0.00728858 -0.00362796 -0.00559454 -0.00922208 -0.00518658 -0.00402825 -0.0146158 -0.00640302
internal_weight=2661.96 1628.79 1033.17 665.251 963.537 720.207 493.093 312.964 310.935 190.325 648.992 652.603 540.786 434.976 289.402 298.492 350.5 204.632 180.851 226.225 136.475 132.112 149.642
internal_count=2948 1308 1640 370 938 1007 306 633 360 218 922 578 491 417 278 468 454 313 335 311 207 298 211
is_linear=0
shrinkage=0.0161547


Tree=53
num_leaves=26
num_cat=0
split_feature=43 43 43 43 18 44 40 43 50 21 15 42 21 21 52 21 10 52 50 44 52 53 53 53 43
split_gain=267.573 97.9409 44.5338 34.9417 11.762 11.2862 10.9884 10.3131 7.54317 7.46686 7.20588 6.58292 8.9656 13.6912 5.97688 5.41931 6.00806 5.92467 3.46554 3.05641 2.81928 1.95155 1.37059 1.07186 0.76727
threshold=1.0356500000000002 3.0402500000000008 0.76435000000000008 1.5776500000000002 5.5000000000000009 71.500000000000014 1.0000000180025095e-35 0.55930000000000013 88.500000000000014 0.19210542651274296 0.032985834179786337 1.5000000000000002 0.21873391356917801 0.12603865128252464 0.99757849208906302 0.039597529838267025 0.71231054941315219 0.94635198881010252 91.500000000000014 70.500000000000014 0.93698915103395375 0.94613493676004878 0.9351131704727581 0.92716892967412012 0.5223000000000001
decision_type=2 2 2 2 2 2 2 2 2 2 2 2 2 2 2 2 2 2 2 2 2 2 2 2 2
left_child=2 3 7 5 8 9 10 24 -5 -2 -4 18 13 -13 19 -12 21 -18 -7 23 -21 -17 -16 -9 -1
right_child=1 -3 6 4 -6 11 -8 14 -10 -11 15 12 -14 -15 22 16 17 -19 -20 20 -22 -23 -24 -25 -26
leaf_value=-0.016509580904364801 -0.0042630325763702032 0.017807428633436293 -0.0080698628170873237 0.00133965248357079 0.0091117575493090981 -0.0023235755649561648 0.00049973244132411616 -0.013656524569712137 0.0063690388683218186 0.001579796415311574 0.00047036391641630873 0.0022394557107000695 0.00014575697645804179 0.0098214627033756437 -0.0037884253047345546 -0.0084553341558604514 0.00041374618584203148 -0.0054365483202351121 0.0020060539360335001 -0.0065991014791607749 -0.011024003302650312 -0.0048332806618294035 -0.0073506966921325616 -0.010583428893747136 -0.013417835788247606
leaf_weight=41.700390368700027 144.1953404545784 128.96074914932251 112.66273230314255 132.66938596963882 224.29934883117676 100.94912898540497 150.70994251966476 52.367086201906204 188.26363790035248 94.482394993305206 74.928463846445084 162.26237994432449 145.47778677940369 100.74478840827942 56.22302308678627 78.561094492673874 96.104325890541077 85.249318242073059 92.41467821598053 88.291032344102859 65.421934217214584 76.744659632444382 56.526938408613205 68.189956426620483 42.09282386302948
leaf_count=105 173 44 178 98 110 105 175 104 125 82 98 159 116 76 92 110 109 108 90 150 117 102 98 128 96
internal_value=-0.000114083 0.00434168 -0.00600463 0.00308854 0.00627356 0.00102248 -0.00334464 -0.00981801 0.00428996 -0.0019501 -0.00444981 0.00220134 0.00336376 0.00514374 -0.00870549 -0.00345891 -0.00433342 -0.00233632 -0.000254309 -0.00999267 -0.00848239 -0.00666549 -0.00557436 -0.0119183 -0.0149565
internal_weight=2660.49 1514.72 1145.77 1385.76 545.232 840.526 674.961 470.813 320.933 238.678 524.251 601.849 408.485 263.007 387.02 411.588 336.659 181.354 193.364 274.27 153.713 155.306 112.75 120.557 83.7932
internal_count=2948 1178 1770 1134 333 801 880 890 223 255 705 546 351 235 689 527 429 217 195 499 267 212 190 232 201
is_linear=0
shrinkage=0.0161547


Tree=54
num_leaves=25
num_cat=0
split_feature=43 43 43 43 13 40 19 42 32 43 44 2 50 1 21 44 15 51 6 17 44 50 8 53
split_gain=252.645 99.7345 40.8636 36.9593 15.2807 14.9675 19.5402 8.47311 8.94611 7.62849 7.10258 7.08126 12.3912 10.2115 6.99411 6.16715 5.74232 5.71003 5.59022 6.72446 3.45964 2.98663 1.8263 0.912292
threshold=0.98180000000000012 3.0402500000000008 0.68525000000000014 1.5984500000000004 0.61371214308806443 1.0000000180025095e-35 0.10048390752255644 1.5000000000000002 1.0000000180025095e-35 0.54715000000000014 72.500000000000014 0.11563503791895487 88.500000000000014 2.5000000000000004 0.04757468413430959 75.500000000000014 0.14408190316833258 15.500000000000002 0.021345067197690023 0.035395318826052229 73.500000000000014 89.500000000000014 0.031755876533326739 0.9351131704727581
decision_type=2 2 2 2 2 2 2 2 2 2 2 2 2 2 2 2 2 2 2 2 2 2 2 2
left_child=2 3 9 7 -5 10 -7 14 11 -1 16 12 -9 -13 -2 -6 21 -11 -12 -20 -16 -4 23 -19
right_child=1 -3 5 4 15 6 -8 8 -10 17 18 13 -14 -15 20 -17 -18 22 19 -21 -22 -23 -24 -25
leaf_value=-0.016237207731540207 -0.0053946514875374925 0.017786490330162417 -0.010738334811760489 0.0015458414749052532 0.0053624076034641697 -0.0054963385580610001 0.0060692382549598356 0.00061398862448007832 -0.0026266489298753751 -0.005944774219243055 -0.0068842681219583868 -0.0018807879170809471 0.0080365552426387658 0.0041597255081926325 0.0019035900341923949 0.0094210031814727195 -0.0038013029430478099 -0.011238179571735354 0.0017632228791320326 -0.0046373691474716735 -0.0020219984812440139 -0.0068427631365724911 -0.0091797840422507774 -0.014033191058326322
leaf_weight=66.624695628881454 86.07176148891449 122.09915554523468 103.75000777840614 148.78830236196518 175.76528680324554 78.6233971118927 74.010458052158356 106.99594098329544 101.46473926305771 64.452640473842621 94.889136701822281 156.85894167423248 130.02237445116043 136.67475587129593 120.1672323346138 220.01573407649994 84.230346530675888 59.509682774543762 72.353733718395233 105.00345033407211 114.33573830127716 101.71583133935928 57.623464047908783 62.468151181936264
leaf_count=167 114 41 177 120 100 110 76 109 101 112 147 149 117 107 120 107 112 121 92 134 114 160 104 135
internal_value=-0.000225874 0.00374731 -0.00650102 0.00260236 0.00595938 -0.00437443 0.000111681 0.000683252 0.00176835 -0.0113923 -0.00559294 0.00260886 0.00468582 0.000931788 -0.00145602 0.00761859 -0.00735358 -0.0100696 -0.00371945 -0.00202622 -1.03945e-05 -0.00880983 -0.0115499 -0.0126696
internal_weight=2644.51 1619.26 1025.25 1497.16 544.569 714.576 152.634 952.591 632.017 310.679 561.943 530.552 237.018 293.534 320.575 395.781 289.696 244.054 272.246 177.357 234.503 205.466 179.601 121.978
internal_count=2946 1299 1647 1258 327 1008 186 931 583 639 822 482 226 256 348 207 449 472 373 226 234 337 360 256
is_linear=0
shrinkage=0.0161547


Tree=55
num_leaves=28
num_cat=0
split_feature=43 43 43 6 43 43 52 40 13 6 2 44 43 40 39 44 21 52 21 50 0 44 50 53 45 21 43
split_gain=285.632 81.3369 63.5814 37.4329 19.3772 15.8296 8.59888 10.6597 8.21302 7.92983 8.34947 7.50104 6.22933 5.72671 4.36838 4.07936 3.43901 3.42383 3.43192 4.24314 2.72048 2.50822 2.16112 1.99762 1.4242 1.07162 0.529498
threshold=1.1053500000000003 3.0402500000000008 0.68885000000000007 1.1960893011101559 1.5776500000000002 0.82440000000000013 0.89285503247052622 1.0000000180025095e-35 0.5878556289926794 0.028617912649333038 0.1101541120707495 79.500000000000014 0.55930000000000013 1.0000000180025095e-35 1.0000000180025095e-35 69.500000000000014 0.076830373996442838 0.89285503247052622 0.12395624597763898 89.500000000000014 0.1127824653647652 72.500000000000014 88.500000000000014 0.9096189937277438 1.0000000180025095e-35 0.029865034512526093 0.5223000000000001
decision_type=2 2 2 2 2 2 2 2 2 2 2 2 2 2 2 2 2 2 2 2 2 2 2 2 2 2 2
left_child=2 3 12 4 11 13 16 9 -6 25 -11 14 26 15 17 -4 -7 -2 19 -19 23 -12 -17 -14 -25 -8 -1
right_child=1 -3 5 -5 8 6 7 -9 -10 10 21 -13 20 -15 -16 22 -18 18 -20 -21 -22 -23 -24 24 -26 -27 -28
leaf_value=-0.016673404192053237 -0.0025472090043608055 0.017493578316472188 -0.01075800181909433 0.012308968752742348 0.0026640162132239428 -0.007760848092795908 -0.0039644659993276167 0.0034860350306015683 0.0071541865824640222 0.0028366677398826267 -0.00082089354430856963 0.0052196845338154064 -0.0084922241578638483 -0.0020029504449090019 0.0036231480560731848 -0.008488039828011185 -0.0029199742505264191 -0.0035204604148021102 0.0023040639834591239 0.0015975373745504503 -0.0071809968954114874 -0.004761333479913101 -0.0047575453172240562 -0.014030274346131216 -0.010535432150992173 -0.0068970088759361175 -0.014092707249934401
leaf_weight=41.790503889322281 112.71557283401489 129.38813519477844 68.025098353624344 128.4748871922493 161.94857013225555 72.8763427734375 67.303410768508911 114.57192659378052 309.44244349002838 113.03105056285858 82.388186693191528 108.07254940271378 49.031617969274521 65.020260572433472 100.04110836982727 63.298817008733749 80.718986630439758 83.687268376350403 172.37179404497147 85.431664645671844 57.391661375761032 86.333928644657135 112.65380153059959 63.420938432216644 58.500754356384277 62.923449695110321 41.208027690649033
leaf_count=108 113 43 123 60 129 105 96 119 169 129 97 90 94 89 87 104 95 94 147 89 98 101 172 134 117 86 97
internal_value=0.000208152 0.00529514 -0.00523512 0.00404466 0.00310813 -0.00323111 -0.00185364 -0.000872599 0.00561157 -0.00208474 -0.000561005 0.00132636 -0.0116019 -0.0062631 0.000567205 -0.00739843 -0.00521682 -0.000105881 0.000699926 -0.000935066 -0.0102243 -0.00283719 -0.00609959 -0.0112459 -0.0123534 -0.00538142 -0.0153921
internal_weight=2692.06 1391.57 1300.49 1262.19 1133.71 989.145 680.147 526.552 471.391 411.98 281.753 662.32 311.344 308.998 554.247 243.978 153.595 454.206 341.491 169.119 228.345 168.722 175.953 170.953 121.922 130.227 82.9985
internal_count=2985 1021 1964 978 918 1316 828 628 298 509 327 620 648 488 530 399 200 443 330 183 443 198 276 345 251 182 205
is_linear=0
shrinkage=0.0161547


Tree=56
num_leaves=24
num_cat=0
split_feature=43 43 43 42 17 13 44 43 1 43 23 0 43 0 52 6 4 50 50 6 19 19 0
split_gain=257.24 85.3613 57.7096 24.5726 16.4491 16.4832 13.8741 8.9266 7.78179 7.32976 7.17706 6.51323 5.2641 5.1556 4.00345 3.80114 3.38965 3.17557 2.94046 2.45988 2.06593 3.37774 0.307837
threshold=1.1053500000000003 3.0402500000000008 0.68885000000000007 3.5000000000000004 0.023255487640259188 0.16642427953031005 79.500000000000014 1.5776500000000002 2.5000000000000004 0.54715000000000014 0.6896855334904789 0.37166033167545598 0.93070000000000008 0.50189228043061396 0.99585146972637795 0.1200342702983853 0.012054193093733744 81.000000000000014 90.500000000000014 0.03792510669435975 0.047545173280060297 0.023198552834540271 0.0070610338728721083
decision_type=2 2 2 2 2 2 2 2 2 2 2 2 2 2 2 2 2 2 2 2 2 2 2
left_child=2 3 9 6 12 -6 8 -5 11 -1 -7 15 17 18 19 16 -2 -4 -12 22 21 -19 -11
right_child=1 -3 4 7 5 10 -8 -9 -10 14 13 -13 -14 -15 -16 -17 -18 20 -20 -21 -22 -23 -24
leaf_value=-0.016107375352750246 0.0015251114695334419 0.0175897828401799 -0.01032767862529858 0.0035483451413943759 0.0033623661425260724 -0.0075530862567125875 0.0063777211286858912 0.0084076344060164069 0.0034539075984060114 -0.012198212375306746 0.0011779316165223396 -0.0033833196433474479 -0.0030094785861977938 -0.0045230362499081526 -0.0070521960610762735 0.0036798438414013517 -0.0023624449676298278 -0.0069006328873164524 -0.002707436046624068 -0.0086864851637925081 -0.0085617817227246415 -0.0020165693378380103 -0.013969927039226174
leaf_weight=65.589354604482651 136.77601265907288 124.75634753704071 58.345534861087799 151.90994548797607 138.4605296254158 76.136822044849396 151.8134668469429 281.45059180259705 222.81852239370346 64.064661890268326 119.58998245000839 124.30595684051514 126.98211351037025 135.50440108776093 79.626035809516907 95.099325299263 102.32084333896637 100.90098655223846 88.416017174720764 54.464229851961136 63.31610518693924 58.309344947338104 42.620404630899429
leaf_count=168 137 41 100 124 167 105 111 148 161 136 135 112 166 163 146 84 104 167 107 98 98 84 92
internal_value=3.91494e-05 0.00484016 -0.00521061 0.00358425 -0.00327301 -0.00147089 0.00196136 0.00670426 0.000977293 -0.0113198 -0.0030656 -0.000226269 -0.00573903 -0.00207098 -0.0100156 0.000948012 -0.000138558 -0.00697306 -0.000473601 -0.0114799 -0.0060935 -0.00511189 -0.012906
internal_weight=2663.58 1391.25 1272.33 1266.49 965.962 558.108 833.134 433.361 681.321 306.365 419.647 458.502 407.854 343.51 240.775 334.196 239.097 280.872 208.006 161.149 222.526 159.21 106.685
internal_count=2954 1022 1932 981 1292 677 709 272 598 640 510 437 615 405 472 325 241 449 242 326 349 251 228
is_linear=0
shrinkage=0.0161547


Tree=57
num_leaves=26
num_cat=0
split_feature=43 43 43 18 42 43 15 35 13 17 4 43 43 0 44 53 4 6 8 43 52 0 17 17 15
split_gain=254.145 68.953 66.0533 24.7401 19.3886 16.0876 17.1327 14.5714 17.3421 10.0755 15.1251 8.57543 8.33002 6.73008 6.02298 5.66894 4.6953 3.54062 6.14335 3.20139 2.88881 2.8677 2.33018 1.76918 0.55791
threshold=1.2235000000000003 0.68885000000000007 2.7722500000000001 5.5000000000000009 2.5000000000000004 0.90665000000000007 0.074666499260143057 1.0000000180025095e-35 0.18172877693885117 0.045804834923636385 0.10279181160896662 1.6849500000000002 1.0025000000000002 0.1127824653647652 78.500000000000014 0.94582288360085498 0.066142586726494923 0.011115029628308222 0.048038057982257847 0.54150000000000009 0.99757849208906302 0.31034765335985942 0.011581695096440628 0.023527594881122382 0.022212900035535794
decision_type=2 2 2 2 2 2 2 2 2 2 2 2 2 2 2 2 2 2 2 2 2 2 2 2 2
left_child=1 13 3 9 5 14 22 8 -6 23 15 -12 -8 19 17 -11 -14 -3 -19 -1 24 -20 -7 -2 -21
right_child=2 4 -4 -5 7 6 12 -9 -10 10 11 -13 16 -15 -16 -17 -18 18 21 20 -22 -23 -24 -25 -26
leaf_value=-0.015647585814938508 0.0010668638140160743 -0.0044517373153689296 0.015647213248907076 0.0082261614480071427 0.0082259190637258058 -0.0082329196049997725 0.0041307573297523969 -0.0034051853504399295 -0.0011960077874691843 0.0089727593566558076 -0.0017209963717821119 0.0042451080040954749 -0.004190156220629503 -0.0064243648142120477 -0.0015949602780338319 0.0041969508679567842 0.0009052121931487797 -0.011048346168769428 -0.0035559017590299086 -0.011805467471370476 -0.0082409976326645509 -0.0082313245198990734 -0.0040273447583223949 -0.001986287955611172 -0.014052814545416735
leaf_weight=56.422501504421234 107.16981106996536 111.32986658811569 157.07293009757996 306.81687122583389 103.82012504339218 72.609267383813858 111.77219837903976 125.01307529211044 100.17469561100006 134.68589973449707 132.11391597986221 119.96819680929184 87.013687789440155 65.086449086666107 68.893097192049026 125.12372601032257 103.14046877622604 97.602423369884491 73.005400747060776 79.113863885402679 57.300229012966156 64.470667511224747 65.307162165641785 92.093280851840973 45.355900019407272
leaf_count=146 111 178 55 164 107 108 119 147 108 93 111 75 103 114 93 93 103 166 105 171 110 94 84 90 96
internal_value=0.000280989 -0.00415516 0.00589649 0.00439196 -0.00239491 -0.0036771 -0.00152403 0.000937709 0.00359914 0.00273775 0.00393746 0.00111833 0.000630839 -0.0110281 -0.0059574 0.00667274 -0.00142641 -0.006825 -0.00794894 -0.012286 -0.0112426 -0.00574848 -0.00624147 -0.000344209 -0.0126244
internal_weight=2662.48 1487.43 1175.04 1017.97 1184.15 855.144 439.843 329.008 203.995 711.155 511.892 252.082 301.926 303.279 415.301 259.81 190.154 346.408 235.078 238.192 181.77 137.476 137.916 199.263 124.47
internal_count=2944 2152 792 737 1515 1153 517 362 215 573 372 186 325 637 636 186 206 543 365 523 377 199 192 201 267
is_linear=0
shrinkage=0.0161547


Tree=58
num_leaves=27
num_cat=0
split_feature=43 43 2 43 44 40 43 44 52 42 51 50 52 52 4 15 19 53 52 0 50 53 43 53 43 43
split_gain=252.582 113.026 40.9654 16.9407 14.3342 13.2142 12.5424 11.3504 9.94522 8.92619 8.77269 7.79221 6.83213 5.59926 5.47981 5.32836 7.90919 3.9567 3.81483 3.57501 3.52722 3.35427 3.27467 3.05346 2.62342 0.294735
threshold=1.5984500000000004 0.81085000000000018 1.0979799851982135 0.5948500000000001 68.500000000000014 1.0000000180025095e-35 0.94535000000000013 75.500000000000014 0.92347314675762215 2.5000000000000004 20.500000000000004 92.500000000000014 0.9459008882877924 0.95515907072733131 0.02480107282595833 0.072787767066729001 0.15329535686101836 0.93932146596077304 0.99757849208906302 0.21272313433576726 88.500000000000014 0.9104106886150839 0.68525000000000014 0.9482380641546021 0.55930000000000013 0.5223000000000001
decision_type=2 2 2 2 2 2 2 2 2 2 2 2 2 2 2 2 2 2 2 2 2 2 2 2 2 2
left_child=1 3 7 24 13 6 11 -2 -7 18 15 14 -12 -3 -6 -8 -17 -18 21 -10 -20 -5 -23 -24 25 -1
right_child=2 4 -4 9 5 8 10 -9 19 -11 12 -13 -14 -15 -16 16 17 -19 20 -21 -22 22 23 -25 -26 -27
leaf_value=-0.016542260233111464 0.0036896544039717845 -0.0081125687200189478 0.014895157698402191 -0.01216988066164623 -0.0046584535871209611 -0.00093160965097118041 -0.0037811343090462034 0.0086268626749467243 0.0072115446167650985 -0.0013266748621754614 0.006151567122646453 -0.0084086180765448777 0.00037125757890600619 -0.0016428308764550161 0.0013916902184723846 0.0034672803724222884 -0.0036783495908743924 0.00039577048513514754 -0.0085455532641813634 0.0030923597981573187 -0.0029628618927940082 -0.010963288959001527 -0.0042544711633240723 -0.009075445492641868 -0.010998756281427435 -0.014562939469550278
leaf_weight=39.7160983979702 240.94262301921844 74.555548906326294 198.10496473312378 68.385245800018311 86.452463924884796 104.55349957942963 114.99242651462555 245.17191302776337 108.2913880944252 59.942962527275085 103.92006623744965 69.752815008163452 109.69412273168564 65.65171417593956 71.282700896263123 127.40882468223572 115.11010032892227 135.37076038122177 56.003605663776398 111.70598125457764 62.493614792823792 67.019474029541016 70.269346624612808 66.95600700378418 56.475890338420868 38.828046321868896
leaf_count=106 161 107 73 131 122 106 143 135 100 85 94 99 108 86 80 126 111 125 102 93 99 136 112 115 117 95
internal_value=0.000238935 -0.00267888 0.00870315 -0.00863431 -0.000183487 0.000362359 -0.000613436 0.00617974 0.00317047 -0.00713165 0.000448859 -0.00391254 0.00318329 -0.00508313 -0.00192431 -0.000736239 0.000190327 -0.00147652 -0.0080213 0.00511999 -0.00560133 -0.00907313 -0.00803628 -0.00660676 -0.0136543 -0.0155638
internal_weight=2669.05 1984.83 684.22 586.09 1398.74 1258.54 933.984 486.115 324.551 451.07 706.496 227.488 213.614 140.207 157.735 492.882 377.89 250.481 391.127 219.997 118.497 272.63 204.245 137.225 135.02 78.5441
internal_count=2967 2598 369 1098 1500 1307 1008 296 299 780 707 301 202 193 202 505 362 236 695 193 201 494 363 227 318 201
is_linear=0
shrinkage=0.0161547


Tree=59
num_leaves=26
num_cat=0
split_feature=43 43 43 43 44 17 40 40 2 42 35 44 43 6 8 52 43 13 13 43 19 52 13 2 19
split_gain=249.373 88.6741 39.1631 33.6621 11.0922 10.2456 10.9006 9.97889 9.86929 7.78945 10.59 11.8236 5.91808 4.92491 4.86963 4.58764 5.89799 5.10307 3.2128 1.97573 1.68564 1.86219 1.52371 0.9484 0.50336
threshold=0.98180000000000012 3.0402500000000008 0.70825000000000016 1.5776500000000002 71.500000000000014 0.010693518538289941 1.0000000180025095e-35 1.0000000180025095e-35 0.98881549104079036 1.5000000000000002 1.0000000180025095e-35 75.500000000000014 1.2116500000000003 0.090946903578009317 0.13916328962029587 1.0159266609216482 0.81680000000000008 0.19310610522644225 0.32856809180107283 0.57190000000000007 0.0060594390227754306 0.95515907072733131 0.020500914385898864 0.1101541120707495 0.0090664920851537354
decision_type=2 2 2 2 2 2 2 2 2 2 2 2 2 2 2 2 2 2 2 2 2 2 2 2 2
left_child=2 3 7 4 12 22 15 13 14 18 11 -11 23 19 -5 16 -7 -18 -6 24 -21 -22 -4 -2 -1
right_child=1 -3 5 8 9 6 -8 -9 -10 10 -12 -13 -14 -15 -16 -17 17 -19 -20 20 21 -23 -24 -25 -26
leaf_value=-0.013515562095858217 -0.0025855370254597746 0.016356754338601731 -0.005405711579440477 0.0070893502481066059 -0.0021794555484956446 -0.0062002380178913068 0.0019641380621419559 -0.0041900613906801516 0.0096139776933146948 0.008784644508626786 0.00011509877823770989 0.0023078546268521793 0.00079906748692629495 -0.0070942575188497267 0.0035001546859349656 -0.00750316573788469 0.0016266659882790248 -0.0035829890066251639 0.0018242015043655243 -0.014162453674495958 -0.012533367682109858 -0.0083682626189612828 -0.0083917064870974306 -0.0051925759552306008 -0.016044769338658428
leaf_weight=45.288042813539505 73.951221764087677 140.26100671291351 79.805272907018661 153.2352814078331 115.39139866828918 99.80098095536232 107.66732111573219 55.161737650632858 148.08673453330994 133.05232334136963 166.4051678776741 164.50343143939972 137.97908365726471 50.52258563041687 276.94239926338196 72.968664765357971 84.51643168926239 116.99741941690445 95.681563913822174 46.753145188093185 57.699982881546021 54.449033439159393 101.09587568044662 71.74704122543335 37.572956651449203
leaf_count=113 96 46 129 103 131 159 122 96 66 107 151 141 130 89 174 105 105 144 86 103 119 103 166 87 95
internal_value=0.00024149 0.00406071 -0.00609894 0.0029386 0.00108184 -0.00379618 -0.00256568 -0.0104921 0.00601694 0.00220829 0.00337878 0.00520396 -0.00159865 -0.0116814 0.00477868 -0.00386874 -0.0029886 -0.00139802 -0.000364556 -0.0126401 -0.0115855 -0.0105112 -0.00707442 -0.00386934 -0.0146624
internal_weight=2687.54 1677.24 1010.3 1536.98 958.711 662.852 481.951 347.447 578.264 675.034 463.961 297.556 283.677 292.286 430.178 374.283 301.315 201.514 211.073 241.763 158.902 112.149 180.901 145.698 82.861
internal_count=2966 1318 1648 1272 929 930 635 718 343 616 399 248 313 622 277 513 408 249 217 533 325 222 295 183 208
is_linear=0
shrinkage=0.0161547


Tree=60
num_leaves=24
num_cat=0
split_feature=43 43 21 43 43 42 13 44 52 21 23 51 53 43 51 43 53 51 50 23 13 43 44
split_gain=227.776 63.4236 58.3863 14.7623 14.377 11.2535 9.51447 8.65522 7.39966 7.63924 7.75422 5.2972 5.05585 6.3254 3.43264 3.81193 3.42944 3.29759 2.71503 2.31131 1.6312 1.317 0.520021
threshold=1.2160500000000003 0.80820000000000014 0.77745369890885641 1.5984500000000004 0.57190000000000007 2.5000000000000004 0.60362495184110421 70.500000000000014 0.89285503247052622 0.036801000993822865 1.7585712115030001 17.500000000000004 0.90772580004570147 1.3544500000000002 14.500000000000002 0.68525000000000014 0.94183029594696299 20.500000000000004 89.500000000000014 0.64906720238390159 0.024590635757308976 0.5223000000000001 71.500000000000014
decision_type=2 2 2 2 2 2 2 2 2 2 2 2 2 2 2 2 2 2 2 2 2 2 2
left_child=1 4 3 12 21 14 -5 17 16 -10 11 -11 -2 -14 -6 20 -9 19 -17 -3 -16 -1 -22
right_child=2 7 -4 6 5 -7 -8 8 9 10 -12 -13 13 -15 15 18 -18 -19 -20 -21 22 -23 -24
leaf_value=-0.016364199598256669 -0.0015084022175070649 -0.0067615441953872016 0.012483433142469342 0.0024826769359848418 -0.0048851659888592656 -0.0011222704752820612 0.0071768390822783707 -0.0014595585871879906 0.0036660198303535216 0.00023382226204619557 0.0034536334546438072 -0.0042364282084279845 0.0045514438193561459 0.00033650322790966747 -0.013393701353947506 -0.0094323919132950022 -0.0063114379998975576 -0.0011214732025795603 -0.0055964733609982012 -0.002968778212480675 -0.010771290875701356 -0.012523602751301348 -0.0085232903881541141
leaf_weight=40.390623211860657 112.2455085515976 108.57828956842422 234.02486956119537 176.58693873882294 65.445043116807938 66.618426442146301 311.39600139856339 83.280094146728516 134.98165598511696 130.31208169460297 84.332000017166138 147.46803748607635 182.34407180547714 189.46779865026474 45.290019392967224 91.300051957368851 69.954936951398849 68.472256064414978 101.89818847179413 68.314426422119141 58.6578588783741 55.074914395809174 49.532197833061218
leaf_count=110 104 161 93 137 110 97 164 94 161 142 78 176 158 167 103 163 91 88 165 83 118 129 93
internal_value=3.61892e-05 -0.00423308 0.0052394 0.00349535 -0.00842417 -0.00728268 0.00547816 -0.00154628 -0.000570848 0.000385902 -0.000836802 -0.00213935 0.00149646 0.0024036 -0.00827849 -0.00891907 -0.00367454 -0.00413163 -0.00740922 -0.00529681 -0.0108196 -0.0141485 -0.0097421
internal_weight=2675.97 1469.9 1206.07 972.04 574.207 478.742 487.983 895.694 650.329 497.094 362.112 277.78 484.057 371.812 412.123 346.678 153.235 245.365 193.198 176.893 153.48 95.4655 108.19
internal_count=2985 2162 823 730 1088 849 301 1074 742 557 396 318 429 325 752 642 185 332 328 244 314 239 211
is_linear=0
shrinkage=0.0161547


Tree=61
num_leaves=26
num_cat=0
split_feature=43 43 43 43 13 42 21 34 13 21 21 2 43 4 10 43 0 53 8 15 53 53 2 44 45
split_gain=219.266 70.1928 40.0585 22.9659 22.3229 12.811 12.7175 11.9996 9.95779 13.4377 13.8946 12.1789 9.87566 11.8277 8.57645 7.43111 4.88889 4.85164 4.63895 4.4783 2.283 3.70042 2.26379 1.64767 1.38425
threshold=1.0356500000000002 2.7722500000000001 0.68885000000000007 1.5776500000000002 0.5878556289926794 2.5000000000000004 0.054151002537592613 1.0000000180025095e-35 0.10444403405281609 0.22459317659525435 0.13759251564430797 0.081663037587976703 0.83105000000000018 0.027283178532970031 0.98559286105809163 0.54715000000000014 0.1127824653647652 0.91000072448503511 0.39182830433200921 0.09682912446853395 0.9122337679062138 0.97959265903042247 0.042722609615712677 71.500000000000014 1.0000000180025095e-35
decision_type=2 2 2 2 2 2 2 2 2 2 2 2 2 2 2 2 2 2 2 2 2 2 2 2 2
left_child=2 3 15 7 -5 12 -7 8 -2 10 11 -10 20 19 -15 -1 17 -17 -6 23 -4 22 -22 -14 -19
right_child=1 -3 5 4 18 6 -8 -9 9 -11 -12 -13 13 14 -16 16 -18 24 -20 -21 21 -23 -24 -25 -26
leaf_value=-0.015414496372917247 -0.0038710441043384521 0.014579712918451102 -0.0096528994962199102 0.00024772681387305292 0.0094015194205173992 0.0050554463672171186 -0.0034331043547271103 0.0050933723634040574 0.0046744380013519918 -0.0022542176170134713 0.0069069146303017996 -0.0030093319800986677 -0.0053180866090358344 0.0040064746298028751 -0.003389574521628979 -0.006441776382189875 -0.005291028032080849 -0.013744622451027555 0.0058674471681210202 -0.0020408770534031716 -0.002489666659949148 -0.0096434836887613288 -0.0066552440249552725 -0.0088976589942669267 -0.010383448378464073
leaf_weight=60.380765467882156 123.77391874790192 148.41973388195038 64.84869509935379 152.27588069438934 184.47757017612457 80.511723726987839 107.64413452148438 168.10243380069733 97.869550943374634 192.35788106918335 144.76608580350876 119.64781653881073 63.328106939792633 82.143247604370117 81.528082966804504 55.246835023164749 65.054883688688278 68.133875161409378 204.2574770450592 64.58475923538208 63.680097877979279 56.098032057285309 73.16752302646637 71.389780223369598 60.255484282970428
leaf_count=162 153 51 113 125 98 93 128 141 93 166 120 129 97 91 97 108 112 152 102 80 102 97 116 108 127
internal_value=5.88803e-05 0.00402048 -0.00538373 0.00289099 0.00549076 -0.00349355 0.000199139 0.00122947 0.000272048 0.00119662 0.00302888 0.000447896 -0.00461281 -0.00289562 0.000322349 -0.0103308 -0.00909654 -0.0104447 0.00754457 -0.00553829 -0.0070306 -0.00614925 -0.00471685 -0.00721498 -0.0121672
internal_weight=2653.94 1535.95 1118 1387.53 541.011 808.924 188.156 846.518 678.415 554.641 362.283 217.517 620.768 362.974 163.671 309.072 248.691 183.636 388.735 199.303 257.794 192.946 136.848 134.718 128.389
internal_count=2961 1178 1783 1127 325 1122 221 802 661 508 342 222 901 473 188 661 499 387 200 285 428 315 218 205 279
is_linear=0
shrinkage=0.0161547


Tree=62
num_leaves=25
num_cat=0
split_feature=43 43 43 17 43 42 44 42 6 0 51 17 53 51 44 43 53 53 2 8 15 0 13 15
split_gain=236.354 62.2364 45.6488 20.891 13.0978 14.1605 11.0159 12.5612 13.1196 12.0929 9.46752 7.94119 8.09319 6.63299 5.49788 3.15624 2.99341 4.94365 2.29141 2.04815 1.97786 1.60988 0.63682 0.703481
threshold=1.1053500000000003 2.7722500000000001 0.68525000000000014 0.045804834923636385 0.90385000000000015 2.5000000000000004 79.500000000000014 3.5000000000000004 0.62188166797345568 0.37166033167545598 19.500000000000004 0.037244737372534954 0.92589480976418181 14.500000000000002 73.500000000000014 0.54150000000000009 0.9122337679062138 0.93753587324282261 0.074591025026347513 0.048583842497532316 0.069619832819761404 0.013225960969886 0.016624237676854864 0.028460662166556395
decision_type=2 2 2 2 2 2 2 2 2 2 2 2 2 2 2 2 2 2 2 2 2 2 2 2
left_child=2 3 13 10 5 16 7 8 9 -5 20 14 -13 -1 -6 -15 -4 -18 22 21 -2 -19 -17 -24
right_child=1 -3 4 6 11 -7 -8 -9 -10 -11 -12 12 -14 15 -16 18 17 19 -20 -21 -22 -23 23 -25
leaf_value=-0.0053341014232913021 -0.00099862861186450556 0.014587133424937223 -0.0086781745683441845 0.0033665613779126449 -0.0056942757430037873 0.00060306352906341345 0.0078559193619741497 0.0066878339877086274 0.0069518179151141796 -0.0024656305547707874 0.0033557830203885565 0.0044652237262076061 -0.00162308824070559 -0.015372077850046857 -0.0005657067873857005 -0.013038646830896249 -0.0024300945516640012 -0.0064001052383479244 -0.0075782111131765173 -0.0051335557519209341 -0.0044633098627686442 -0.010236858328234608 -0.0094349636481374111 -0.012321720417146003
leaf_weight=52.22263166308403 87.106305360794067 148.54702198505402 108.87020409107208 207.19865083694458 128.02272778749466 92.961310356855392 217.56323337554932 247.70067054033279 116.95104783773422 168.02111011743546 110.2119277715683 92.686506390571594 147.91002291440964 48.41544845700264 95.053491175174713 58.761355936527252 91.786287575960159 55.300213605165482 45.247580975294113 91.151760518550873 84.92140781879425 58.98136693239212 44.396745681762695 43.731500595808029
leaf_count=102 97 51 178 173 179 114 127 149 72 142 106 89 167 132 113 136 136 93 82 132 91 102 94 92
internal_value=0.000112242 0.00470583 -0.00496695 0.00352178 -0.00326823 -0.0050845 0.0046604 0.00372074 0.00222746 0.000754942 -0.000340739 -0.00131337 0.00072235 -0.0105528 -0.00350898 -0.0116858 -0.00638649 -0.00554705 -0.0107569 -0.00693969 -0.00270897 -0.00838028 -0.011736 -0.0108674
internal_weight=2643.72 1388.22 1255.5 1239.67 962.724 499.051 957.435 739.871 492.171 375.22 282.24 463.673 240.597 292.775 223.076 240.553 406.09 297.22 192.137 205.433 172.028 114.282 146.89 88.1282
internal_count=2949 1008 1941 957 1303 755 663 536 387 315 294 548 256 638 292 536 641 463 404 327 188 195 322 186
is_linear=0
shrinkage=0.0161547


Tree=63
num_leaves=26
num_cat=0
split_feature=43 43 43 42 43 19 50 6 44 6 4 52 6 42 6 51 52 50 51 15 19 53 17 45 44
split_gain=215.502 61.487 50.2055 15.4243 10.3061 10.1903 8.79213 10.7885 8.50536 7.6492 9.60771 8.0556 6.65602 6.20669 4.61636 4.3451 4.14429 7.24028 2.73546 2.41936 2.4049 3.32791 2.25731 1.31794 0.722202
threshold=1.2160500000000003 0.82440000000000013 2.0450500000000003 2.5000000000000004 0.54150000000000009 0.10263515851024747 95.500000000000014 0.22176486295811024 70.500000000000014 0.0018356998290437396 0.027283178532970031 0.96701999508434089 0.5344677578869389 1.5000000000000002 0.25377073010226558 23.500000000000004 0.89641903898076214 95.500000000000014 18.500000000000004 0.1467996335962127 0.022054309646726847 0.93363190571070875 0.010906017528385702 1.0000000180025095e-35 68.500000000000014
decision_type=2 2 2 2 2 2 2 2 2 2 2 2 2 2 2 2 2 2 2 2 2 2 2 2 2
left_child=1 3 5 4 -1 -2 7 -7 18 -10 13 14 -9 -11 -12 16 22 19 24 20 21 -18 -6 -22 -3
right_child=2 8 -4 -5 15 6 -8 12 9 10 11 -13 -14 -15 -16 -17 17 -19 -20 -21 23 -23 -24 -25 -26
leaf_value=-0.015728849536458703 -0.00057260700041384446 -0.0065260415057327567 0.010123124524704692 -0.0011361057776450886 -0.012989040133021015 0.0078045723642365993 0.00050768082194619204 0.00040680078280136531 0.0036203477178159723 -0.0075410532011295972 -0.0041234768202226468 0.0034634255770725386 0.0051400010531654789 -0.001514217856910075 0.0010425699049873554 -0.012291906129672183 -0.0039323290185181879 -0.0012365716681215786 -0.0018057498503602435 -0.0047978792560084936 -0.012007381107602612 -0.0098645775843736773 -0.0082257812180852215 -0.0084091259864613327 -0.0041726144513728695
leaf_weight=52.219653993844986 166.14478713274002 65.84709495306015 374.8290668129921 76.074393332004547 47.330560475587845 203.26933509111404 153.97959452867508 140.06247127056122 111.08039939403534 76.131998181343079 94.579081654548645 143.91784286499023 173.68474614620209 107.65120524168015 86.362423419952393 58.56869500875473 51.55622062087059 53.224826782941818 101.40886014699936 56.01992455124855 55.061143666505814 47.340425878763199 57.517740994691849 51.329555451869965 70.424772679805756
leaf_count=145 174 96 161 114 103 146 121 112 126 108 109 143 101 123 87 119 95 85 131 87 107 98 103 94 91
internal_value=0.000171078 -0.00400089 0.00520939 -0.00793858 -0.00891468 0.00300927 0.00389618 0.00490535 -0.00121667 -0.000220228 -0.00105896 0.000611012 0.00302701 -0.00401083 -0.00165775 -0.00817017 -0.00759455 -0.00666736 -0.00381476 -0.00777354 -0.00858556 -0.00677201 -0.010376 -0.0102714 -0.0053098
internal_weight=2675.62 1463.65 1211.97 606.243 530.169 837.141 670.996 517.017 857.404 619.723 508.643 324.859 313.747 183.783 180.942 477.949 419.38 314.532 237.681 261.307 205.287 98.8966 104.848 106.391 136.272
internal_count=2979 2164 815 1150 1036 654 480 359 1014 696 570 339 213 231 196 891 772 566 318 481 394 193 206 201 187
is_linear=0
shrinkage=0.0161547


Tree=64
num_leaves=26
num_cat=0
split_feature=43 43 43 43 42 21 43 17 44 44 42 35 6 44 51 43 21 24 0 53 19 52 50 43 42
split_gain=207.236 63.3167 48.8187 22.7481 13.2309 19.416 14.0528 9.68089 8.65838 6.85434 6.51229 6.49511 9.41417 6.46672 6.4045 6.34577 5.43858 5.24584 3.81599 3.06468 2.57965 2.56765 5.74127 1.52979 0.564342
threshold=1.1053500000000003 3.0402500000000008 0.68525000000000014 1.5776500000000002 2.5000000000000004 0.037983670851606449 0.82835000000000003 0.012491362204774991 71.500000000000014 76.500000000000014 1.5000000000000002 1.0000000180025095e-35 0.19162384829135817 73.500000000000014 14.500000000000002 1.8542500000000002 0.14558359223883818 19.500000000000004 0.067258324345230061 0.98536692840785733 0.15956313148727616 0.92883891194968904 89.500000000000014 0.54150000000000009 1.0000000180025095e-35
decision_type=2 2 2 2 2 2 2 2 2 2 2 2 2 2 2 2 2 2 2 2 2 2 2 2 2
left_child=2 3 14 8 6 -6 19 -8 16 15 -10 12 -12 17 -1 -5 -2 -9 23 21 -7 -4 -23 -16 -25
right_child=1 -3 4 9 5 20 7 13 10 -11 11 -13 -14 -15 18 -17 -18 -19 -20 -21 -22 22 -24 24 -26
leaf_value=-0.0055190521998365024 -0.004419581564155917 0.014841965787618181 -0.0085633236917652539 0.0063294982658591431 0.0062726605989755881 -0.0050571376318060681 -0.0065136197318034876 -0.0053739579146330598 -0.00048274974053143607 0.0074556046487090589 0.0081462779537508443 0.00056533165320714731 0.001607378546182121 0.0013375717025084686 -0.015727515526431864 0.0018413336637852643 0.00098047184282600919 -3.9087230551548657e-05 -0.0085979808285547629 -0.010661629246300718 -0.0010587333118832719 -0.0084238777484329074 -0.0016590095905231065 -0.013524753565168409 -0.011253951622014712
leaf_weight=53.894317537546158 95.85022759437561 134.20037174224854 77.691260159015656 155.84491860866547 89.09434112906456 83.984709799289703 113.70298185944557 110.73600870370865 151.06901812553406 263.70079666376114 124.40820378065109 125.84921652078629 106.77919787168503 157.89743673801422 41.949044942855835 174.01116520166397 98.889063656330109 85.044488608837128 71.823300987482071 50.730161517858505 84.456615149974823 62.119113713502884 69.228470623493195 46.944758296012878 72.937193751335144
leaf_count=106 115 43 136 103 99 105 174 152 148 141 101 109 83 171 118 104 86 99 140 91 91 107 105 111 162
internal_value=6.04705e-05 0.00427885 -0.00468302 0.00318538 -0.00297294 0.000173643 -0.00408737 -0.00241309 0.00121884 0.00551402 0.00232888 0.00351853 0.00512614 -0.00109483 -0.010539 0.00396183 -0.00167742 -0.00305656 -0.0116969 -0.00709975 -0.00305233 -0.00623535 -0.00485837 -0.0130723 -0.0121432
internal_weight=2702.84 1430.6 1272.23 1296.4 984.686 257.536 727.15 467.381 702.845 593.557 508.106 357.037 231.187 353.678 287.549 329.856 194.739 195.78 233.654 259.769 168.441 209.039 131.348 161.831 119.882
internal_count=3000 1033 1967 990 1330 295 1035 596 642 348 441 293 184 422 637 207 201 251 531 439 196 348 212 391 273
is_linear=0
shrinkage=0.0161547


Tree=65
num_leaves=26
num_cat=0
split_feature=13 17 13 42 42 18 44 8 44 21 53 53 52 52 21 52 45 15 42 4 46 13 19 17 42
split_gain=167.644 41.7716 41.5656 21.0456 15.1284 14.4887 11.6332 11.2183 8.7615 8.70284 5.87967 11.0972 5.2667 7.18834 4.89272 5.42626 4.85872 4.48542 4.33455 3.8851 3.56929 3.06354 1.6641 1.41584 0.930665
threshold=0.50019795339197237 0.02263940786680731 2.1609684917875263 1.5000000000000002 2.5000000000000004 4.5000000000000009 68.500000000000014 0.048038057982257847 75.500000000000014 0.055771864763774708 0.98885778720309514 0.92922911230539262 0.98211227776791865 1.0210518742009838 0.075738764859276941 0.92027754702720543 1.0000000180025095e-35 0.028460662166556395 2.5000000000000004 0.085687894206472423 1.0000000180025095e-35 0.04228114497374879 0.040188764634337862 0.00094279832948254802 1.0000000180025095e-35
decision_type=2 2 2 2 2 2 2 2 2 2 2 2 2 2 2 2 2 2 2 2 2 2 2 2 2
left_child=1 3 5 9 6 16 -3 -6 -7 20 11 17 14 -14 -8 -16 -2 -5 -13 -9 21 23 -23 -1 -25
right_child=2 4 -4 10 7 8 12 19 -10 -11 -12 18 13 -15 15 -17 -18 -19 -20 -21 -22 22 -24 24 -26
leaf_value=-0.0094486308885007916 0.0023307954257878166 -0.0075546660735083685 0.011249214901714474 -0.0081256237618451584 0.0063608285020347963 0.003036022263282609 -0.0051894233249596654 -0.0022534981674931405 0.0073980956192493987 -0.0018383815031308142 -0.0071857946655406171 -0.0018761132134095231 0.0045523406812966495 -0.0019562792355364905 0.00092583024625287973 -0.004227622853585058 -0.002073181451888925 -0.0021218087379631339 0.0034946795920611303 0.0023422010305606867 -0.0059295060087501501 -0.0056780864134467713 -0.009713152739642926 -0.013690545917659966 -0.010721567973398429
leaf_weight=78.886789381504059 156.21801620721817 88.737810462713242 237.41398239135742 70.563838690519333 110.93389326334 245.46486461162567 110.90606462955475 101.88041988015175 235.41957378387451 49.185713171958923 67.280124992132187 73.155837625265121 81.64930272102356 96.768968969583511 139.37253260612488 86.362272173166275 112.430365473032 60.163083225488663 84.529411196708679 90.783760845661163 75.310187667608261 53.785977929830551 52.914240539073944 58.076145619153976 52.426990330219269
leaf_count=165 132 146 97 118 103 168 150 104 135 70 103 104 85 117 150 104 103 76 97 82 140 92 94 130 104
internal_value=7.20684e-05 -0.00302682 0.00535858 -0.00577788 -0.000673277 0.00349273 -0.00215239 0.00226839 0.0051715 -0.00822401 -0.00288546 -0.00188229 -0.00122165 0.00102225 -0.00241091 -0.00104579 0.000487714 -0.00536255 0.00100298 -8.79952e-05 -0.00906968 -0.00986838 -0.00767914 -0.0111018 -0.0122819
internal_weight=2670.62 1683.67 986.947 776.278 907.395 749.533 603.797 303.598 480.884 420.586 355.692 288.412 515.059 178.418 336.641 225.735 268.648 130.727 157.685 192.664 371.4 296.09 106.7 189.39 110.503
internal_count=2969 2334 635 1293 1041 538 752 289 303 795 498 395 606 202 404 254 235 194 201 186 725 585 186 399 234
is_linear=0
shrinkage=0.0161547


Tree=66
num_leaves=26
num_cat=0
split_feature=19 19 10 44 30 44 44 42 42 2 45 42 44 2 8 52 52 4 21 51 47 42 0 51 21
split_gain=159.978 39.5564 32.1618 22.4267 19.7141 20.771 14.5706 8.17315 7.28452 7.39666 6.96278 10.5206 10.0845 6.7698 5.46886 5.00695 4.38591 4.12546 6.47334 3.85062 2.73192 3.4135 2.00386 1.57251 1.00789
threshold=0.30509575058311983 0.029168994356411623 7.0469836853490273 68.500000000000014 1.0000000180025095e-35 83.500000000000014 80.500000000000014 2.5000000000000004 3.5000000000000004 0.1563243141556005 1.0000000180025095e-35 3.5000000000000004 74.500000000000014 0.0071239056730865247 0.053339529731633861 0.93769520135829054 0.91681468301125502 0.032909161942279747 0.091765311234714139 14.500000000000002 1.0000000180025095e-35 1.0000000180025095e-35 0.48851221371416664 18.500000000000004 0.04568286451038165
decision_type=2 2 2 2 2 2 2 2 2 2 2 2 2 2 2 2 2 2 2 2 2 2 2 2 2
left_child=1 7 6 15 5 13 10 19 9 -6 11 -2 -12 -5 16 -3 -15 -16 -19 -1 21 -21 -20 -23 -18
right_child=2 3 -4 4 8 -7 -8 -9 -10 -11 12 -13 -14 14 17 -17 24 18 22 20 -22 23 -24 -25 -26
leaf_value=-0.0042677621250348042 0.0019583989724542253 -0.0098477203631695473 0.011636202916491157 0.00093197609944558864 -0.0016131385161028094 0.0057512578745875301 0.0081667348747491084 -0.0023965855650807388 0.0068382289902205167 0.0047705815393301798 -0.0025885359347635447 0.0076672269254595068 0.0039262234284153852 -0.002571415089371963 0.00031484223063488415 -0.0043170185632484294 -0.0059530753690674775 -0.0072371111995055788 -0.00060922549709678303 -0.012766190405796364 -0.0063041154869969938 -0.010251806499901607 -0.0036528615432198691 -0.0070509914088480946 -0.0088279559319804878
leaf_weight=60.007845312356949 214.42209190130234 80.73894852399826 172.26831895112991 109.79384025931358 105.02461630105972 83.088142514228821 164.7822448015213 82.108342975378036 90.047185957431793 86.283844321966171 123.97596168518066 138.76492822170258 124.05994880199432 78.523467719554901 110.75275540351868 90.713685542345047 62.135354071855545 81.191630959510803 130.03063631057739 65.739487171173096 87.677006483078003 69.581576764583588 99.764606535434723 94.400377035140991 65.24096354842186
leaf_count=105 168 140 75 140 123 82 91 112 78 81 103 75 80 101 129 141 94 110 137 146 165 133 107 175 89
internal_value=-4.3487e-05 -0.00295265 0.00532928 -0.0014864 -0.000640698 -0.00190603 0.0039109 -0.00701567 0.00304941 0.00126604 0.00274447 0.00420136 0.000669947 -0.00276879 -0.00341617 -0.00692149 -0.00557435 -0.00236252 -0.00331601 -0.00802059 -0.00873011 -0.00965602 -0.00193061 -0.00840918 -0.00742556
internal_weight=2671.12 1732.84 938.273 1273.33 1101.88 820.521 766.005 459.515 281.356 191.308 601.223 353.187 248.036 737.433 627.639 171.453 205.9 421.74 310.987 377.406 317.398 229.721 229.795 163.982 127.376
internal_count=2980 2388 592 1552 1271 989 517 836 282 204 426 243 183 907 767 281 284 483 354 724 619 454 244 308 183
is_linear=0
shrinkage=0.0161547


Tree=67
num_leaves=24
num_cat=0
split_feature=43 43 43 17 44 19 23 43 15 8 43 19 51 24 17 42 44 53 8 8 52 15 52
split_gain=183.287 66.1713 33.6118 18.426 7.74631 11.0089 7.97155 7.28994 7.45312 13.2836 6.54085 6.01689 5.62431 5.24777 5.23133 5.2096 4.1349 4.02589 3.06775 3.04158 2.92387 2.03979 1.55711
threshold=0.98180000000000012 2.1222500000000006 0.68525000000000014 0.03682627414251529 79.500000000000014 0.42173806816088577 0.84574299864247837 0.80820000000000014 0.13802435683718287 0.13282998770388679 0.54715000000000014 0.040188764634337862 19.500000000000004 29.500000000000004 0.12042875118449746 1.5000000000000002 73.500000000000014 0.90384744284573093 0.18138559164181359 0.030777868668778702 0.94350096727249033 0.043878581460253044 0.93769520135829054
decision_type=2 2 2 2 2 2 2 2 2 2 2 2 2 2 2 2 2 2 2 2 2 2 2
left_child=2 3 10 16 5 6 -5 12 11 -10 -1 -9 15 -7 18 -4 21 -12 -8 22 -13 -2 -19
right_child=1 -3 7 4 -6 13 14 8 9 -11 17 20 -14 -15 -16 -17 -18 19 -20 -21 -22 -23 -24
leaf_value=-0.01484240800845164 -0.0014491283905047796 0.0098027005896659906 -0.0062827875617105797 0.0034007218776680851 0.0055760717846580253 0.0024663647738504416 -0.0045530263714277808 -0.0013734490661510223 0.0048755557020720743 -0.0040293283376610931 -0.0047731667045866543 -0.0037775532360883697 -0.0087329442709137024 0.0067765899088943734 0.0017203450909894207 -0.00038939272347308083 0.00023497761530256241 -0.013406503200741353 -0.00050891476776026635 -0.0067588061302021512 -0.008404605732400686 -0.0050304478820575029 -0.0097548716218343826
leaf_weight=60.900824248790741 77.125373184680939 329.70829004049301 94.790991425514221 170.02893179655075 209.25160640478134 153.54133212566376 99.565992593765259 122.01796206831932 84.802127480506897 90.237993955612183 48.892201095819473 66.568595111370087 99.430602312088013 141.79779517650604 119.849465072155 66.680977076292038 163.99697560071945 55.558804392814636 96.297588348388672 52.488160878419876 76.712818682193756 89.865724384784698 67.50003856420517
leaf_count=171 96 136 167 161 143 113 102 175 91 109 93 89 174 77 99 95 173 131 90 98 112 112 146
internal_value=3.64288e-05 0.00332835 -0.00547255 0.00171281 0.00281569 0.00207618 0.000580699 -0.00357048 -0.00230262 0.000284843 -0.010147 -0.00400978 -0.00571033 0.00453578 -0.00093804 -0.00384907 -0.00158705 -0.00887292 -0.00256471 -0.0100148 -0.00625488 -0.0033764 -0.0114035
internal_weight=2637.61 1651.03 986.582 1321.32 990.333 781.081 485.742 701.242 440.339 175.04 285.34 265.299 260.903 295.339 315.713 161.472 330.988 224.439 195.864 175.547 143.281 166.991 123.059
internal_count=2953 1302 1651 1166 785 642 452 1012 576 200 639 376 436 190 291 262 381 468 192 375 201 208 277
is_linear=0
shrinkage=0.0161547


Tree=68
num_leaves=24
num_cat=0
split_feature=43 43 43 17 43 44 50 51 43 51 15 53 42 6 51 5 43 40 47 51 43 4 13
split_gain=188.965 49.3009 34.3565 11.76 11.6802 7.28324 6.96458 8.59835 6.15284 5.46927 5.31368 4.78651 3.95407 9.17661 4.91194 4.44014 3.6151 3.43165 5.02606 3.32662 2.43577 2.65753 2.13564
threshold=1.0356500000000002 2.1222500000000006 0.67240000000000011 0.016555397843254518 1.5984500000000004 71.500000000000014 92.500000000000014 17.500000000000004 0.54715000000000014 16.500000000000004 0.14408190316833258 0.92602812251210009 1.5000000000000002 0.20017939305393775 18.500000000000004 1.5000000000000002 1.8001500000000001 1.0000000180025095e-35 1.0000000180025095e-35 17.500000000000004 0.75340000000000018 0.00056545775161106809 0.03200323270180324
decision_type=2 2 2 2 2 2 2 2 2 2 2 2 2 2 2 2 2 2 2 2 2 2 2
left_child=2 4 8 17 5 19 7 -5 -1 -10 -9 -8 15 14 -14 -7 -6 18 20 -2 -4 -22 -11
right_child=1 -3 3 6 16 12 11 10 9 22 -12 -13 13 -15 -16 -17 -18 -19 -20 -21 21 -23 -24
leaf_value=-0.01492985940176942 -0.0037153351618417737 0.0089122803774818651 -0.011495826032323249 0.0020387027516386115 0.0059913189227536129 -0.0023567286511059844 -0.0015914818565607393 -0.0060889270353010113 -0.0053594145339932835 -0.013443487825135436 -0.00072692474160024453 -0.006753333628818547 0.0026879217011678228 -6.3002492625809995e-05 0.0073255278442333231 0.0024412083624465921 0.0028131881379141275 -0.0028874624283313712 -0.0031459582017664602 0.00017614183198092195 -0.0049763089812276187 -0.0097899017379663375 -0.0092567569767013046
leaf_weight=59.803480833768845 100.96408087015152 341.25707179307938 51.964599102735519 149.90120840072632 180.74754595756531 103.13125002384186 78.13468524813652 86.654218673706055 69.444477617740631 53.649901211261749 108.78107219934464 117.2099789083004 131.30168569087982 175.81128621101379 109.14913779497147 98.330622136592865 193.29846322536469 61.916965961456299 60.067247688770294 132.64850330352783 61.789677441120148 58.055206835269928 78.059260576963425
leaf_count=170 115 142 105 181 116 112 101 125 132 132 130 168 121 143 92 90 123 88 95 136 99 99 162
internal_value=-0.000117234 0.00348182 -0.00526444 -0.00366455 0.00196948 0.000924041 -0.00225088 -0.000871911 -0.0103805 -0.00902792 -0.00310439 -0.00468868 0.00184293 0.00274209 0.0047931 -1.49251e-05 0.00434893 -0.00626619 -0.0071684 -0.0015057 -0.0085747 -0.00730811 -0.0109622
internal_weight=2662.07 1566.64 1095.43 834.475 1225.38 851.337 540.681 345.336 260.957 201.154 195.435 195.345 617.724 416.262 240.451 201.462 374.046 293.794 231.877 233.613 171.809 119.845 131.709
internal_count=2977 1190 1787 1191 1048 809 705 436 596 426 255 269 558 356 213 202 239 486 398 251 303 198 294
is_linear=0
shrinkage=0.0161547


Tree=69
num_leaves=26
num_cat=0
split_feature=13 19 2 44 42 44 44 30 42 21 44 13 6 19 44 15 53 52 46 0 52 19 44 52 42
split_gain=156.813 37.0314 36.9446 24.9363 13.6058 12.4054 11.7634 10.778 8.20727 10.7346 7.95218 6.95551 6.56185 5.92844 5.61481 10.9516 15.0395 5.39113 3.82216 3.48719 3.33224 3.2306 3.00436 2.8305 1.56333
threshold=0.50019795339197237 0.030857095507022318 1.0979799851982135 68.500000000000014 1.5000000000000002 75.500000000000014 83.500000000000014 1.0000000180025095e-35 3.5000000000000004 0.31286043719539991 74.500000000000014 0.10004650618033455 0.3573240869267581 0.046424576482876657 71.500000000000014 0.15669088397870931 0.9351131704727581 0.90643313574169759 1.0000000180025095e-35 0.2159591586147013 0.93769520135829054 0.1925011782599757 67.500000000000014 0.98451082917651822 1.0000000180025095e-35
decision_type=2 2 2 2 2 2 2 2 2 2 2 2 2 2 2 2 2 2 2 2 2 2 2 2 2
left_child=1 4 5 20 18 8 7 11 9 -2 -9 13 -7 -5 19 16 -16 -6 22 -13 -3 -17 -1 -19 -24
right_child=2 3 -4 6 17 12 -8 10 -10 -11 -12 14 -14 -15 15 21 -18 23 -20 -21 -22 -23 24 -25 -26
leaf_value=-0.013172555052139451 0.0028942916068090906 -0.0096182801862690313 0.010376360254971788 -0.0016605850882609129 0.00043534973246793496 0.0083003847593186783 0.0055308801930303185 0.0044395487702421754 0.0044488055459289341 -0.0040252388662716633 -0.00133513984434471 -0.0057029449926482212 0.0037924060341716836 -0.0087821857186928549 0.0065765660415971292 -0.0049028039607408903 -0.0020396830884147105 -0.0072682275515519382 -0.005037502022752236 -0.00089491892356837485 -0.0049428976290709593 -0.00079130962536091336 -0.010496556563648198 -0.0025245272383352473 -0.0073942238520641052
leaf_weight=51.570321202278137 120.9123583137989 75.180822521448135 276.41124957799911 59.054008424282074 67.169522136449814 142.53790631890297 83.437834173440933 149.5787073969841 143.78610074520111 113.37162721157074 106.57628971338272 92.269565343856812 206.13209801912308 63.103838473558426 110.79129844903946 97.906711459159851 101.12332603335381 74.500541239976883 56.139160543680191 68.663928598165512 84.495903015136719 101.66376924514771 74.434878587722778 58.684556484222412 98.469927281141281
leaf_count=127 109 133 117 86 95 95 82 151 86 100 109 124 127 100 114 112 125 118 106 82 134 103 156 90 180
internal_value=0.000298299 -0.00272714 0.00534943 -0.00120243 -0.00651171 0.00343746 -0.000285018 -0.000795431 0.00141054 -0.000454117 0.00203692 -0.00183998 0.00563529 -0.00533943 -0.00109318 -9.2587e-05 0.00246499 -0.00329613 -0.00880758 -0.00365155 -0.00714421 -0.00280836 -0.00975044 -0.00517804 -0.00872977
internal_weight=2677.97 1674.81 1003.15 1193.85 480.969 726.74 1034.17 950.731 378.07 234.284 256.155 694.576 348.67 122.158 572.419 411.485 211.915 200.355 280.614 160.933 159.677 199.57 224.475 133.185 172.905
internal_count=2961 2327 634 1455 872 517 1188 1106 295 209 260 846 222 186 660 454 239 303 569 206 267 215 463 208 336
is_linear=0
shrinkage=0.0161547


Tree=70
num_leaves=26
num_cat=0
split_feature=43 43 43 21 19 52 13 53 17 15 50 21 15 47 15 51 53 19 43 43 14 43 13 15 19
split_gain=165.315 64.1855 24.0632 20.8464 14.7265 11.5996 17.7798 13.1909 8.40128 10.8031 7.58487 9.26427 7.91321 7.39473 6.06861 5.61125 5.17909 5.11845 4.28433 3.90213 3.2604 2.32603 1.89712 1.61515 0.753362
threshold=0.91520000000000012 1.5984500000000004 0.67240000000000011 0.80230379706881894 0.029703432034952855 0.90343030307901173 0.19310610522644225 0.93545464895072616 0.0057527538463000129 0.033817245443487 94.000000000000014 0.13573219213403528 0.36231945035221397 1.0000000180025095e-35 0.24635996912488242 15.500000000000002 0.9188107011463954 0.40386861505851707 1.1118500000000002 0.76765000000000005 2.5000000000000004 0.55930000000000013 0.013012438573171577 0.012613887895981455 0.038203111329976398
decision_type=2 2 2 2 2 2 2 2 2 2 2 2 2 2 2 2 2 2 2 2 2 2 2 2 2
left_child=2 4 15 13 -2 18 7 -7 22 -10 11 -8 -13 17 16 -1 -11 -3 -6 -18 -21 -17 -4 -23 -25
right_child=1 3 8 -5 5 6 10 -9 9 14 -12 12 -14 -15 -16 21 19 -19 -20 20 -22 23 -24 24 -26
leaf_value=-0.0063542712724006392 -0.0049127173268917225 0.0038324190617902445 -0.010722692580020171 0.010785186624108538 -0.0048228530523148202 0.0098644438408045029 -0.0025042413735513044 0.0016028409929292264 0.0024650590518751868 -0.0090765787564924486 -0.002968661801663457 0.0063532570197347331 0.00071956125828211571 0.0018144162563781617 -0.00096755952134742909 -0.014561774466162778 -0.0074609992320870781 0.0078701156549642205 -0.0005611632181317588 -0.00020444646416828793 -0.0050814225274921016 -0.013300051769106669 -0.0063832314164784 -0.0079353669203127367 -0.010915678269596841
leaf_weight=66.384539276361465 133.40403831005096 152.71407830715179 51.338026374578476 199.42255091667175 93.919244766235352 106.2558079957962 108.62656956911087 96.008522391319275 68.757338434457779 82.11834654211998 136.90508371591568 112.39351516962051 154.52789443731308 165.6264625787735 96.730980694293976 56.466498285531998 68.853900253772736 176.78462612628937 178.6937353014946 67.660457670688629 75.909974873065948 40.575188964605331 53.891628175973892 44.798316955566406 43.75387442111969
leaf_count=138 179 110 98 73 117 98 118 107 102 134 136 95 126 103 122 159 119 86 161 90 108 100 95 97 90
internal_value=-0.000199773 0.00251649 -0.00623324 0.00637523 0.000125127 0.00080582 0.00188724 0.00594292 -0.00438244 -0.0034405 0.000286475 0.00147313 0.00309176 0.00459903 -0.00447827 -0.0103851 -0.00563123 0.00599875 -0.00202938 -0.00429933 -0.00278305 -0.0118269 -0.00850031 -0.0106309 -0.00940795
internal_weight=2632.52 1815.28 817.239 694.548 1120.73 987.33 714.717 202.264 565.261 460.031 512.453 375.548 266.921 495.125 391.274 251.978 294.543 329.499 272.613 212.424 143.57 185.594 105.23 129.127 88.5522
internal_count=2961 1509 1452 372 1137 958 680 205 868 675 475 339 221 299 573 584 451 196 278 317 198 446 193 287 187
is_linear=0
shrinkage=0.0161547


Tree=71
num_leaves=27
num_cat=0
split_feature=43 43 43 6 42 47 44 17 17 39 43 51 0 53 28 19 8 52 28 45 43 44 53 19 23 52
split_gain=168.317 46.6178 37.4419 17.2403 12.5779 10.0943 10.5741 10.2151 9.48094 8.71627 9.15869 7.82593 7.26304 6.27598 5.35006 5.0082 5.40515 4.1628 3.95019 4.34077 3.05613 2.34994 2.01998 1.64806 1.55189 1.41977
threshold=1.1053500000000003 2.7722500000000001 0.68525000000000014 1.1960893011101559 1.5000000000000002 1.0000000180025095e-35 79.500000000000014 0.18697555550087594 0.021530730149948298 1.0000000180025095e-35 0.81680000000000008 14.500000000000002 0.31530259670872252 0.91145497872686565 1.0000000180025095e-35 0.12228977806785631 0.11016209346228932 0.94848231247631942 1.0000000180025095e-35 1.0000000180025095e-35 0.54150000000000009 72.500000000000014 0.95624557092692297 0.030435284278981328 0.85463188738199947 0.94848231247631942
decision_type=2 2 2 2 2 2 2 2 2 2 2 2 2 2 2 2 2 2 2 2 2 2 2 2 2 2
left_child=2 3 11 4 12 6 7 14 13 10 24 -1 -2 -4 17 -12 -17 -6 19 22 -13 23 -15 -22 -10 -7
right_child=1 -3 8 -5 5 25 -8 -9 9 -11 15 20 -14 18 -16 16 -18 -19 -20 -21 21 -23 -24 -25 -26 -27
leaf_value=-0.0038853150418598163 -0.0032419526539288136 0.01234025855819163 -0.0084725134589719638 0.0083843574780118144 0.0051330734233876159 0.0014902121792706665 0.008262875379264626 0.0064971368418240338 -0.0078639447658779404 0.0034788860049064186 -0.0036182823236270826 -0.014772930444976556 0.0019811011723503118 -0.00083885008827417219 -0.0014345538817495554 0.0034594236983547426 -0.0016303471727829948 0.00068782534114299708 -0.00024225621917996432 -0.0072084109890910731 -0.0098303399774346458 -0.0077360146895487326 -0.0049363422791807773 -0.013823478818260541 -0.0041948590033653406 -0.00098353293518595132
leaf_weight=50.098803788423538 151.69076299667358 147.89411449432373 93.902684062719345 127.69821178913116 111.11447542905807 126.0075775384903 131.09360313415527 156.07945626974106 66.076265633106232 77.55302831530571 127.29530745744705 43.81588488817215 128.20505219697952 68.842211753129959 109.65850383043289 90.071721255779266 137.69007015228271 108.82280921936035 67.411891281604767 100.19538363814354 64.806958794593811 71.42986136674881 57.728116273880005 46.205128014087677 55.231394171714783 116.55585378408432
leaf_count=100 166 50 157 59 92 93 80 91 113 84 165 129 105 100 101 95 155 97 91 166 151 149 91 103 82 91
internal_value=-3.26344e-05 0.00375755 -0.004434 0.00275565 0.00212471 0.00309347 0.00419149 0.00309254 -0.00290008 -0.00154353 -0.00236118 -0.00966255 -0.000849556 -0.00483633 0.00148029 -0.00105188 0.000382477 0.00293361 -0.00367565 -0.00469632 -0.0109418 -0.0100217 -0.0027077 -0.0114924 -0.00619341 0.000301536
internal_weight=2633.18 1414.82 1218.35 1266.93 1139.23 859.332 616.769 485.675 941.998 553.918 476.365 276.357 279.896 388.08 329.596 355.057 227.762 219.937 294.178 226.766 226.258 182.442 126.57 111.012 121.308 242.563
internal_count=2956 1025 1931 975 916 645 461 381 1299 694 610 632 271 605 290 415 250 189 448 357 532 403 191 254 195 184
is_linear=0
shrinkage=0.0161547


Tree=72
num_leaves=29
num_cat=0
split_feature=43 43 43 21 44 30 45 21 15 19 42 43 52 52 0 53 53 17 21 0 53 50 15 53 43 43 52 53
split_gain=177.624 63.3621 30.437 20.5728 16.2657 15.091 11.8435 11.3936 11.6376 14.853 7.57597 7.88897 6.58703 8.04198 6.50651 5.91392 5.68202 5.24456 4.64464 3.59163 3.17935 2.92719 2.09749 1.99208 1.88425 1.35833 1.27231 1.04429
threshold=0.98180000000000012 3.0402500000000008 0.68525000000000014 0.88096521584349208 83.500000000000014 1.0000000180025095e-35 1.0000000180025095e-35 0.12603865128252464 0.61338591176040802 0.37769621888273758 2.5000000000000004 0.82440000000000013 1.0007657362848483 0.94848231247631942 0.065675023958639792 0.89631260918046507 0.95532178956145686 0.096217074737156599 0.1791614549860916 0.1127824653647652 0.98482089388940908 88.500000000000014 0.10486818341782804 0.93315091183345122 0.59250000000000014 0.75670000000000015 0.94848231247631942 0.95901628632432112
decision_type=2 2 2 2 2 2 2 2 2 2 2 2 2 2 2 2 2 2 2 2 2 2 2 2 2 2 2 2
left_child=2 3 15 4 5 7 18 14 9 17 11 20 13 23 -2 -1 -12 -9 -7 24 21 -4 -16 -13 27 -23 -26 -17
right_child=1 -3 10 -5 -6 6 -8 8 -10 -11 16 12 -14 -15 22 19 -18 -19 -20 -21 -22 25 -24 -25 26 -27 -28 -29
leaf_value=-0.004647540859462969 0.00028770087098611369 0.013609129177930048 -0.0081836076525160853 0.0081664462111723478 0.0074425593594779271 0.008274259076222262 0.00056472897777393952 -0.0016878096872393459 -0.0026504397218727145 0.0073921967594663823 -0.003208612638151091 -0.0015112062561486075 -0.0070408454764627109 0.0030656903510888961 -0.0025677156263395158 -0.015055143714019514 0.002966843010341543 0.0031020657818009957 0.0038467049420051773 -0.0070146036685550979 -0.010181764807474611 -0.002418004168420826 -0.0059245062024954765 -0.0052974722224803563 -0.012357080537171473 -0.0057398815074823665 -0.0084076021932225353 -0.011617118365923572
leaf_weight=46.592613965272903 146.02784591913223 143.91508948802948 74.055072963237762 145.97178828716278 121.25126314163208 121.01270365715027 179.89576494693756 124.31336921453476 127.99829906225204 130.20840567350388 85.710122793912888 70.233265995979309 66.981121987104416 74.38967826962471 98.39080274105072 53.947264313697815 71.170661389827728 114.69990342855453 126.43979912996292 47.484910100698471 49.752588003873825 61.520450979471207 95.956547439098358 74.980080306529999 40.332630157470703 67.230926960706711 45.078373730182648 40.267019957304001
leaf_count=94 167 45 135 66 83 102 149 119 86 86 112 91 97 91 114 148 81 94 83 92 93 100 106 107 95 112 97 106
internal_value=0.000176674 0.00336049 -0.00532625 0.00239784 0.00179038 0.00124859 0.00371889 -1.17703e-05 0.00154713 0.0030023 -0.0035315 -0.00444066 -0.00260618 -0.00125356 -0.00228901 -0.00989027 -0.000407051 0.0006108 0.00601193 -0.0109658 -0.00652228 -0.00562453 -0.00422509 -0.00346622 -0.0120104 -0.00415261 -0.0102726 -0.0135857
internal_weight=2645.81 1676.08 969.727 1532.17 1386.19 1264.94 427.348 837.595 497.22 369.222 696.024 539.143 286.584 219.603 340.375 273.703 156.881 239.013 247.453 227.11 252.559 202.806 194.347 145.213 179.625 128.751 85.411 94.2143
internal_count=2951 1300 1651 1255 1189 1106 334 772 385 299 1019 826 386 289 387 632 193 213 185 538 440 347 220 198 446 212 192 254
is_linear=0
shrinkage=0.0161547


Tree=73
num_leaves=25
num_cat=0
split_feature=43 43 43 19 44 17 0 16 2 42 43 53 0 52 0 51 15 53 43 45 53 4 51 43
split_gain=163.391 56.6699 29.4338 25.1972 15.2249 10.1188 12.2373 9.51761 7.76075 11.6665 7.01584 6.50889 6.2104 6.79238 6.55289 6.0324 5.80511 5.53713 4.27198 2.7274 1.7928 1.36017 1.02741 0.594051
threshold=0.98180000000000012 3.0402500000000008 0.68525000000000014 0.42173806816088577 80.500000000000014 0.023255487640259188 0.10335399216138637 5.5000000000000009 0.052220981764250975 1.5000000000000002 0.55930000000000013 0.91973258899656585 0.24645332343523077 0.94006676259205324 0.37166033167545598 16.500000000000004 0.29015772364004855 0.98746630832058668 0.86730000000000007 1.0000000180025095e-35 0.97032542170317393 0.075608410211181629 20.500000000000004 0.5223000000000001
decision_type=2 2 2 2 2 2 2 2 2 2 2 2 2 2 2 2 2 2 2 2 2 2 2 2
left_child=2 3 10 4 8 11 -7 -5 9 -2 23 -4 13 -10 -14 -12 -16 19 21 -13 22 -8 -17 -1
right_child=1 -3 5 7 -6 6 18 -9 12 -11 15 17 14 -15 16 20 -18 -19 -20 -21 -22 -23 -24 -25
leaf_value=-0.015625108599476894 -0.0026014375566132939 0.012921522638007697 -0.0094124404511879492 0.0026099806762627398 0.0054603492802171704 0.0025978673268539474 -0.0042072468515575905 0.0068474043600265291 -0.0068968328237126886 0.0043886960039120904 -0.0046833445218809168 -0.00059985853143773755 0.0030828816524133607 -0.00095440146417564921 -0.0042304661792074124 -0.0099034163809598261 0.00078654949090196252 -0.0080624054260489304 -0.0017627584280504648 -0.0050020626789156327 -0.0075806321141284015 -0.0075503341682718285 -0.013359180616534225 -0.012684690712771736
leaf_weight=36.039177358150482 96.412472695112228 137.29257476329803 90.062041372060776 263.97721058130264 138.98615598678589 114.41236090660095 64.198553293943405 290.63213247060776 92.415641665458679 176.16916900873184 76.099590569734573 84.690177023410797 113.30295461416245 109.88817793130875 116.00465971231461 43.708579927682877 125.09453040361404 68.236593067646027 138.96813255548477 64.855789691209793 40.379143297672272 62.860094308853149 46.166497230529785 35.686547607183456
leaf_count=110 118 43 160 171 111 146 96 144 105 165 145 126 103 114 119 97 100 118 165 106 88 93 109 96
internal_value=-9.30506e-05 0.00298102 -0.00537419 0.00208486 0.000512191 -0.00358213 -0.00182014 0.00483052 -0.000317106 0.00191628 -0.00980978 -0.00575963 -0.00141064 -0.003669 -0.000121504 -0.00829697 -0.00162738 -0.00424904 -0.00372023 -0.00250903 -0.0104082 -0.00586118 -0.0116786 -0.0141621
internal_weight=2626.54 1660.18 966.363 1522.88 968.274 688.284 380.439 554.609 829.288 272.582 278.08 307.845 556.706 202.304 354.402 206.354 241.099 217.783 266.027 149.546 130.254 127.059 89.8751 71.7257
internal_count=2948 1293 1655 1250 935 1010 500 315 824 283 645 510 541 219 322 439 219 350 354 232 294 189 206 206
is_linear=0
shrinkage=0.0161547


Tree=74
num_leaves=24
num_cat=0
split_feature=43 43 43 18 43 50 30 5 53 2 45 43 19 1 43 8 42 15 10 53 13 13 15
split_gain=152.537 58.6384 21.2286 16.0415 7.39221 9.24102 14.2122 7.75831 7.02488 8.17648 12.227 6.75656 6.58655 6.02055 5.88582 5.05182 4.30115 3.85728 3.63925 4.86083 3.16479 1.82188 1.72584
threshold=0.91520000000000012 2.1222500000000006 0.68885000000000007 4.5000000000000009 1.4671500000000002 88.500000000000014 1.0000000180025095e-35 1.5000000000000002 0.9188107011463954 0.040482941403477142 1.0000000180025095e-35 1.12355 0.10978592407057355 2.5000000000000004 0.54715000000000014 0.42398549337430741 1.5000000000000002 0.07757193829357685 0.3931776299411926 0.91000072448503511 0.41249317918221301 0.020500914385898864 0.20158646531890317
decision_type=2 2 2 2 2 2 2 2 2 2 2 2 2 2 2 2 2 2 2 2 2 2 2
left_child=2 3 14 4 5 17 7 11 12 10 -10 -7 -4 -5 -1 -15 -11 -2 19 -16 -6 -21 -19
right_child=1 -3 8 13 20 6 -8 -9 9 16 -12 -13 -14 15 18 -17 -18 22 -20 21 -22 -23 -24
leaf_value=-0.013910109523291308 -0.00054397565645158106 0.0087000034862934859 -0.0092148676455851841 0.00099391521415456425 0.00083227172120517087 -0.0020531748445709085 0.0054307566548643191 -0.0038526046228999238 0.0041033298137670964 -0.006980221061057057 -0.0050942298564053317 0.004076900112777576 -0.0024331948005607384 0.0065356675871084237 -0.004959620739697578 0.0026884629877821985 -0.0023513269513993833 -0.0057872570086776138 -0.0042823656645476927 -0.013407849247160545 0.0045917987722683077 -0.0093480884682519954 -0.0026786789271320095
leaf_weight=56.406487047672272 133.19269853830338 353.95006203651428 96.227382183074951 148.71324896812439 115.54356068372726 87.610251188278198 130.81879577040672 134.07914835214615 91.403107643127441 100.99028891324997 64.224151611328125 101.04082614183426 61.110838383436203 203.85534954071045 49.956375330686569 158.20156502723694 108.85495460033417 88.009790599346161 51.074214965105057 47.676624774932861 118.22968721389771 73.047464489936829 99.084545433521271
leaf_count=167 163 142 169 117 105 111 125 153 128 164 107 94 82 145 103 93 144 104 92 120 77 161 97
internal_value=0.00025474 0.00277869 -0.00564517 0.00139837 0.000216147 -0.000544378 0.000939138 -0.00088154 -0.00372682 -0.00249815 0.000307687 0.00123007 -0.00658084 0.00373056 -0.00925075 0.00485462 -0.00457903 -0.00264514 -0.00806557 -0.00919765 0.00273363 -0.0109514 -0.00414096
internal_weight=2673.3 1872.33 800.972 1518.38 1007.61 773.836 453.549 322.73 522.811 365.473 155.627 188.651 157.338 510.77 278.161 362.057 209.845 320.287 221.755 170.68 233.773 120.724 187.094
internal_count=2963 1526 1437 1384 1029 847 483 358 794 543 235 205 251 355 643 238 308 364 476 384 182 281 201
is_linear=0
shrinkage=0.0161547


Tree=75
num_leaves=26
num_cat=0
split_feature=43 0 43 44 43 42 17 35 19 40 21 53 53 53 19 23 53 52 50 21 43 43 10 19 10
split_gain=142.559 44.4271 41.4386 14.2243 11.9333 10.6854 13.3239 11.2036 10.0264 9.2611 8.73269 7.23278 5.88213 7.85785 5.86341 6.66735 5.29421 4.08452 4.10664 3.58117 2.62106 2.45314 1.97955 1.64231 1.45763
threshold=1.2160500000000003 2.6090915501487086 0.82440000000000013 79.500000000000014 0.59250000000000014 2.5000000000000004 0.018759706206513061 1.0000000180025095e-35 0.42173806816088577 1.0000000180025095e-35 0.22459317659525435 0.94582288360085498 0.92602812251210009 0.98337909075133567 0.091537198447371404 0.84574299864247837 0.90036100176946687 0.85785585624879357 95.500000000000014 0.0063338534208098839 0.54150000000000009 0.73120000000000018 0.70530312080823587 0.052253907005808224 0.19131164510272153
decision_type=2 2 2 2 2 2 2 2 2 2 2 2 2 2 2 2 2 2 2 2 2 2 2 2 2
left_child=2 3 4 8 20 6 24 -7 10 17 14 -10 16 22 -2 -16 -8 -6 19 -19 -1 23 -14 -21 -4
right_child=1 -3 5 -5 9 7 12 -9 11 -11 -12 -13 13 -15 15 -17 -18 18 -20 21 -22 -23 -24 -25 -26
leaf_value=-0.014515342623699667 -0.001389522175352784 0.01261891413154914 -0.0074664348835078815 0.0062862307022123086 -0.011164336488393468 0.0041512790273646591 -0.0013673016358611042 -0.0027528372679048552 0.0017559400487862481 -0.00096158427682265955 -0.0036815592625294331 0.0064715261769961729 -0.0065847520175459258 0.0012653890257197796 0.0058164045552456922 0.00067645617432070498 0.0043720759682549966 -0.010768467476816201 -0.0021607421648444135 -0.0057303538631657052 -0.0095143556657798743 -0.0043262516583024678 -0.0030007836532708154 -0.0097232340158845201 -0.0043195345513981371
leaf_weight=47.190787643194199 122.16242575645447 138.43785130977631 106.55300235748291 249.6542449593544 49.520094662904739 158.34127473831177 86.709556579589844 100.12829655408859 175.97347694635391 85.999957591295242 106.02960473299026 163.98999571800232 73.703986823558807 92.777028560638428 115.22379177808762 153.7394762635231 81.24451869726181 52.993524938821793 54.987403035163879 52.065730303525925 65.05340564250946 105.57188558578491 88.529007136821747 55.581744879484177 60.068314403295517
leaf_count=143 131 48 171 146 101 160 98 113 99 132 88 83 99 104 95 126 84 118 94 105 152 174 104 107 86
internal_value=-3.56131e-05 0.00399986 -0.00352484 0.00290192 -0.00689758 -0.00126205 -0.00246269 0.0014767 0.00189262 -0.00573775 0.000430619 0.00403062 -0.00093845 -0.00248453 0.00154538 0.00287841 0.00140901 -0.00684573 -0.00617992 -0.0070101 -0.0116169 -0.006076 -0.00462901 -0.007792 -0.00633195
internal_weight=2642.23 1225.21 1417.02 1086.77 568.965 848.055 589.585 258.47 837.119 456.72 497.155 339.963 422.964 255.01 391.126 268.963 167.954 370.72 321.2 266.213 112.244 213.219 162.233 107.647 166.621
internal_count=2961 816 2145 768 1126 1019 746 273 622 831 440 182 489 307 352 221 182 699 598 504 295 386 203 212 257
is_linear=0
shrinkage=0.0161547


Tree=76
num_leaves=26
num_cat=0
split_feature=43 43 23 44 50 51 43 52 47 51 8 17 53 44 4 15 53 15 4 45 53 13 53 50 43
split_gain=146.016 66.18 24.898 10.4953 9.82908 9.81657 8.99829 9.32912 7.22137 6.70644 6.25488 10.1992 9.5521 23.7261 7.64022 5.48834 5.48722 3.45821 2.75312 2.71914 2.7028 1.9712 1.82872 1.74026 1.27154
threshold=1.4178000000000002 0.76435000000000008 5.4282518530246398 71.500000000000014 95.500000000000014 19.500000000000004 0.57190000000000007 1.0007657362848483 1.0000000180025095e-35 18.500000000000004 0.009538193998457482 0.018004371361971503 0.93128346209804425 74.500000000000014 0.090389379997998065 0.12610905864637859 0.94880142052834515 0.20568764702222561 0.0064184476277005286 1.0000000180025095e-35 0.93128346209804425 0.20756100467150965 0.92349798135726757 89.500000000000014 0.54150000000000009
decision_type=2 2 2 2 2 2 2 2 2 2 2 2 2 2 2 2 2 2 2 2 2 2 2 2 2
left_child=1 6 4 5 8 19 24 21 9 -2 16 -12 13 -13 17 -7 -5 -14 -9 20 -3 22 -8 -24 -1
right_child=2 3 -4 10 -6 15 7 18 -10 -11 11 12 14 -15 -16 -17 -18 -19 -20 -21 -22 -23 23 -25 -26
leaf_value=-0.014848641359399764 0.0078948546107963074 -0.0014188460702594886 0.009993892209136785 0.00032799304911985413 4.7605543935379942e-05 -0.002801534744000442 -0.011767020712311015 -0.0058447550199676465 0.0019024241488135567 0.0036030583080099983 -0.0054503035304201957 0.008599129910518203 -0.0059975558543462135 -0.0017117137193202734 0.001213830552370312 0.0030402225187278302 0.0060057412512919224 -0.0014509134833447762 -0.00059924747240821662 -0.0070255663063789366 -0.0054682898667038748 -0.0060153299306054562 -0.010348629854146934 -0.0065081844537513292 -0.010724154361354545
leaf_weight=49.220770597457886 204.34105402231216 76.372310310602188 210.08134949207306 108.05051612854004 153.82971262931824 86.524808436632156 71.336636930704117 52.075370341539383 170.71137315034866 177.60795700550079 100.37741041183472 99.564294666051865 96.140140801668167 140.33222711086273 131.46288433670998 81.510090708732605 75.435187816619873 79.976894557476044 52.375744611024857 101.32305008172989 98.484749734401703 46.791643500328064 64.598359048366547 58.841424703598022 32.312958121299744
leaf_count=152 122 97 74 130 107 125 155 103 112 115 140 87 120 141 127 82 81 81 86 148 134 80 140 115 81
internal_value=-8.77052e-05 -0.00288564 0.00511121 -0.00104195 0.00365931 -0.00304661 -0.00838607 -0.00724843 0.0046646 0.00589915 2.9209e-05 -0.000716522 0.000151396 0.0025676 -0.00173312 3.21752e-05 0.00266225 -0.00393287 -0.00321446 -0.00491982 -0.00369961 -0.00899267 -0.00970793 -0.00851796 -0.013214
internal_weight=2619.68 1703.11 916.571 1275.55 706.49 444.215 427.553 346.019 552.66 381.949 831.34 647.854 547.476 239.897 307.58 168.035 183.486 176.117 104.451 276.18 174.857 241.568 194.776 123.44 81.5337
internal_count=2935 2405 530 1493 456 586 912 679 349 237 907 696 556 228 328 207 211 201 189 379 231 490 410 255 233
is_linear=0
shrinkage=0.0161547


Tree=77
num_leaves=24
num_cat=0
split_feature=43 43 43 10 19 42 52 8 2 44 0 53 42 0 0 43 53 53 43 51 19 17 15
split_gain=143.618 40.389 33.0313 10.746 10.4951 10.4065 8.24033 6.56989 6.36663 6.61585 7.21637 11.8098 6.30455 8.26891 6.30497 5.5673 4.74743 4.10254 4.03323 2.96077 3.3985 6.14046 0.590019
threshold=1.2297000000000002 0.81680000000000008 2.7722500000000001 0.25996533626346119 0.10263515851024747 1.0000000180025095e-35 0.9581557274773399 0.0086961608152970691 1.0979799851982135 78.500000000000014 0.37166033167545598 0.96804122695353101 3.5000000000000004 0.092958432514949549 0.50189228043061396 0.55930000000000013 0.9934281639060587 0.94880142052834515 1.0025000000000002 21.500000000000004 0.025669272160033476 0.0019482301144202305 0.0081479059114970779
decision_type=2 2 2 2 2 2 2 2 2 2 2 2 2 2 2 2 2 2 2 2 2 2 2
left_child=1 3 4 15 -2 -3 -5 17 9 10 -6 -12 13 -9 18 22 19 -7 -15 20 21 -17 -1
right_child=2 5 -4 6 8 7 -8 12 -10 -11 11 -13 -14 14 -16 16 -18 -19 -20 -21 -22 -23 -24
leaf_value=-0.01156249219344745 -0.00083786621834485298 -0.0059999543460067676 0.010684147604769663 -0.0074131722471658321 0.0042593526928314113 4.0949271514176523e-05 -0.00085377386523623395 -0.0067472262336291024 0.0064460946455221916 0.0055999581718268491 -0.0022456651388182819 0.00416773266603676 0.0022630887868938156 0.0018674201216927924 -0.0044237004743010065 -0.008100831501785 -0.012541918243204187 0.0049904457920186768 -0.0020747444436801585 -0.0099024497378642669 -0.0087437169219716487 -0.00075155781716261896 -0.014734090673125106
leaf_weight=31.538439005613327 164.24492472410202 112.93993589282036 165.2561366558075 95.913202792406082 220.6727597117424 117.28048172593117 104.37274903059006 90.374616086483002 167.35624277591705 182.05630666017532 179.45612335205078 128.64834344387054 92.439018368721008 145.40326327085495 119.23159295320511 56.063831120729446 45.654495596885681 69.665946632623672 126.79014065861702 63.09064507484436 67.740606248378754 63.020644783973694 29.744616687297821
leaf_count=92 170 163 55 173 165 147 166 127 75 109 131 82 90 170 134 121 103 80 143 134 132 115 90
internal_value=-0.000128668 -0.0035905 0.00397403 -0.0069897 0.00291029 -0.00142396 -0.00399495 -0.000745005 0.00361129 0.00294387 0.00202939 0.000432235 -0.00160134 -0.00234278 -0.00132586 -0.00867052 -0.00775172 0.00188539 3.11243e-05 -0.00687665 -0.00585485 -0.00421153 -0.0131019
internal_weight=2638.96 1431.26 1207.69 557.139 1042.43 874.125 200.286 761.185 878.19 710.834 528.777 308.104 574.239 481.8 391.425 356.853 295.57 186.946 272.193 249.916 186.825 119.084 61.2831
internal_count=2967 2180 787 1126 732 1054 339 891 562 487 378 213 664 574 447 787 605 227 313 502 368 236 182
is_linear=0
shrinkage=0.0161547


Tree=78
num_leaves=26
num_cat=0
split_feature=43 43 43 10 32 15 42 8 1 51 0 4 4 53 43 50 52 53 21 51 10 21 53 4 52
split_gain=150.734 50.8448 23.3304 22.7513 12.6915 12.1036 10.4492 10.3799 9.50128 10.9656 9.76276 7.93186 9.90844 7.14753 6.19722 5.70363 5.52974 10.9511 5.47088 3.7595 3.66501 3.2285 2.60396 1.72446 0.719611
threshold=0.98180000000000012 3.0402500000000008 0.67240000000000011 7.0469836853490273 1.0000000180025095e-35 0.13802435683718287 1.5000000000000002 0.58211769542988911 2.5000000000000004 21.500000000000004 0.37166033167545598 0.046465189198774938 0.011426605990786995 0.91145497872686565 0.54715000000000014 92.500000000000014 0.93769520135829054 0.94897416704711157 0.173865080579582 16.500000000000004 2.0742427933547227 0.14558359223883818 0.94795842163398525 0.013458501094990966 0.95335774496725556
decision_type=2 2 2 2 2 2 2 2 2 2 2 2 2 2 2 2 2 2 2 2 2 2 2 2 2
left_child=2 3 14 6 5 13 15 8 9 10 11 12 -8 -4 -1 21 17 -15 -7 -16 -10 -2 -18 24 -21
right_child=1 -3 4 -5 -6 18 7 -9 20 -11 -12 -13 -14 16 19 -17 22 -19 -20 23 -22 -23 -24 -25 -26
leaf_value=-0.014059898070448586 -0.0041675828153850533 0.012243471706095051 -0.0094947972093823944 0.0086730700035963903 0.0029449967885523485 0.0016430562899848028 0.0055211978101778521 -0.0019174397256856201 0.0037804366010638756 -0.0020292429336532581 -0.001209014781364289 0.0081726276909540839 -0.00054869055799016471 0.0025499734491988692 -0.0048015493459492714 0.0017020726131409859 -0.0090326379185230125 -0.0063516285439441482 -0.0036131339479199931 -0.012449993566295241 0.0075054759464430673 -0.00017343013986812931 -0.0049414949211186764 -0.0068305164987200939 -0.0093766653036011383
leaf_weight=54.190247505903244 116.64657226204872 147.01750957965851 100.81875675916672 133.36980330944061 73.202718943357468 104.00289043784142 165.38113272190094 121.02399092912674 139.48104977607727 136.36761301755905 105.80997812747955 102.87997376918793 121.92928391695023 67.100862443447113 67.315098166465759 156.51259869337082 66.133398145437241 77.987983793020248 102.7209155857563 40.712390452623367 136.27827101945877 96.511829793453217 105.16828724741936 39.802603542804718 38.86202409863472
leaf_count=168 143 45 178 58 90 131 149 75 105 125 89 77 115 96 133 157 115 132 134 105 78 82 169 81 92
internal_value=0.00027097 0.00316856 -0.00491621 0.0022978 -0.0034186 -0.0041652 0.00168996 0.00252677 0.00311904 0.00202786 0.00314329 0.00432353 0.00294525 -0.00574902 -0.00925042 -0.000639694 -0.00455542 -0.00223481 -0.000968741 -0.0078544 0.00562132 -0.00235915 -0.00652094 -0.00957586 -0.0109491
internal_weight=2617.23 1679.21 938.018 1532.19 697.136 623.933 1398.82 1029.15 908.127 632.368 496 390.19 287.31 417.209 240.882 369.671 316.391 145.089 206.724 186.692 275.759 213.158 171.302 119.377 79.5744
internal_count=2922 1298 1624 1253 1045 955 1195 813 738 555 430 341 264 690 579 382 512 228 265 411 183 225 284 278 197
is_linear=0
shrinkage=0.0161547


Tree=79
num_leaves=27
num_cat=0
split_feature=19 44 13 14 42 53 17 53 53 53 2 52 42 50 4 19 19 52 21 50 19 13 8 4 8 52
split_gain=91.6345 38.2562 18.594 17.6386 10.5844 10.1699 9.88724 14.2145 9.38043 13.3781 8.10479 6.97791 6.89034 6.79869 5.29467 4.9838 4.75288 6.38709 4.14656 3.01964 1.79021 2.71149 1.76758 1.62953 1.55868 0.519314
threshold=0.42173806816088577 70.500000000000014 0.048685575415873671 6.5000000000000009 2.5000000000000004 0.93821776264767565 0.023255487640259188 0.97032542170317393 0.90036100176946687 0.9104106886150839 0.067362830758272887 0.9916313361729393 1.5000000000000002 92.500000000000014 0.026401605783908304 0.18686539063181526 0.8444656278901107 0.93433062898844998 0.12013096756294762 89.500000000000014 0.014332916398887327 0.0097110676447303996 0.02341857654341771 1.0000000180025095e-35 0.16983390118283334 0.90158256402456893
decision_type=2 2 2 2 2 2 2 2 2 2 2 2 2 2 2 2 2 2 2 2 2 2 2 2 2 2
left_child=1 6 4 16 20 8 11 19 18 -10 -11 22 14 15 -7 -14 17 -2 -4 -8 21 -3 23 25 -12 -1
right_child=3 2 5 -5 -6 12 7 -9 9 10 24 -13 13 -15 -16 -17 -18 -19 -20 -21 -22 -23 -24 -25 -26 -27
leaf_value=-0.0074715085919961561 0.0042492774641449413 -0.0075460747566576565 -0.0035491617298054664 0.0078815043468751685 0.0016892696909184953 -0.0064694903422086178 -0.0075684438992311047 0.0029936994657237441 0.0088705068657117282 0.0054433224344656366 -0.0016190796086767245 -0.0036259808750650634 -0.00031523520382693301 -0.0027596551585412632 -0.001153916605742469 0.0040774172313756468 0.0051263566090781129 -0.00056982315305838618 0.0014904552277062847 -0.003470590528719951 -0.0092752583347507842 -0.0026228071515803824 -0.0067238071130570516 -0.012377365693988148 0.0013553540498282091 -0.0098473050485619294
leaf_weight=43.6825170814991 130.25957852602005 73.189474135637283 87.607518136501312 299.91729617118835 52.354028463363647 86.238890677690506 90.236923933029175 72.239748179912567 90.794172346591949 100.58730256557465 100.13573244214058 88.964034855365753 148.24780833721161 134.39101678133011 112.95764556527138 123.61267524957657 151.21474611759186 159.85755527019501 82.95173567533493 97.781957417726517 47.667397648096085 48.567383468151093 61.053970396518707 49.590895891189575 85.010622978210449 53.318731784820557
leaf_count=94 85 143 110 129 67 133 133 89 79 111 107 165 164 144 133 98 83 117 75 134 91 89 110 110 80 113
internal_value=3.01323e-05 -0.00182317 -0.000375824 0.00485855 -0.00465944 0.000448458 -0.00539512 -0.00309711 0.00204486 0.00346856 0.00175205 -0.00741149 -0.000994058 0.000212712 -0.00345521 0.00168207 0.00280424 0.0015939 -0.00109814 -0.0054373 -0.00662127 -0.00558224 -0.00903335 -0.00999525 -0.000253358 -0.00877741
internal_weight=2672.43 1931.18 1374.31 741.249 221.778 1152.54 556.869 260.259 547.087 376.528 285.734 296.61 605.448 406.252 199.197 271.86 441.332 290.117 170.559 188.019 169.424 121.757 207.646 146.592 185.146 97.0012
internal_count=2986 2572 1624 414 390 1234 948 356 562 377 298 592 672 406 266 262 285 202 185 267 323 232 427 317 187 207
is_linear=0
shrinkage=0.0161547


Tree=80
num_leaves=26
num_cat=0
split_feature=43 43 43 17 51 4 0 8 42 6 6 17 53 43 52 19 51 51 15 21 51 10 8 4 51
split_gain=139.97 37.971 21.678 10.6201 12.6541 10.0749 9.18543 11.887 8.86309 7.73619 10.1862 7.27434 5.95689 5.80517 5.95514 5.32183 5.11184 8.86182 5.0397 4.78642 4.21838 3.68187 2.48245 1.23018 0.611828
threshold=0.98180000000000012 2.1222500000000006 0.67240000000000011 0.035395318826052229 19.500000000000004 0.015522210259792424 0.25933766822591509 0.3772671876901047 2.5000000000000004 0.41774149803236488 0.22436193802962148 0.11764995444272233 0.89503366983423693 0.54150000000000009 0.99585146972637795 0.71967202430376009 16.500000000000004 17.500000000000004 0.089021801627629391 0.046407280386207526 22.500000000000004 0.24021814568637048 0.022725779204762795 0.021598652639054739 18.500000000000004
decision_type=2 2 2 2 2 2 2 2 2 2 2 2 2 2 2 2 2 2 2 2 2 2 2 2 2
left_child=2 3 13 4 19 -5 -7 9 11 10 -8 12 -4 -1 22 -9 23 -18 -10 -2 21 -19 24 -14 -15
right_child=1 -3 8 5 -6 6 7 15 18 -11 -12 -13 16 14 -16 -17 17 20 -20 -21 -22 -23 -24 -25 -26
leaf_value=-0.014016628434131243 -0.0055828813152698654 0.0074771734992296977 -0.0098008677612867572 0.0065221609083976912 0.0031731671831628657 -0.0015804769704557905 0.0057257346463751068 -0.0023152678362573583 0.0027881890745898308 0.0077100270390587653 -0.00031001235649514116 0.00076345994817578796 -0.0084112355057762173 -0.010278531543214536 -0.0038044922539313343 0.0021800421000095181 0.0024533817757536095 -0.0056494730062497641 -0.0030260939580081898 -0.00059674535850687076 -0.0080022375904236203 -0.0010066165661914114 -0.0068039519548376533 -0.0052748567610434588 -0.013063398000399242
leaf_weight=49.790970653295517 116.93759718537331 356.04799628257751 61.966166317462921 131.69202023744583 119.50349363684654 174.9362398982048 154.07436454296112 135.80821007490158 78.051393240690231 121.94861328601837 138.62494295835495 61.771999925374985 77.061916142702103 48.116476535797119 64.124624788761139 139.14873898029327 56.935034811496735 88.155820399522781 77.572168320417404 88.094675123691559 69.150420874357224 90.169092923402786 46.045031309127808 56.61428827047348 35.986068904399872
leaf_count=157 151 144 109 104 127 167 123 112 98 81 120 74 140 114 131 76 82 154 94 96 119 127 94 87 97
internal_value=-2.25828e-05 0.00279506 -0.00493639 0.00153288 -0.00100517 0.00235968 0.00172563 0.00256431 -0.00352161 0.00429145 0.00286715 -0.00446661 -0.00511269 -0.00909526 -0.00783394 -4.03055e-05 -0.00444956 -0.00329317 -0.00011 -0.00344053 -0.00461524 -0.00330184 -0.00981928 -0.00708292 -0.0114701
internal_weight=2638.33 1676.82 961.511 1320.77 324.536 996.233 864.541 689.605 717.448 414.648 292.699 561.825 500.053 244.063 194.272 274.957 438.087 304.41 155.624 205.032 247.475 178.325 130.148 133.676 84.1025
internal_count=2978 1301 1677 1157 374 783 679 512 1084 324 243 892 818 593 436 188 709 482 192 247 400 281 305 227 211
is_linear=0
shrinkage=0.0161547


Tree=81
num_leaves=26
num_cat=0
split_feature=43 19 43 42 40 19 53 8 53 51 19 4 4 42 8 21 19 15 23 15 50 17 10 2 15
split_gain=157.676 41.9337 24.4896 10.218 9.66112 13.6399 9.42696 11.1165 14.2654 9.20833 7.46419 5.72184 7.14274 6.65716 3.44783 3.11605 3.79905 2.66729 7.43972 4.30391 4.96172 1.69631 3.57326 0.678634 0.749656
threshold=0.98180000000000012 0.8444656278901107 0.68525000000000014 1.5000000000000002 1.0000000180025095e-35 0.10048390752255644 0.90036100176946687 0.34183142322308618 0.91827636368132548 15.500000000000002 0.3095824241698214 0.12349559283669535 0.0097435049662869967 2.5000000000000004 0.031755876533326739 0.04757468413430959 0.15664956859094645 0.012613887895981455 0.16358762505349064 0.14408190316833258 91.500000000000014 0.034305594926650085 0.31535395405384209 0.0096917031072681521 0.011766446536335446
decision_type=2 2 2 2 2 2 2 2 2 2 2 2 2 2 2 2 2 2 2 2 2 2 2 2 2
left_child=2 3 9 10 17 -6 -5 8 -8 -1 15 12 -10 -14 23 -2 -17 -4 -19 21 -21 22 -20 24 -11
right_child=1 -3 4 6 5 -7 7 -9 11 14 -12 -13 13 -15 -16 16 -18 18 19 20 -22 -23 -24 -25 -26
leaf_value=-0.0042050138237000956 -0.0043824242433159362 0.0080397271334118024 -0.0072297534549456526 -0.0011640635648135895 -0.0047197819410310709 0.0051007696393030226 0.0094524446304519692 -0.00019888475989690975 0.0054796030247316252 -0.013011720868180506 0.0034749408796929779 0.0066168942962807047 0.0040817107895084227 -0.00092752980017181039 -0.0077212172543289865 0.0015729549982595431 -0.0029862219844452127 0.00080108480198741959 -0.0078563897561964424 -0.00077455185980569957 -0.0061798599905656089 -0.0085030662261879868 -0.0027671925005644496 -0.014288407016678066 -0.010102061105389802
leaf_weight=68.422227293252945 83.4866603910923 364.36241233348846 77.111388951539993 138.93083065748215 73.477620601654053 74.163288176059723 117.6455026268959 177.6232962012291 135.24117910861969 54.244579672813416 94.991799712181091 104.99906045198441 112.22395169734955 180.75947028398514 55.215229898691177 98.230516195297241 92.72061562538147 71.697090178728104 75.187961429357529 106.09920638799667 76.111900299787521 68.730127573013306 69.090225905179977 39.733473360538483 40.259809821844101
leaf_count=145 113 151 145 116 108 79 84 125 123 155 70 70 98 158 118 102 96 114 128 136 107 110 107 107 102
internal_value=0.000237944 0.00318152 -0.0050358 0.0018574 -0.00345168 0.000213298 0.00273017 0.0033832 0.00436075 -0.0092847 -0.000428107 0.00323737 0.00240872 0.000991203 -0.0111193 -0.00177908 -0.000640856 -0.0044463 -0.00398661 -0.00485515 -0.00303242 -0.00641434 -0.00541934 -0.012517 -0.0117722
internal_weight=2650.76 1701.22 949.544 1336.85 691.669 147.641 967.423 828.492 650.869 257.875 369.43 533.224 428.225 292.983 189.453 274.438 190.951 544.028 466.917 395.219 182.211 213.008 144.278 134.238 94.5044
internal_count=2967 1306 1661 1155 1034 187 774 658 533 627 381 449 379 256 482 311 198 847 702 588 243 345 235 364 257
is_linear=0
shrinkage=0.0161547


Tree=82
num_leaves=25
num_cat=0
split_feature=43 43 43 43 40 52 43 17 51 44 15 4 4 2 52 52 43 51 44 21 43 21 18 44
split_gain=147.535 45.3622 24.0128 16.4892 15.6519 18.108 10.7064 8.80061 9.26601 7.40578 5.98534 8.14179 5.56879 4.52887 3.53491 3.51172 3.00151 2.58178 2.22881 2.13084 2.0354 1.85213 1.31455 0.622965
threshold=0.98180000000000012 3.0402500000000008 0.59250000000000014 1.5984500000000004 1.0000000180025095e-35 0.96240805599483303 0.73665000000000014 0.035395318826052229 19.500000000000004 75.500000000000014 0.15669088397870931 0.098841189638399163 0.011141434512675706 0.077810063011407235 1.0226814166942921 0.97032414843813874 1.2160500000000003 19.500000000000004 71.500000000000014 0.046407280386207526 1.3078500000000004 0.0039126801202579416 1.5000000000000002 71.500000000000014
decision_type=2 2 2 2 2 2 2 2 2 2 2 2 2 2 2 2 2 2 2 2 2 2 2 2
left_child=2 3 18 7 6 -6 14 8 19 -5 -9 16 17 -14 22 -15 -12 -8 21 -2 -13 -1 -4 -24
right_child=1 -3 4 9 5 -7 12 10 -10 -11 11 20 13 15 -16 -17 -18 -19 -20 -21 -22 -23 23 -25
leaf_value=-0.01047201640551077 -0.004625616880726228 0.011736988560260333 -0.010825198601388638 0.0026773559762101242 -0.0043379351223739697 0.0059277568487331109 -0.0073532972726646443 0.0048705226934552381 0.0026402824147840815 0.0062372275849215059 -0.0029565270256920501 0.0018684503701210621 0.0011894185381051605 -0.0016999116718065198 -0.0041812761547162028 -0.0062230311458959372 0.00064158255872721654 -0.0033983171922529237 -0.0084999450646576699 -0.0011813782956167725 0.0046517078816655623 -0.015558412243675239 -0.0065139832599492775 -0.0091440245300023603
leaf_weight=34.643181592226028 116.99634921550751 149.47823810577393 65.114220052957535 294.29834496974945 94.941831797361374 84.98067444562912 102.61246007680893 162.3788645863533 108.65270102024078 316.55584061145782 98.852971971035004 137.50813090801239 81.025114417076111 121.8645142018795 51.213306963443756 70.834473073482513 155.96710294485092 74.240559339523315 40.121146649122238 78.216423034667969 136.77887541055679 40.553870528936386 46.653499186038971 47.366904824972153
leaf_count=99 151 45 150 181 139 104 177 150 118 161 106 121 113 160 98 101 127 119 105 88 89 118 95 93
internal_value=0.000444203 0.00322492 -0.00466167 0.00243276 -0.00371359 0.000510738 -0.00486358 0.0011505 -0.001141 0.00452215 0.00215746 0.00132485 -0.00345873 -0.00201514 -0.00787284 -0.00336257 -0.000754241 -0.00569305 -0.0115746 -0.0032456 0.00325638 -0.0132151 -0.00906087 -0.00783898
internal_weight=2711.85 1755.68 956.166 1606.21 840.848 179.923 660.925 995.351 303.865 610.854 691.486 529.107 450.577 273.724 210.348 192.699 254.82 176.853 115.318 195.213 274.287 75.1971 159.135 94.0204
internal_count=3008 1337 1671 1292 1349 243 1106 950 357 342 593 443 670 374 436 261 233 296 322 239 210 217 338 188
is_linear=0
shrinkage=0.0161547


Tree=83
num_leaves=28
num_cat=0
split_feature=43 43 43 43 52 53 2 17 28 53 17 19 52 19 53 51 43 43 8 19 0 53 52 43 52 45 43
split_gain=116.104 49.1156 22.7328 16.6145 14.797 7.78227 8.25949 16.4126 6.75657 10.034 5.64594 5.19844 14.8322 7.98208 5.06258 4.8844 4.68545 4.39051 4.17428 3.71605 3.30492 2.68774 5.00254 2.53522 2.4379 1.62485 0.687687
threshold=0.91520000000000012 3.1809000000000007 0.68525000000000014 1.5776500000000002 0.89285503247052622 0.9188107011463954 0.042722609615712677 0.019535441836412964 1.0000000180025095e-35 0.93932146596077304 0.10872392874944169 0.10263515851024747 0.94507234061369272 0.218531781772248 0.95301020273056103 18.500000000000004 0.54150000000000009 1.3317000000000003 0.39182830433200921 0.10978592407057355 0.13766153948940454 0.93611791650428611 0.95335774496725556 1.12355 0.96701999508434089 1.0000000180025095e-35 0.62130000000000007
decision_type=2 2 2 2 2 2 2 2 2 2 2 2 2 2 2 2 2 2 2 2 2 2 2 2 2 2 2
left_child=2 3 16 4 17 19 7 14 11 -10 -5 12 -6 -13 -7 -15 -1 25 -12 -4 21 22 -18 -14 -8 -2 -23
right_child=1 -3 5 10 8 6 24 -9 9 -11 18 13 23 15 -16 -17 20 -19 -20 -21 -22 26 -24 -25 -26 -27 -28
leaf_value=-0.01340510070981072 -0.0054482828897334194 0.012781685655385261 -0.0079154205087469572 0.0016383824864429014 0.0045237848377113381 0.00066964905979724541 -0.0024507253386168732 0.0078030250710150748 0.0077044313307207072 0.00095559795600254837 0.0066388419642744879 0.0044548376047098817 -0.0060637686288433947 0.0022260110571853155 -0.006315624025086679 -0.0025692991064492298 -0.010671549926256862 0.00027672360245273883 0.0034012673482908392 -0.0027874784482552341 -0.0039863572715172239 -0.012507087276730994 -0.0028931562384894305 -0.0018824500822093306 -0.0060703185803386893 -0.0023541205511098113 -0.0094977518254575743
leaf_weight=47.942659646272659 101.82193207740784 113.3229513168335 99.031002342700958 186.46559017896652 79.96265184879303 54.587071388959885 119.43012726306915 58.85234209895134 106.03027844429016 125.59419468045235 208.0614595413208 180.39816081523895 79.519581943750381 113.26314979791641 53.728555738925934 108.57206696271896 44.569902986288071 89.390089273452759 207.65895318984985 58.764945358037949 46.096531599760056 40.229053139686584 41.828726440668106 72.206007301807404 81.838595479726791 78.392080008983612 39.058088362216949
leaf_count=154 126 33 178 139 86 87 172 72 85 123 109 170 111 95 98 96 111 74 92 82 86 105 86 81 125 90 92
internal_value=0.000267938 0.00247714 -0.00493398 0.001805 0.000654358 -0.00300381 -0.00171814 0.000935892 0.00168374 0.004045 0.00397401 0.00082098 -0.00110657 0.00193126 -0.0027953 -0.000120942 -0.00884471 -0.00265041 0.00502162 -0.00600572 -0.00781235 -0.0088768 -0.00690575 -0.00407388 -0.0039225 -0.00410234 -0.0110246
internal_weight=2636.62 1850.66 785.958 1737.34 1135.15 526.233 368.437 167.168 865.546 231.624 602.186 633.922 231.688 402.233 108.316 221.835 259.725 269.604 415.72 157.796 211.782 165.686 86.3986 151.726 201.269 180.214 79.2871
internal_count=2958 1510 1448 1477 1137 814 554 257 847 208 340 639 278 361 185 191 634 290 201 260 480 394 197 192 297 216 197
is_linear=0
shrinkage=0.0161547


Tree=84
num_leaves=27
num_cat=0
split_feature=43 43 43 21 44 42 21 43 37 53 32 39 43 51 52 23 0 19 53 53 10 13 13 6 52 43
split_gain=130.704 42.0292 20.6489 17.071 10.8611 9.16885 8.35593 10.2683 7.85969 7.55982 6.96317 8.92961 8.24314 4.99604 5.73266 12.0455 4.6281 6.0275 4.10779 5.11263 3.5141 3.04217 2.98283 2.97291 1.47684 0.794374
threshold=1.0356500000000002 3.1809000000000007 0.59250000000000014 0.88096521584349208 83.500000000000014 2.5000000000000004 0.099847617488450696 0.90665000000000007 1.0000000180025095e-35 0.94478689605954669 1.0000000180025095e-35 1.0000000180025095e-35 1.6553500000000001 22.500000000000004 0.9916313361729393 0.17957670978518117 0.37166033167545598 0.097367751614808401 0.91333509821843972 0.93665529189150665 0.31535395405384209 0.034555219041249259 0.048685575415873671 0.028617912649333038 0.9581557274773399 0.54150000000000009
decision_type=2 2 2 2 2 2 2 2 2 2 2 2 2 2 2 2 2 2 2 2 2 2 2 2 2 2
left_child=2 3 22 4 8 6 13 24 10 -7 11 12 16 14 18 -16 17 23 -4 -20 21 -21 25 -2 -8 -1
right_child=1 -3 5 -5 -6 9 7 -9 -10 -11 -12 -13 -14 -15 15 -17 -18 -19 19 20 -22 -23 -24 -25 -26 -27
leaf_value=-0.014537361089709811 9.029125230247292e-05 0.012001140297137761 -0.0091575437055517947 0.0071821838453983546 0.0063495115700489468 -0.0039959526603949415 -0.0065768508201236048 0.002301021298552025 0.005005891738211323 0.0023634871936213972 -0.0023768289683169844 0.0046031873858899692 0.003030599927762639 -0.0093776575547910822 0.0027368726158449215 -0.0074902371076347877 -0.0028798015681617329 0.0022304427005669604 -0.0010456955058973827 -0.0053769916543776183 -0.0031119317420436835 -0.010945826015672273 -0.0072984084005872111 -0.0043703206890357039 -0.0030858289976558799 -0.01121611171941541
leaf_weight=37.816182792186737 83.35508194565773 121.95240831375122 86.054695546627045 156.17271983623505 111.80563110113144 91.401672184467316 63.882229655981064 89.517752707004547 120.16313081979752 104.62384435534477 167.54435205459595 165.38245987892151 226.69521749019623 80.334257036447525 64.759942770004272 56.082915365695953 166.64219355583191 201.08563524484634 61.521427601575851 49.060147851705551 51.519654452800751 53.538594633340836 37.290636122226715 73.268319696187973 62.629028499126434 37.36276638507843
leaf_count=126 98 36 163 66 74 122 99 97 85 124 138 124 141 157 108 97 153 179 101 96 79 104 92 89 92 99
internal_value=-8.53953e-06 0.00288738 -0.00450174 0.00213238 0.00153309 -0.00369876 -0.00454323 -0.00188597 0.00108588 -0.000601757 0.000651325 0.00120494 0.000456638 -0.00568477 -0.00498267 -0.00200951 -0.000656175 0.000379722 -0.00617356 -0.00498275 -0.00655435 -0.00828295 -0.0110339 -0.00199638 -0.00484863 -0.0128868
internal_weight=2621.46 1594.07 1027.4 1472.11 1315.94 914.926 718.901 216.029 1204.14 196.026 1083.97 916.429 751.046 502.872 422.537 120.843 524.351 357.709 301.695 215.64 154.118 102.599 112.47 156.623 126.511 75.1789
internal_count=2939 1183 1756 1147 1081 1439 1193 288 1007 246 922 784 660 905 748 205 519 366 543 380 279 200 317 187 191 225
is_linear=0
shrinkage=0.0161547


Tree=85
num_leaves=25
num_cat=0
split_feature=43 43 43 43 50 42 17 29 30 8 8 13 43 43 52 53 6 8 0 21 15 47 13 45
split_gain=112.344 41.4697 14.594 13.1011 12.5039 10.3929 11.4693 9.94588 8.69569 6.55433 7.94123 9.5104 5.70678 5.28119 4.89331 5.30842 3.90643 3.46252 3.35079 6.11447 6.6505 2.37261 2.08603 1.57229
threshold=0.94535000000000013 3.1809000000000007 0.67240000000000011 1.2160500000000003 92.500000000000014 2.5000000000000004 0.024402137590181876 1.0000000180025095e-35 1.0000000180025095e-35 0.029592423316804832 0.42398549337430741 0.4909970289550632 0.82835000000000003 0.54715000000000014 0.94848231247631942 0.93363190571070875 0.025273148692422618 0.13154783777661158 0.39098440093219267 0.045055733052437895 0.15669088397870931 1.0000000180025095e-35 0.06159526728377198 1.0000000180025095e-35
decision_type=2 2 2 2 2 2 2 2 2 2 2 2 2 2 2 2 2 2 2 2 2 2 2 2
left_child=2 3 13 8 5 6 16 9 18 -5 11 17 -8 -1 22 -16 -4 -11 19 -2 -21 23 -15 -6
right_child=1 -3 4 7 21 -7 12 -9 -10 10 -12 -13 -14 14 15 -17 -18 -19 -20 20 -22 -23 -24 -25
leaf_value=-0.012980804899063234 -0.0039869243860931733 0.011742643553884971 -0.0045771564095734166 -0.00095216511441318036 -0.0062906956975624243 0.0027326952650720015 -0.00371416699518175 0.0062179515063321509 0.0029099129803204084 0.0030709100917690182 0.00036082383974993335 0.0057569398928243023 0.002298358976131815 -0.011703474545364387 -0.00045949217353065278 -0.0081684597124486585 -0.010084698934622818 -0.00072846852379762682 -0.0040941290694942404 0.004039828866974072 -0.0020179251822438141 -0.0038691713721695216 -0.0067429468017786171 -0.0096278226126473229
leaf_weight=47.578839629888535 97.488552927970886 115.82181060314178 93.123631626367569 155.87592643499374 85.241263002157211 99.888275355100632 73.911770313978195 179.93551290035248 156.38776141405106 152.04176950454712 264.36351835727692 293.31042337417603 93.080285608768463 52.508508414030075 46.264026463031769 46.987929463386536 52.590025812387466 106.41008591651917 103.26824802160263 94.04522430896759 95.147585988044739 57.298507988452911 38.233270317316055 64.89805468916893
leaf_count=154 136 34 172 148 139 120 121 104 160 132 145 170 109 138 90 109 99 93 114 101 102 88 81 116
internal_value=0.000117547 0.00238981 -0.00472285 0.00175195 -0.00343042 -0.00180376 -0.00325285 0.00272911 -0.000308367 0.00208326 0.00266301 0.00376604 -0.000362824 -0.00818329 -0.0069427 -0.0043439 -0.0065649 0.00150663 -0.00159905 -0.000700267 0.000993304 -0.00666586 -0.0096134 -0.00773318
internal_weight=2665.7 1814.1 851.604 1698.27 620.032 412.594 312.706 1151.94 546.337 972.002 816.126 551.762 166.992 231.573 183.994 93.252 145.714 258.452 389.95 286.681 189.193 207.438 90.7418 150.139
internal_count=2975 1439 1536 1405 964 621 501 792 613 688 540 395 230 572 418 199 271 225 453 339 203 343 219 255
is_linear=0
shrinkage=0.0161547


Tree=86
num_leaves=25
num_cat=0
split_feature=43 43 2 44 43 17 0 13 44 43 51 35 21 8 43 15 2 51 43 44 10 43 0 50
split_gain=109.515 51.8572 20.6428 15.359 9.59156 8.93698 7.47989 9.25991 7.18007 7.24683 5.87122 5.28588 4.50095 7.46457 3.93326 3.77941 8.07566 4.34274 4.38377 2.75395 2.44405 3.2438 2.34002 3.22153
threshold=1.4968500000000002 0.81085000000000018 1.0979799851982135 83.500000000000014 0.54715000000000014 0.03682627414251529 0.14077803121210505 1.0882626227684613 73.500000000000014 1.8873500000000003 22.500000000000004 1.0000000180025095e-35 0.22459317659525435 0.18138559164181359 0.68525000000000014 0.083078434220912004 0.060549579958001434 19.500000000000004 0.99115000000000009 72.500000000000014 0.22638588303461352 0.60740000000000005 0.14859437715602639 89.500000000000014
decision_type=2 2 2 2 2 2 2 2 2 2 2 2 2 2 2 2 2 2 2 2 2 2 2 2
left_child=1 4 8 5 -1 15 -7 12 -2 -10 11 14 13 19 20 16 17 18 -3 -8 21 -6 23 -16
right_child=2 3 -4 -5 10 6 7 -9 9 -11 -12 -13 -14 -15 22 -17 -18 -19 -20 -21 -22 -23 -24 -25
leaf_value=-0.013923630338879799 0.00056587940504394991 -0.0084710157617076103 0.0090758270136982646 0.0057553129179932008 -0.0066589160352897823 0.0027040463435938698 -0.00098096645681337987 0.0035224156520231387 0.001943534564284013 0.0063021870856318817 -0.010320906654969885 -0.0013146382691057374 -0.0043564211065758697 0.0021337774527859228 -0.0059724290446224043 -0.0053240820617502342 0.0018086083184597277 -0.00091958538535408154 -0.0029255955263540819 -0.0049959798501010549 -0.0051920718278945163 -0.012604299964459258 -0.0074404587276125844 -0.00068663205599639975
leaf_weight=45.871824771165848 189.76195240020752 66.2348812520504 207.622318983078 87.665643334388733 46.513651430606842 182.66053500771523 87.455517470836639 94.509510397911072 178.38292390108109 225.26284950971603 74.697125524282455 68.819601714611053 147.26040595769882 123.90383869409561 61.30575880408287 129.94292002916336 98.7784443795681 93.019660294055939 84.876706004142761 90.949339210987091 46.04994985461235 49.368508338928223 53.418890446424484 59.099742203950882
leaf_count=152 129 113 74 79 113 181 102 66 126 107 164 117 146 122 117 169 119 124 108 99 92 123 92 99
internal_value=-0.000274297 -0.00249355 0.00469155 -0.000772228 -0.00687997 -0.00124926 -0.000124519 -0.00107414 0.00315757 0.00437597 -0.00617646 -0.00537147 -0.00204044 -0.000912275 -0.00625566 -0.0029779 -0.00208883 -0.00366578 -0.00535625 -0.00302779 -0.00825099 -0.00972012 -0.00462642 -0.00337795
internal_weight=2593.43 1792.4 801.03 1287.26 505.145 1199.59 726.739 544.079 593.408 403.646 459.273 384.576 449.569 302.309 315.757 472.853 342.91 244.131 151.112 178.405 141.932 95.8822 173.824 120.406
internal_count=2933 2497 436 1428 1069 1349 716 535 362 233 917 753 469 323 636 633 464 345 221 201 328 236 308 216
is_linear=0
shrinkage=0.0161547


Tree=87
num_leaves=26
num_cat=0
split_feature=43 43 43 44 35 45 53 1 13 35 4 17 51 4 43 0 45 43 43 51 44 53 10 53 23
split_gain=106.268 39.274 19.4378 18.5868 11.5037 7.80939 9.95347 7.68846 11.4589 7.3326 6.66539 6.16313 14.3381 7.17215 9.25033 4.83074 4.62044 4.06752 3.29891 3.10772 2.20519 2.05466 2.00463 0.314721 0.244904
threshold=0.91520000000000012 1.5776500000000002 0.68525000000000014 78.500000000000014 1.0000000180025095e-35 1.0000000180025095e-35 0.97153716711260174 2.5000000000000004 0.56719995316272431 1.0000000180025095e-35 0.0014471884829368013 0.03682627414251529 19.500000000000004 0.075608410211181629 1.2491000000000003 0.13181630921583329 1.0000000180025095e-35 0.55930000000000013 1.0436000000000003 15.500000000000002 73.500000000000014 0.95848186569324789 0.14541003398248151 0.93821776264767565 0.054479489872188598
decision_type=2 2 2 2 2 2 2 2 2 2 2 2 2 2 2 2 2 2 2 2 2 2 2 2 2
left_child=2 7 4 9 17 6 10 8 11 -3 -4 12 18 14 -13 21 -9 24 -2 -19 -12 -7 23 -21 -1
right_child=1 3 5 -5 -6 15 -8 16 -10 -11 20 13 -14 -15 -16 -17 -18 19 -20 22 -22 -23 -24 -25 -26
leaf_value=-0.012731944373034983 -0.0063694731805615003 0.0010261819275621685 0.00080026315687772073 0.0081904842990871592 -0.0003219773581861153 -0.0090580964940658835 0.0030657016157544775 0.0044889755589475038 -0.0047326651099690925 0.0051633635598968535 -0.0068838137373508591 0.00080777056294773961 0.0028742253140375002 -0.0015085540097216051 0.0072655231698067072 -0.002600213634844248 0.00012173528920316304 -0.0047514218995735663 -0.0022511026141770738 -0.010693045975126488 -0.0028572327578528104 -0.0048693534284299997 -0.0075672279075979457 -0.012847632218652361 -0.014863287199556733
leaf_weight=28.859492361545563 79.052598714828491 238.52965658903122 68.578783243894577 294.01452589035034 37.289462625980377 81.229321777820587 88.41018733382225 151.80850327014923 139.73863857984543 210.43455839157104 89.649593353271484 143.00969779491425 140.62065538764 113.31588304042816 97.257069408893585 89.081294596195221 108.34194546937943 38.913407027721405 141.82538205385208 35.821923524141312 58.760826051235199 48.994901299476624 51.467321306467056 34.959768325090408 27.454655528068542
leaf_count=94 115 150 108 123 76 148 122 125 129 110 148 153 160 113 75 130 96 79 168 92 85 84 111 96 89
internal_value=5.54314e-05 0.00215579 -0.00495099 0.00503305 -0.00861208 -0.00317339 -0.00150329 0.000238487 -0.000501566 0.00296533 -0.00336488 0.000325261 -0.00115799 0.00184172 0.00342179 -0.00549912 0.0026702 -0.0100335 -0.00372507 -0.00872756 -0.00528955 -0.00748215 -0.00999321 -0.0117572 -0.013771
internal_weight=2637.42 1857.95 779.471 742.979 254.766 524.705 305.399 1114.97 854.82 448.964 216.989 715.081 361.499 353.583 240.267 219.306 260.15 217.477 220.878 161.162 148.41 130.224 122.249 70.7817 56.3141
internal_count=2979 1517 1462 383 637 825 463 1134 913 260 341 784 443 341 228 362 221 561 283 378 233 232 299 188 183
is_linear=0
shrinkage=0.0161547


Tree=88
num_leaves=27
num_cat=0
split_feature=42 19 15 44 52 34 52 3 0 0 17 53 52 6 19 6 42 46 4 53 44 19 51 53 21 0
split_gain=79.3605 32.6093 23.0163 13.0997 11.1374 10.7154 9.13241 10.595 8.27492 14.3572 7.54202 7.20311 6.90777 5.62254 4.76577 4.3239 4.31978 4.60709 4.21542 4.89228 4.12217 3.64498 3.24122 2.7795 2.4762 2.42163
threshold=3.5000000000000004 0.030857095507022318 0.86651967820665343 71.500000000000014 0.92347314675762215 1.0000000180025095e-35 0.94006676259205324 2.5000000000000004 0.060211663413481158 0.17143767202168078 0.19330552368792583 0.95939497315071243 0.94848231247631942 0.21566942007633669 0.17086048727229267 0.19620665178677441 1.5000000000000002 1.0000000180025095e-35 0.011577299766233248 0.9482380641546021 67.500000000000014 0.050882663957663214 18.500000000000004 0.9473272111110923 0.0063338534208098839 0.18751417761734832
decision_type=2 2 2 2 2 2 2 2 2 2 2 2 2 2 2 2 2 2 2 2 2 2 2 2 2 2
left_child=1 5 4 11 -2 16 7 18 -8 -10 13 14 -13 -11 21 -6 17 20 -5 -20 -1 -3 -18 24 -22 -23
right_child=2 3 -4 6 15 -7 8 -9 9 10 -12 12 -14 -15 -16 -17 22 -19 19 -21 23 25 -24 -25 -26 -27
leaf_value=-0.012808893794863999 0.005958173673650367 -0.0021444343049858731 0.0090531894145862938 0.00032638556454834611 0.0026783449967500662 0.0013271066767657029 -0.0020464683679884336 0.002335832419339638 0.0083535604596363458 0.0023785514886907281 0.0051645462664111942 -0.0030359186544362338 0.0032547558304961478 -0.002357947912492961 -0.0014623555512401881 -0.0016932829339424064 -0.006516847698005989 -0.0032648066334045301 -0.0017063844594440724 -0.0064286442863419778 -0.0083140775549151967 -0.0090347529486531353 -0.0012502663221518582 -0.010180726645010612 -0.0030380077981232542 -0.0046574286453177991
leaf_weight=47.804246932268143 166.68732351064682 56.418570518493652 243.3430660367012 90.427703619003296 118.73625889420509 54.662696659564972 103.46927133202553 171.50281336903572 102.2612596154213 132.49334102869034 105.05808144807816 92.647375971078873 89.625298589468002 129.17193707823753 119.21165585517883 117.45314705371857 60.086599558591843 51.767516404390335 130.09636056423187 102.25758895277977 45.791972011327744 72.544657945632935 61.927004814147949 56.606962651014328 47.084980815649033 60.480796635150909
leaf_count=134 119 97 88 105 103 87 129 127 104 128 68 125 105 129 125 84 105 106 138 118 102 124 95 127 89 89
internal_value=0.000213668 -0.00138825 0.00513033 -0.000305331 0.00276086 -0.00535043 0.000699686 -0.000908902 0.00208862 0.00300092 0.00150833 -0.00248913 5.7269e-05 4.03628e-05 -0.00399288 0.000504406 -0.00633411 -0.00755411 -0.00263292 -0.00378462 -0.0086796 -0.00558526 -0.00384384 -0.00735907 -0.00563932 -0.00704458
internal_weight=2629.62 1983.4 646.22 1557.67 402.877 425.732 1066.74 494.284 572.454 468.985 366.723 490.928 182.273 261.665 308.656 236.189 371.069 249.056 322.782 232.354 197.288 189.444 122.014 149.484 92.877 133.025
internal_count=2950 2556 394 1711 306 845 1046 488 558 429 325 665 230 257 435 187 758 558 361 256 452 310 200 318 191 213
is_linear=0
shrinkage=0.0161547


Tree=89
num_leaves=27
num_cat=0
split_feature=43 43 43 19 43 52 52 40 29 42 8 43 0 52 3 51 21 21 13 50 13 17 43 17 51 2
split_gain=95.3818 32.3685 26.095 13.6722 11.1536 9.16655 9.70776 12.1279 8.43879 6.47125 6.15586 7.87874 9.15463 4.24748 4.28866 4.20558 3.90196 8.99582 3.07168 2.97939 2.80725 2.73827 1.87642 1.07971 0.793587 0.328218
threshold=1.2160500000000003 0.80820000000000014 2.7722500000000001 0.10263515851024747 0.59250000000000014 0.89285503247052622 0.91485262813319512 1.0000000180025095e-35 1.0000000180025095e-35 2.5000000000000004 0.39182830433200921 1.4178000000000002 0.47944348116578955 0.92027754702720543 1.5000000000000002 19.500000000000004 0.023164489025433093 0.04568286451038165 0.048685575415873671 91.500000000000014 0.11985477051731526 0.12278852879938336 0.94190000000000007 0.019097709751056745 17.500000000000004 0.01363651196838977
decision_type=2 2 2 2 2 2 2 2 2 2 2 2 2 2 2 2 2 2 2 2 2 2 2 2 2 2
left_child=1 4 3 23 18 20 -7 16 10 13 11 -5 -13 19 15 25 -8 -18 24 -6 -3 22 -19 -2 -1 -15
right_child=2 5 -4 8 9 6 7 -9 -10 -11 -12 12 -14 14 -16 -17 17 21 -20 -21 -22 -23 -24 -25 -26 -27
leaf_value=-0.010678595934650236 -0.00050104322568208864 -0.0066377160166453562 0.0092482691180617339 0.00036683145720530652 -0.0061625825803529504 0.0048030355733436033 -0.0054319159961304106 0.0034269522818445356 0.0066822003521712367 8.7506918284358938e-05 0.00029562352796182911 0.002458903181333899 0.0074755389133919145 -0.0018750222642503957 -0.0078262033247311763 -0.0063722362000185693 0.0037871627974808406 -0.0052718057867935384 -0.006862282345347949 -0.011603066211421723 -0.0026244968285582693 -3.576758355012511e-05 -0.0023077842128961233 -0.003060463358713174 -0.014145598821092611 -1.4559183361507266e-05
leaf_weight=29.655545800924301 86.170417547225952 68.956601858139038 167.53222131729126 154.75610440969467 65.957802534103394 92.013328433036804 75.852559953927994 134.75683093070984 150.42512947320938 58.886364966630936 231.49618327617645 214.09995383024216 170.55835312604904 50.052655875682831 68.91394254565239 60.113321632146835 70.606955975294113 92.461426168680191 35.360156804323196 43.656934559345245 133.65231147408485 80.955055892467499 140.34798389673233 85.89152717590332 41.122023746371269 48.946727126836777
leaf_count=88 93 107 53 131 137 97 121 139 82 88 129 149 94 97 131 127 86 134 89 97 158 82 163 89 132 85
internal_value=9.26216e-05 -0.00282233 0.00331119 0.0024015 -0.00609919 -0.000970756 -8.02093e-05 -0.000835399 0.00318217 -0.0048542 0.00249922 0.00344491 0.00468329 -0.00571606 -0.0044598 -0.00300176 -0.00208345 -0.00142265 -0.0107504 -0.0083294 -0.00399037 -0.00259503 -0.00348496 -0.00177868 -0.0126929 -0.000955182
internal_weight=2653.2 1392.27 1260.93 1093.4 502.665 889.603 686.994 594.981 921.336 396.528 770.911 539.414 384.658 337.641 228.027 159.113 460.224 384.371 106.138 109.615 202.609 313.764 232.809 172.062 70.7776 98.9994
internal_count=2978 2158 820 767 1071 1087 822 725 585 762 503 374 243 674 440 309 586 465 309 234 265 379 297 182 220 182
is_linear=0
shrinkage=0.0161547


Tree=90
num_leaves=25
num_cat=0
split_feature=43 43 43 53 53 42 42 44 44 51 50 24 22 15 51 51 21 35 6 8 6 23 44 24
split_gain=104.807 36.3061 15.4731 11.1195 11.6004 10.504 9.0497 8.60272 7.03387 6.86261 6.13274 7.51277 6.72254 6.4899 4.86979 4.65453 4.37089 3.31954 3.1666 2.22375 3.79277 1.64698 0.787615 0.488971
threshold=0.91520000000000012 2.1222500000000006 0.67240000000000011 0.92349798135726757 0.89503366983423693 2.5000000000000004 1.5000000000000002 74.500000000000014 75.500000000000014 18.500000000000004 94.000000000000014 19.500000000000004 3.5000000000000004 0.42448625892552233 16.500000000000004 18.500000000000004 0.16789756109226153 1.0000000180025095e-35 0.045531225618227124 0.046500395928953935 0.013619223880612029 0.071358110626102186 71.500000000000014 4.5000000000000009
decision_type=2 2 2 2 2 2 2 2 2 2 2 2 2 2 2 2 2 2 2 2 2 2 2 2
left_child=2 3 14 4 16 8 9 -6 17 -5 12 -12 15 -14 -1 -8 -2 19 -10 20 -4 23 -23 -16
right_child=1 -3 5 6 7 -7 10 -9 18 -11 11 -13 13 -15 21 -17 -18 -19 -20 -21 -22 22 -24 -25
leaf_value=-0.005237192395734472 -0.0023877350048901597 0.0067577390914539941 -0.0057326620267284861 -0.0050803573893968296 0.0071012354619044843 0.0011691078913476285 -0.0026146804640861995 0.0020790099633500895 0.001329020114814671 0.0001478009334051953 0.0015959728491398526 -0.0045722023843654501 0.0059379744554622247 0.0010737390850583393 -0.010747076886555899 0.0023863653839209385 0.002269733771120986 -0.0023058399666492529 -0.0039320352757348763 -0.0048923702605457899 -0.011021609603952796 -0.010101759161352876 -0.0070121626387345285 -0.013630173717474138
leaf_weight=79.069214314222336 110.32395794987679 358.92103135585785 85.181610405445099 136.71060854196548 179.71716213226318 103.34715431928635 107.58692309260368 176.35706329345703 61.412683308124542 125.83026978373528 106.79675102233887 99.586960136890411 144.31675237417221 142.03201043605804 29.961135983467102 88.53667676448822 100.4792543053627 56.921030700206757 58.106586635112762 110.69843381643295 60.528520971536636 50.220969721674919 37.696260452270508 31.484387382864952
leaf_count=181 124 140 161 163 150 131 118 137 97 137 106 81 116 90 88 86 73 93 85 178 121 130 88 98
internal_value=8.34302e-05 0.00213702 -0.00495821 0.00104467 0.00283571 -0.00345825 -2.24911e-05 0.00461382 -0.00456308 -0.00257461 0.000950188 -0.00138038 0.00194712 0.00352526 -0.00847905 -0.000357043 -0.000167755 -0.00583497 -0.00122874 -0.00661841 -0.00792971 -0.0101952 -0.00877703 -0.0122244
internal_weight=2641.82 1877.2 764.628 1518.27 566.877 536.196 951.397 356.074 432.849 262.541 688.856 206.384 482.472 286.349 228.432 196.124 210.803 313.33 119.519 256.409 145.71 149.363 87.9172 61.4455
internal_count=2972 1521 1451 1381 484 866 897 287 735 300 597 187 410 206 585 204 197 553 182 460 282 404 218 186
is_linear=0
shrinkage=0.0161547


Tree=91
num_leaves=27
num_cat=0
split_feature=43 43 44 43 32 1 21 44 52 2 52 0 50 17 53 52 4 4 14 43 52 52 43 10 43 43
split_gain=87.3425 33.1224 24.835 18.7314 11.3421 7.96253 6.59836 7.68724 7.96385 17.392 7.22455 6.18529 5.83554 5.77409 7.08458 5.20881 5.06789 4.11199 4.0654 3.56783 2.63261 2.28736 0.85787 0.51479 0.493535 0.145453
threshold=0.94535000000000013 1.9172000000000002 76.500000000000014 0.68525000000000014 1.0000000180025095e-35 2.5000000000000004 0.22459317659525435 71.500000000000014 0.96797740560330181 0.066517958051807088 0.96181049592101975 0.1127824653647652 84.500000000000014 0.045804834923636385 0.9188107011463954 0.94350096727249033 0.026012103739959182 0.055016338631147098 5.5000000000000009 0.55930000000000013 1.0094567039945783 0.99757849208906302 1.4178000000000002 0.09985992962912256 0.60410000000000019 0.5223000000000001
decision_type=2 2 2 2 2 2 2 2 2 2 2 2 2 2 2 2 2 2 2 2 2 2 2 2 2 2
left_child=3 5 -3 11 13 6 7 10 9 -9 -2 19 -7 14 23 -16 -10 -15 -14 25 -17 24 -8 -5 -21 -1
right_child=1 2 -4 4 -6 12 22 8 16 -11 -12 -13 18 17 15 20 -18 -19 -20 21 -22 -23 -24 -25 -26 -27
leaf_value=-0.013838900332050964 -0.0045312507281906854 0.0014421798531901707 0.0088645412378363219 -0.0074912185906358033 0.0037686312703604503 0.0051490056995485414 -0.0037970624084492678 0.0070674108873883465 -0.0033952256003096635 -0.00086918953378580129 0.0013888929998920559 -0.0035227309310387942 -0.0010908213572072638 0.0014661005299272472 -0.00087657991929275905 -0.0078470443214710556 0.0018302436116442232 -0.0034217445934694459 0.0029863176735897634 -0.008237075857096942 -0.0031413424792775431 -0.0051820669529587587 -0.0017989827205676123 -0.009819637576697425 -0.010599461250155619 -0.012203996768347256
leaf_weight=28.042441412806511 130.30489447712898 219.06981176137924 254.1100013256073 50.874615520238876 58.545562267303467 132.00153082609177 109.99757641553879 149.7345295548439 104.74854695796967 138.90169352293015 91.620082467794418 56.261168092489243 126.55006957054138 75.028644204139709 108.25238642096519 68.491735577583313 90.099811315536499 111.92226675152779 128.76922214031219 39.368571221828461 56.721776932477951 44.419803947210312 114.40193122625351 48.312735766172409 55.776701897382736 28.77344337105751
leaf_count=99 167 113 98 96 73 90 105 139 119 137 101 111 115 97 172 121 84 153 83 101 94 98 78 89 143 90
internal_value=-0.00024673 0.00176214 0.00542818 -0.00457574 -0.00297223 0.000445115 -0.000365565 0.000401993 0.00154454 0.00324805 -0.00208716 -0.00824523 0.00239124 -0.00373174 -0.00500839 -0.00347174 -0.000978917 -0.00146012 0.000965467 -0.00959818 -0.00571536 -0.00820887 -0.00277841 -0.00862536 -0.00962197 -0.0130109
internal_weight=2621.1 1790.31 473.18 830.792 578.15 1317.13 929.809 705.41 483.485 288.636 221.925 252.642 387.321 519.604 332.653 233.466 194.848 186.951 255.319 196.381 125.214 139.565 224.4 99.1874 95.1453 56.8159
internal_count=2966 1429 211 1537 895 1218 930 747 479 276 268 642 288 822 572 387 203 250 198 531 215 342 183 185 244 189
is_linear=0
shrinkage=0.0161547


Tree=92
num_leaves=25
num_cat=0
split_feature=43 44 43 43 19 52 53 0 42 8 8 51 23 19 42 43 0 21 51 6 6 13 13 43
split_gain=109.772 24.6364 23.2044 22.4876 10.0082 7.73881 6.57876 7.80758 10.6773 8.48037 7.57602 7.52656 5.5899 10.9016 5.44355 5.14546 4.27235 4.23706 3.601 2.34712 2.00636 1.48512 1.35628 0.823439
threshold=1.1053500000000003 78.500000000000014 2.1222500000000006 0.67240000000000011 0.42173806816088577 0.86821236956945069 0.91333509821843972 0.45135332132285566 2.5000000000000004 0.051601176634615921 0.013671737701579414 18.500000000000004 0.84574299864247837 0.10735484148265205 3.5000000000000004 0.55930000000000013 0.22548923029889831 0.1897627803187126 16.500000000000004 0.031296948741633961 0.022042527951934832 0.03200323270180324 0.15559877571057446 0.5223000000000001
decision_type=2 2 2 2 2 2 2 2 2 2 2 2 2 2 2 2 2 2 2 2 2 2 2 2
left_child=3 4 -3 15 12 22 16 8 9 10 11 -8 13 19 -6 23 20 -14 -17 -2 -7 -20 -5 -1
right_child=1 2 -4 5 14 6 7 -9 -10 -11 -12 -13 17 -15 -16 18 -18 -19 21 -21 -22 -23 -24 -25
leaf_value=-0.014303881620282672 0.0012352237228649755 0.0029167687509779041 0.010578469839854646 -0.0079802152338384162 0.0015553865534425129 -0.0046075441890132121 0.0017129256612784974 -0.0055012413360982391 0.0034744569625766281 0.0012537746947563753 -0.007598527035768409 -0.0057395219517003895 -0.0037398491958588478 0.0056174036838542891 0.0053594807883298916 -0.0038846665359164468 -0.0014844171574495684 0.00011642802618663949 -0.011078129121191578 -0.0022543267547274789 -0.0085888877684026591 -0.007192533278200788 -0.0046958368414568826 -0.010599508842304515
leaf_weight=30.315418899059296 93.546363890171051 258.06548058986664 171.86480510234833 69.865363985300064 204.09943205118179 72.624523311853409 80.78702712059021 98.789389371871948 128.77931770682335 136.80973455309868 86.603569984436035 62.905766159296036 125.43669658899307 113.29559880495071 189.14831936359406 62.259981572628021 69.794329822063446 182.60354453325272 43.347442239522934 108.81888765096664 60.594165503978729 62.953107953071594 61.870815068483353 32.394789665937424
leaf_count=108 102 180 54 126 123 120 126 130 145 176 149 108 116 95 92 129 82 146 121 118 96 143 86 99
internal_value=-0.000231262 0.00273747 0.00597954 -0.00393197 0.00136683 -0.0028103 -0.00221125 -0.00135406 -0.000527863 -0.00193186 -0.00382432 -0.0015496 9.42925e-05 0.00160509 0.00338512 -0.00843971 -0.00472217 -0.00145388 -0.00696996 -0.00064123 -0.00641845 -0.00877701 -0.00643768 -0.0123903
internal_weight=2607.57 1446.88 429.93 1160.69 1016.95 929.424 797.688 594.675 495.885 367.106 230.296 143.693 623.701 315.661 393.248 231.271 203.013 308.04 168.561 202.365 133.219 106.301 131.736 62.7102
internal_count=2970 1026 234 1944 792 1344 1132 834 704 559 383 234 577 315 215 600 298 262 393 220 216 264 212 207
is_linear=0
shrinkage=0.0161547


Tree=93
num_leaves=23
num_cat=0
split_feature=43 24 44 43 51 52 43 42 53 14 51 17 52 13 43 43 6 44 13 52 13 53
split_gain=91.339 30.7235 19.0886 13.3774 10.0677 8.48655 9.06853 8.32198 7.35223 14.0235 9.17515 7.47766 5.56515 10.549 3.84099 3.48116 3.43229 1.55277 1.49478 1.61441 1.20855 0.76962
threshold=0.90155000000000007 24.500000000000004 79.500000000000014 0.5948500000000001 17.500000000000004 0.89285503247052622 1.1118500000000002 2.5000000000000004 0.92349798135726757 1.5000000000000002 17.500000000000004 0.039601667091472108 0.9916313361729393 0.075415531613704137 1.6553500000000001 0.82440000000000013 0.16403252881372757 72.500000000000014 0.062670103383244288 0.90158256402456893 0.022285422983957529 0.93363190571070875
decision_type=2 2 2 2 2 2 2 2 2 2 2 2 2 2 2 2 2 2 2 2 2 2
left_child=3 5 4 17 -3 6 -2 12 10 -10 -7 -11 15 -14 -6 18 -13 21 20 -20 -5 -1
right_child=1 2 -4 7 14 8 -8 -9 9 11 -12 16 13 -15 -16 -17 -18 -19 19 -21 -22 -23
leaf_value=-0.010019178726358675 -0.0061863944450939422 -0.00055437409317188595 0.0077940760404412871 -0.0069515055044698628 0.0023257509834664182 0.0056538710712887444 -0.00021897245496212004 3.0084853718327919e-05 0.0049596768323392467 -0.0046026852568747815 -3.8546889984788651e-05 -0.0021487413435680339 0.0018002618022407429 -0.0065955409827936099 0.0056997069048302486 -0.003586255478343289 0.0013363447886172216 -0.0074885141370828814 -0.0085002060114991018 -0.0049217144230117122 -0.010506504632021935 -0.013355368717142494
leaf_weight=34.626708582043648 105.50473356246948 192.11934959888458 252.55394113063812 49.510429292917252 173.04052299261093 150.05611124634743 179.58702915906906 101.75966528058052 106.57114246487617 143.34323918819427 145.59346982836723 126.95744156837463 75.922129184007645 80.431521564722061 179.29812443256378 95.535152345895767 175.96732050180435 32.102593451738358 50.603903859853745 94.050312638282776 50.321967989206314 37.685374513268471
leaf_count=101 147 126 112 115 137 134 162 139 110 181 138 121 136 137 83 142 146 88 101 170 115 121
internal_value=-0.000122165 0.00169286 0.00412329 -0.00510983 0.00242055 -1.59529e-05 -0.00242735 -0.00417844 0.000794276 -0.000305425 0.00285062 -0.00156276 -0.00504122 -0.00251871 0.00404269 -0.00620115 -0.000124274 -0.0104452 -0.00722294 -0.00617357 -0.00874345 -0.0117578
internal_weight=2633.14 1930.59 797.012 702.55 544.458 1133.58 285.092 598.135 848.489 552.839 295.65 446.268 496.375 156.354 352.339 340.022 302.925 104.415 244.487 144.654 99.8324 72.3121
internal_count=2962 1597 458 1365 346 1139 309 1055 830 558 272 448 916 273 220 643 267 310 501 271 230 222
is_linear=0
shrinkage=0.0161547


Tree=94
num_leaves=27
num_cat=0
split_feature=43 43 43 43 1 0 52 52 40 19 19 23 52 52 8 17 52 0 23 50 44 52 17 0 43 8
split_gain=100.951 41.1089 15.7898 12.2005 11.6517 10.6387 8.8962 6.9362 5.85385 5.61852 9.02246 9.51168 5.59549 7.49021 5.16813 8.74379 4.72216 4.3682 4.20353 3.64928 3.51672 3.28103 2.62009 2.39987 1.29611 0.878748
threshold=0.98180000000000012 3.1809000000000007 0.59250000000000014 1.4968500000000002 2.5000000000000004 0.060211663413481158 0.86821236956945069 0.94635198881010252 1.0000000180025095e-35 0.012791438486337963 0.042630962057372587 0.15316227690375681 0.94006676259205324 0.98307996099961892 0.14107132995504432 0.20766724621675689 0.97032414843813874 0.75210940756345035 0.35312117785884578 88.500000000000014 71.500000000000014 0.97032414843813874 0.061337790005268407 0.23837617004864556 0.83105000000000018 1.0000000180025095e-35
decision_type=2 2 2 2 2 2 2 2 2 2 2 2 2 2 2 2 2 2 2 2 2 2 2 2 2 2
left_child=2 3 20 4 5 7 24 -2 9 19 11 -11 23 -14 -5 -16 -10 -6 -12 -8 25 22 -20 -7 -4 -1
right_child=1 -3 6 14 17 12 8 -9 16 10 18 -13 13 -15 15 -17 -18 -19 21 -21 -22 -23 -24 -25 -26 -27
leaf_value=-0.010662796559619308 0.0047520277417736484 0.011078545372091112 -0.0094160547121226821 0.0052424894794678894 0.00131636508290844 -0.0062459962076704557 -0.010622293679056939 -0.00099101373498471069 -0.0027526266321961884 -0.0035834925814693997 -0.0079239272724438686 0.0058899093749440433 0.0029261630342373862 -0.0028624198139786759 -0.00029349017782304756 0.0040303079945482991 0.0031334719407526811 0.0057797396758288147 0.00023358036845736084 -0.004342204928879702 -0.0061628038078526898 -0.0053852165336760434 -0.0040244811551274984 -0.0026664240230661741 -0.0059245308290867913 -0.014275140143123493
leaf_weight=38.585128381848335 119.26657557487488 127.71915352344513 61.273974597454071 212.32086336612701 120.49363321065903 87.592766582965851 44.390240401029587 101.66669875383377 76.506311237812042 56.232875794172287 65.265000611543655 54.434273213148117 95.837346613407135 149.0917472243309 208.58333021402359 294.24248218536377 66.47716760635376 108.97816425561905 79.684354037046432 52.953393578529358 36.987466424703598 116.88791126012802 71.599497497081757 110.59293305873871 50.709146469831467 32.275106176733971
leaf_count=120 120 36 131 144 112 103 101 115 108 111 123 80 88 153 137 130 86 75 116 109 102 180 100 113 76 102
internal_value=-2.25056e-05 0.00225691 -0.0043995 0.00155652 0.000297883 -0.000786561 -0.00361394 0.00210926 -0.00292331 -0.00369106 -0.00292062 0.00107623 -0.00223039 -0.000597428 0.00312909 0.0022367 -1.60086e-05 0.00343606 -0.00424716 -0.00720602 -0.0102005 -0.00335235 -0.00178167 -0.0042485 -0.00783499 -0.0123081
internal_weight=2640.65 1736.39 904.262 1608.67 893.52 664.048 796.414 220.933 684.431 541.448 444.104 110.667 443.115 244.929 715.147 502.826 142.983 229.472 333.437 97.3436 107.848 268.172 151.284 198.186 111.983 70.8602
internal_count=2971 1326 1645 1290 879 692 1321 235 1114 920 710 191 457 241 411 267 194 187 519 210 324 396 216 216 207 222
is_linear=0
shrinkage=0.0161547


Tree=95
num_leaves=25
num_cat=0
split_feature=43 15 43 44 44 43 40 1 8 51 43 53 44 21 52 21 53 51 8 8 43 19 0 53
split_gain=79.196 23.948 16.3717 13.8974 9.48067 11.138 8.42538 6.75002 8.20892 5.99337 5.7877 8.47015 5.22418 4.79899 4.03046 5.1043 4.02845 6.41248 5.22502 3.46308 3.30757 3.1433 2.19117 0.73323
threshold=0.94535000000000013 1.6732439875283653 0.68525000000000014 71.500000000000014 72.500000000000014 1.9371500000000001 1.0000000180025095e-35 2.5000000000000004 0.12391589044317466 14.500000000000002 1.2361500000000001 0.94613493676004878 68.500000000000014 0.18716791061960444 0.91245144616169471 0.068931935529553498 0.91973258899656585 16.500000000000004 0.017175948268670905 0.30910159683384708 0.54715000000000014 0.08677482541381569 0.078915701995084866 0.93761494496119846
decision_type=2 2 2 2 2 2 2 2 2 2 2 2 2 2 2 2 2 2 2 2 2 2 2 2
left_child=2 3 9 13 -5 7 12 8 10 -1 11 -6 -4 14 -2 -16 21 -18 -19 -9 -11 -14 23 -22
right_child=1 -3 6 4 5 -7 -8 19 -10 20 -12 -13 16 -15 15 -17 17 18 -20 -21 22 -23 -24 -25
leaf_value=-0.0021576954016433174 -0.0055153665303730387 0.0082037054642925111 -0.0071720648337273724 0.0060884160121601368 -0.0042753453385160787 0.0046636358037452112 0.0012054038500181822 0.0048425673097269393 -0.0028416934551420132 -0.012858066989896617 0.0034382494746662269 0.0027691487340009255 -0.0078951644254983654 0.0011638582295600359 0.0016897067673919603 -0.0040894902747266827 -0.0055872030039523643 0.0034809163071598194 -0.0021041669985619391 0.0011714098267963139 -0.0077116797861213832 -0.0025701653747519575 -0.0050748683693387277 -0.010453094992724512
leaf_weight=46.286349698901176 78.284465789794922 156.00746440887451 81.058716803789139 159.64614880084991 87.999632596969604 277.67626941204071 130.32413387298584 134.21664655208588 188.96540927886963 38.589606150984764 173.05494153499603 90.204019010066986 55.987683296203613 151.73809206485748 84.374442428350449 75.638860404491425 72.238400906324387 72.144729197025299 110.93112400174141 134.01832020282745 53.713016301393509 59.860844641923904 57.789676487445831 48.409602880477905
leaf_count=101 104 56 156 128 105 127 169 97 167 136 143 95 106 118 102 86 117 108 162 91 137 83 121 133
internal_value=0.000247327 0.00215614 -0.00388674 0.00157938 0.00241254 0.00187224 -0.00241363 0.0009135 -0.000126644 -0.00739244 0.00133396 -0.000709528 -0.00345658 -0.00108175 -0.00251166 -0.00104214 -0.00264515 -0.00151146 9.67476e-05 0.00300835 -0.00861307 -0.00514365 -0.00758868 -0.0090112
internal_weight=2619.16 1791.82 827.334 1635.82 1245.78 1086.14 582.546 808.459 540.224 244.788 351.259 178.204 452.221 390.036 238.298 160.013 371.163 255.314 183.076 268.235 198.502 115.849 159.912 102.123
internal_count=2948 1419 1529 1363 953 825 901 698 510 628 343 200 732 410 292 188 576 387 270 188 527 189 391 270
is_linear=0
shrinkage=0.0161547


Tree=96
num_leaves=27
num_cat=0
split_feature=43 43 43 19 1 23 43 15 19 19 32 35 21 0 47 0 52 21 4 43 53 52 43 21 43 53
split_gain=74.0601 31.3793 14.3231 13.1775 8.26318 9.7293 8.95386 8.21499 7.63567 12.3203 7.43387 6.8507 4.7855 5.65085 4.58952 4.05374 3.59505 3.28294 2.40303 3.10806 5.29016 4.5891 3.71668 1.90065 1.3724 1.1087
threshold=0.90665000000000007 2.1222500000000006 0.57190000000000007 0.029703432034952855 2.5000000000000004 0.30188305160244799 1.7393000000000003 0.461248200802508 0.10263515851024747 0.13041947599870193 1.0000000180025095e-35 1.0000000180025095e-35 0.12013096756294762 0.37166033167545598 1.0000000180025095e-35 0.75210940756345035 0.9581557274773399 0.18716791061960444 0.063358684939351664 0.68525000000000014 0.91145497872686565 0.94350096727249033 0.61005000000000009 0.014221697129402924 0.54150000000000009 0.94613493676004878
decision_type=2 2 2 2 2 2 2 2 2 2 2 2 2 2 2 2 2 2 2 2 2 2 2 2 2 2
left_child=2 3 24 25 5 -5 7 8 -7 -10 11 17 -11 -14 15 -6 -13 18 19 22 -21 -22 -4 -24 -1 -2
right_child=1 -3 10 4 14 6 -8 -9 9 12 -12 16 13 -15 -16 -17 -18 -19 -20 20 21 -23 23 -25 -26 -27
leaf_value=-0.013097222164669837 -0.0055886929256067147 0.0057727765698205495 -0.0036579316938415143 0.0048432277109479371 0.0015854367499906249 -0.0034615067388939344 0.0036956521203247053 -0.0047974380344325621 0.0057276742689531769 -0.0038216863695991177 0.0018035435822548764 -0.0036181551146136611 0.0026900629633123097 -0.002474914791536293 5.9695370457919492e-05 0.0051054102309465018 0.0019447205684863479 -0.0015204882942321447 -0.0088749489104893893 -0.0083344512852264324 -0.00038499547909508723 -0.0053819747962344892 -0.012241129435393579 -0.0070769178892588561 -0.0085659255815998675 -0.0027072911620881278
leaf_weight=44.339807882905006 73.640504866838455 365.03636586666107 44.53773245215416 99.765753716230392 145.76494055986404 150.54969456791878 114.21401661634445 132.94746446609497 100.036840736866 94.3808234333992 56.906853586435318 61.444870561361313 130.8410559296608 95.725236296653748 126.51567792892456 206.12331652641296 59.849200904369354 56.774264514446259 52.99425682425499 60.848768889904022 96.535072714090347 95.32660186290741 35.780570089817047 38.732960551977158 28.756632715463638 66.160356938838959
leaf_count=159 103 142 105 109 126 178 74 115 92 103 87 101 116 94 99 121 91 79 91 120 158 169 98 87 79 88
internal_value=-0.000166282 0.00151511 -0.00452953 0.0005037 0.000976965 8.02331e-05 -0.000500183 -0.00118043 -0.000339062 0.000777567 -0.00377777 -0.00430465 -0.000765344 0.000507838 0.00269855 0.00364731 -0.000873308 -0.00516898 -0.00565665 -0.00519788 -0.00418405 -0.00286775 -0.00734995 -0.00955671 -0.0113146 -0.00422508
internal_weight=2634.53 1901.7 732.828 1536.67 1396.86 918.461 818.695 704.481 571.534 420.984 659.731 602.824 320.947 226.566 478.404 351.888 121.294 481.53 424.756 371.762 252.71 191.862 119.051 74.5135 73.0964 139.801
internal_count=2984 1560 1424 1418 1227 881 772 698 583 405 1186 1099 313 210 346 247 192 907 828 737 447 327 290 185 238 191
is_linear=0
shrinkage=0.0161547


Tree=97
num_leaves=25
num_cat=0
split_feature=43 0 43 44 13 44 42 10 52 53 10 43 51 0 52 52 53 46 43 6 44 53 52 8
split_gain=81.5044 23.711 14.9422 13.1763 9.7983 7.47104 6.74133 6.33725 5.46785 7.39426 15.7432 10.7264 4.79648 4.27378 3.77008 8.06882 2.83127 2.76077 3.18879 2.65211 2.05568 1.99005 1.66612 1.63276
threshold=0.90155000000000007 2.6090915501487086 0.5948500000000001 68.500000000000014 0.056385242663827398 83.500000000000014 2.5000000000000004 0.0092150445453227457 1.0372168211370756 0.92254939011909542 1.269560378146237 1.2160500000000003 17.500000000000004 0.24645332343523077 0.9916313361729393 1.0261241505072647 0.98337909075133567 1.0000000180025095e-35 0.73995000000000011 0.41774149803236488 71.500000000000014 0.92427157925950543 0.92883891194968904 1.0000000180025095e-35
decision_type=2 2 2 2 2 2 2 2 2 2 2 2 2 2 2 2 2 2 2 2 2 2 2 2
left_child=2 3 20 -2 -5 7 14 -6 9 10 -9 13 -13 -11 16 -16 17 18 21 -14 23 -4 -20 -1
right_child=1 -3 6 4 5 -7 -8 8 -10 11 -12 12 19 -15 15 -17 -18 -19 22 -21 -22 -23 -24 -25
leaf_value=-0.009641678635484709 -0.0043638806918421848 0.0077539381273216404 -0.01055924761164662 -0.0027347655881821953 0.0052669290536079263 0.0054417775323034271 0.00019166376578478285 0.0062242538518901425 -0.0016979299007994731 -0.0050210045231389375 -7.6317803658796447e-05 -0.00019935804407991269 0.001738615890592733 -0.00040280561223445102 0.0013539997383735132 -0.0058725088833260506 -0.0085699060080530499 -0.0014523590915191328 -0.0058443296400655298 0.0046595555499071286 -0.0072994296296197952 -0.0056355644764679528 -0.0021636077665336036 -0.01462362620961492
leaf_weight=37.701040089130402 105.23784133791924 155.76307320594788 40.826095044612885 129.69756332039833 109.33159077167511 140.36649888753891 96.347549051046371 223.89793145656586 148.67914438247681 93.806357383728027 192.46619582176208 186.11723440885544 181.04614454507828 118.17820072174072 76.370577156543732 85.428107976913452 62.425382554531097 53.126170694828033 62.526055961847305 146.98376476764679 39.708297058939934 45.076872438192368 65.945789605379105 31.522953242063522
leaf_count=117 143 60 97 170 97 92 132 180 135 119 131 132 132 128 126 160 126 96 107 73 112 94 105 101
internal_value=1.683e-06 0.00171049 -0.00473383 0.00118039 0.00152965 0.0018886 -0.00371582 0.00153248 0.00121626 0.0015955 0.00331179 0.000611376 0.00187212 -0.00244643 -0.00448145 -0.00246153 -0.00547203 -0.0047491 -0.00556609 0.00304743 -0.0102296 -0.00797559 -0.00395498 -0.0119103
internal_weight=2628.58 1931.57 697.005 1775.81 1670.57 1540.87 588.073 1400.51 1291.17 1142.5 416.364 726.132 514.147 211.985 491.725 161.799 329.926 267.501 214.375 328.03 108.932 85.903 128.472 69.224
internal_count=2965 1592 1373 1532 1389 1219 1043 1127 1030 895 311 584 337 247 911 286 625 499 403 205 330 191 212 218
is_linear=0
shrinkage=0.0161547


Tree=98
num_leaves=25
num_cat=0
split_feature=43 2 43 44 35 17 19 19 53 0 0 0 4 45 2 43 51 4 17 53 0 10 51 4
split_gain=80.7261 28.4741 20.8791 12.0237 7.88651 7.40076 6.04746 6.97777 5.46905 5.19876 4.65048 15.0649 5.60354 5.87052 4.93989 3.70509 3.38819 3.93631 3.30093 3.26076 2.92546 3.36107 2.51072 1.41769
threshold=1.1053500000000003 1.0979799851982135 0.68885000000000007 78.500000000000014 1.0000000180025095e-35 0.086742656701591106 0.63579501328713028 0.42173806816088577 1.0405496189360639 0.44536830419203155 0.08570997750267427 0.1225246315429457 1.0000000180025095e-35 1.0000000180025095e-35 0.091115370246888552 0.55930000000000013 16.500000000000004 0.011808054602120584 0.14982801610909605 0.94478689605954669 0.46073829132327909 0.71231054941315219 16.500000000000004 0.0032801341608286109
decision_type=2 2 2 2 2 2 2 2 2 2 2 2 2 2 2 2 2 2 2 2 2 2 2 2
left_child=2 3 4 5 15 16 7 -7 10 -5 12 -12 13 -4 -13 -1 -2 -18 20 -14 21 -16 -17 -24
right_child=1 -3 8 9 -6 6 -8 -9 -10 -11 11 14 19 -15 18 22 17 -19 -20 -21 -22 -23 23 -25
leaf_value=-0.012611098055220323 -0.0034770264395823196 0.0071659513368790067 0.00046136107119306395 0.0020925074956952869 -0.00069738216892084538 0.001111410333700486 -0.00097178321896307612 0.0059140184603004636 0.0024426312288776697 0.0062997890355100282 0.0053427917508588538 0.0009211949914667974 -0.0082877295169322129 -0.0053635789002949011 -0.0057604176675641171 -0.0046715765452013521 0.0022948090192595732 -0.001718712551800659 -0.00037772243455112527 -0.0037432056294811962 -0.0067406488194496402 -0.0013092576022505028 -0.011108313556658552 -0.0072658155417916611
leaf_weight=49.964396610856056 122.5337125658989 269.56720089912415 106.24546414613724 160.40063643455505 37.167329460382462 207.72825664281845 149.3602055311203 127.35607212781906 62.160035997629166 146.79029369354248 71.538202852010727 80.527882814407349 85.968560606241226 78.527050763368607 75.840575635433197 52.27452278137207 100.71978640556335 173.85007452964783 69.121594250202179 79.131000369787216 88.609743237495422 106.35951271653175 46.416824996471405 54.457284510135651
leaf_count=175 132 102 159 121 80 164 88 73 83 75 93 102 146 129 112 113 101 168 75 126 121 139 131 128
internal_value=-9.46668e-05 0.00242561 -0.00330651 0.00135066 -0.00753919 0.000391576 0.0017317 0.00293675 -0.00218151 0.00410294 -0.00252293 -0.00151043 -0.00394675 -0.0020142 -0.00267645 -0.00879116 -0.0012433 -0.000246442 -0.00352872 -0.00610957 -0.00433298 -0.00316205 -0.00754492 -0.00903393
internal_weight=2602.62 1458.31 1144.31 1188.74 240.28 881.548 484.445 335.084 904.03 307.191 841.87 491.998 349.872 184.773 420.459 203.113 397.104 274.57 339.931 165.1 270.81 182.2 153.149 100.874
internal_count=2936 1024 1912 922 627 726 325 237 1285 196 1202 642 560 288 549 547 401 269 447 272 372 251 372 259
is_linear=0
shrinkage=0.0161547


Tree=99
num_leaves=28
num_cat=0
split_feature=43 43 44 10 42 50 44 17 2 50 30 43 0 8 47 50 1 52 50 52 42 53 52 52 43 44 53
split_gain=71.5983 32.4381 17.4689 11.4573 11.2478 9.23172 9.93462 8.57497 10.7058 7.72 7.21483 6.81242 5.94633 7.35521 6.90074 5.65159 5.35371 4.96647 5.50688 3.13149 3.06667 2.33138 1.92307 2.27311 1.61631 1.4834 1.28823
threshold=0.82440000000000013 3.1809000000000007 68.500000000000014 7.0469836853490273 2.5000000000000004 97.000000000000014 83.500000000000014 0.03682627414251529 0.050057520611933741 103.00000000000001 1.0000000180025095e-35 0.59250000000000014 0.22278381694825211 0.35926012532760254 1.0000000180025095e-35 86.500000000000014 2.5000000000000004 0.92027754702720543 88.500000000000014 0.95515907072733131 2.5000000000000004 0.92589480976418181 0.99757849208906302 0.96469885679990064 0.71330000000000016 70.500000000000014 0.96846862376111109
decision_type=2 2 2 2 2 2 2 2 2 2 2 2 2 2 2 2 2 2 2 2 2 2 2 2 2 2 2
left_child=4 2 19 5 11 6 7 10 -9 20 15 21 -10 14 16 -4 -14 24 25 -2 -7 -1 23 -20 -13 -19 -23
right_child=1 -3 3 -5 -6 9 -8 8 12 -11 -12 17 13 -15 -16 -17 -18 18 22 -21 -22 26 -24 -25 -26 -27 -28
leaf_value=-0.0067536850592511228 -0.0072756027012234039 0.010068559827622533 -0.00022108440798464889 0.005672841159171162 0.00073991756382115934 -0.0015456950919484262 0.0058105992395656092 0.0065152484948871317 -0.0017399529710276221 0.0021649707529893848 0.0023775497651944222 -0.010128034068867049 0.0025450579179285243 -0.0004115472886271594 -0.0001280951920283644 -0.0052299852933608932 0.0068536442997297687 -0.0049314716745090387 -0.0010115707875118869 -0.002290091185878829 -0.0053792442115094498 -0.014499995499245522 0.00033786153422363279 -0.0059894106578250233 -0.0063045401753554584 -0.0089625779495768679 -0.009656117511897943
leaf_weight=32.022417023777962 66.036047548055649 105.98525810241699 118.98173063993454 144.17464143037796 69.193953841924667 124.59472432732582 126.92750358581543 113.93296208977699 144.82831412553787 101.19619598984718 106.17383196949959 52.238045960664749 171.8785452246666 236.5499854683876 120.84848594665527 116.20081830024719 133.89397329092026 46.178096503019333 49.052791476249695 65.485959351062775 96.742703258991241 30.091834709048271 55.502196162939072 46.764606148004532 64.456709861755371 49.212808161973953 27.353481233119965
leaf_count=94 99 30 152 63 108 137 94 93 137 87 113 131 141 162 98 159 92 98 91 89 81 100 98 92 125 103 86
internal_value=2.61606e-05 0.00136036 0.000896207 0.00129918 -0.00532639 0.000931018 0.00150229 0.00106941 0.00187929 -0.00153132 -0.00111789 -0.00625325 0.00122559 0.00187323 0.00314008 -0.00269592 0.00443173 -0.00527015 -0.0039713 -0.00479327 -0.00322127 -0.0102465 -0.00205499 -0.00344105 -0.00801612 -0.00701115 -0.0121935
internal_weight=2616.5 2094.43 1988.45 1856.92 522.067 1712.75 1390.22 1263.29 921.932 322.534 341.356 452.873 807.999 663.171 426.621 235.183 305.773 363.405 246.71 131.522 221.337 89.4677 151.32 95.8174 116.695 95.3909 57.4453
internal_count=2953 1827 1797 1609 1126 1546 1241 1147 723 305 424 1018 630 493 331 311 233 738 482 188 218 280 281 183 256 201 186
is_linear=0
shrinkage=0.0161547


Tree=100
num_leaves=26
num_cat=0
split_feature=43 43 43 43 44 52 2 50 15 13 17 5 23 6 17 52 15 50 53 0 53 51 19 44 43
split_gain=84.8451 31.1074 19.2532 9.33805 8.90837 6.76283 9.08949 7.27986 6.68981 6.90408 6.06275 9.23033 8.988 7.86312 6.51921 5.11837 4.45633 3.1891 2.79363 3.50823 2.13091 4.10507 3.60244 1.49849 1.02149
threshold=1.2672500000000002 0.81085000000000018 3.0402500000000008 0.54150000000000009 80.500000000000014 1.0226814166942921 1.0979799851982135 97.000000000000014 0.461248200802508 0.50019795339197237 0.028932987625336665 1.0000000180025095e-35 0.84574299864247837 0.1000812300203149 0.17935792759470223 1.021806435885898 0.13616736611561561 89.500000000000014 0.96846862376111109 0.095846768167185015 0.98885778720309514 19.500000000000004 0.025669272160033476 72.500000000000014 0.70645000000000013
decision_type=2 2 2 2 2 2 2 2 2 2 2 2 2 2 2 2 2 2 2 2 2 2 2 2 2
left_child=1 3 5 -1 10 6 7 8 9 16 11 -3 13 -12 17 20 -2 -14 19 -13 21 22 -5 -24 -23
right_child=2 4 -4 15 -6 -7 -8 -9 -10 -11 12 18 14 -15 -16 -17 -18 -19 -20 -21 -22 24 23 -25 -26
leaf_value=-0.013035403558808473 0.0051621138829062961 0.00050383196622958836 0.0085921406923067326 -0.0014474750172850696 0.0031122245856824993 -0.00074189561057912818 0.0064527684524384021 -0.00064327430792357921 0.00092461503514318962 0.0075696093942780873 0.004649045105480345 -0.0094156768813774116 -0.0060530154996726307 -0.0016294780447329408 0.0014291086328980234 -0.0017653031128063361 0.00064432813314474219 -0.0019902870796267079 -0.0025300911939120439 -0.0041970266680852889 -0.008733257988167431 -0.0098291834401745565 -0.0076099593984038068 -0.0038889520253301262 -0.0065156541798879588
leaf_weight=43.205792456865311 110.67214280366898 109.684899777174 153.80586016178131 78.912831455469131 128.39455869793892 146.85259491205215 162.842529296875 174.960922062397 222.07468050718307 124.19500553607941 128.94643795490265 63.424067825078964 91.781765758991241 87.301356464624405 88.561980128288269 91.575982838869095 117.45048171281815 111.89849662780762 63.026337057352066 71.535046368837357 63.417059659957886 48.588005602359772 62.80190098285675 51.329055160284042 48.532299041748047
leaf_count=160 98 153 45 165 128 109 66 133 126 71 140 105 107 106 81 176 98 128 88 98 143 128 130 93 92
internal_value=0.000106761 -0.00255476 0.0032512 -0.00586503 -0.000843256 0.00247553 0.0029935 0.00224176 0.00312055 0.0045047 -0.00146551 -0.00325548 -0.000382465 0.00211434 -0.00223001 -0.00516909 0.0028361 -0.00382102 -0.00533816 -0.00664953 -0.00605066 -0.00546436 -0.00410146 -0.00593648 -0.00817337
internal_weight=2645.77 1432.92 1212.85 488.363 944.555 1059.05 912.196 749.353 574.392 352.318 816.16 307.67 508.49 216.248 292.242 445.157 228.123 203.68 197.985 134.959 353.581 290.164 193.044 114.131 97.1203
internal_count=2967 2221 746 1087 1134 701 592 526 393 267 1006 444 562 246 316 927 196 235 291 203 751 608 388 223 220
is_linear=0
shrinkage=0.0161547


Tree=101
num_leaves=24
num_cat=0
split_feature=43 6 44 44 1 43 53 53 42 8 13 21 51 43 52 43 8 13 15 52 44 43 53
split_gain=67.6666 28.3975 15.788 12.812 10.5642 8.16695 5.97119 10.4949 5.64458 6.31539 8.30641 8.12669 7.02277 6.61087 5.1865 4.5007 4.19351 8.52919 3.64337 3.53812 2.61208 1.80527 1.08729
threshold=0.82440000000000013 1.3924876334906968 68.500000000000014 83.500000000000014 2.5000000000000004 0.59250000000000014 0.9934281639060587 0.95939497315071243 1.0000000180025095e-35 0.087902208817349559 0.057738129351669103 0.037983670851606449 16.500000000000004 1.4968500000000002 0.95129032131237745 1.0323000000000002 0.3772671876901047 0.50572690691227817 0.013173248806600221 0.96060430308130396 75.500000000000014 0.52625000000000011 0.92106065656398939
decision_type=2 2 2 2 2 2 2 2 2 2 2 2 2 2 2 2 2 2 2 2 2 2 2
left_child=5 2 14 4 8 21 7 18 -4 10 -10 -12 -13 15 -2 -11 17 -6 -7 -14 22 -1 -20
right_child=1 -3 3 -5 16 6 -8 -9 9 13 11 12 19 -15 -16 -17 -18 -19 20 -21 -22 -23 -24
leaf_value=-0.013005927445596916 -0.0081470893216201018 0.0070383982003636601 -0.0040369583357290307 0.0052426004253934176 0.00057628554179481436 -0.0017387351337817363 -0.0091469131864821574 0.0017831480872780594 -0.0026097141496131578 -1.9035529692041388e-05 0.0059345149120334012 0.0040792048227715283 0.001075050177847726 0.0011666074006129415 -0.0016021619900899663 -0.0044841970102236089 0.00079981728049566042 0.0061850427641568151 -0.0084773505200609438 -0.0028987635971251331 -0.0030653863773951848 -0.0081384689830294524 -0.0057999565561075456
leaf_weight=28.906043514609337 63.373021155595779 199.53951919078827 96.203198879957199 170.02079099416733 123.3869127035141 67.986910790205002 58.369270920753479 75.354535073041916 122.61276283860207 88.12652176618576 110.88518238067627 122.02036690711975 131.53322890400887 158.22677284479141 63.021166294813156 177.71097528934479 211.51832711696625 165.88777041435242 76.668001472949982 105.27173215150833 57.106762409210205 63.722589150071144 81.835728883743286
leaf_count=109 98 76 129 119 122 142 128 131 167 102 115 108 123 98 86 178 125 95 159 104 102 181 155
internal_value=-3.7188e-05 0.0012395 0.000633622 0.00102465 0.000580157 -0.00531804 -0.00435487 -0.00357564 -0.000296866 5.71421e-05 0.00113461 0.00211203 0.000930796 -0.00144785 -0.00488374 -0.00300397 0.0025286 0.00379269 -0.00499952 -0.00069151 -0.00602772 -0.00965743 -0.00709501
internal_weight=2619.29 2109.34 1909.8 1783.4 1613.38 509.95 417.321 358.952 1112.59 1016.39 592.323 469.711 358.825 424.064 126.394 265.837 500.793 289.275 283.597 236.805 215.61 92.6286 158.504
internal_count=2952 1845 1769 1585 1466 1107 817 689 1124 995 617 450 335 378 184 280 342 217 558 227 416 290 314
is_linear=0
shrinkage=0.0161547


Tree=102
num_leaves=25
num_cat=0
split_feature=43 43 44 43 43 30 42 19 19 44 50 1 8 50 52 5 0 52 52 43 44 52 15 23
split_gain=64.6832 32.6724 14.3409 11.136 8.87541 8.38811 8.11086 7.97364 11.0763 8.89562 8.12111 7.20669 6.32654 5.65639 4.32676 3.68397 8.99588 3.63783 4.88135 1.86009 1.40129 1.9147 1.17359 0.843949
threshold=0.82440000000000013 3.1809000000000007 71.500000000000014 1.9371500000000001 0.59250000000000014 1.0000000180025095e-35 2.5000000000000004 0.093809680593018405 0.13355345370678365 74.500000000000014 90.500000000000014 2.5000000000000004 0.3465256358845657 92.500000000000014 0.94006676259205324 1.0000000180025095e-35 0.18498614902917002 0.99757849208906302 1.0405157991585543 0.54150000000000009 72.500000000000014 0.90420138009029516 0.24031576688786949 0.2248563027490359
decision_type=2 2 2 2 2 2 2 2 2 2 2 2 2 2 2 2 2 2 2 2 2 2 2 2
left_child=4 2 5 7 19 15 17 9 -9 -4 -11 13 -13 14 -10 -2 -17 20 -19 -1 21 -6 -18 -22
right_child=1 -3 3 -5 6 -7 -8 8 11 10 -12 12 -14 -15 -16 16 22 18 -20 -21 23 -23 -24 -25
leaf_value=-0.012042340132620287 0.00017869287041227092 0.0095035277350150136 -0.005065529744068765 0.0042321003856826455 -0.0098160225581079633 0.0015979210302025236 0.0014807561618601242 0.0055764921707467793 -0.0014287446842830129 -0.0027306912400474432 0.0041191207642802844 0.0048479405513247578 0.00029994253790796544 -0.0031372869450927779 0.0027198601946226259 -0.0076637027039170051 -0.003019427762116585 0.00066806688700402279 -0.0061688045221727607 -0.0075769617199987734 -0.006375884023494917 -0.0057942861387753819 -0.00041094607811853479 -0.003571030407159074
leaf_weight=42.978227078914642 77.10193344950676 117.34744501113892 112.46256113052368 314.52665388584137 48.307751506567001 150.0966409444809 57.817024946212769 149.97314760088921 123.076491355896 89.625438868999481 91.068835020065308 160.27583694458008 159.01849526166916 151.15079581737518 140.50863569974899 101.14485433697701 85.487918883562088 57.254555433988571 52.011334091424942 56.154732510447502 49.995782732963562 85.70183801651001 95.074034571647644 63.622026473283768
leaf_count=160 102 33 151 147 115 148 85 135 108 112 98 117 103 147 113 143 108 106 106 152 110 180 82 112
internal_value=-2.86157e-05 0.00121885 0.0007329 0.00153179 -0.00517037 -0.00160878 -0.00413233 0.000810294 0.00157595 -0.00149851 0.000721573 0.000758579 0.0025829 -0.000645916 0.000782741 -0.00295021 -0.00380658 -0.00504165 -0.00258633 -0.00951289 -0.00612507 -0.00724404 -0.00164594 -0.00480526
internal_weight=2631.78 2117.94 2000.59 1491.69 513.843 508.905 414.71 1177.16 884.003 293.157 180.694 734.03 319.294 414.736 263.585 358.809 281.707 356.893 109.266 99.133 247.627 134.01 180.562 113.618
internal_count=2973 1847 1814 1231 1126 583 814 1084 723 361 210 588 220 368 221 435 333 729 212 312 517 295 190 222
is_linear=0
shrinkage=0.0161547


Tree=103
num_leaves=25
num_cat=0
split_feature=43 0 43 53 35 52 42 17 21 53 52 17 8 0 21 13 53 44 14 19 17 8 43 53
split_gain=67.3369 20.9862 18.044 8.72 7.70069 7.65596 7.06358 6.37054 8.31557 8.44104 5.89196 4.9651 9.08352 5.11627 6.67548 3.97474 3.46378 4.33193 3.43313 6.54256 3.12636 3.08294 3.06974 0.871407
threshold=1.1164500000000002 2.6090915501487086 0.69255000000000011 0.89503366983423693 1.0000000180025095e-35 0.86821236956945069 4.5000000000000009 0.01433651041002045 0.038540977387880655 0.92589480976418181 0.94006676259205324 0.045804834923636385 0.32843168691473584 0.50189228043061396 0.20957003425361884 0.012082311108061716 0.95197931936892244 72.500000000000014 1.5000000000000002 0.097367751614808401 0.0055144779019151635 0.028413612125594088 0.86985000000000012 0.93821776264767565
decision_type=2 2 2 2 2 2 2 2 2 2 2 2 2 2 2 2 2 2 2 2 2 2 2 2
left_child=2 6 4 -4 15 -5 11 10 -9 -10 -7 18 13 14 -13 23 -11 -18 -2 -20 -17 -22 -12 -1
right_child=1 -3 3 5 -6 7 -8 8 9 16 22 12 -14 -15 -16 20 17 -19 19 -21 21 -23 -24 -25
leaf_value=-0.0095175757467699015 0.0016959693315630542 0.0076594704598847447 -0.0060793885559266127 -0.0054858281520750616 0.00010525902834813057 0.00079302271822025616 0.0040755093394009767 0.005063972365795864 0.0030434131071038128 -0.0043598901158711538 -0.007551073535062851 0.0035127680584712551 -0.00073281345187969145 0.0054044652400815829 -0.0011621390569693227 -0.0026573855638724803 0.0016780302748622717 -0.0031687080544180188 -0.005407856641748688 0.00081009107922610276 -0.0105104944767289 -0.005236353522514706 -0.002572402140606085 -0.0133612934800798
leaf_weight=31.096161469817162 86.263233482837677 165.5490448474884 114.82784527540207 100.36202412843704 36.162889450788498 64.566815793514252 234.66741079092026 78.992239534854889 116.56373205780983 110.01464530825615 67.875909388065338 223.33206140995026 275.10847651958466 151.19356352090836 123.95872753858566 39.679643496870995 95.417386472225189 97.102067619562149 86.559191703796387 90.163858890533447 58.710878595709801 57.010685190558434 61.699296325445175 30.481084704399109
leaf_count=93 90 60 177 161 78 99 127 103 133 150 132 181 171 95 86 103 122 122 102 83 162 127 91 103
internal_value=-8.8556e-05 0.00224919 -0.00298272 -0.0019188 -0.00679649 -0.00131603 0.00154463 -0.000711479 0.000256057 -0.000650147 -0.00319379 0.000971672 0.00162356 0.00292402 0.00184415 -0.00794678 -0.00207324 -0.000766545 -0.000945901 -0.00223547 -0.00657043 -0.00791217 -0.0051804 -0.0114202
internal_weight=2597.36 1436.8 1160.56 907.422 253.141 792.594 1271.25 692.232 498.09 419.098 194.142 1036.58 773.593 498.484 347.291 216.978 302.534 192.519 262.986 176.723 155.401 115.722 129.575 61.5772
internal_count=2951 995 1956 1290 666 1113 935 952 630 527 322 808 533 362 267 588 394 244 275 185 392 289 223 196
is_linear=0
shrinkage=0.0161547


Tree=104
num_leaves=25
num_cat=0
split_feature=43 43 43 52 52 14 44 52 45 40 53 52 6 21 44 53 8 2 15 15 23 44 43 52
split_gain=59.2663 24.441 20.1425 9.46176 8.80817 7.50956 8.23949 7.39864 7.14551 8.45216 8.19408 6.5619 6.26548 5.49191 5.48962 4.41316 3.4356 4.63587 3.38837 3.10293 2.54782 2.05434 1.73264 1.03589
threshold=1.1164500000000002 0.68525000000000014 3.0402500000000008 0.86821236956945069 1.0372168211370756 6.5000000000000009 70.500000000000014 0.90997751464388144 1.0000000180025095e-35 1.0000000180025095e-35 0.95939497315071243 0.99585146972637795 0.22436193802962148 0.097828419590379814 70.500000000000014 0.93611791650428611 0.01578406549336268 0.12275944027030962 0.28195606884464391 0.055859318798049659 0.37410383282685689 74.500000000000014 0.55930000000000013 0.9359257835280298
decision_type=2 2 2 2 2 2 2 2 2 2 2 2 2 2 2 2 2 2 2 2 2 2 2 2
left_child=1 11 4 20 5 6 -2 18 9 10 14 19 13 -9 -5 -13 -10 -18 -8 22 -3 -16 -1 -24
right_child=2 3 -4 8 -6 -7 7 12 16 -11 -12 15 -14 -15 21 -17 17 -19 -20 -21 -22 -23 23 -25
leaf_value=-0.013397801289389418 -0.0023803519953116297 -0.0081109813256803279 0.0077155618310005272 -0.0061725122964580662 -0.0024185254915425895 0.0045748449549264528 0.001680596430279481 0.0022005408688619602 -0.0049468838834887735 0.00451852443652639 0.0025780596472621286 0.00045324714771101453 0.0012361800556102472 0.0066724419314068313 0.0012596571492920854 -0.0072675005583557632 0.00071408124284905725 -0.0038594419157185851 -0.0019064543714689688 -0.0053634583861830861 -0.0034617137749963171 -0.0025636048458520426 -0.010730434465386835 -0.0070142797602376558
leaf_weight=37.147317290306091 131.86155831813812 57.589493036270142 155.6978040933609 73.936426520347595 130.08990383148193 238.19814866781235 131.43654143810272 129.17728340625763 109.46102920174599 105.24016836285591 126.18486267328262 38.352963820099831 262.20639830827713 160.9907408952713 68.814324885606766 38.935502484440804 120.88402634859085 110.9053889811039 144.03995805978775 41.268778860569 66.030059278011322 78.538318455219269 46.925383403897285 33.58833771944046
leaf_count=139 134 108 46 131 110 109 117 122 179 118 167 83 175 106 95 104 165 146 100 93 93 104 134 85
internal_value=8.28715e-05 -0.00266321 0.00221837 -0.00147025 0.00157387 0.00200743 0.00137021 0.0019676 -0.00082295 0.000507627 -0.000707161 -0.00729725 0.00304611 0.00468164 -0.00258048 -0.00343622 -0.00258814 -0.00147423 -0.000194985 -0.00917489 -0.00562762 -0.000778125 -0.0105117 -0.00918015
internal_weight=2637.5 1153.8 1483.7 917.584 1328 1197.91 959.712 827.851 793.965 452.714 347.474 236.218 552.374 290.168 221.289 77.2885 341.25 231.789 275.476 158.93 123.62 147.353 117.661 80.5137
internal_count=2963 1944 1019 1306 973 863 754 620 1105 615 497 638 403 228 330 187 490 311 217 451 201 199 358 219
is_linear=0
shrinkage=0.0161547


Tree=105
num_leaves=25
num_cat=0
split_feature=43 43 43 43 42 53 32 53 53 30 53 53 17 0 8 53 15 53 0 4 43 42 19 13
split_gain=60.7555 21.7112 14.3395 10.0998 9.58689 7.91657 8.77935 10.3781 8.80799 7.75928 6.10388 5.39942 4.83576 3.91261 4.07614 2.83876 2.70284 2.06557 2.06086 2.01789 1.87863 1.82707 1.19728 1.14908
threshold=0.91520000000000012 3.1809000000000007 0.5948500000000001 1.4889000000000003 2.5000000000000004 0.99016250571260556 1.0000000180025095e-35 0.90284053588223168 0.92349798135726757 1.0000000180025095e-35 0.95447984553463172 0.93963268969756042 0.11393494493478605 0.26368061679999172 0.32174320431960685 1.0230322072885105 0.012214635070876275 1.0162054556230162 0.11473521141376104 0.0075555726264825178 0.54150000000000009 1.5000000000000002 0.11722105294405645 0.069356983340224748
decision_type=2 2 2 2 2 2 2 2 2 2 2 2 2 2 2 2 2 2 2 2 2 2 2 2
left_child=2 3 20 5 12 6 7 -2 -9 10 11 -10 15 -5 -15 16 -4 -7 19 23 -1 22 -20 -18
right_child=1 -3 4 13 -6 17 -8 8 9 -11 -12 -13 -14 14 -16 -17 18 -19 21 -21 -22 -23 -24 -25
leaf_value=-0.012114092266031511 -0.0025835893980651705 0.0083625027690271778 -0.0022715506110293688 0.00038432992435991385 0.0011255434698550419 -0.004742745632184105 -0.0038710970254294042 0.0051389364031637005 0.00017563384734199151 0.0042833647483913363 0.0021802082835802494 -0.005489418688126386 0.00076808188600780596 0.0048524025244256171 0.0020476893645834993 -0.00097001305147161986 -0.0037003128693186456 -0.0012545679249086105 -0.003875674878538573 -0.0089301704611945143 -0.0076926913456985442 -0.0020633727639344642 -0.0073875456813511427 -0.0070522217776320612
leaf_weight=42.361877739429474 147.11645841598511 113.64953255653381 81.187244147062302 169.3011167049408 118.40139442682266 91.287354081869125 97.484035909175873 185.28832852840424 96.187277317047119 127.79670056700706 131.9559540450573 80.783284395933151 50.894038200378418 227.67443019151688 333.0431153178215 53.566436886787415 53.26343646645546 86.080478072166443 52.093219041824341 68.64841216802597 61.474251165986061 62.001552253961563 49.321431010961533 53.500733375549316
leaf_count=161 158 32 171 129 159 106 107 164 103 118 137 97 70 132 157 101 110 89 95 140 170 95 87 102
internal_value=-2.55157e-05 0.0015175 -0.00392617 0.00107898 -0.00302647 5.96866e-05 0.000696111 0.00127499 0.00218761 0.000935448 -0.000449518 -0.00241034 -0.00396379 0.00253665 0.00318652 -0.00447231 -0.00491897 -0.00304986 -0.00555332 -0.00676937 -0.00949648 -0.00424801 -0.00558362 -0.00537999
internal_weight=2634.36 1887.65 746.714 1774 642.878 1043.98 866.612 769.128 622.012 436.723 308.927 176.971 524.477 730.019 560.718 473.582 420.016 177.368 338.829 175.413 103.836 163.416 101.415 106.764
internal_count=2990 1529 1461 1497 1130 1079 884 777 619 455 337 200 971 418 289 901 800 195 629 352 331 277 182 212
is_linear=0
shrinkage=0.0161547


Tree=106
num_leaves=26
num_cat=0
split_feature=43 14 44 43 43 17 32 8 2 52 46 53 53 35 19 53 53 30 13 13 45 52 19 43 44
split_gain=74.628 20.9859 15.6184 11.1618 7.63126 6.70328 7.38538 6.47444 8.26364 5.18081 5.06275 7.41474 21.965 4.96935 6.37694 4.04527 9.20495 3.57937 3.35123 6.47741 2.59676 2.32204 2.06702 1.02419 0.554418
threshold=0.94535000000000013 7.5000000000000009 69.500000000000014 0.57190000000000007 1.4889000000000003 0.001713562872673369 1.0000000180025095e-35 0.13916328962029587 0.88999456092449003 0.95335774496725556 1.0000000180025095e-35 0.89807341841231547 0.91762366255135419 1.0000000180025095e-35 0.24189092455781458 0.9188107011463954 0.93545464895072616 1.0000000180025095e-35 0.11014445271930405 0.057738129351669103 1.0000000180025095e-35 0.95335774496725556 0.078037723465508371 0.54150000000000009 70.500000000000014
decision_type=2 2 2 2 2 2 2 2 2 2 2 2 2 2 2 2 2 2 2 2 2 2 2 2 2
left_child=3 2 9 23 10 24 13 -6 -9 -2 11 -4 -13 14 15 22 -17 20 19 -18 -14 -15 -7 -1 -5
right_child=1 -3 4 5 7 6 -8 8 -10 -11 -12 12 17 21 -16 16 18 -19 -20 -21 -22 -23 -24 -25 -26
leaf_value=-0.012276219860917396 -0.0061170944676250836 0.0069379062677189787 -0.0026011972412833839 -0.0089035418058416478 0.0054128941933015932 -0.0095333283511296329 0.0023488322311455679 0.00015163098321349029 0.0046533810160857454 -0.0002765066424485433 -0.0018398929442114344 0.0081423775919498929 -0.001875340494083388 -0.0027418702158978014 0.00026161614854594637 0.0011514531391951576 -0.0077628772024858394 0.002664822433008379 -0.0079041378982152438 5.0086646024596463e-05 0.0011183568841195545 0.0016518712746045017 -0.0050926416566962514 -0.0081101121568282804 -0.0063977968684336113
leaf_weight=37.564227104187012 89.597091287374496 188.79530078172684 103.94473803043365 43.85080948472023 209.79407626390457 65.213592290878296 62.367420703172684 263.90214431285858 178.32321417331696 71.078794032335281 160.3786638379097 122.44456040859222 170.98723262548447 66.223065197467804 68.445083290338516 67.476902067661285 54.521025329828262 128.01306062936783 97.216560691595078 56.27851065993309 135.5693921148777 59.679129660129547 47.121916562318802 26.099949762225151 48.566789865493774
leaf_count=145 118 69 105 107 133 143 86 160 74 83 163 99 181 105 90 110 124 116 170 99 132 89 79 77 104
internal_value=3.26932e-05 0.00183843 0.00124924 -0.00407854 0.00177081 -0.00351791 -0.0029345 0.0030757 0.00196692 -0.00353337 0.00073492 0.00135969 0.00209883 -0.00350049 -0.00428451 -0.00508682 -0.00403327 0.000395996 -0.00571511 -0.00379443 -0.000551429 -0.000659185 -0.00767057 -0.0105683 -0.00758674
internal_weight=2623.45 1822.83 1634.03 800.625 1473.36 736.961 644.543 652.019 442.225 160.676 821.338 660.959 557.014 582.176 456.274 387.829 275.493 434.57 208.016 110.8 306.557 125.902 112.336 63.6642 92.4176
internal_count=2961 1433 1364 1528 1163 1306 1095 367 234 201 796 633 528 1009 815 725 503 429 393 223 313 194 222 222 211
is_linear=0
shrinkage=0.0161547


Tree=107
num_leaves=26
num_cat=0
split_feature=43 42 42 42 6 44 21 8 17 51 19 53 45 50 43 19 2 52 21 53 6 10 50 43 50
split_gain=52.5444 27.1844 12.2238 9.48952 8.87192 7.66578 6.81639 6.48911 9.44891 12.3482 13.7755 8.12151 11.0813 7.49736 6.30184 5.87082 5.77717 4.69906 4.09755 3.69052 5.08573 3.30084 2.6917 1.95812 1.70622
threshold=0.82440000000000013 5.5000000000000009 1.0000000180025095e-35 2.5000000000000004 1.3924876334906968 83.500000000000014 0.089833956443492111 0.65245219455241676 0.03616876556948994 19.500000000000004 0.053886748342452405 0.92349798135726757 1.0000000180025095e-35 94.000000000000014 0.59250000000000014 0.42173806816088577 0.050057520611933741 0.92027754702720543 0.15851868276163389 0.93611791650428611 0.045531225618227124 0.32336208177925246 91.500000000000014 0.54150000000000009 89.500000000000014
decision_type=2 2 2 2 2 2 2 2 2 2 2 2 2 2 2 2 2 2 2 2 2 2 2 2 2
left_child=3 2 6 14 5 7 -2 8 9 16 -11 12 -10 15 23 18 24 22 -13 20 -19 -21 -16 -1 -4
right_child=1 -3 4 -5 -6 -7 -8 -9 11 10 -12 13 -14 -15 17 -17 -18 19 -20 21 -22 -23 -24 -25 -26
leaf_value=-0.012199351059392625 -0.0070239359993668014 0.0073230234413436618 -0.004012989903991405 0.0010862646384403264 0.0049728408267803144 0.0045109106871469616 -0.00020113818479636366 -0.0033909760950788939 0.0064349704370219047 0.0062572997878311649 -0.0029363704459095413 0.0023741667583339872 0.00032964597014542444 -0.0021696408215928207 -0.0050450930624467479 0.0043633840644756172 -0.00085549504849135943 0.0019204503140665017 -0.0014300907094142569 -0.0071773244858155047 -0.0049728856453487872 -0.0018155654570448769 -0.010038316828199906 -0.0072449654429796702 -0.0075597324562011216
leaf_weight=35.346582919359207 77.35348853468895 178.32636147737503 79.995985776185989 68.96905218064785 142.5233873128891 131.3072469830513 75.526253640651703 107.13452088832855 177.48195180296898 95.730878889560699 76.540283143520355 143.22344076633453 137.83742928504944 182.44874209165573 69.789191097021103 146.77784615755081 127.38024765253067 65.64581161737442 152.63400077819824 74.84511411190033 48.617533653974533 49.970459371805191 47.250917702913284 50.653330057859421 63.492641508579254
leaf_count=138 120 78 110 112 60 93 79 68 129 109 92 141 110 164 151 85 151 126 135 169 92 87 109 141 93
internal_value=0.000157287 0.00128992 0.000728815 -0.00448708 0.00110849 0.000768929 -0.00365331 0.000439314 0.000735913 -0.00120891 0.00217254 0.00165236 0.00376611 0.00058609 -0.0053565 0.00172197 -0.0033595 -0.00440871 0.000411536 -0.00311032 -0.00101257 -0.00503072 -0.00706094 -0.00928125 -0.0055824
internal_weight=2606.8 2095.71 1917.39 511.088 1764.51 1621.99 152.88 1490.68 1383.54 443.14 172.271 940.403 315.319 625.084 442.119 442.635 270.869 356.119 295.857 239.079 114.263 124.816 117.04 85.9999 143.489
internal_count=2942 1817 1739 1125 1540 1480 199 1387 1319 555 201 764 239 525 1013 361 354 734 276 474 218 256 260 279 203
is_linear=0
shrinkage=0.0161547


Tree=108
num_leaves=24
num_cat=0
split_feature=43 42 43 43 42 4 21 4 8 30 42 53 15 21 52 4 17 53 6 21 53 42 4
split_gain=63.4853 26.812 10.8509 10.721 9.34227 7.34662 6.84994 6.41463 13.2436 4.57655 4.1161 7.99013 3.71154 7.72276 3.15099 4.20701 6.01081 4.92225 7.94757 3.51635 2.05695 2.15644 1.30658
threshold=0.98180000000000012 5.5000000000000009 1.9631000000000001 0.59250000000000014 2.5000000000000004 0.20322028980321841 0.18329883239939462 0.20322028980321841 0.13636876242772858 1.0000000180025095e-35 2.5000000000000004 0.96026625152714307 0.13034040775377329 0.04757468413430959 0.86821236956945069 0.023132622881429605 0.032807331626841317 0.93665529189150665 0.014239583913510713 0.18716791061960444 0.91539799374893172 1.0000000180025095e-35 0.0011308527102142972
decision_type=2 2 2 2 2 2 2 2 2 2 2 2 2 2 2 2 2 2 2 2 2 2 2
left_child=3 2 4 20 5 6 12 8 9 -6 14 -12 13 -2 -5 17 -17 18 -16 -18 -1 -22 -19
right_child=1 -3 -4 10 7 -7 -8 -9 -10 -11 11 -13 -14 -15 15 16 19 22 -20 -21 21 -23 -24
leaf_value=-0.0052883367170971952 -0.0031105670034603712 0.0071130906376949358 0.003363242092499543 -0.006589057561886629 0.00075974181485468414 -0.0052401549161270235 0.0021384778017031212 0.0045571165106007344 -0.0034943572125599141 0.0050012810574400707 -0.0040692016639522505 0.003035041541578974 -0.00368054850478685 0.0027059208201788629 0.00033424184540096992 0.0025835879800862665 -0.005437290711366196 -0.0081871829309548075 -0.0075550846243325831 -0.00052118597811737092 -0.013774489403900981 -0.0079507638099084593 -0.0052112734211151755
leaf_weight=29.923255994915962 129.45974898338318 199.07794749736786 341.21376037597656 88.650958031415939 145.32968944311142 99.100626528263092 179.32802748680115 146.54300880432129 135.97232210636139 122.21891671419144 93.008193761110306 74.338227301836014 148.99646669626236 110.35438960790634 95.984448045492172 63.861326813697815 87.654831618070602 68.85618644952774 51.045647740364075 66.98938512802124 28.359928295016289 39.99355074763298 87.34456729888916
leaf_count=90 169 81 154 176 133 78 145 80 115 104 133 89 158 113 176 98 146 149 100 89 103 127 169
internal_value=-0.000240414 0.00153033 0.000817213 -0.00379317 0.000103554 -0.00118141 -0.000473446 0.00166225 0.000610943 0.00269732 -0.00315788 -0.000913372 -0.00167812 -0.000434015 -0.00377324 -0.00329479 -0.0015859 -0.00452621 -0.00240476 -0.00330771 -0.00882067 -0.010367 -0.00652311
internal_weight=2633.61 1757.59 1558.52 876.011 1217.3 667.239 568.139 550.064 403.521 267.549 777.734 167.346 388.811 239.814 610.387 521.736 218.506 303.231 147.03 154.644 98.2767 68.3535 156.201
internal_count=2975 1330 1249 1645 1095 663 585 432 352 237 1325 222 440 282 1103 927 333 594 276 235 320 230 318
is_linear=0
shrinkage=0.0161547


Tree=109
num_leaves=28
num_cat=0
split_feature=43 44 43 6 42 37 39 43 2 17 19 19 23 43 2 19 19 52 52 10 51 13 19 13 13 43 45
split_gain=69.8298 16.6191 13.4092 11.5543 6.5965 5.74918 7.41744 9.22627 4.84393 4.801 4.89682 4.54139 5.24946 4.29048 3.99443 6.57917 5.66377 4.23139 3.86006 3.35812 2.8905 2.75392 2.15966 1.05893 0.796671 0.680567 0.391256
threshold=1.0356500000000002 83.500000000000014 0.68525000000000014 1.3924876334906968 2.5000000000000004 1.0000000180025095e-35 1.0000000180025095e-35 1.6849500000000002 0.087272174341870956 0.024402137590181876 0.0033761986629264875 0.10048390752255644 1.0745301191584524 0.55930000000000013 0.067362830758272887 0.074473376201258393 0.3664250090699494 0.98211227776791865 1.0007657362848483 0.14541003398248151 18.500000000000004 0.059767846359745636 0.055992297446606144 0.29689963913575407 0.032741211340303653 0.62630000000000008 1.0000000180025095e-35
decision_type=2 2 2 2 2 2 2 2 2 2 2 2 2 2 2 2 2 2 2 2 2 2 2 2 2 2 2
left_child=2 3 13 5 9 6 7 14 -6 10 -4 -11 -13 26 15 -2 17 23 19 25 -9 24 -23 -16 -12 -15 -1
right_child=1 -3 4 -5 8 -7 -8 20 -10 11 21 12 -14 18 16 -17 -18 -19 -20 -21 -22 22 -24 -25 -26 -27 -28
leaf_value=-0.011997788935117711 -0.0020203443652244395 0.0068066143446040752 -0.00038820099119074667 0.0059658801529802888 0.0024884008721629395 0.0042998980594973618 0.0031971100170746919 0.00071645258701064822 -0.0029240319963375712 0.0010330878753100428 -0.0065609367133049844 -0.0057483050789906105 -0.00079494182416089021 -0.0078291849274026628 -0.003690523246737762 0.003990341842196661 0.00071130707582869001 -0.00081701988115530225 -0.0017706284839461648 -0.0039724237975994666 0.0036974251722460003 -0.0020724699341530132 -0.0065292056629118181 -0.0062209431883548227 -0.0095683149026674248 -0.01093799414243259 -0.0092884525670892098
leaf_weight=28.869170367717743 104.32912093400955 171.59690260887146 51.550604104995728 136.08313894271851 108.91280031204224 125.84071129560471 240.39423167705536 178.35973483324051 71.471067845821381 97.441143900156021 46.926802277565002 106.23701828718185 117.6921471953392 39.189552828669548 85.922496825456619 87.286575615406036 126.54945379495621 102.42787611484528 50.405050992965698 53.540261656045914 161.98760783672333 57.461218118667603 56.059624135494232 86.721473336219788 45.063036292791367 34.604466050863266 26.845182955265045
leaf_count=109 129 86 93 53 133 87 171 100 87 140 96 162 150 111 96 74 93 103 109 117 88 98 98 91 91 97 97
internal_value=-2.50771e-05 0.00205506 -0.00339495 0.00148723 -0.00235331 0.00101834 0.000666583 1.49825e-05 0.000343906 -0.00319443 -0.00484003 -0.00187813 -0.00314493 -0.00678068 -0.00120144 0.0007177 -0.00211707 -0.00341828 -0.00555453 -0.00705238 0.00213524 -0.00595673 -0.00427333 -0.00496159 -0.00803416 -0.00928701 -0.0106923
internal_weight=2599.77 1607.5 992.269 1435.9 758.815 1299.82 1173.98 933.584 180.384 578.432 257.061 321.37 223.929 233.454 593.237 191.616 401.621 275.072 177.739 127.334 340.347 205.511 113.521 172.644 91.9898 73.794 55.7144
internal_count=2959 1171 1788 1085 1148 1032 945 774 220 928 476 452 312 640 586 203 383 290 434 325 188 383 196 187 187 208 206
is_linear=0
shrinkage=0.0161547


Tree=110
num_leaves=27
num_cat=0
split_feature=43 43 35 52 44 43 46 19 19 17 52 45 43 51 0 52 43 8 4 8 14 19 43 43 43 19
split_gain=69.8035 23.6194 10.8392 9.19077 10.1762 6.27595 6.21419 6.42193 17.004 8.7683 7.31868 6.72355 4.71639 4.51298 3.78504 3.43445 2.66147 2.40441 2.32058 3.65128 5.53082 2.44739 2.06244 1.42218 2.39077 0.812848
threshold=0.90665000000000007 3.1809000000000007 1.0000000180025095e-35 0.87384522951389332 70.500000000000014 0.68525000000000014 1.0000000180025095e-35 0.14347017096412401 0.080820233020712007 0.2972056356275789 0.96240805599483303 1.0000000180025095e-35 1.3793500000000003 18.500000000000004 0.067258324345230061 0.9581557274773399 1.1674000000000002 0.084699873828396527 0.069898013187470867 0.052280255151655797 1.5000000000000002 0.048640638352008624 1.5984500000000004 0.63835000000000008 0.57960000000000012 0.0090664920851537354
decision_type=2 2 2 2 2 2 2 2 2 2 2 2 2 2 2 2 2 2 2 2 2 2 2 2 2 2
left_child=2 3 5 13 17 14 7 8 16 10 22 -12 -8 -2 23 -4 -6 -5 19 20 -7 -22 -9 24 25 -1
right_child=1 -3 15 4 6 18 12 9 -10 -11 11 -13 -14 -15 -16 -17 -18 -19 -20 -21 21 -23 -24 -25 -26 -27
leaf_value=-0.0087883155322148656 -0.0032529134718802732 0.0087124964117367715 -0.0024886863224137059 0.00020711719444134303 0.0030839848063813659 -0.0016748294080618381 -0.0025210648757628558 -0.0027338965798064576 0.0086064228011889926 0.0044364126414903988 0.0047223986067874571 -0.00027111096727056315 0.002222683848628935 0.00094984756970599156 -0.0043100951168658251 0.0027942578422054118 -0.00091583493622978275 -0.0030823349342067284 -0.0067091720616299678 -0.00054634365499569562 -0.0042220400323859045 -0.0089934783934425208 0.00019676539791952519 -0.012207826011758375 -0.0056322072521429404 -0.012662064228032387
leaf_weight=32.897350296378136 160.882857888937 116.57374119758606 70.772715047001839 116.54197081923485 92.101955890655518 96.497399091720581 114.21350339055061 123.00357848405838 150.90357536077499 250.03941237926483 161.01580542325974 124.99861037731171 104.96527642011642 113.87709683179855 63.864019483327866 58.793553501367569 82.128959178924561 115.42715889215469 67.32948911190033 84.4066022336483 49.479625105857849 64.789857268333435 127.7601483464241 29.577210634946823 50.221787571907043 24.788848116993904
leaf_count=117 157 32 120 143 110 178 125 116 124 111 112 97 64 102 147 94 84 120 104 130 94 117 75 84 131 90
internal_value=9.86877e-05 0.00166104 -0.00430487 0.00121377 0.00169273 -0.00527307 0.00223686 0.00272691 0.00463674 0.00193772 0.000773787 0.00254005 -0.000249272 -0.00151104 -0.00755992 -9.14338e-05 0.00119855 -0.0014297 -0.00400286 -0.00338554 -0.00452257 -0.00692741 -0.00124077 -0.00906951 -0.00820931 -0.0104529
internal_weight=2647.85 1954.43 693.418 1837.86 1563.1 563.852 1331.13 1111.95 325.134 786.818 536.778 286.014 219.179 274.76 201.349 129.566 174.231 231.969 362.503 295.173 210.767 114.269 250.764 137.485 107.908 57.6862
internal_count=2978 1572 1406 1540 1281 1192 1018 829 318 511 400 209 189 259 569 214 194 263 623 519 389 211 191 422 338 207
is_linear=0
shrinkage=0.0161547


Tree=111
num_leaves=26
num_cat=0
split_feature=43 0 42 42 44 53 44 53 21 43 2 43 52 21 19 15 19 53 21 52 50 53 43 6 43
split_gain=48.2258 22.499 12.4129 10.2889 8.57743 7.29549 9.93446 11.0916 7.91724 6.42433 9.52102 6.41389 5.21241 4.91149 4.01049 3.35469 8.78091 3.34948 3.25089 2.27415 3.97875 2.39122 2.81947 1.96714 1.57516
threshold=0.82440000000000013 2.6090915501487086 5.5000000000000009 2.5000000000000004 68.500000000000014 0.8946643048608901 83.500000000000014 0.92349798135726757 0.1791614549860916 1.2116500000000003 0.010247723744239568 0.59250000000000014 0.95515907072733131 0.16099343742644642 0.21178019538208681 0.3764978182848468 0.23212280304376551 0.96759490529174286 0.078533935273542285 0.85785585624879357 95.500000000000014 0.98746630832058668 0.76435000000000008 0.025921832927592304 0.54150000000000009
decision_type=2 2 2 2 2 2 2 2 2 2 2 2 2 2 2 2 2 2 2 2 2 2 2 2 2
left_child=3 2 4 11 12 13 7 8 -7 10 -9 24 -2 -6 17 16 18 -12 -11 -13 21 22 23 -21 -1
right_child=1 -3 -4 -5 5 6 -8 9 -10 15 14 19 -14 -15 -16 -17 -18 -19 -20 20 -22 -23 -24 -25 -26
leaf_value=-0.011993439818055038 -0.0066806779711590086 0.0069773317532512346 0.0055092943784146482 0.001288231901257032 -0.0048273245858279235 0.0053071816093502311 0.0052881500967776251 0.0025850995060466221 0.00044797587244486535 0.0019307688801455693 -0.0066198102120166667 -0.0077833093205880921 -0.00037390580019203314 0.0002564930960433232 -0.00067608095408570239 -0.00053109160775292191 0.0055708155695116677 -0.0024796490935492378 -0.002217754483317117 -0.0035597128998590397 -4.1714679764207516e-05 -0.0081336397111478696 -0.0010272655406096296 -0.0073851683544396991 -0.0075258411899927959
leaf_weight=36.124343931674957 70.81916880607605 155.72192889451981 125.31350898742676 68.734838336706161 101.18814545869827 185.94969379901886 126.71481937170029 94.586982548236847 165.29243063926697 99.643748164176941 103.92385715246201 46.839309975504875 66.139679104089737 97.266473591327667 102.85926002264023 277.12122237682343 110.26104861497879 100.13293465971947 97.562899827957153 77.739957809448242 55.29032090306282 46.5743108689785 56.851052194833755 63.929279267787933 47.91114404797554
leaf_count=145 108 57 63 113 120 181 89 117 121 96 146 107 88 68 112 163 73 128 88 175 102 106 98 134 137
internal_value=-1.15776e-05 0.00107107 0.000593229 -0.00451651 0.000250877 0.000571002 0.000965004 0.000555378 0.00302047 -0.000322677 -0.00189606 -0.00544168 -0.00363503 -0.00233565 -0.00327709 0.000757944 0.00191975 -0.00458819 -0.000121606 -0.00447247 -0.00395621 -0.00483928 -0.00406639 -0.00528598 -0.00944633
internal_weight=2580.49 2080.5 1924.78 499.995 1799.46 1662.5 1464.05 1337.33 351.242 986.092 401.503 431.26 136.959 198.455 306.916 584.589 307.468 204.057 197.207 347.224 300.385 245.095 198.52 141.669 84.0355
internal_count=2935 1818 1761 1117 1698 1502 1314 1225 302 923 503 1004 196 188 386 420 257 274 184 722 615 513 407 309 282
is_linear=0
shrinkage=0.0161547


Tree=112
num_leaves=26
num_cat=0
split_feature=43 43 44 44 30 13 51 19 6 2 0 0 14 52 52 50 44 44 8 43 13 17 8 2 42
split_gain=55.323 26.2153 11.8548 9.37601 10.1271 11.1965 10.3775 8.65187 7.9129 10.0062 6.75262 8.40639 6.58566 5.86234 5.32739 4.68269 4.9494 4.45471 3.88138 3.82335 3.11359 3.54714 2.27475 1.33795 1.0211
threshold=0.82440000000000013 3.1809000000000007 68.500000000000014 83.500000000000014 1.0000000180025095e-35 0.1141049698486326 16.500000000000004 0.14567992322588322 0.03792510669435975 0.055940872762338535 0.1225246315429457 0.22278381694825211 1.5000000000000002 0.98104320854007987 0.95515907072733131 94.000000000000014 74.500000000000014 75.500000000000014 0.018504741481731462 0.59250000000000014 0.036569147325383689 0.0019482301144202305 0.080630441767862979 0.01363651196838977 1.0000000180025095e-35
decision_type=2 2 2 2 2 2 2 2 2 2 2 2 2 2 2 2 2 2 2 2 2 2 2 2 2
left_child=8 2 14 4 5 12 -6 -8 19 -10 18 -12 -4 15 -2 16 -13 22 -7 24 21 -21 -11 -22 -1
right_child=1 -3 3 -5 6 10 7 -9 9 17 11 13 -14 -15 -16 -17 -18 -19 -20 20 23 -23 -24 -25 -26
leaf_value=-0.011784072792770691 -0.0072620861040928585 0.0085009740550240215 -0.00071903089276442299 0.0046627230053700053 -0.001271774449233505 0.0011645661274867802 0.0072139124257652289 0.0021964660174186431 0.0040714816732015545 -0.008697551214560369 -0.0043315957481735376 0.00507598269030756 -0.0066151572535629094 -0.001686169744711888 -0.00073312521240783107 -0.00052962634682764381 0.00067198722835890056 -0.0001047707244114178 0.00571023792707708 -0.0060742105704369781 -0.0091375839798416084 -0.00043442064567381843 -0.0041444464890976829 -0.0053190206198511121 -0.0079846430603856509
leaf_weight=31.736051872372627 63.979370534420013 121.55447506904602 100.01060292124748 174.92462241649628 139.26032570004463 106.81277656555176 133.22702372074127 274.45706224441528 48.649305894970894 46.616558775305748 105.62656795978546 139.5252525806427 97.768548578023911 199.95714271068573 66.532803952693939 158.78058248758316 127.41411966085434 48.495765283703804 90.604626536369324 66.163792371749878 55.571920305490494 51.95983774960041 74.244321912527084 42.077877104282379 44.127271682024002
leaf_count=116 99 33 134 115 116 103 122 177 91 104 111 108 143 164 89 129 92 81 82 157 121 110 135 88 145
internal_value=6.05279e-05 0.00121905 0.000771749 0.001104 0.000732009 -0.000143666 0.00253557 0.00383612 -0.00471418 -0.00238598 0.000599561 -0.000116148 -0.00363367 0.000595503 -0.00393374 0.00166719 0.00297389 -0.00424095 0.0032508 -0.00645458 -0.0053578 -0.0035934 -0.0059006 -0.00749214 -0.00957407
internal_weight=2610.08 2100.44 1978.88 1848.37 1673.44 1126.5 546.944 407.684 509.643 218.006 928.721 731.304 197.779 625.677 130.512 425.72 266.939 169.357 197.417 291.637 215.773 118.124 120.861 97.6498 75.8633
internal_count=2965 1817 1784 1596 1481 1066 415 299 1148 411 789 604 277 493 188 329 200 320 185 737 476 267 239 209 261
is_linear=0
shrinkage=0.0161547


Tree=113
num_leaves=24
num_cat=0
split_feature=43 43 42 44 43 44 43 50 46 44 52 15 19 13 4 0 8 17 50 50 4 43 43
split_gain=55.7997 23.6324 9.35497 8.98776 10.6968 9.36157 6.97504 6.40344 5.3281 5.01285 5.00792 4.76447 4.35064 9.13504 5.46682 3.70431 2.30451 3.12795 2.2566 2.09206 2.07746 1.82367 0.917199
threshold=0.91520000000000012 3.1809000000000007 2.5000000000000004 71.500000000000014 1.9172000000000002 72.500000000000014 0.57960000000000012 97.000000000000014 1.0000000180025095e-35 68.500000000000014 0.95129032131237745 0.24635996912488242 0.14347017096412401 0.14359543787503423 0.095375283390858212 0.0077244708204506291 0.022317553276525841 0.034305594926650085 82.500000000000014 90.500000000000014 0.023132622881429605 0.53075000000000017 0.73995000000000011
decision_type=2 2 2 2 2 2 2 2 2 2 2 2 2 2 2 2 2 2 2 2 2 2 2
left_child=2 3 6 9 5 -5 21 8 12 -2 -11 15 13 -7 -14 18 22 20 -8 -20 -18 -1 -17
right_child=1 -3 -4 4 -6 7 11 -9 -10 10 -12 -13 14 -15 -16 16 17 -19 19 -21 -22 -23 -24
leaf_value=-0.012490508135547489 -0.0047163900656847901 0.0083824757189274995 4.5432170318207273e-05 0.004684279520785161 0.0039658263687097932 0.00016557462565957199 -0.0058448143586586482 -0.0026919482785387784 -0.0021032705349896415 0.0014654133703130283 -0.0025993894842858455 -0.00028978930374812527 -0.0019545438067893012 0.007164381060424648 0.0019770912928834959 -0.0064595443075874288 -0.0050925677317129898 -0.007302530335958614 0.00075453716975813919 -0.0035698495470581908 -0.0008527541695503983 -0.0072720789082147477 -0.0098731933030134136
leaf_weight=31.402509346604347 87.402396619319916 114.76035642623901 124.2242431640625 130.08707121014595 332.62583231925964 106.43494108319283 47.131464570760727 178.46216091513634 139.99792432785034 177.00390204787254 143.00819534063339 70.878372490406036 153.47668451070786 89.676932334899902 231.5377522110939 40.946338951587677 72.633780837059021 88.797995060682297 52.169540166854858 66.30029508471489 51.577680051326752 39.411021381616592 41.219162940979004
leaf_count=130 121 31 180 116 149 120 105 167 128 171 143 101 133 76 156 102 145 160 101 141 90 119 83
internal_value=-0.000188181 0.00127831 -0.00399111 0.000817623 0.00144721 0.000633596 -0.00482341 4.7836e-05 0.000725871 -0.00128757 -0.000351081 -0.00418903 0.00140743 0.00336595 0.00040984 -0.00478883 -0.00587375 -0.00498722 -0.00285501 -0.00166556 -0.00333202 -0.00958621 -0.00817204
internal_weight=2611.17 1884.47 726.692 1769.71 1362.3 1029.67 602.468 899.586 721.124 407.414 320.012 531.655 581.126 196.112 385.014 460.776 295.175 213.009 165.601 118.47 124.211 70.8135 82.1655
internal_count=2968 1511 1457 1480 1045 896 1277 780 613 435 314 1028 485 196 289 927 580 395 347 242 235 249 185
is_linear=0
shrinkage=0.0161547


Tree=114
num_leaves=24
num_cat=0
split_feature=43 42 6 43 53 53 17 32 15 43 4 6 35 19 53 53 15 23 53 6 53 45 42
split_gain=47.2838 14.5664 9.62892 8.21031 8.15616 13.8592 6.68614 6.5194 7.36805 6.43709 5.76044 5.79731 4.98266 4.96937 3.97434 5.04913 3.38351 10.3802 6.27676 2.83055 1.73572 1.21156 0.855084
threshold=0.91520000000000012 5.5000000000000009 1.3924876334906968 0.57190000000000007 0.89288153679702897 0.92349798135726757 0.057674008328826035 1.0000000180025095e-35 0.22558909509331224 0.98180000000000012 0.0097435049662869967 0.10574724945930361 1.0000000180025095e-35 0.076786122195152434 0.9188107011463954 0.93090424668181715 0.34059245504878533 1.0880541033434195 0.97418148174207586 0.03792510669435975 0.98767305193734012 1.0000000180025095e-35 1.0000000180025095e-35
decision_type=2 2 2 2 2 2 2 2 2 2 2 2 2 2 2 2 2 2 2 2 2 2 2
left_child=3 2 4 22 -2 6 -6 8 12 -7 13 -12 14 -11 21 -16 17 -13 -18 20 -17 -5 -1
right_child=1 -3 -4 7 5 9 -8 -9 -10 10 11 16 -14 -15 15 19 18 -19 -20 -21 -22 -23 -24
leaf_value=-0.011084635679972603 -0.002882684462601095 0.0059701413300987756 0.0049126578118854191 -0.0061014538244955766 0.00063862949490917195 -0.0037321961597997213 0.0050883732299989602 0.0021333686136980863 0.00076227773253795034 0.00042811923591930094 -0.0029288402226740505 -0.0006882844031878716 -0.00098896986308197083 0.0056051264657516198 0.00069410277655135169 -0.0052533490087543992 -0.0027639789993045174 0.0058910494931058294 0.0017229929441179425 -0.0029677770327219358 -0.0093805187154599977 -0.0093620724812112695 -0.0073280577929629815
leaf_weight=26.949402749538422 155.16369196772575 169.1407373547554 150.37107270956039 76.143767714500427 132.72310400009155 106.03725376725197 262.26756519079208 61.577774032950401 93.882766485214233 99.381894558668137 157.66988050937653 157.26613193750381 102.1236033141613 94.30527663230896 50.879374802112579 79.242028445005417 164.05686646699905 103.94171953201294 161.41705429553986 101.47113060951233 40.025873973965645 48.80070224404335 38.268252745270729
leaf_count=102 154 73 62 160 140 146 169 94 129 114 161 157 173 76 91 171 110 75 98 178 99 110 130
internal_value=0.000116438 0.00144369 0.00100485 -0.00341449 0.000636256 0.00101568 0.00359319 -0.00286955 -0.00338943 4.05634e-05 0.000467042 -0.000178729 -0.00417103 0.00294878 -0.00499048 -0.00389362 0.000560359 0.00192981 -0.000538689 -0.00495106 -0.00663841 -0.00737498 -0.00888036
internal_weight=2633.11 1913.74 1744.6 719.365 1594.23 1439.07 394.991 654.147 592.569 1044.08 938.039 744.352 498.686 193.687 396.563 271.618 586.682 261.208 325.474 220.739 119.268 124.944 65.2177
internal_count=2972 1535 1462 1437 1400 1246 309 1205 1111 937 791 601 982 190 809 539 440 232 208 448 270 270 232
is_linear=0
shrinkage=0.0161547


Tree=115
num_leaves=24
num_cat=0
split_feature=43 42 43 43 32 52 51 40 43 43 4 2 50 15 13 44 53 43 44 53 19 53 43
split_gain=49.6216 21.5054 10.0313 7.07863 7.32974 6.61832 6.82396 7.83576 6.49355 5.7262 5.48451 5.35157 8.95353 5.76616 6.15434 4.50316 3.6101 3.1457 2.70859 2.69572 2.32294 1.38011 0.74307
threshold=0.98180000000000012 5.5000000000000009 0.55930000000000013 1.5776500000000002 1.0000000180025095e-35 0.86821236956945069 17.500000000000004 1.0000000180025095e-35 0.67240000000000011 1.8001500000000001 0.029475084370675839 0.067362830758272887 88.500000000000014 0.20763071107847045 0.53568890662548763 76.500000000000014 0.96026625152714307 1.1504500000000002 73.500000000000014 0.93128346209804425 0.042630962057372587 0.93090424668181715 0.5223000000000001
decision_type=2 2 2 2 2 2 2 2 2 2 2 2 2 2 2 2 2 2 2 2 2 2 2
left_child=2 3 22 4 11 21 7 10 -8 -5 19 12 -2 17 -15 -11 20 -13 -18 -7 -10 -4 -1
right_child=1 -3 5 9 -6 6 8 -9 16 15 -12 13 -14 14 -16 -17 18 -19 -20 -21 -22 -23 -24
leaf_value=-0.011833645535572618 -0.00096984951043293567 0.0066660081903782828 -0.0045988648908092357 0.0046999902647232887 -0.0038753144147619465 -0.0012942583737441567 -0.0082008073768270739 0.0045311457286883071 -0.0017447945587182646 -0.00041940362080707707 0.0013661708552251883 -0.0002239314395797286 0.0048687404001257605 0.0038998004286166701 -0.00067865236933432492 0.0028931206400178095 0.0011729579596944553 -0.0042832314874864707 -0.0032595225905259757 -0.0056618739154738551 -0.005558080258010808 -0.0080826078749565156 -0.0080659531864519501
leaf_weight=26.130428910255432 119.7809926867485 190.9420679807663 62.874163866043091 179.12107086181641 110.38705027103424 69.100961595773697 65.094721585512161 67.587899535894394 66.05778843164444 211.19640803337097 93.820566803216934 87.653292924165726 160.24758225679398 117.4611006975174 220.3632864356041 217.29840683937073 83.634806782007217 115.43052399158478 63.141996592283249 79.09030681848526 113.02067273855209 56.206966444849968 28.626730874180794
leaf_count=109 134 79 121 111 113 129 177 90 118 118 136 102 160 102 174 94 126 124 94 159 178 117 99
internal_value=-3.29616e-05 0.00155243 -0.00316948 0.000917964 3.29967e-05 -0.00272224 -0.00212374 -0.000332068 -0.00354259 0.0022744 -0.00169024 0.000558527 0.00237131 -0.000379952 0.00091327 0.00126044 -0.00261204 -0.00253119 -0.000733853 -0.00362527 -0.00415145 -0.00624321 -0.00986392
internal_weight=2604.27 1729.88 874.388 1538.94 931.324 819.631 700.55 309.6 390.95 607.616 242.012 820.937 280.029 540.908 337.824 428.495 325.855 203.084 146.777 148.191 179.078 119.081 54.7572
internal_count=2964 1311 1653 1232 909 1445 1207 514 693 323 424 796 294 502 276 212 516 226 220 288 296 238 208
is_linear=0
shrinkage=0.0161547


Tree=116
num_leaves=23
num_cat=0
split_feature=19 42 42 19 52 35 39 50 6 2 40 0 15 52 52 42 52 53 51 17 0 53
split_gain=35.8549 15.5717 12.2513 9.82761 8.70742 8.04432 7.10738 4.9124 5.84729 5.83407 6.25973 5.67255 5.51264 3.94584 9.79642 3.0092 2.90753 2.90314 2.65817 3.94199 2.18709 1.41921
threshold=0.08677482541381569 3.5000000000000004 2.5000000000000004 0.046424576482876657 0.93769520135829054 1.0000000180025095e-35 1.0000000180025095e-35 94.000000000000014 0.66028986439616089 0.40298956452181095 1.0000000180025095e-35 0.31530259670872252 0.13034040775377329 0.92347314675762215 0.94507234061369272 1.0000000180025095e-35 0.84753488940832977 0.9436616565785293 14.500000000000002 0.0096893972116819712 0.46771023281985991 0.9351131704727581
decision_type=2 2 2 2 2 2 2 2 2 2 2 2 2 2 2 2 2 2 2 2 2 2
left_child=2 6 5 -4 -3 13 7 8 9 10 11 12 -2 15 -15 -1 -9 -17 -16 21 -18 -20
right_child=1 4 3 -5 -6 -7 -8 16 -10 -11 -12 -13 -14 14 18 17 20 -19 19 -21 -22 -23
leaf_value=-0.0092985007455742494 0.0013529675169868971 0.0055959859110108218 0.0037341988458259707 -0.0034732616019757805 0.0016873732627614108 0.00075158923737473303 0.0036135385614421262 0.00054981789630214218 0.0036736281370071664 -0.0034703034704494126 0.0037560126476487684 0.0023166462873614874 -0.0036500848025025658 0.0025119774895008638 -0.0011802038572368415 -0.007497404015420879 -0.0014253558961196586 -0.0028681881254712101 -0.0053718758344950806 -0.0030905171394172773 -0.0047929915586592741 -0.0088573460754782559
leaf_weight=58.519686907529831 91.084104239940643 294.88822019100189 123.99178595840931 82.039282590150833 300.13903707265854 91.757973924279213 159.36502167582512 94.391992121934891 136.54197949171066 105.98156148195267 129.97817550599575 134.78544402122498 155.77169728279114 60.877554282546043 47.951214551925659 64.22805780172348 116.84392836689949 78.647556930780411 54.43217958509922 107.06135109066963 88.409419387578964 69.305522158741951
leaf_count=157 119 148 159 99 167 150 138 90 81 100 116 134 175 107 89 133 131 148 121 181 84 168
internal_value=0.000203247 0.00148383 -0.00255724 0.000864268 0.00362443 -0.00367127 0.000433911 -4.69461e-05 0.000648312 -2.05381e-05 0.000694078 -0.000348746 -0.00180407 -0.00442139 -0.003359 -0.00621298 -0.00179676 -0.0049492 -0.00464119 -0.00536025 -0.00287591 -0.00732409
internal_weight=2646.99 1808.18 838.812 206.031 595.027 632.781 1213.15 1053.79 754.143 617.601 511.619 381.641 246.856 541.023 339.628 201.395 299.645 142.876 278.75 230.799 205.253 123.738
internal_count=2995 1483 1512 258 315 1254 1168 1030 725 644 544 428 294 1104 666 438 305 281 559 470 215 289
is_linear=0
shrinkage=0.0161547


Tree=117
num_leaves=26
num_cat=0
split_feature=43 43 52 42 50 50 43 51 52 8 4 8 0 0 28 8 42 8 51 17 43 53 53 6 2
split_gain=51.1882 22.2288 12.477 7.60986 10.7903 10.436 5.84103 4.83167 5.84612 4.34025 9.23107 7.42327 5.58886 9.60256 7.3043 9.33388 5.01645 6.21101 4.52928 3.73295 3.40499 2.92705 7.15972 3.86627 2.78051
threshold=0.80820000000000014 3.1809000000000007 0.86821236956945069 1.0000000180025095e-35 87.500000000000014 77.500000000000014 0.54715000000000014 22.500000000000004 0.99585146972637795 0.13636876242772858 0.080103511555278048 0.098402652682775232 0.17143767202168078 0.092958432514949549 1.0000000180025095e-35 0.009538193998457482 4.5000000000000009 0.32843168691473584 18.500000000000004 0.010693518538289941 1.2160500000000003 0.9473272111110923 0.91000072448503511 0.03792510669435975 0.88999456092449003
decision_type=2 2 2 2 2 2 2 2 2 2 2 2 2 2 2 2 2 2 2 2 2 2 2 2 2
left_child=6 2 20 4 -4 -5 -1 8 21 11 -11 12 13 14 15 18 17 -12 -7 -10 -2 22 -8 -23 -19
right_child=1 -3 3 5 -6 9 7 -9 19 10 16 -13 -14 -15 -16 -17 -18 24 -20 -21 -22 23 -24 -25 -26
leaf_value=-0.010552179466876288 -0.0046928730251571769 0.0080836846806787294 0.0019963796855926867 -0.0033238854907978984 -0.0069655548248062638 0.0024356552790758407 -0.0076142344451446521 -0.0082993863621006591 0.0028271530812017127 -0.0025833969214463081 0.0034741735161928802 0.0063569504905546942 -0.00087418238025013979 0.0065564549953081889 -0.0024075979471222179 -0.0014100133840219979 0.0042486654416105159 -0.0021419012612685535 0.0075896966927484063 -0.0033437759063997177 -0.0010455947501990621 -0.0099109997373284658 -0.00032822131601653094 -0.0037047667283939254 0.001068513516704654
leaf_weight=42.839445069432259 111.06702357530594 111.53408694267273 70.955448925495148 109.63259428739548 69.308808445930481 90.84768334031105 60.558330893516541 66.007959231734276 50.729379743337631 152.03654050827026 163.35571551322937 121.90195617079735 137.78556647896767 130.90378952026367 94.585078656673431 90.559982687234879 167.3174255490303 136.38739252090454 87.214849680662155 51.609898179769516 167.60325515270233 54.425215765833855 84.04824236035347 50.505050539970398 145.52696323394775
leaf_count=172 156 30 86 97 104 105 143 158 101 142 126 95 141 124 111 107 75 113 84 97 126 144 164 99 76
internal_value=1.71458e-05 0.00106051 0.000677844 0.00117852 -0.00243198 0.00148959 -0.00487111 -0.00428872 -0.00353636 0.00183713 0.000979567 0.002707 0.00200287 0.00280516 0.00145315 0.00281256 0.00186385 0.000967717 0.0049601 -0.000284858 -0.00249926 -0.00486986 -0.00337946 -0.00692381 -0.000484654
internal_weight=2619.25 2158.52 2046.99 1768.32 140.264 1628.06 460.724 417.884 351.876 1518.42 764.624 753.799 631.897 494.111 363.208 268.623 612.587 445.27 178.063 102.339 278.67 249.537 144.607 104.93 281.914
internal_count=2976 1898 1868 1586 190 1396 1078 906 748 1299 532 767 672 531 407 296 390 315 189 198 282 550 307 243 189
is_linear=0
shrinkage=0.0161547


Tree=118
num_leaves=26
num_cat=0
split_feature=42 17 14 50 53 13 44 39 21 19 44 53 4 44 51 19 13 53 6 46 51 51 13 21 50
split_gain=20.6276 13.1832 12.9735 9.37977 7.21953 7.12424 7.00753 9.53489 11.8982 9.1181 6.42592 8.25661 10.7186 6.63535 6.48516 6.19301 19.562 5.42119 5.28536 5.12942 2.85779 1.90576 2.38994 1.84008 1.12155
threshold=1.5000000000000002 0.010436554490723048 7.5000000000000009 78.500000000000014 0.89503366983423693 0.33642212250883813 83.500000000000014 1.0000000180025095e-35 0.18329883239939462 0.73575038512432767 68.500000000000014 0.91333509821843972 0.04052054918181637 75.500000000000014 17.500000000000004 0.046424576482876657 0.055357355479754733 0.97152169844324632 0.18336438559138901 1.0000000180025095e-35 16.500000000000004 22.500000000000004 0.03200323270180324 0.16315355846531385 92.500000000000014
decision_type=2 2 2 2 2 2 2 2 2 2 2 2 2 2 2 2 2 2 2 2 2 2 2 2 2
left_child=1 19 3 5 -5 -2 7 9 -9 15 -3 12 -12 14 -13 16 -6 20 -19 21 -17 22 24 -22 -1
right_child=2 10 -4 4 6 -7 -8 8 -10 -11 11 13 -14 -15 -16 17 -18 18 -20 -21 23 -23 -24 -25 -26
leaf_value=-0.0058847227178348603 -0.0057133107948304238 -0.0050101397986140961 0.0052427148632182459 -0.0022773815441219417 -0.0023334312350988457 7.0483532947894999e-05 0.0053532810001985232 0.0071386135206631561 -5.8757654846517764e-05 0.0037894825215442642 0.0069701004659663973 -0.0065783161234400211 -0.0010243982648208108 0.0011099891673428278 -0.0010602636913431137 -0.00043591399269043746 0.0094728837644131557 -0.0019957902473308575 0.0034299543228998018 -0.00067532719317998956 -0.0021159339465657511 -0.009689663788314179 -0.0029097234114676784 -0.0050653081709178633 -0.0095331298913884713
leaf_weight=60.608931615948677 100.22742056846619 83.630452498793602 170.16210114955902 149.79712888598442 93.912790983915329 124.76502457261086 110.88067889213562 133.25321635603905 108.95342355966568 154.34960633516312 81.692908972501755 92.223892375826836 94.277646094560623 149.6428837031126 139.90522673726082 100.73950734734535 60.041044622659683 92.249304205179214 95.216934621334076 49.495290085673332 101.78102505207062 39.223041102290154 52.319213092327118 120.63617944717407 34.509678363800049
leaf_count=155 141 166 61 157 160 89 68 133 73 74 100 134 98 171 181 98 69 107 79 109 117 102 106 100 97
internal_value=-2.09035e-05 -0.00203578 0.00100888 0.000543125 0.00106214 -0.00250602 0.00148897 0.00108517 0.00390097 0.00025237 -0.000834277 -0.000208129 0.00268698 -0.00154258 -0.00325256 -0.000569133 0.00227096 -0.00142543 0.000760027 -0.00529891 -0.00269323 -0.00652491 -0.00568298 -0.00371564 -0.00720839
internal_weight=2594.49 877.529 1716.97 1546.8 1321.81 224.992 1172.01 1061.13 242.207 818.926 641.373 557.743 175.971 381.772 232.129 664.577 153.954 510.623 187.466 236.156 323.157 186.661 147.438 222.417 95.1186
internal_count=2945 1419 1526 1465 1235 230 1078 1010 206 804 850 684 198 486 315 730 229 501 186 569 315 460 358 217 252
is_linear=0
shrinkage=0.0161547


Tree=119
num_leaves=27
num_cat=0
split_feature=43 42 19 47 50 43 6 4 53 52 53 52 53 13 50 52 53 43 52 4 8 17 24 52 43 43
split_gain=38.5832 15.1614 10.0906 8.10767 8.89766 9.30552 6.53354 13.1917 6.42908 5.78845 5.42478 5.25567 5.09203 10.862 6.01157 4.19639 4.18732 4.66668 3.64395 3.11807 2.84346 2.68591 2.36384 1.87527 0.794679 0.64673
threshold=0.81085000000000018 5.5000000000000009 0.031812313678107586 1.0000000180025095e-35 97.000000000000014 1.4178000000000002 0.046889865250121197 0.026837973083005773 0.95078615753402085 0.93433062898844998 0.93963268969756042 0.95335774496725556 0.92349798135726757 0.25915467230967315 88.500000000000014 0.99757849208906302 0.98885778720309514 0.69255000000000011 0.96240805599483303 0.055016338631147098 0.15960045039222398 0.0039039671977933363 24.500000000000004 0.94507234061369272 0.55930000000000013 0.62630000000000008
decision_type=2 2 2 2 2 2 2 2 2 2 2 2 2 2 2 2 2 2 2 2 2 2 2 2 2 2
left_child=6 2 8 4 5 12 15 -8 -2 -6 20 -7 13 -4 23 16 17 24 -9 -16 -5 -17 -12 -14 -1 -26
right_child=1 -3 3 10 9 11 7 18 -10 -11 22 -13 14 -15 19 21 -18 -19 -20 -21 -22 -23 -24 -25 25 -27
leaf_value=-0.010554903861633836 -0.0058767902713268783 0.0052903342980708968 0.0063853142361450397 0.0024886705626492056 -0.0037049313603682967 0.0020104036797706283 0.0033939748640966264 -0.0081690694449581113 1.6671213525282413e-05 0.0011758257594882764 -0.0040808933160408198 0.0054566298250784068 -0.0011435292517947959 -0.0008656894889982412 0.0034857160918529079 1.2596226378179329e-05 -0.011943652138890752 -0.002966178939590169 -0.0023047398880165887 -0.00069625948201620068 -0.0011720166471683648 -0.005799074277210753 -0.00087836356600798794 -0.004533787862954745 -0.0058460932385755171 -0.0089318750676318972
leaf_weight=28.598157331347466 104.95499804615974 175.06567800045013 103.96695944666862 115.29210367798805 130.59965631365776 229.28710967302322 72.946546196937561 59.569866225123405 89.499862462282181 123.26889246702194 144.53574219346046 232.69286245107651 92.795809477567673 111.99319115281105 97.568362087011337 43.746216371655464 37.233275860548019 76.043469697237015 51.610010862350464 88.945121109485626 106.55538102984428 39.485267415642738 103.02254283428192 78.682155847549438 36.013184636831284 34.904993951320648
leaf_count=114 162 76 109 108 131 126 133 122 125 101 155 129 106 112 106 102 112 149 93 93 76 93 72 90 100 95
internal_value=-0.000197129 0.000735912 0.000327795 0.000713791 0.0013754 0.00203963 -0.00433372 -0.00194431 -0.00316426 -0.00133502 -0.00110413 0.00374622 0.000665969 0.00262507 -0.000515868 -0.00581993 -0.00702285 -0.00597923 -0.00544683 0.0014914 0.000730409 -0.00274448 -0.00274815 -0.00269914 -0.0082816 -0.00736487
internal_weight=2608.88 2128.73 1953.66 1759.21 1289.8 1035.93 480.151 184.126 194.455 253.869 469.406 461.98 573.952 215.96 357.991 296.025 212.793 175.56 111.18 186.513 221.847 83.2315 247.558 171.478 99.5163 70.9182
internal_count=2990 1877 1801 1514 1103 871 1113 348 287 232 411 255 616 221 395 765 570 458 215 199 184 195 227 196 309 195
is_linear=0
shrinkage=0.0161547


Tree=120
num_leaves=27
num_cat=0
split_feature=43 10 43 42 53 47 53 51 17 50 52 13 50 0 15 40 1 0 51 51 50 53 4 13 51 52
split_gain=59.6963 15.4472 12.6301 8.57763 10.2867 10.2516 8.39871 8.02781 6.02661 7.35092 5.89166 5.44857 5.20318 6.71818 5.1418 4.69945 4.6595 4.56931 6.46824 3.60791 2.1459 2.31214 2.36503 1.68008 1.09941 0.843886
threshold=0.98180000000000012 7.0469836853490273 0.59250000000000014 1.5000000000000002 0.89807341841231547 1.0000000180025095e-35 0.91827636368132548 21.500000000000004 0.001713562872673369 92.500000000000014 0.94226721597822705 0.21179228254015706 81.000000000000014 0.033207691293389741 0.12339450024192566 1.0000000180025095e-35 1.5000000000000002 0.11679577779675053 17.500000000000004 18.500000000000004 101.00000000000001 0.96726935803775005 0.021946060828893669 0.048685575415873671 18.500000000000004 0.96797740560330181
decision_type=2 2 2 2 2 2 2 2 2 2 2 2 2 2 2 2 2 2 2 2 2 2 2 2 2 2
left_child=2 3 23 11 -5 6 -6 15 25 12 -7 -2 14 -14 -10 16 -8 -15 -19 -13 21 22 -11 24 -1 -4
right_child=1 -3 8 4 5 10 7 -9 9 20 -12 19 13 17 -16 -17 -18 18 -20 -21 -22 -23 -24 -25 -26 -27
leaf_value=-0.0090552591434608018 -0.0038117398167059439 0.0058134319179006201 -0.0085212359222596474 -0.0021535889691110207 0.0064093908189386132 0.0021304058742106944 0.0044687798610957563 -0.0012509673726440735 -0.0061361566884967191 -0.0095733177576992085 -0.0026144188526238217 -0.0016105705376716327 0.0036622816640318519 -0.0053086665092305441 -0.00014915873225176902 0.005355673442852555 0.00034790634042817034 0.0035716727844711418 -0.003400938970553572 0.0022977389158020051 -0.0022424935518262214 -0.002895875248110569 -0.004997241119158286 -0.0063026604257431429 -0.013501659190489651 -0.0053141486788142178
leaf_weight=32.849392995238304 129.43256342411041 195.70189130306244 45.849680081009865 159.59563398361206 167.12318170070648 126.60434538125992 121.46930351853371 129.30813765525818 90.550385117530823 51.489828050136566 148.29121267795563 127.39299392700195 90.479656577110291 61.464144021272659 63.823059141635895 178.97366291284561 174.44541716575623 67.422033846378326 71.587352097034454 119.43193155527115 63.272839158773422 52.671310096979141 68.936639815568924 29.627273961901665 25.998339846730232 40.173539936542511
leaf_count=118 169 72 107 126 106 88 104 103 172 105 118 116 149 113 89 110 128 88 111 100 110 88 110 89 102 89
internal_value=-0.0001559 0.00153188 -0.00366035 0.00100226 0.00166672 0.00224949 0.00320416 0.00231758 -0.00299427 -0.00248582 -0.000429169 -0.00112719 -0.00126365 8.29883e-06 -0.00366093 0.00328927 0.00203947 -0.00164085 -1.90978e-05 0.000280555 -0.00478841 -0.00571903 -0.0069538 -0.00944008 -0.0110196 -0.0070235
internal_weight=2633.97 1777.77 856.195 1582.07 1205.81 1046.22 771.32 604.197 767.72 681.697 274.896 376.257 445.327 290.953 154.373 474.888 295.915 200.474 139.009 246.825 236.371 173.098 120.426 88.475 58.8477 86.0232
internal_count=2980 1340 1640 1268 883 757 551 445 1331 1135 206 385 722 461 261 342 232 312 199 216 413 303 215 309 220 196
is_linear=0
shrinkage=0.0161547


Tree=121
num_leaves=28
num_cat=0
split_feature=2 44 42 13 50 52 44 8 6 40 8 6 21 39 52 19 6 4 53 19 21 52 6 6 13 50 8
split_gain=29.6196 20.0193 15.7748 12.1684 9.02065 9.50439 9.05421 8.84744 7.35678 6.16466 13.5702 9.6474 7.53201 6.62704 5.66868 5.92429 2.94308 2.64263 2.35202 2.26311 3.40006 2.95723 4.8484 2.60795 1.74266 1.29335 0.633205
threshold=1.0979799851982135 66.500000000000014 1.0000000180025095e-35 0.19018713179959387 78.500000000000014 0.88855852546653613 83.500000000000014 0.28602095727455273 0.29785897857027238 1.0000000180025095e-35 0.13154783777661158 0.06967074146820583 0.38336947282990247 1.0000000180025095e-35 0.94350096727249033 0.14347017096412401 0.049330300157430639 0.024245199104035591 0.93545464895072616 0.30509575058311983 0.15088289535886673 1.0372168211370756 0.062092532343223851 0.0018356998290437396 0.12183855334851391 89.500000000000014 0.011056453136658973
decision_type=2 2 2 2 2 2 2 2 2 2 2 2 2 2 2 2 2 2 2 2 2 2 2 2 2 2 2
left_child=1 25 3 18 8 7 9 17 16 12 11 -11 13 14 15 -7 -4 24 -3 20 21 22 23 -16 -6 -1 -20
right_child=-2 2 4 -5 5 6 -8 -9 -10 10 -12 -13 -14 -15 19 -17 -18 -19 26 -21 -22 -23 -24 -25 -26 -27 -28
leaf_value=-0.0059586474699095107 0.0050037583234850223 -0.0046923904675337238 -0.0066497225589949574 0.00015825827402013854 -0.003241292692718778 0.0036492441127956203 0.0056912170157105068 0.002878745383456653 0.0015849703983504414 0.0023151722752302118 -0.00097379187798759463 0.0090192421209295583 0.0036736690080648991 0.0027844522530566839 -0.0025554786405543816 -0.0022403593584256207 -0.0025613235910724032 -0.0049981967185485469 -0.0074334013540235579 0.00036358979005818922 -0.0062565419581505624 0.0009688190000210166 1.0018099833346994e-05 -0.0073070666812682355 0.00035976011351635683 -0.0096301327039976861 -0.010278760864951475
leaf_weight=66.574037313461304 285.97027271986008 66.827899158000946 73.10563126206398 109.30575275421143 81.522608265280724 104.69823198020458 115.52138052880764 84.496590405702591 85.956453680992126 131.79336187243462 159.29956957697868 97.431672424077988 136.11560672521591 132.65962302684784 56.903694331645966 77.613718301057816 123.70840285718441 112.87557402253151 43.242442935705185 68.972994208335876 62.190965741872787 63.897033110260963 82.282503545284271 64.106422826647758 61.550595551729202 40.13541667163372 38.658868372440338
leaf_count=162 115 143 113 132 149 146 87 55 62 156 124 76 84 139 102 74 137 130 109 58 73 93 100 113 62 104 83
internal_value=9.57417e-05 -0.000503694 -0.000177279 -0.00393392 0.000313105 0.000758984 0.00136587 -0.00165379 -0.00235792 0.000962252 0.00264786 0.00516472 0.000191273 -0.000473232 -0.00121749 0.00114193 -0.00407994 -0.00315012 -0.00694138 -0.0022973 -0.0028545 -0.00206264 -0.00301546 -0.00507268 -0.00169211 -0.00733956 -0.00877646
internal_weight=2627.42 2341.45 2234.74 258.035 1976.7 1693.93 1353.49 340.445 282.77 1237.97 388.525 229.225 849.441 713.325 580.666 182.312 196.814 255.949 148.729 398.354 329.381 267.19 203.293 121.01 143.073 106.709 81.9013
internal_count=2981 2866 2600 467 2133 1821 1425 396 312 1338 356 232 982 898 759 220 250 341 335 539 481 408 315 215 211 266 192
is_linear=0
shrinkage=0.0161547


Tree=122
num_leaves=26
num_cat=0
split_feature=43 43 43 42 44 52 52 44 30 13 14 21 2 6 23 52 43 15 52 10 15 8 0 52 43
split_gain=46.9687 18.052 10.5021 8.17832 5.87699 11.4347 5.2838 4.90284 4.82488 8.90293 12.5926 7.60889 6.06385 11.9725 5.05161 4.69996 4.50033 4.11322 3.2956 3.02242 2.44816 3.86307 1.96697 1.63601 0.874635
threshold=0.91520000000000012 3.1809000000000007 0.67240000000000011 2.5000000000000004 69.500000000000014 1.0338057743869371 0.95335774496725556 75.500000000000014 1.0000000180025095e-35 0.27176115183095922 5.5000000000000009 0.044108100633085394 0.1101541120707495 0.039898609957472402 1.4943195750625249 0.96240805599483303 0.54150000000000009 0.76319195176869903 0.99585146972637795 0.14541003398248151 0.02469620695384386 0.053339529731633861 0.31034765335985942 0.94350096727249033 0.59915000000000007
decision_type=2 2 2 2 2 2 2 2 2 2 2 2 2 2 2 2 2 2 2 2 2 2 2 2 2
left_child=2 4 16 7 6 8 -2 20 11 -10 -11 -6 13 -13 -14 -9 -1 -16 19 24 -4 23 -23 -22 -18
right_child=1 -3 3 -5 5 -7 -8 15 9 10 -12 12 14 -15 17 -17 18 -19 -20 -21 21 22 -24 -25 -26
leaf_value=-0.011274145107866642 -0.004203212401714309 0.0077812341091851372 -0.0017374889995213424 0.0019807039243937576 -0.0025788093304498199 -0.0022561523023917397 0.0014610640921898111 -0.0035263458167146496 0.006538189381633969 -0.0011220294165558344 0.0050518777853631666 0.00051949976519953024 -0.0011918524207813498 0.008141957896119701 0.0034727725032058353 0.0029000910027836891 -0.0071091412819984023 0.00018615258558733747 -0.0019833164600257069 -0.0036158199977138527 -0.0053848669355057999 -0.0010431072103294257 -0.0052281977295522029 -0.0095336741109959457 -0.010905046779441863
leaf_weight=38.614402174949646 93.701991528272629 116.72723174095154 81.92550602555275 107.63215065002441 114.0508271753788 184.34647640585899 79.396136730909348 58.0418301820755 153.41912311315536 178.42828738689423 166.83043098449707 111.39613363146782 183.55838537216187 103.96634256839752 227.94376516342163 60.822030395269394 30.658995255827904 176.18875396251678 56.504250153899193 45.543293476104736 52.146787613630295 61.664717644453049 55.854665189981461 47.308192014694214 32.777522072196007
leaf_count=163 123 31 165 138 145 169 92 98 135 132 73 104 178 82 154 90 96 85 131 106 102 103 92 96 98
internal_value=0.000283639 0.00162759 -0.00319824 -0.00199014 0.00122251 0.0015284 -0.00160514 -0.00301318 0.00202118 0.0033001 0.00186123 0.00132577 0.0018803 0.00419925 0.00103051 -0.000237971 -0.00630816 0.00203991 -0.00514939 -0.00679094 -0.0041168 -0.00501518 -0.0030322 -0.00735835 -0.00907048
internal_weight=2619.45 1889.95 729.494 525.396 1773.23 1600.13 173.098 417.764 1415.78 498.678 345.259 917.104 803.053 215.362 587.691 118.864 204.098 404.133 165.484 108.98 298.9 216.974 117.519 99.455 63.4365
internal_count=2981 1503 1478 884 1472 1257 215 746 1088 340 205 748 603 186 417 188 594 239 431 300 558 393 195 198 194
is_linear=0
shrinkage=0.0161547


Tree=123
num_leaves=26
num_cat=0
split_feature=43 43 6 52 40 52 52 52 15 50 52 50 2 10 44 50 40 44 43 45 13 13 19 42 42
split_gain=40.0893 14.2035 13.87 7.14444 7.79359 6.66408 7.68805 5.87535 5.82369 4.91386 5.76471 9.14438 4.72561 7.45291 4.54373 4.24611 3.51473 1.93942 3.06699 2.07127 1.73187 1.71 1.59691 1.35462 1.05422
threshold=1.2160500000000003 0.70825000000000016 1.3924876334906968 0.86821236956945069 1.0000000180025095e-35 0.91485262813319512 0.89641903898076214 1.0226814166942921 0.15496920079433349 97.000000000000014 1.021806435885898 91.500000000000014 0.13479794412378862 1.9038221191626576 80.500000000000014 97.000000000000014 1.0000000180025095e-35 71.500000000000014 0.97340000000000015 1.0000000180025095e-35 0.17948587791088666 0.22434578067777441 0.00098635831777163182 1.0000000180025095e-35 1.5000000000000002
decision_type=2 2 2 2 2 2 2 2 2 2 2 2 2 2 2 2 2 2 2 2 2 2 2 2 2
left_child=1 7 9 21 5 6 -5 16 -6 10 11 12 -2 -14 15 17 22 20 19 -19 -7 -3 -1 -24 -25
right_child=2 3 -4 4 8 14 -8 -9 -10 -11 -12 -13 13 -15 -16 -17 -18 18 -20 -21 -22 -23 23 24 -26
leaf_value=-0.0044159170364217711 0.0037258165126154417 -0.0056479932545106725 0.0063542182466546923 -0.0017229391450747985 -0.00017820829487175615 -0.0031306863935934024 0.0054076021462720432 -0.00031663725135912371 0.0052113033838140947 -0.00057551054837279303 -0.00073526034230574652 0.0055467140661342043 -0.0022671033700928877 0.0025342816177886746 0.0017646531621687209 0.0010127308275921854 -0.0018582043204150706 -0.0062854169261621056 -0.00036315355539898143 -0.0019870798677154391 -0.0063159455572613489 -0.0021176318984140667 -0.0101496549058047 -0.0052770782258023683 -0.0089990510869876403
leaf_weight=38.674685850739479 171.79817676544189 89.119429767131805 181.9472998380661 82.163954973220825 113.14285117387772 103.93638771772385 75.926723033189774 52.88273349404335 97.338595330715179 227.40766090154648 155.32106047868729 208.76656746864319 149.43411314487457 193.77769446372986 70.766559213399887 71.60374715924263 37.556310594081879 57.421465456485748 112.8566746711731 59.65024870634079 77.962662607431412 59.853938043117523 53.05882827937603 47.480095162987709 34.140473812818527
leaf_count=117 136 155 62 117 145 181 89 126 89 171 112 117 113 99 83 97 84 94 123 93 115 75 167 133 87
internal_value=0.00018787 -0.00177341 0.00222082 -0.000946884 -0.000416921 -0.00122397 0.00170167 -0.00513142 0.00231421 0.00154114 0.00208869 0.0026947 0.0015386 0.000443763 -0.00205854 -0.00261819 -0.00633866 -0.0032495 -0.00226345 -0.00409533 -0.0044959 -0.00422958 -0.00730932 -0.0081402 -0.00683392
internal_weight=2623.99 1335.54 1288.45 1071.74 922.77 712.288 158.091 263.793 210.481 1106.51 879.098 723.777 515.01 343.212 554.198 483.431 210.91 411.827 229.928 117.072 181.899 148.973 173.354 134.679 81.6206
internal_count=2980 2170 810 1456 1226 992 206 714 234 748 577 465 348 212 786 703 588 606 310 187 296 230 504 387 220
is_linear=0
shrinkage=0.0161547


Tree=124
num_leaves=25
num_cat=0
split_feature=43 43 44 42 52 50 50 17 4 30 43 52 43 0 52 2 15 8 2 53 15 8 19 10
split_gain=35.6117 17.5455 10.2506 8.51946 7.53384 7.45802 8.5477 6.1664 8.53426 7.03824 6.04225 5.49548 5.43482 4.40891 3.92067 3.43439 8.35489 2.87948 3.37537 3.01084 2.7223 3.17779 1.86992 1.78791
threshold=0.82440000000000013 3.1809000000000007 68.500000000000014 2.5000000000000004 1.0338057743869371 97.000000000000014 101.00000000000001 0.056745475552063995 0.056614050736130357 1.0000000180025095e-35 1.2991000000000001 0.95129032131237745 0.55930000000000013 0.26794622002977675 0.95335774496725556 0.03741085306009654 0.094250545958681278 0.17882361793957818 0.12827872108794833 0.98885778720309514 0.012214635070876275 0.029980547344524291 0.0090664920851537354 0.081728068991252026
decision_type=2 2 2 2 2 2 2 2 2 2 2 2 2 2 2 2 2 2 2 2 2 2 2 2
left_child=3 2 11 12 5 7 -7 9 -9 15 -10 -2 22 -6 -12 -4 -17 18 19 20 -14 23 -1 -22
right_child=1 -3 4 -5 13 6 -8 8 10 -11 14 -13 17 -15 -16 16 -18 -19 -20 -21 21 -23 -24 -25
leaf_value=-0.0067429643856100584 -0.0068029549568939382 0.0074122279114531989 -0.003027180938313096 0.0016946202193809463 0.00030623461055173266 -0.0030188119946836824 0.0021458757480177617 0.005492776510598785 -0.00075402502388819716 0.0034960184415716582 0.0014907660161972288 -0.0001897000286985867 -0.00037087124909014933 -0.0043604947397093219 0.0044164698834713769 0.0035224692016737175 -0.0032431959480043147 5.2597256425163707e-05 -0.0085972992732152205 -0.0071644945827226466 -0.0040719723149858379 -0.0013142890088640609 -0.013252767502399999 -0.0084773659797776728
leaf_weight=24.49420154094696 67.570639699697495 109.45690679550171 120.77469569444656 65.289574131369591 118.13293212652206 186.46877184510231 151.63759160041809 223.96116411685944 172.62191444635391 137.18595004081726 274.64717960357666 63.712437123060226 71.671506494283676 95.579093158245087 211.65520304441452 104.86717507243156 87.279308915138245 42.013664841651917 44.117139428853989 55.914105832576752 55.702248901128769 62.612517863512039 21.733018010854721 42.299799427390099
leaf_count=97 106 29 167 108 128 171 132 162 170 133 145 87 165 87 104 115 99 70 93 140 129 124 90 101
internal_value=0.00021118 0.00111311 0.000771122 -0.00373471 0.00107513 0.00144038 -0.000702497 0.00198391 0.00276843 0.000445061 0.00184246 -0.0035935 -0.00457759 -0.00178088 0.00276413 -0.000892491 0.00044928 -0.00393223 -0.00443602 -0.00379902 -0.0029889 -0.00415716 -0.00980345 -0.00597344
internal_weight=2611.4 2125.55 2016.09 485.848 1884.81 1671.1 338.106 1332.99 882.885 450.107 658.924 131.283 420.558 213.712 486.302 312.921 192.146 374.331 332.317 288.2 232.286 160.615 46.2272 98.002
internal_count=2952 1835 1806 1117 1613 1398 303 1095 581 514 419 193 1009 215 249 381 214 822 752 659 519 354 187 230
is_linear=0
shrinkage=0.0161547


Tree=125
num_leaves=28
num_cat=0
split_feature=43 43 43 19 32 32 53 2 52 0 53 53 28 10 35 43 23 19 53 53 53 45 17 13 53 10 52
split_gain=35.5218 19.6966 11.1986 10.0332 7.25293 6.99369 10.3368 6.40922 6.23597 7.10386 14.7883 7.33459 6.57362 6.39878 5.56884 4.82189 3.7278 3.24441 2.81097 4.49611 2.58792 2.3434 2.31676 5.34745 2.03195 1.86683 1.66308
threshold=0.90155000000000007 3.1809000000000007 0.59250000000000014 0.029703432034952855 1.0000000180025095e-35 1.0000000180025095e-35 0.99016250571260556 0.43274375808860971 0.87384522951389332 0.1127824653647652 0.93545464895072616 0.95173216562181839 1.0000000180025095e-35 0.85436485414320396 1.0000000180025095e-35 1.4484000000000001 1.9098682114387404 0.34075059153864262 0.91145497872686565 0.9351131704727581 0.91612881845388394 1.0000000180025095e-35 0.0039039671977933363 0.12391245125180557 0.96270239021787851 0.21057071628214877 0.9581557274773399
decision_type=2 2 2 2 2 2 2 2 2 2 2 2 2 2 2 2 2 2 2 2 2 2 2 2 2 2 2
left_child=2 3 20 21 14 6 8 -7 -5 10 -10 12 13 -11 18 -8 -15 -13 26 -20 -1 -2 -21 -24 -22 -16 -4
right_child=1 -3 4 5 -6 7 15 -9 9 11 -12 17 -14 16 25 -17 -18 -19 19 22 24 -23 23 -25 -26 -27 -28
leaf_value=-0.0043312027974608648 -0.0049438731011486334 0.0073366747991058436 -0.0079863937735230577 -0.00044825781509427905 0.0037196856316665441 -0.0033331090254671279 -0.003439167489344279 0.0015429673167852271 0.0092862024380806329 -0.0034314767611597916 0.00081408893448100248 0.0025373865131066604 0.0034321062472675761 0.0032604266836659701 0.0025007846937224417 0.0011272716212286334 -0.00075575805863085932 0.006147534345529791 0.00025257591664953633 -0.0072008701610713375 -0.01315712509651534 -0.00084682503523447533 -0.00018425752490474058 -0.005744538698167323 -0.0072376900657733553 -0.0016332380700895604 -0.003845361675806023
leaf_weight=29.82405461370945 81.98910591006279 133.74672365188599 49.628597170114517 179.46542617678642 50.751064583659172 150.87204971909523 130.26706743240356 131.81232333183289 117.6407353579998 112.57252311706543 99.033403873443604 128.83086761832237 196.78998440504074 119.4657763838768 58.729868918657303 112.43383437395096 121.81652921438217 131.0513488650322 90.914879575371742 46.785784050822258 29.740023106336594 65.572001844644547 84.081046372652054 97.461125254631042 30.814698114991188 55.396976470947266 51.652620941400528
leaf_count=97 119 35 114 157 75 140 140 69 94 117 102 118 128 105 100 64 77 67 161 115 112 87 164 172 109 85 102
internal_value=0.000270993 0.00134667 -0.00293379 0.000920444 -0.00211667 0.00126494 0.00171829 -0.00105945 0.00233014 0.00281557 0.00541393 0.00212096 0.00106522 -0.000251076 -0.00267068 -0.00132371 0.00123277 0.00435788 -0.00352958 -0.00278565 -0.00822643 -0.00312326 -0.00399539 -0.0031693 -0.0101449 0.000494137 -0.0058745
internal_weight=2689.14 2013.36 675.781 1879.61 585.402 1732.05 1449.37 282.684 1206.67 1027.2 216.674 810.527 550.645 353.855 534.651 242.701 241.282 259.882 420.524 319.243 90.3788 147.561 228.328 181.542 60.5547 114.127 101.281
internal_count=3025 1619 1406 1584 1088 1378 1169 209 965 808 196 612 427 299 1013 204 182 185 828 612 318 206 451 336 221 185 216
is_linear=0
shrinkage=0.0161547


Tree=126
num_leaves=27
num_cat=0
split_feature=43 43 40 52 10 43 8 10 15 23 30 19 2 50 44 15 52 53 50 52 24 50 53 14 1 4
split_gain=32.8594 16.2969 9.14588 11.6678 6.78959 6.35586 6.01529 8.8607 6.35374 9.17445 12.1832 6.53254 7.97267 6.43204 6.30071 5.26213 4.54903 3.75119 3.66684 3.30119 2.50165 2.34826 2.62506 2.58139 1.76776 2.38082
threshold=0.91520000000000012 3.1809000000000007 1.0000000180025095e-35 0.96240805599483303 7.0469836853490273 0.73120000000000018 0.3772671876901047 2.1877624247317011 0.461248200802508 1.4943195750625249 1.0000000180025095e-35 0.037193223212960209 0.020042602085705869 90.500000000000014 73.500000000000014 0.15669088397870931 1.0007657362848483 0.97153716711260174 91.500000000000014 1.0226814166942921 29.500000000000004 95.500000000000014 0.93128346209804425 1.5000000000000002 1.5000000000000002 0.0049999786292282663
decision_type=2 2 2 2 2 2 2 2 2 2 2 2 2 2 2 2 2 2 2 2 2 2 2 2 2 2
left_child=2 4 5 -4 6 19 7 8 9 10 11 -2 -13 -12 18 -16 17 24 -14 21 -8 22 -1 -24 25 -7
right_child=1 -3 3 -5 -6 16 20 -9 -10 -11 13 12 14 -15 15 -17 -18 -19 -20 -21 -22 -23 23 -25 -26 -27
leaf_value=-0.010107891764017158 -0.004075301111228528 0.0067902106250692165 -0.0034258104659674656 0.0059915384863044726 0.0041435128208691325 -0.0013734557440518306 -0.0028682319059096469 0.0050437352061364401 -0.002242490943724381 0.0049748996451900824 0.0010235502595731542 0.0043526189683649533 -0.0010328703650504269 0.0059960029714330818 0.003367777456891314 -0.0014372974995098438 -0.0054194103662587876 0.0022679146101446546 -0.0055382377300071247 -0.0020225196967056836 6.5877478806631109e-05 -0.0034120135493947313 -0.0088741409518291164 -0.0033792589183318303 -0.00033365290761097675 -0.0062601301312044623
leaf_weight=59.932040169835091 120.56351351737976 132.25412511825562 72.703612431883812 65.058077692985535 155.61384111642838 57.547930121421814 155.9315692782402 132.43690729141235 171.09510934352875 139.37318509817123 142.56052359938622 94.163932025432587 106.78296452760696 129.615194439888 116.57476514577866 121.43847531080246 81.781460255384445 66.150220632553101 84.412133455276489 55.209829613566399 147.63727587461472 48.983544528484344 39.280921518802643 51.648635685443878 74.825635343790054 47.49241441488266
leaf_count=175 172 35 126 93 64 105 120 79 120 93 139 90 116 115 112 113 143 99 103 131 77 130 125 126 113 89
internal_value=0.000225895 0.001315 -0.00272194 0.00102154 0.00091674 -0.00360674 0.000614722 0.00107398 0.00064535 0.00111347 0.000526012 -0.00068517 9.57768e-05 0.00339153 -0.000838131 0.000916145 -0.00211868 -0.00102144 -0.00302198 -0.0055192 -0.00144126 -0.00648521 -0.00748305 -0.00575301 -0.00223118 -0.00358289
internal_weight=2671.07 1950.45 720.614 137.762 1818.2 582.853 1662.59 1359.02 1226.58 1055.48 916.112 643.936 523.372 272.176 429.208 238.013 327.798 246.016 191.195 255.055 303.569 199.845 150.862 90.9296 179.866 105.04
internal_count=3003 1548 1455 219 1513 1236 1449 1252 1173 1053 960 706 534 254 444 225 549 406 219 687 197 556 426 251 307 194
is_linear=0
shrinkage=0.0161547


Tree=127
num_leaves=26
num_cat=0
split_feature=43 43 42 42 50 43 50 50 17 17 15 53 15 43 50 52 50 50 50 53 6 21 13 43 21
split_gain=40.4801 18.5221 10.2903 8.70713 7.07222 7.53477 8.02822 7.67281 6.0835 5.80787 10.4993 12.6912 8.35681 8.24809 4.31914 3.86434 6.12135 3.48854 4.30968 3.16844 6.89095 3.99005 1.34323 0.901875 0.665826
threshold=0.82440000000000013 1.9371500000000001 2.5000000000000004 1.0000000180025095e-35 77.500000000000014 1.7775000000000001 97.000000000000014 101.00000000000001 0.2972056356275789 0.037244737372534954 0.066076970186463219 0.94681166363811775 0.1636393137059817 1.4178000000000002 88.500000000000014 0.92027754702720543 86.500000000000014 84.500000000000014 90.500000000000014 0.9351131704727581 0.050584508694969783 0.023848277688202562 0.08865347262070053 0.6603500000000001 0.021717666427674729
decision_type=2 2 2 2 2 2 2 2 2 2 2 2 2 2 2 2 2 2 2 2 2 2 2 2 2
left_child=2 3 15 14 -5 6 9 -8 -3 10 11 -6 -11 17 -2 22 24 -14 -19 21 -21 -18 23 -1 -17
right_child=1 8 -4 4 5 -7 7 -9 -10 12 -12 -13 13 -15 -16 16 19 18 -20 20 -22 -23 -24 -25 -26
leaf_value=-0.01035670411408692 -0.00060851829238094493 0.0018698727815052308 0.0014227136815714442 -0.0032626942354263013 -0.0018089927196970812 -0.003387367728555849 -0.0035856317065553864 0.0018525413981478488 0.005548873898945904 0.00603807044863561 -0.0041143773376642653 0.0062773264408706947 -0.0019857376866796775 0.0044211539454337215 -0.0060954243313143686 -0.0063296962040701368 0.0030035711556782498 0.0036649388111303434 -0.0008376348618722903 -0.007965540670602898 0.00075485534062904138 -0.003820088600758715 -0.0053918114894348761 -0.0070487911012919032 -0.0091949324982435379
leaf_weight=42.325588971376419 69.2231704890728 228.08727520704269 71.046166598796844 120.02803990244865 103.17619690299034 102.45797878503799 158.71914458274841 118.08299660682678 241.48892772197723 150.49063193798065 105.96167081594467 99.499633520841599 120.44516080617905 190.53721344470978 81.545894920825958 43.406259834766388 46.228714615106583 111.72372943162918 110.19912302494049 59.40641063451767 39.288695693016052 43.320259526371956 52.240700647234917 43.736881926655769 41.309580430388451
leaf_count=154 87 116 116 115 139 65 175 115 76 139 133 114 116 114 116 122 103 97 106 162 71 88 113 107 93
internal_value=-3.18844e-05 0.000932582 -0.00425455 0.000123511 0.000497543 0.000826673 0.00116696 -0.00126572 0.00376187 0.00184573 6.41657e-06 0.00216082 0.00267641 0.00172709 -0.0035762 -0.00523531 -0.00412064 0.000227771 0.00142912 -0.00249773 -0.00449411 -0.000297446 -0.00743524 -0.00867563 -0.00772686
internal_weight=2593.98 2111.67 482.309 1642.09 1491.32 1371.29 1268.84 276.802 469.576 992.033 308.638 202.676 683.396 532.905 150.769 411.263 272.96 342.368 221.923 188.244 98.6951 89.549 138.303 86.0625 84.7158
internal_count=2952 1823 1129 1631 1428 1313 1248 290 192 958 386 253 572 433 203 1013 639 319 203 424 233 191 374 261 215
is_linear=0
shrinkage=0.0161547


Tree=128
num_leaves=27
num_cat=0
split_feature=43 40 52 21 43 23 17 13 51 0 0 6 4 4 6 34 4 14 23 6 50 50 13 17 43 15
split_gain=38.0666 14.9585 12.1071 11.9111 11.7058 5.03925 4.74509 7.92893 6.47686 4.04121 3.69325 5.26731 3.3529 4.00024 6.0447 6.02312 3.0314 2.73044 4.7448 2.49032 2.52091 2.02015 1.92935 1.66706 1.61883 0.548813
threshold=1.2160500000000003 1.0000000180025095e-35 0.96240805599483303 0.88096521584349208 0.73665000000000014 0.69718065564738196 0.14982801610909605 0.3930419287935602 18.500000000000004 0.055269079692672737 0.22278381694825211 0.053590332624575951 0.011808054602120584 0.053489009888285109 0.22436193802962148 1.0000000180025095e-35 0.024588049357369191 1.5000000000000002 0.52123138440232908 0.012901008328443443 84.500000000000014 91.500000000000014 0.10651477689898391 0.002922894587906268 1.5132500000000002 0.02167308513643185
decision_type=2 2 2 2 2 2 2 2 2 2 2 2 2 2 2 2 2 2 2 2 2 2 2 2 2 2
left_child=1 4 5 12 9 -3 7 8 10 19 11 22 -2 24 -15 21 -11 -10 -19 20 -1 -16 25 -22 -14 -6
right_child=3 2 -4 -5 6 -7 -8 -9 17 16 -12 -13 13 14 15 -17 -18 18 -20 -21 23 -23 -24 -25 -26 -27
leaf_value=-0.0093480048234281798 0.0032770290481666242 -0.0048320552098699938 0.004681543793914297 0.0053713183929379998 -0.005153500261063251 0.0012930528618926068 0.0017461051928518974 -0.0065390733197169789 0.0027581827246607386 -0.00039644950914587731 -0.00029550931275896104 -0.0081305266033516645 -0.0023708482153474652 0.0043455803079576966 -0.0016676823727099842 0.0032125888527922406 -0.0058273280747950925 -0.0032154369635318631 0.0021944217494292038 -0.01154353078189236 -0.0028263589188711226 0.00082266268682307654 -0.00040211848100539006 -0.0073742127475626869 0.00036180189689512471 -0.0028344785452761229
leaf_weight=47.853132590651512 179.48297709226608 75.762014582753181 142.27307119965553 222.94845306873322 52.658386200666428 65.239038199186325 86.922443270683289 96.954289138317108 84.143289923667908 50.498329654335976 90.186514496803284 63.097538471221924 112.54794657230377 149.70299464464188 191.05219978094101 162.67446911334991 57.210637092590332 94.605001121759415 76.541977554559708 29.682156533002853 50.33939453959465 153.15494030714035 62.316537111997604 36.133366256952286 113.76296854019165 53.886024177074432
leaf_count=154 152 132 170 74 97 67 88 129 125 112 118 100 106 106 121 80 126 149 93 93 150 95 83 104 76 87
internal_value=-9.31606e-07 -0.00193191 0.00135674 0.00197658 -0.00283371 -0.00199806 -0.00180636 -0.00226424 -0.00154647 -0.00571221 -0.00306955 -0.00414811 0.00126417 0.000854981 0.00149338 0.000651013 -0.00328111 0.000375461 -0.000795989 -0.00730879 -0.00637304 -0.000559604 -0.00266001 -0.00472672 -0.000997188 -0.00398063
internal_weight=2601.63 1316.3 283.274 1285.33 1033.03 141.001 761.312 674.39 577.435 271.717 322.145 231.958 1062.38 882.896 656.585 506.882 107.709 255.29 171.147 164.008 134.326 344.207 168.861 86.4728 226.311 106.544
internal_count=2987 2177 369 810 1808 199 1069 981 852 739 485 367 736 584 402 296 238 367 242 501 408 216 267 254 182 184
is_linear=0
shrinkage=0.0161547


Tree=129
num_leaves=25
num_cat=0
split_feature=0 52 23 21 44 52 0 18 17 50 35 42 22 53 53 53 13 19 50 46 52 17 17 53
split_gain=26.5191 13.1149 15.6935 24.5502 10.7227 9.56036 9.28029 10.6258 6.81156 6.21031 6.18429 5.06796 4.76528 4.64983 4.37367 4.42358 4.1783 4.11488 3.67925 3.50136 2.63785 2.21959 2.12538 0.862267
threshold=0.26794622002977675 0.91734381482415039 0.15977025303818473 0.029482663082181653 83.500000000000014 1.0310319870553066 0.33342755186657974 5.5000000000000009 0.11764995444272233 95.500000000000014 1.0000000180025095e-35 1.0000000180025095e-35 1.5000000000000002 0.91367840326791383 0.96429410213605971 0.94121346618269686 0.13727804724440826 0.21491186815484351 84.500000000000014 1.0000000180025095e-35 1.0159266609216482 0.001713562872673369 0.15311589202150724 0.93063026656330183
decision_type=2 2 2 2 2 2 2 2 2 2 2 2 2 2 2 2 2 2 2 2 2 2 2 2
left_child=1 11 12 -4 5 6 -2 17 9 10 16 -1 19 -13 15 -15 -5 -8 -19 21 -18 23 -20 -3
right_child=4 2 3 8 -6 -7 7 -9 -10 -11 -12 13 -14 14 -16 -17 20 18 22 -21 -22 -23 -24 -25
leaf_value=-0.0077005269199669222 0.0058126886009659809 -0.0038480037435497951 0.0087583071913213215 -0.0061936750260189917 0.0057158573742317623 -0.003045455791456595 -0.0026362248297984014 0.0033424885598574215 0.0033875301066895389 0.002893664900934843 0.0014053348489544547 -0.0057243861591870573 -0.0076728088629320476 -0.0028167914038481974 -0.0042463462052444757 0.0027151996900560546 -0.0038594372429428449 0.002616101812891371 0.00083876883689060233 0.0015162475641462107 0.00039026796366107143 -0.0015249969863702843 -0.0022870192953327899 -0.0071828384533643196
leaf_weight=71.296988546848297 127.13913995027542 41.5210812240839 91.782944366335869 93.652700439095497 157.4443071782589 122.5219053030014 145.19938758015633 341.8585858643055 104.31789818406105 77.573943108320236 91.806542605161667 114.19099222123623 60.597660675644875 74.789423137903214 111.43039797246456 76.115319475531578 81.070054173469543 141.78607475757599 115.284259557724 44.13317659497261 71.946093022823334 68.665986359119415 111.84594425559044 39.468801021575928
leaf_count=169 123 91 119 156 77 120 176 163 81 90 101 168 136 107 177 93 109 101 99 83 82 136 84 94
internal_value=9.9908e-05 -0.00150645 -0.000346379 0.00105509 0.00177148 0.0012098 0.00174011 0.00113521 -0.000303611 -0.00122911 -0.00217399 -0.00375119 -0.00371884 -0.00300336 -0.00181893 -2.6493e-05 -0.00350616 -0.00033251 0.000574195 -0.00248244 -0.00186128 -0.00366165 -0.000700466 -0.00547317
internal_weight=2577.44 1314.36 866.537 612.15 1263.08 1105.64 983.113 855.974 520.367 416.049 338.475 447.823 254.387 376.526 262.335 150.905 246.669 514.116 368.916 193.789 153.016 149.656 227.13 80.9899
internal_count=2935 1992 1278 738 943 866 746 623 619 538 448 714 540 545 377 200 347 460 284 404 191 321 183 185
is_linear=0
shrinkage=0.0161547


Tree=130
num_leaves=25
num_cat=0
split_feature=43 43 35 15 19 2 2 0 14 15 15 15 43 53 53 0 17 21 15 13 0 8 21 43
split_gain=32.5935 14.8582 9.10189 7.64171 9.17248 5.22703 5.13831 6.62625 6.89852 5.65102 4.80086 4.89854 4.39385 4.72376 8.17434 4.74106 3.17957 3.07383 2.94147 6.55692 2.82603 2.10542 1.48683 1.14345
threshold=1.5776500000000002 0.82440000000000013 1.0000000180025095e-35 0.032045079560131841 0.041243581000930028 0.014335312406309407 0.047280697042461017 0.11473521141376104 5.5000000000000009 0.46699622260807977 0.24031576688786949 0.082165084521705747 0.55930000000000013 0.98746630832058668 0.95939497315071243 0.042985351290142422 0.0025337778488504427 0.097828419590379814 0.018024150347904711 0.0058157521871891752 0.13181630921583329 0.32174320431960685 0.023164489025433093 0.5223000000000001
decision_type=2 2 2 2 2 2 2 2 2 2 2 2 2 2 2 2 2 2 2 2 2 2 2 2
left_child=1 12 21 16 -5 -6 -7 -8 9 10 11 -9 23 14 18 -15 -3 -13 19 -14 22 -2 -20 -1
right_child=2 3 -4 4 5 6 7 8 -10 -11 -12 17 13 15 -16 -17 -18 -19 20 -21 -22 -23 -24 -25
leaf_value=-0.010859422765609082 0.0020131066243090695 -0.001360874282861306 0.0044312175629555167 0.0050105530792155968 0.002794939449275956 -0.0045621925934857385 0.0036969797491862716 0.0015044652721227195 0.0022971524607627715 -0.0047340324024657005 0.0014385080871530255 -0.0050192140908191215 -0.0059510971102843873 -0.010634797954719298 0.0033201931709360426 -0.003094003451493561 -0.0058870009370155249 -0.0015068311205714835 -0.0037923088800946316 0.002560450028545548 -0.0023439827002926044 -0.0003856513851095748 -0.0076032758374156599 -0.005918308858491597
leaf_weight=22.842689633369446 213.53036791086197 80.264618664979935 393.49845433235168 91.445816725492477 124.66495275497437 83.032084465026855 93.926982700824738 83.635299652814865 147.99586707353592 119.9323353767395 164.29472160339355 111.74270331859589 40.932373315095901 39.499240562319756 56.785693317651749 48.447453111410141 81.77144318819046 155.52629864215851 43.016360476613045 55.846270576119423 91.504726111888885 172.74201184511185 70.510460078716278 26.28997990489006
leaf_count=102 128 118 172 109 132 98 96 97 110 108 157 139 105 110 105 95 126 170 97 117 168 82 156 95
internal_value=-6.46142e-05 -0.00124096 0.00270197 -0.000355989 9.7111e-05 -0.000317098 -0.000721189 -0.000357555 -0.000843849 -0.00157575 -0.000840543 -0.0019076 -0.0036302 -0.00312569 -0.00230284 -0.00648078 -0.00364498 -0.00297533 -0.00336082 -0.0010395 -0.00445652 0.000940376 -0.00615927 -0.00821552
internal_weight=2613.68 1833.91 779.771 1338.23 1176.2 1084.75 960.086 877.054 783.127 635.131 515.199 350.904 495.675 446.543 358.596 87.9467 162.036 267.269 301.81 96.7786 205.032 386.272 113.527 49.1327
internal_count=2992 2610 382 1460 1216 1107 975 877 781 671 563 406 1150 953 748 205 244 309 643 222 421 210 253 197
is_linear=0
shrinkage=0.0161547


Tree=131
num_leaves=25
num_cat=0
split_feature=43 43 40 51 43 50 50 43 10 42 51 4 52 4 4 51 52 14 50 52 52 43 50 43
split_gain=40.7446 14.5703 9.80389 18.253 9.62415 5.54779 6.8427 15.0526 6.59842 14.2346 5.95812 5.90414 5.04053 4.19896 4.95346 3.43733 4.01424 3.36224 3.29686 2.59487 4.04132 2.49599 1.44397 0.617077
threshold=0.98180000000000012 3.1809000000000007 1.0000000180025095e-35 16.500000000000004 0.73665000000000014 95.500000000000014 88.500000000000014 1.3470000000000002 1.1088824743636312 2.5000000000000004 18.500000000000004 0.080103511555278048 0.95515907072733131 0.026012103739959182 0.051974779702243033 22.500000000000004 1.0226814166942921 1.5000000000000002 79.500000000000014 0.96060430308130396 0.89641903898076214 0.83655000000000013 88.500000000000014 1.1313500000000001
decision_type=2 2 2 2 2 2 2 2 2 2 2 2 2 2 2 2 2 2 2 2 2 2 2 2
left_child=2 5 4 -4 15 6 7 18 9 -8 11 -7 -9 17 -15 16 19 -6 -2 20 -1 -19 -22 -20
right_child=1 -3 3 -5 13 10 8 12 -10 -11 -12 -13 -14 14 -16 -17 -18 21 23 -21 22 -23 -24 -25
leaf_value=-0.0084663250126398807 -0.00015734113981460035 0.0068186231203362611 0.0076651984918620769 -0.0032591875936434397 -0.0011996054082171611 0.00024782974246225181 0.0017674489093400742 0.00098861254604451845 0.0013014369978360976 0.0093007889037357867 0.0019086058715052122 -0.0050951545884283149 0.0045327194842239285 0.0033280265654498319 -0.002235099320890741 -0.010090171831975595 -0.0009090289900005571 -0.0023796660915562356 -0.0028918677210830225 -0.0095205473832721786 -0.0049105949491951937 -0.0068550479733512715 -0.0003583653311971239 -0.0048749900671503608
leaf_weight=53.473037868738174 101.24085184931755 127.62872195243835 62.543750390410423 110.32334804534912 96.34545025229454 112.53607586026192 163.52626532316208 256.07531702518463 296.5855957865715 109.15197938680649 146.04705357551575 103.72082054615021 177.1955372095108 65.144155204296112 116.41769790649414 45.049279898405075 45.328027844429016 52.815839439630508 83.413829505443573 47.61487789452076 36.082258641719818 84.641946107149124 36.661664247512817 80.434770673513412
leaf_count=164 105 33 87 179 174 114 166 160 176 77 110 79 103 90 164 135 104 98 99 131 99 138 89 84
internal_value=0.000156524 0.00156222 -0.00274173 0.000693283 -0.00361552 0.00115063 0.0016545 0.00058289 0.00296912 0.00478301 -0.000612297 -0.00231476 0.00243805 -0.00208224 -0.000239057 -0.00602599 -0.00519059 -0.00351357 -0.00244925 -0.00630703 -0.00509475 -0.00513546 -0.00261635 -0.0038654
internal_weight=2610 1757.56 852.441 172.867 679.574 1629.93 1267.62 698.36 569.264 272.678 362.304 216.257 433.271 415.365 181.562 264.209 219.16 233.803 265.089 173.832 126.217 137.458 72.7439 163.849
internal_count=2958 1306 1652 266 1386 1273 970 551 419 243 303 193 263 664 254 722 587 410 288 483 352 236 188 183
is_linear=0
shrinkage=0.0161547


Tree=132
num_leaves=25
num_cat=0
split_feature=43 2 35 43 8 13 15 53 53 17 3 14 14 53 51 43 15 23 53 51 53 50 50 53
split_gain=29.0084 7.9249 6.19686 6.3382 5.80006 5.72559 7.50788 7.46526 11.1115 9.52463 6.24313 5.68483 5.33598 5.20739 5.00205 7.20724 4.96103 4.62438 4.60649 2.71007 2.60285 2.26066 1.8571 0.553805
threshold=0.91520000000000012 1.0979799851982135 1.0000000180025095e-35 0.68885000000000007 0.6188120448859632 0.4909970289550632 0.24635996912488242 0.93545464895072616 0.89947723213679542 0.037244737372534954 2.5000000000000004 1.5000000000000002 3.5000000000000004 0.9188107011463954 19.500000000000004 0.78205000000000013 0.461248200802508 0.48539655303408907 0.93315091183345122 15.500000000000002 0.98337909075133567 90.500000000000014 86.500000000000014 0.9262376135468422
decision_type=2 2 2 2 2 2 2 2 2 2 2 2 2 2 2 2 2 2 2 2 2 2 2 2
left_child=2 4 3 19 5 6 7 8 -2 -10 16 -9 13 -5 15 -15 -7 -13 -4 -1 22 -19 -21 -24
right_child=1 -3 18 12 -6 10 -8 11 9 -11 -12 17 -14 14 -16 -17 -18 21 -20 20 -22 -23 23 -25
leaf_value=-0.0025336416986156325 -0.0017642913881748923 0.0036695036903284179 -0.003040235014258407 -0.0046075403914766448 -0.002824122025592134 0.0025659344086541168 -0.0034622872427439223 0.0025749269910256547 0.0012421152017642713 0.0076756988235467333 0.0039112053092753519 -0.0043459262845783938 -0.0062010596206981553 0.0061261893624649129 -0.0030911267314946574 -0.0014779314951700975 -0.0016038666915000703 0.0012404091877307945 0.0028128391388679667 -0.011371786224659799 -0.0035970638333715963 -0.0021890070902249601 -0.0053879647339132334 -0.0083590621215198519
leaf_weight=47.6565280854702 109.28244289755821 274.42815226316452 61.679910346865654 87.656972944736481 113.36465817689896 155.90264481306076 128.195392370224 105.00908121466637 120.47308942675591 119.74446934461594 287.07828217744827 115.1503441631794 71.790453463792801 60.302402585744858 80.594401001930237 70.627552062273026 142.54641479253769 112.2041347026825 81.404956161975861 35.340307027101517 41.913415595889091 90.725521922111511 34.946704059839249 30.805223569273949
leaf_count=125 122 106 113 170 72 116 124 119 134 96 158 151 119 99 141 111 98 110 129 119 125 93 102 100
internal_value=8.25421e-05 0.0011332 -0.00271154 -0.00347617 0.000698092 0.00096674 0.000158356 0.000759128 0.00250632 0.00444915 0.00221037 -0.000684168 -0.00224585 -0.00129677 7.52336e-05 0.0020243 0.000574338 -0.00176011 0.000289741 -0.00587 -0.00698184 -0.00029281 -0.00838518 -0.00677994
internal_weight=2578.82 1874.1 704.719 561.634 1599.68 1486.31 900.784 772.589 349.5 240.218 585.527 423.089 370.972 299.181 211.524 130.93 298.449 318.08 143.085 190.662 143.006 202.93 101.092 65.7519
internal_count=2952 1499 1453 1211 1393 1321 949 825 352 230 372 473 640 521 351 210 214 354 242 571 446 203 321 202
is_linear=0
shrinkage=0.0161547


Tree=133
num_leaves=25
num_cat=0
split_feature=43 35 14 42 50 19 23 50 17 23 50 8 52 13 21 4 2 4 43 21 52 43 43 19
split_gain=31.8879 9.62269 9.18189 5.53821 7.55905 6.42243 6.49334 5.34001 7.37628 8.62455 4.86761 4.51268 4.29033 3.55476 7.86572 3.48837 2.81846 2.57705 3.13995 2.2988 1.58115 1.42025 3.20328 0.665145
threshold=0.90155000000000007 1.0000000180025095e-35 7.5000000000000009 1.0000000180025095e-35 77.500000000000014 0.029703432034952855 0.31365295740600369 97.000000000000014 0.039601667091472108 0.83310256269089245 101.00000000000001 0.030777868668778702 0.9581557274773399 0.4909970289550632 0.31286043719539991 0.027283178532970031 0.83620311496076372 0.013040206900445276 0.72220000000000006 0.095074288883238364 0.95129032131237745 0.60740000000000005 0.56265000000000009 0.013291065858696395
decision_type=2 2 2 2 2 2 2 2 2 2 2 2 2 2 2 2 2 2 2 2 2 2 2 2
left_child=1 11 3 -2 -5 -6 -7 8 -8 -10 -9 17 -3 -11 -15 -13 -16 18 21 -17 -20 22 -1 -23
right_child=2 12 -4 4 5 6 7 10 9 13 -12 15 -14 14 16 19 -18 -19 20 -21 -22 23 -24 -25
leaf_value=-0.0082416231095579356 -0.0031608207500114314 -0.0024470714633948475 0.0039757299686164734 -0.0034286636819444139 -0.0028947694426926084 0.0048228244243014549 -0.0023845451745243399 -0.0032972070582107989 0.0055927138448595851 -0.00078898959114357249 0.0010674151822720644 -0.00017570713005935827 0.0034074078802921641 0.0043347004234359941 -0.00097592281596291372 -0.0066936944994879814 0.0018676290601898813 -0.0097592824597319307 -0.0012750131980522057 -0.0026312160868651887 -0.005166175522133329 -0.010100270090875751 -0.0011881004778263305 -0.0069475240387324357
leaf_weight=39.719333857297897 118.04809606075287 68.215257093310356 187.95702397823334 120.61347672343254 115.0118964612484 111.14789673686028 125.05463820695877 143.90914431214333 133.39482474327087 187.87930911779404 124.2656564116478 81.458887338638306 62.687119483947754 201.7915980219841 193.54629015922546 62.516413122415543 171.63897901773453 39.005244448781013 53.954066962003708 86.852906793355942 55.068775236606598 35.002279192209244 29.122881501913071 34.85297042131424
leaf_count=162 145 120 69 107 154 120 137 125 117 170 102 158 103 134 123 131 79 93 101 136 108 104 81 88
internal_value=-0.000456254 -0.00355647 0.000583085 0.000217929 0.000462888 0.000774218 0.00107723 0.000752355 0.00128883 0.001806 -0.00127475 -0.00454616 0.000356548 0.00113683 0.00177499 -0.00286493 0.000360561 -0.00589964 -0.00529191 -0.00433151 -0.00324049 -0.00690443 -0.00525771 -0.00852727
internal_weight=2582.71 648.456 1934.26 1746.3 1628.25 1507.64 1392.63 1281.48 1013.31 888.251 268.175 517.554 130.902 754.856 566.977 230.828 365.185 286.726 247.72 149.369 109.023 138.697 68.8422 69.8552
internal_count=2967 1385 1582 1513 1368 1261 1107 987 760 623 227 1162 223 506 336 425 202 737 644 267 209 435 243 192
is_linear=0
shrinkage=0.0161547


Tree=134
num_leaves=28
num_cat=0
split_feature=43 14 50 4 43 0 42 17 4 53 53 42 21 15 46 52 35 21 47 6 6 52 53 53 8 4 43
split_gain=26.8708 11.2016 9.11145 11.7044 9.06197 7.42045 6.24771 5.85339 5.47589 5.17837 5.77245 5.86361 9.65118 4.76495 4.33952 4.99361 3.98496 3.80704 3.52453 5.56452 11.8786 2.49078 2.43915 3.75664 2.86506 1.60302 1.574
threshold=1.0436000000000003 7.5000000000000009 78.500000000000014 0.011808054602120584 0.59250000000000014 0.25933766822591509 2.5000000000000004 0.086742656701591106 0.37947962411438113 1.0414020569776385 0.99384069438280875 2.5000000000000004 0.04757468413430959 0.36231945035221397 1.0000000180025095e-35 0.85785585624879357 1.0000000180025095e-35 0.10823075962848143 1.0000000180025095e-35 0.47942527837993532 0.26316819850164491 0.94635198881010252 0.91973258899656585 0.93753587324282261 0.033883373738916055 0.0055323811375845603 0.54150000000000009
decision_type=2 2 2 2 2 2 2 2 2 2 2 2 2 2 2 2 2 2 2 2 2 2 2 2 2 2 2
left_child=4 2 -2 6 26 7 -4 -5 18 10 11 13 -13 14 15 -6 17 22 19 20 -7 -16 25 -24 -25 -17 -1
right_child=1 -3 3 5 9 8 -8 -9 -10 -11 -12 12 -14 -15 21 16 -18 -19 -20 -21 -22 -23 23 24 -26 -27 -28
leaf_value=-0.0098569361901040299 -0.002652471477758241 0.0048725701194162543 0.0020685875096915426 -0.0039938096912006532 -0.0082646327430990364 0.0043106067538866508 0.0073913728708407261 0.00098097080451035293 -0.0015440103438216861 0.0027341957628247149 -0.0064449684373914344 0.0050915798091264435 -0.0024453626463341017 0.0020257157093573645 0.0023096032775063251 -0.004729960425700023 0.0010376530193880362 -0.00047312354016882985 -0.00026191383485516846 0.0053491374672139892 -0.0023593526902405517 -0.0025774871377547389 0.00033008539164080158 -0.0076108043673984377 -0.002214731200142019 -0.009007606552369837 -0.0054510199279113325
leaf_weight=36.018439650535583 193.04283067584038 181.42094576358795 133.32330200076103 154.52451503276825 54.953396797180176 158.55559825897217 101.25772678852081 102.77978962659836 150.4661111831665 60.815255776047707 74.351679265499115 78.126748144626617 102.52578386664391 54.696317195892334 55.069174766540527 47.605738177895546 53.37290757894516 71.948748022317886 143.30799025297165 136.66840493679047 124.31526958942413 53.811499029397964 47.296451240777969 56.642126217484474 46.975413918495178 43.988024711608887 51.298198729753494
leaf_count=158 162 63 137 167 119 119 76 67 78 96 141 99 127 68 93 99 88 99 104 77 96 94 84 131 80 91 157
internal_value=-0.000211638 0.00109594 0.00060593 0.00112784 -0.0022991 0.000345195 0.00436619 -0.00200664 0.00119354 -0.00181815 -0.0021472 -0.00173059 0.000814137 -0.00251459 -0.00298169 -0.00372235 -0.00304374 -0.00373648 0.00192537 0.00267252 0.00137931 -0.000105717 -0.00470467 -0.00344248 -0.00516447 -0.00678431 -0.00726848
internal_weight=2569.16 1579.66 1398.24 1205.2 989.496 970.618 234.581 257.304 713.313 902.179 841.364 767.012 180.653 586.36 531.663 422.783 367.829 314.457 562.847 419.539 282.871 108.881 242.508 150.914 103.618 91.5938 87.3166
internal_count=2970 1146 1083 921 1824 708 213 234 474 1509 1413 1272 226 1046 978 791 672 584 396 292 215 187 485 295 211 190 315
is_linear=0
shrinkage=0.0161547


Tree=135
num_leaves=26
num_cat=0
split_feature=43 42 43 40 51 18 38 42 4 30 50 51 21 52 10 44 43 52 15 19 52 2 42 53 45
split_gain=31.4473 13.0058 7.85446 6.18293 17.8377 6.00913 6.42575 7.7643 12.0303 7.00729 6.2258 5.01317 3.89973 3.88878 3.19642 2.9579 3.73718 5.68429 4.33376 3.75502 2.42725 2.41049 6.64014 1.21033 0.625059
threshold=0.98180000000000012 5.5000000000000009 0.55930000000000013 1.0000000180025095e-35 16.500000000000004 4.5000000000000009 1.0000000180025095e-35 1.5000000000000002 0.0097435049662869967 1.0000000180025095e-35 89.500000000000014 16.500000000000004 0.055771864763774708 1.0261241505072647 0.23078340553368493 77.500000000000014 0.72220000000000006 0.9359257835280298 0.070680206232291307 0.048640638352008624 0.92027754702720543 0.88999456092449003 2.5000000000000004 0.95848186569324789 1.0000000180025095e-35
decision_type=2 2 2 2 2 2 2 2 2 2 2 2 2 2 2 2 2 2 2 2 2 2 2 2 2
left_child=2 5 24 13 -5 6 7 12 -9 10 -10 -7 -2 15 -15 16 19 18 -18 20 -4 22 -13 -19 -1
right_child=1 -3 3 4 -6 11 -8 8 9 -11 -12 21 -14 14 -16 -17 17 23 -20 -21 -22 -23 -24 -25 -26
leaf_value=-0.010218714770126421 -0.0047933631263970735 0.0053064679451039556 -0.0062607864664222263 0.0071712663387051108 -0.0033498799761594047 -0.00048634281416894999 -0.0037460953625812581 0.0053590064913576589 0.00072571796851547698 0.0026371711650388682 -0.0046421476659471708 0.004460359554150699 -0.00051338084811288669 -0.008632534794402626 -0.002806082014146337 6.7309662540666958e-05 -0.0028933149900302615 -0.0052114284928300907 0.0028163079290823212 -0.0094505553578343171 -0.00096097754922618874 0.0042980018724322064 -0.00015637907594746604 -0.0021374227462954156 -0.0066236005171379621
leaf_weight=28.28857284784317 79.963923305273056 188.84646964073181 41.937715768814087 66.871845811605453 113.31725819408894 162.05338561534882 107.29676616191864 155.6480153799057 120.4471874833107 159.00411635637283 106.02527189254761 150.03154689073563 182.03437554836273 50.37649504840374 47.973322331905365 109.84650605916977 59.988039076328278 94.667200207710266 82.278680235147476 38.164037257432938 48.789167821407318 177.08715748786926 177.48016065359116 51.671930551528931 22.787891760468483
leaf_count=119 113 76 124 86 181 100 102 135 99 127 102 105 178 114 80 177 115 168 113 94 119 70 109 83 91
internal_value=6.78323e-05 0.00130008 -0.00247143 -0.00208207 0.000554732 0.000820331 -3.2982e-05 0.000463088 0.00156834 3.77372e-05 -0.0017873 0.00198566 -0.00181966 -0.00284142 -0.00579049 -0.00229142 -0.00291202 -0.0018906 0.000408794 -0.00519912 -0.00341077 0.00277956 0.00195853 -0.00412601 -0.00861475
internal_weight=2622.88 1765.92 856.959 805.882 180.189 1577.07 910.42 803.123 541.125 385.477 226.472 666.652 261.998 625.693 98.3498 527.343 417.497 288.606 142.267 128.891 90.7269 504.599 327.512 146.339 51.0765
internal_count=2980 1316 1664 1454 267 1240 856 754 463 328 201 384 291 1187 194 993 816 479 228 337 243 284 214 251 210
is_linear=0
shrinkage=0.0161547


Tree=136
num_leaves=27
num_cat=0
split_feature=43 0 4 44 43 53 8 21 0 53 0 13 43 53 43 52 17 4 28 17 45 8 0 15 6 52
split_gain=29.8014 12.3703 8.52719 9.65446 8.27252 7.65935 5.95664 5.91622 5.77645 5.64365 7.07115 5.06548 4.33585 6.01505 8.24854 3.83078 3.42499 4.02643 3.24048 5.65766 1.79166 1.39335 1.55409 2.8156 1.16307 0.897102
threshold=1.1447500000000004 2.6090915501487086 0.011808054602120584 71.500000000000014 0.73490000000000011 1.0230322072885105 0.65245219455241676 0.39079952807466506 0.015788262481251664 0.88886517299289058 0.055269079692672737 0.018480079259595592 1.0025000000000002 0.92649058320704669 0.90155000000000007 0.94226721597822705 0.096217074737156599 0.054076619186548221 1.0000000180025095e-35 0.028482538229985473 1.0000000180025095e-35 0.009177449473004945 1.0000000180025095e-35 0.02395345079765742 0.065214236392449901 0.96181049592101975
decision_type=2 2 2 2 2 2 2 2 2 2 2 2 2 2 2 2 2 2 2 2 2 2 2 2 2 2
left_child=4 2 8 -4 9 11 7 16 -2 -1 21 -6 13 14 24 -12 17 -5 19 -15 -14 22 23 25 -13 -11
right_child=1 -3 3 6 5 -7 -8 -9 -10 10 15 12 20 18 -16 -17 -18 -19 -20 -21 -22 -23 -24 -25 -26 -27
leaf_value=0.0015378081216312254 0.0013142823895122896 0.0052933785988040754 -0.0031488177406284669 -0.0028107805443144543 0.0020008057488049083 0.0035485816703042512 -0.0021479813754042721 0.0036957513027956316 0.0065812179143267648 -0.0042507017016040431 -0.0055908883801948682 -0.00056509744235441034 -0.0028188751102832836 -0.0071334156523690951 0.0045155162830046039 0.0005505686498683361 0.0018813582856467886 0.0011536293075836118 -3.2176681131936082e-05 -0.001709969593732402 -0.0058534875803568321 -0.010616760491343587 -0.0034064412199221756 -0.011970044152075468 -0.0038628462446009364 -0.0078901673556255759
leaf_weight=36.672736287117004 119.58687651157379 182.91127514839172 184.75666686892509 127.27466011047363 82.581538259983063 77.550811201334 139.96508651971817 221.80694538354874 99.606422752141953 38.118529006838799 45.988568738102913 58.740547060966492 111.28989470005035 85.615892380475998 86.259546130895615 62.566819876432419 257.12787222862244 140.84945940971375 74.898374378681183 121.34282436966896 93.377338856458664 28.892732828855515 29.089848086237907 28.214087545871735 53.178137451410294 32.957213550806046
leaf_count=84 106 60 162 118 131 105 71 103 81 121 109 99 129 157 95 125 165 111 97 171 113 92 88 82 86 105
internal_value=-0.000158234 0.00136154 0.000804458 0.000210708 -0.00211056 -0.00128974 0.000910457 0.00148347 0.0037077 -0.00440299 -0.00522256 -0.00177875 -0.0022346 -0.0013952 0.000761402 -0.00205121 0.000549254 -0.000728219 -0.00291153 -0.00395357 -0.00420339 -0.00741155 -0.0066902 -0.00765227 -0.00213202 -0.00593829
internal_weight=2621.22 1473.89 1290.97 1071.78 1147.34 844.835 887.024 747.059 219.193 302.501 265.828 767.284 684.703 480.035 198.178 108.555 525.252 268.124 281.857 206.959 204.667 157.272 128.38 99.2898 111.919 71.0757
internal_count=2966 977 917 730 1989 1183 568 497 187 806 722 1078 947 705 280 234 394 229 425 328 242 488 396 308 185 226
is_linear=0
shrinkage=0.0161547


Tree=137
num_leaves=25
num_cat=0
split_feature=43 10 40 21 42 32 45 42 50 53 53 8 30 17 43 53 51 43 8 13 44 0 50 53
split_gain=28.0732 8.83062 6.00345 9.24087 5.53929 6.63074 10.095 6.14153 6.89533 5.93168 8.30109 11.9114 9.96646 9.66768 5.02039 2.9265 3.23874 3.20792 2.78338 3.4805 2.7033 2.60479 1.92488 0.733186
threshold=0.90155000000000007 7.0469836853490273 1.0000000180025095e-35 0.036801000993822865 5.5000000000000009 1.0000000180025095e-35 1.0000000180025095e-35 1.0000000180025095e-35 78.500000000000014 0.96644601641895278 0.89631260918046507 0.3772671876901047 1.0000000180025095e-35 0.045804834923636385 0.55930000000000013 0.9934281639060587 22.500000000000004 0.84375000000000011 0.28602095727455273 0.30940368770180426 70.500000000000014 0.041759285109202827 84.500000000000014 0.94444090894248756
decision_type=2 2 2 2 2 2 2 2 2 2 2 2 2 2 2 2 2 2 2 2 2 2 2 2
left_child=2 4 14 -4 5 7 -7 -2 -9 10 -10 12 13 -12 23 16 17 20 19 -11 22 -22 -16 -1
right_child=1 -3 3 -5 -6 6 -8 8 9 18 11 -13 -14 -15 15 -17 -18 -19 -20 -21 21 -23 -24 -25
leaf_value=-0.0067550220182660322 -0.0026907059271763624 0.0043542128725388447 0.0049852401153010059 -0.0043529637470538932 0.0038991004120246882 -0.0057666135939603482 0.0011319685601043491 -0.0018154858678129816 -0.0011046124355529644 0.00057639300407706293 -0.00093393420252302914 -0.0014981349575519114 0.0072609278104742566 0.0047546487937093493 -0.0059373168455235841 -0.0059993727140334541 -0.0060824534234055041 -0.0049864400376294117 0.0018588702508141911 -0.003318853176308438 -0.0025306466318898075 0.0016338934156256398 -0.00153189038302332 -0.01085356767759876
leaf_weight=24.19586481153965 118.85987436771393 188.34888619184494 58.419691860675812 52.517232835292816 129.22292137145996 106.27866116166115 115.5421516597271 177.97294810414314 142.89734515547752 140.83500117063522 126.39641457796097 114.75018817186356 184.82331168651581 203.48911994695663 40.618497654795647 75.96839152276516 58.129076823592186 72.932153344154358 128.16051530838013 104.12508141994476 61.878617078065872 106.92463010549545 71.351513624191284 21.523416578769684
leaf_count=97 148 70 102 86 64 101 95 162 130 152 151 72 137 152 102 170 133 119 80 91 138 181 155 94
internal_value=7.41474e-05 0.00102664 -0.00285476 0.00056456 0.000677161 0.000426972 -0.00217328 0.000826878 0.00114279 0.00160242 0.00241042 0.00320839 0.00425767 0.00257505 -0.00356575 -0.003086 -0.00254859 -0.00196782 -7.01269e-05 -0.00107936 -0.00118372 0.000107288 -0.00313001 -0.00868451
internal_weight=2626.16 1981.7 644.459 110.937 1793.35 1664.13 221.821 1442.31 1323.45 1145.48 772.356 629.459 514.709 329.886 533.522 487.803 411.834 353.705 373.121 244.96 280.773 168.803 111.97 45.7193
internal_count=2982 1605 1377 188 1535 1471 196 1275 1127 965 642 512 440 303 1189 998 828 695 323 243 576 319 257 191
is_linear=0
shrinkage=0.0161547


Tree=138
num_leaves=25
num_cat=0
split_feature=43 42 47 44 44 52 52 44 53 43 43 30 8 42 51 52 13 11 23 44 19 15 15 44
split_gain=31.6583 10.8957 8.66685 7.90218 6.84788 6.37662 7.10441 6.97323 8.82554 7.67256 6.24392 6.08497 5.02468 3.13337 3.37329 2.40127 3.39404 2.5262 2.79287 2.72028 2.3874 2.03908 1.1598 0.837736
threshold=0.91520000000000012 5.5000000000000009 1.0000000180025095e-35 69.500000000000014 73.500000000000014 1.021806435885898 0.95335774496725556 74.500000000000014 0.94613493676004878 1.4671500000000002 0.57960000000000012 1.0000000180025095e-35 0.16983390118283334 2.5000000000000004 23.500000000000004 0.99585146972637795 0.081703853092955178 9.5000000000000018 0.65946579724167764 70.500000000000014 0.025669272160033476 0.044858740096498304 0.22305311853145912 70.500000000000014
decision_type=2 2 2 2 2 2 2 2 2 2 2 2 2 2 2 2 2 2 2 2 2 2 2 2
left_child=10 2 3 -2 22 6 7 8 -5 -9 23 -8 -6 14 15 17 -17 19 -19 21 -21 -12 -4 -1
right_child=1 -3 4 5 12 -7 11 9 -10 -11 13 -13 -14 -15 -16 16 -18 18 -20 20 -22 -23 -24 -25
leaf_value=-0.0094189438675934493 -0.0027220007973530131 0.0046049507646395279 -0.0026159059642090806 0.0053028368415738887 0.0024652229253182001 -0.0013133130297631097 0.0022660164722971129 -0.0034331538941413278 -0.00037031064875078784 0.0016191603226639593 -0.0091873483358936164 0.0067154958727819285 -0.0019455213692918273 -0.00031288865624530087 -0.006723645923300282 0.0018336521930183871 -0.0034433699440610645 0.00097289606269206823 -0.0040892051849163143 -0.00030266423826341981 -0.0049190426419961205 -0.0040581770839424706 -0.0051745524993610653 -0.0056892253126661213
leaf_weight=39.392299577593803 123.67825910449028 182.81175124645233 96.238360792398453 166.00439175963402 130.58413079380989 168.66620516777039 209.67023104429245 139.87775641679764 125.79152032732964 178.60670411586761 44.522986084222794 129.9108407497406 139.31283473968506 117.52469950914383 63.476186528801918 62.118349239230156 65.188140422105789 56.640950322151184 57.136403441429138 49.282406345009804 71.875308096408844 37.067411005496979 88.981325626373291 26.149208262562752
leaf_count=159 158 74 117 130 114 151 161 150 115 90 123 80 89 168 143 124 115 104 92 108 142 77 68 94
internal_value=-0.000228682 0.000857696 0.000454095 0.00115283 -0.00145305 0.00158128 0.00209527 0.0010531 0.00285718 -0.000599806 -0.00318728 0.00396822 0.000188527 -0.0026897 -0.00324032 -0.00274214 -0.000868482 -0.00349572 -0.00156918 -0.00457685 -0.00304127 -0.00685711 -0.0038451 -0.00793089
internal_weight=2570.51 1880.13 1697.32 1242.21 455.117 1118.53 949.861 610.28 291.796 318.484 690.374 339.581 269.897 624.833 507.308 443.832 127.306 316.525 113.777 202.748 121.158 81.5904 185.22 65.5415
internal_count=2946 1497 1423 1035 388 877 726 485 245 240 1449 241 203 1196 1028 885 239 646 196 450 250 200 185 253
is_linear=0
shrinkage=0.0161547


Tree=139
num_leaves=25
num_cat=0
split_feature=43 44 43 43 4 0 52 53 4 44 14 52 3 4 19 51 13 44 53 0 10 43 53 52
split_gain=31.7836 13.6309 11.6261 8.25531 5.53815 6.41987 6.33284 4.93516 8.93278 5.79956 4.15727 4.15 8.53567 8.68285 4.53669 6.52623 4.45303 4.31699 3.57192 3.40779 2.91131 3.86305 1.90769 1.67718
threshold=1.0356500000000002 79.500000000000014 1.9172000000000002 0.59250000000000014 0.011808054602120584 0.19689233874787329 0.94507234061369272 0.9569330818259415 0.17982035702716381 74.500000000000014 4.5000000000000009 0.98451082917651822 1.5000000000000002 0.012736826171426083 0.065212134006773045 15.500000000000002 0.022285422983957529 70.500000000000014 0.91539799374893172 0.11473521141376104 0.60595433411701316 0.90385000000000015 0.96429410213605971 0.90997751464388144
decision_type=2 2 2 2 2 2 2 2 2 2 2 2 2 2 2 2 2 2 2 2 2 2 2 2
left_child=3 4 -3 18 6 -6 -2 8 10 -9 -7 14 13 17 16 -16 -5 -13 -1 23 -17 -22 -20 -18
right_child=1 2 -4 11 5 7 -8 9 -10 -11 -12 12 -14 -15 15 20 19 -19 22 -21 21 -23 -24 -25
leaf_value=-0.0023872169951011288 0.0052988599762738963 0.0012921935088032277 0.0065362220895285325 -0.0011474435843339247 -0.0029179201202733126 -0.00047847229898420059 1.6260547164236724e-05 0.0001259441586217326 -0.0030664187364664646 0.0044878764919107309 0.0034644031925506668 0.0026709475261119807 -0.004000028413122172 0.0065624463681107376 0.0026804453663558003 -0.0048560300284981664 -0.0049033052117627889 -0.0034980665022678178 -0.012377231097799623 -0.0021298776272539646 -0.0039163245351129562 0.0015916324171772508 -0.0064497963771781887 -0.0085666164130991148
leaf_weight=27.018967941403389 118.50614592432976 235.36051142215729 207.69592523574829 83.935667604207993 172.97275766730309 149.52167531847954 118.3920770585537 179.26421749591827 206.39070242643356 143.01063638925552 130.87093734741211 52.651162534952164 105.4653956592083 64.134759902954102 77.810742825269699 97.221903771162033 56.938479378819466 67.629456520080566 29.431062117218971 52.121404230594635 66.833834052085876 66.09555721282959 27.327202275395393 76.353379011154175
leaf_count=90 109 167 66 181 170 138 120 135 124 80 82 97 163 85 105 157 124 123 119 89 112 74 101 161
internal_value=-2.39031e-05 0.00132383 0.00375049 -0.00237931 0.00044179 -9.30337e-05 0.00265883 0.000510914 -0.000515697 0.00206157 0.00136183 -0.00191148 -0.00033437 0.00176198 -0.00270338 -0.00136409 -0.00423466 -0.000797667 -0.00722189 -0.00563222 -0.00273149 -0.00117764 -0.00952337 -0.00700175
internal_weight=2612.95 1661.99 443.056 950.969 1218.93 982.031 236.898 809.058 486.783 322.275 280.393 867.192 289.881 184.415 577.311 307.962 269.349 120.281 83.7772 185.413 230.151 132.929 56.7583 133.292
internal_count=2972 1191 233 1781 958 729 229 559 344 215 220 1471 468 305 1003 448 555 220 310 374 343 186 220 285
is_linear=0
shrinkage=0.0161547


Tree=140
num_leaves=27
num_cat=0
split_feature=43 43 6 53 35 10 52 52 50 23 23 17 4 2 4 47 0 8 2 13 0 17 15 15 4 53
split_gain=22.0973 10.8888 10.5757 7.9979 6.83774 6.55694 6.24544 9.26558 9.82738 11.1122 22.3706 10.0155 6.16989 6.87903 6.11709 5.86388 4.49515 4.21933 7.60334 3.75133 3.41 2.93986 3.18633 2.1382 2.0971 0.718773
threshold=1.3410500000000003 0.68525000000000014 1.3924876334906968 0.89224960501260908 1.0000000180025095e-35 2.9773065782085015 0.89285503247052622 0.90643313574169759 86.500000000000014 0.2940834952830379 0.15977025303818473 0.03616876556948994 0.038489463228305924 0.26007767912447322 0.015971001771089118 1.0000000180025095e-35 0.20567068639383157 0.32174320431960685 0.20888690224780124 0.012082311108061716 0.018113155784604106 0.0055144779019151635 0.068525812271510805 0.054049135427298625 0.037175702894001829 0.93821776264767565
decision_type=2 2 2 2 2 2 2 2 2 2 2 2 2 2 2 2 2 2 2 2 2 2 2 2 2 2
left_child=1 4 15 24 19 6 14 -8 16 10 -10 -11 -13 -14 20 17 23 18 -2 25 -5 -21 -23 -9 -3 -1
right_child=2 3 -4 5 -6 -7 7 8 9 11 -12 12 13 -15 -16 -17 -18 -19 -20 21 -22 22 -24 -25 -26 -27
leaf_value=-0.0076540564460382092 0.0009478714576627781 -0.0065993365539174032 0.0055102840414468874 -0.0021322856262510313 0.0021071708754405545 -0.0049905753019791549 0.0061166313971736767 -0.0060997104385069707 -0.0007075414441447943 -0.0050807746766853802 0.010897581473403127 0.0047237284144902875 -0.0036374873686287612 0.0028794409968185709 -0.0046454792382022913 -0.00096456112072242528 0.00025451756833653214 0.0001089957944657963 0.0052925437756783369 -0.00045860656659660429 0.0032309643739435357 -0.0084484546866854457 -0.002518260026343689 -0.0023005673623534076 -0.002464704530293977 -0.011489968112923519
leaf_weight=26.438496202230453 236.72022068500519 62.459405988454819 170.86145722866058 65.726132780313492 33.965469211339951 70.934292674064636 76.09022068977356 73.645189762115479 90.984611183404922 82.93303170800209 82.796128571033478 92.234983891248703 86.965154439210892 82.249297350645065 127.4745215177536 251.98279428482056 102.53727242350578 216.88373905420303 189.09104150533676 36.654689252376556 58.453035354614258 53.696425929665565 42.25135737657547 81.386500179767609 65.678814083337784 24.61958010494709
leaf_count=91 176 107 56 104 77 74 87 130 149 120 97 96 107 82 178 165 113 111 108 106 84 170 102 104 82 98
internal_value=4.36849e-05 -0.00120662 0.00182746 -0.000647767 -0.00455153 -0.000229628 7.64176e-05 0.000736999 0.00020932 0.00149128 0.00482161 -0.000189248 0.00136237 -0.000469834 -0.00215958 0.00112414 -0.00236966 0.00194306 0.00287722 -0.00578296 0.000392278 -0.00435031 -0.00583705 -0.00410529 -0.00448008 -0.00950369
internal_weight=2585.71 1520.17 1065.54 1302.55 217.626 1174.41 1103.48 851.822 775.732 518.163 173.781 344.382 261.449 169.214 251.654 894.678 257.569 642.695 425.811 183.661 124.179 132.602 95.9478 155.032 128.138 51.0581
internal_count=2974 2358 616 1714 644 1525 1451 1085 998 651 246 405 285 189 366 560 347 395 284 567 188 378 272 234 189 189
is_linear=0
shrinkage=0.0161547


Tree=141
num_leaves=26
num_cat=0
split_feature=43 0 43 53 6 4 53 44 4 45 4 50 4 2 53 50 0 2 4 51 52 47 52 51 53
split_gain=28.5122 10.5505 10.2815 7.80453 6.12088 11.6219 6.2646 5.76646 3.79599 4.4791 3.7634 3.7237 3.39257 6.88507 4.21104 4.74338 4.56523 4.56205 3.22504 3.07581 2.99689 2.94766 1.45092 1.3056 1.51935
threshold=1.2425500000000003 2.6090915501487086 0.81085000000000018 1.0162054556230162 0.034431805850348177 0.025156672441927107 0.8946643048608901 82.500000000000014 0.011808054602120584 1.0000000180025095e-35 0.11600150133633073 84.500000000000014 1.0000000180025095e-35 0.046000946496529228 0.90737361068105649 94.000000000000014 0.20567068639383157 0.24066665935734191 0.10546375066092774 18.500000000000004 0.9581557274773399 1.0000000180025095e-35 1.0007657362848483 20.500000000000004 0.9533933594012467
decision_type=2 2 2 2 2 2 2 2 2 2 2 2 2 2 2 2 2 2 2 2 2 2 2 2 2
left_child=2 7 4 12 6 -6 -1 8 -2 11 -11 -10 19 -14 -15 16 -16 -18 -13 -4 -7 22 23 24 -8
right_child=1 -3 3 -5 5 20 21 -9 9 10 -12 18 13 14 15 -17 17 -19 -20 -21 -22 -23 -24 -25 -26
leaf_value=0.001204801637599371 0.003156620489464885 0.0056351053568922923 -0.0011806664654061413 0.0040495430947743005 0.0031518157676666235 -0.0074855674961304868 -0.0052506388674589529 0.0043202706396287243 0.0032001264518327381 -0.0026881755723335531 0.00079230326525176224 0.0019622585889191415 -0.0052036354347588017 0.001553256126378215 -0.0035210138548688809 -0.0043462285256533825 0.0036760435547411609 -0.0014107177415321466 -0.0014773164966308035 0.0033801111318894897 -0.0021184482730639133 -0.0030118280627183338 -0.004993823324436519 -0.010823279616484821 -0.0098739009074258755
leaf_weight=34.567868575453758 151.38042449951172 166.58550417423248 76.694230079650879 87.212445169687271 83.777221620082855 55.409801140427589 46.085938900709152 140.57811009883881 180.20253920555115 176.14301085472107 150.22551041841507 141.45164912939072 111.50327751040459 145.61286836862564 87.799245029687881 119.58710074424744 85.931014388799667 99.049444556236267 143.12501883506775 77.673938632011414 53.237846374511719 56.468909993767738 49.775128304958344 36.405943736433983 31.048193216323853
leaf_count=82 125 50 107 97 167 122 127 70 106 139 90 102 165 157 117 157 94 107 85 100 100 154 129 113 99
internal_value=9.56616e-05 0.00185024 -0.00154331 -0.000540502 -0.00354333 -0.00136939 -0.00518799 0.00126811 0.000812884 0.000364427 -0.00108613 0.00138301 -0.00103849 -0.00155014 -0.000792903 -0.0016636 -0.000487525 0.000952292 0.000232358 0.00111419 -0.00485565 -0.00619345 -0.00729355 -0.00830173 -0.0071116
internal_weight=2587.53 1249.69 1337.84 891.064 446.777 192.425 254.352 1083.11 942.528 791.148 326.369 464.779 803.851 649.483 537.98 392.367 272.78 184.98 284.577 154.368 108.648 219.784 163.315 113.54 77.1341
internal_count=2961 767 2194 1101 1093 389 704 717 647 522 229 293 1004 797 632 475 318 201 187 207 222 622 468 339 226
is_linear=0
shrinkage=0.0161547


Tree=142
num_leaves=27
num_cat=0
split_feature=43 44 43 43 0 53 50 52 15 53 23 52 51 0 53 0 15 53 18 4 21 44 0 19 17 43
split_gain=25.5442 10.0917 10.9598 8.12281 6.15508 8.2488 9.82326 7.41541 10.4674 8.68704 6.77392 5.84623 5.57215 5.17693 4.46007 4.26188 3.85335 3.031 2.61513 2.13546 2.08327 1.8566 2.02119 1.79472 1.24431 0.648924
threshold=1.2425500000000003 75.500000000000014 1.9371500000000001 0.68525000000000014 0.45135332132285566 0.89631260918046507 82.500000000000014 0.89285503247052622 0.037618532412395149 0.92602812251210009 0.09612037747259429 0.94006676259205324 14.500000000000002 0.19965913390421677 0.96026625152714307 0.18751417761734832 0.461248200802508 0.94421457164710176 2.5000000000000004 0.035302773356938467 0.20654206060744423 72.500000000000014 0.045852084723365695 0.030435284278981328 0.0039039671977933363 0.95190000000000008
decision_type=2 2 2 2 2 2 2 2 2 2 2 2 2 2 2 2 2 2 2 2 2 2 2 2 2 2
left_child=3 14 11 12 5 25 15 -8 10 -10 -9 -3 -1 18 16 17 19 -7 -11 -2 -6 23 -23 24 -14 -5
right_child=1 2 -4 4 20 6 7 8 9 13 -12 -13 21 -15 -16 -17 -18 -19 -20 -21 -22 22 -24 -25 -26 -27
leaf_value=0.00086670367395398509 0.0040797409307111437 -0.0010094339895872421 0.0052089708641963753 -0.005562623384207213 -0.0053530823348292749 -0.0069320456195524514 -0.0023097635360821837 0.0027267777701698958 0.0048317641989533483 -0.00051152930488515753 0.010153535321623469 0.0031138298223427137 -0.006990602322113979 0.0020944496263081889 -0.0017315270974874897 0.00075756155420825938 -0.00063395733324191712 -0.002258861295175771 -0.0048808471010973265 0.00092574939053197006 -0.0021287550826563483 -0.0062782670139257838 -0.00056339614374583422 -0.0094693403285960147 -0.0024713414184180317 -0.0031680758583259349
leaf_weight=42.776247099041939 117.16901206970215 175.7305845618248 319.5663206577301 57.964390784502029 85.110857337713242 62.798904478549957 116.33588710427284 69.355067700147629 95.540562957525253 66.747490882873535 59.588295847177505 183.39824730157852 41.38768182694912 89.687854051589966 210.85368329286575 63.751676738262177 173.4678481221199 85.583374410867691 76.976805448532104 107.35391867160797 135.63675737380981 32.764354914426804 31.851432129740715 43.383682310581207 25.818554356694221 60.221124917268753
leaf_count=107 100 123 113 109 119 106 180 113 104 97 73 121 150 107 158 79 90 136 110 83 147 108 75 131 81 74
internal_value=5.21716e-05 0.0016781 0.00303272 -0.00150629 -0.000953393 -0.000363173 0.000234891 0.00133232 0.00225765 0.000728436 0.00615889 0.00109622 -0.00436055 -0.000951144 0.000168076 -0.00273577 0.00117448 -0.00423666 -0.00285168 0.00257168 -0.00337192 -0.00563677 -0.0034612 -0.00690792 -0.00525444 -0.00434249
internal_weight=2630.82 1287.54 678.695 1343.28 1125.3 904.551 786.366 574.232 457.896 328.953 128.943 359.129 217.982 233.412 608.844 212.134 397.991 148.382 143.724 224.523 220.748 175.206 64.6158 110.59 67.2062 118.186
internal_count=2994 788 357 2206 1554 1288 1105 784 604 418 186 244 652 314 431 321 273 242 207 183 266 545 183 362 231 183
is_linear=0
shrinkage=0.0161547


Tree=143
num_leaves=25
num_cat=0
split_feature=43 14 53 44 44 43 30 53 6 4 15 18 21 53 10 52 52 53 52 13 52 53 43 19
split_gain=26.6233 13.4604 9.821 8.56562 6.71124 5.76361 5.57119 12.457 10.0921 5.82513 9.38546 5.10196 4.4548 4.83171 4.21868 3.1279 5.93486 2.63903 2.58354 2.49465 2.38563 3.62753 2.93036 0.465978
threshold=0.82440000000000013 7.5000000000000009 0.89503366983423693 83.500000000000014 68.500000000000014 0.55930000000000013 1.0000000180025095e-35 0.96644601641895278 0.22436193802962148 0.012054193093733744 0.064698820729928178 4.5000000000000009 0.2280572019725588 0.9351131704727581 1.9038221191626576 0.99757849208906302 1.0489944586052211 0.98885778720309514 0.9359257835280298 0.23033888133945077 0.96060430308130396 0.9188107011463954 0.6957000000000001 0.0090664920851537354
decision_type=2 2 2 2 2 2 2 2 2 2 2 2 2 2 2 2 2 2 2 2 2 2 2 2
left_child=5 2 18 4 -4 23 9 8 -8 10 -6 12 13 -11 -13 17 -17 20 -2 -15 21 -7 -23 -1
right_child=1 -3 3 -5 6 15 7 -9 -10 11 -12 14 -14 19 -16 16 -18 -19 -20 -21 -22 22 -24 -25
leaf_value=-0.0073137023530070559 -0.00066786654817362361 0.0046033093999845783 -0.0034428030130791241 0.0045582135164220642 -0.0011981880035029995 -0.0050433803341861719 0.0068408845578883789 -0.001411995865157044 0.0010069287631561479 0.0016952601121222397 0.0051443326440419714 -0.0011054291230072003 -0.0045672473734008076 -0.0044233284094194617 0.0029066558175890526 0.0019506840949191828 -0.0053367560311929265 -0.0071161793682221093 -0.0041447871010334356 -0.00065546780302465173 -0.0059320536275181664 -0.0036600128492553694 0.0015759387702124357 -0.010624428529860031
leaf_weight=22.265947192907333 94.097996413707733 221.23701733350754 106.5924836397171 146.34641140699387 114.27063930034637 71.935998931527138 164.08765572309494 164.20433929562569 146.45247185230255 120.29958069324493 130.33575019240379 130.73931294679642 113.90482670068741 88.442917674779892 143.43554681539536 79.916843622922897 45.924452617764473 50.390355736017227 136.93810158967972 95.24261337518692 57.85836261510849 45.352920070290565 72.467675447463989 22.113538354635239
leaf_count=96 93 79 157 91 164 176 131 130 86 118 115 107 100 117 82 153 103 126 139 100 127 118 126 95
internal_value=6.14622e-05 0.000832574 0.00039244 0.000825697 0.000465856 -0.00342437 0.000761045 0.00218668 0.00408956 3.84708e-05 0.00218135 -0.000718919 -0.00184243 -0.000821427 0.000993507 -0.0028444 -0.00070879 -0.00374622 -0.00272868 -0.00246966 -0.00306043 -0.00218484 -0.000439547 -0.00896338
internal_weight=2584.85 2116.63 1895.39 1664.35 1518.01 468.226 1411.42 474.744 310.54 936.671 244.606 692.065 417.89 303.985 274.175 423.847 125.841 298.005 231.036 183.686 247.615 189.757 117.821 44.3795
internal_count=2929 1809 1730 1498 1407 1120 1250 347 217 903 279 624 435 335 189 929 256 673 232 217 547 420 244 191
is_linear=0
shrinkage=0.0161547


Tree=144
num_leaves=24
num_cat=0
split_feature=23 13 42 53 4 52 50 42 52 21 4 15 51 0 0 23 15 52 2 21 53 53 50
split_gain=21.1606 12.2849 9.37956 9.03705 8.82441 5.06369 6.12759 4.58485 4.68422 9.15125 4.30381 6.06858 4.85354 6.44613 7.03575 3.99384 9.13123 4.35033 2.49716 2.4083 3.1896 1.0357 0.89128
threshold=0.52723960300545647 2.1609684917875263 2.5000000000000004 0.94478689605954669 0.40917667266052954 1.0372168211370756 97.000000000000014 1.0000000180025095e-35 0.98650545052190275 0.023848277688202562 0.24988770828005272 0.13188453865514041 15.500000000000002 0.22278381694825211 0.53200857063591089 0.21106316821701174 0.072787767066729001 0.94350096727249033 0.23254359433714675 0.046970131498760906 0.92656632230388125 0.92962044334891047 87.500000000000014
decision_type=2 2 2 2 2 2 2 2 2 2 2 2 2 2 2 2 2 2 2 2 2 2 2
left_child=2 4 7 -4 5 6 10 19 15 -10 11 -2 -13 -14 -15 17 -17 21 -8 20 -1 -9 -22
right_child=1 -3 3 -5 -6 -7 18 8 9 -11 -12 12 13 14 -16 16 -18 -19 -20 -21 22 -23 -24
leaf_value=-0.0031667099244467177 0.0051931871850775602 0.0044047667211811296 -0.0027051184309710608 0.0036541384694526958 -0.0035655101329802714 -0.0017350845009938103 -0.0028508659307779111 -0.0050069799789350588 0.003629271271076681 -0.0048028955059842135 0.0048597108701041994 0.0035806915666622106 -0.0025106525432122104 0.0034340863007482408 -0.00084543974214343603 0.0020596934997564689 -0.0055585835513414688 -0.0085927742768581623 0.00039466445486880807 -0.0017846061945141292 -0.0064923492145016019 -0.0018731887471490256 -0.009921215828499726
leaf_weight=50.522728219628334 100.56704813241959 248.18897622823715 106.89980226755142 128.32996064424515 126.20488506555557 166.28285735845566 104.66676595807076 46.058049738407135 84.748637527227402 55.642736852169037 112.12719106674194 145.29381096363068 156.87486633658409 206.01230844855309 195.30393218994141 89.546447262167931 75.829614236950874 57.123776704072952 151.30840134620667 39.408565148711205 36.423280328512192 68.391692787408829 43.306511044502258
leaf_count=126 112 86 138 150 82 166 111 102 155 97 67 125 155 172 154 133 122 132 123 68 100 145 119
internal_value=3.42772e-05 0.00108122 -0.00199834 0.000764184 0.000518035 0.000903083 0.00127734 -0.00300271 -0.00219196 0.000287265 0.00189473 0.00148125 0.000950611 0.000266017 0.00135142 -0.00322494 -0.0014335 -0.00495166 -0.000932414 -0.00528374 -0.00634242 -0.00313432 -0.00835479
internal_weight=2595.06 1712.83 882.232 235.23 1464.64 1338.44 1172.15 647.002 477.341 140.391 916.179 804.052 703.485 558.191 401.316 336.95 165.376 171.574 255.975 169.661 130.253 114.45 79.7298
internal_count=2940 1353 1587 288 1267 1185 1019 1299 886 252 785 718 606 481 326 634 255 379 234 413 345 247 219
is_linear=0
shrinkage=0.0161547


Tree=145
num_leaves=26
num_cat=0
split_feature=43 43 44 23 4 6 6 18 2 53 53 10 51 21 43 42 52 53 21 51 21 10 43 15 53
split_gain=26.2051 12.8066 6.86562 4.84444 8.29557 8.51604 7.57784 7.53952 7.34184 7.72001 6.30213 6.12652 4.72108 4.52652 6.02008 4.14803 3.84068 3.20843 4.97383 3.17222 3.04813 2.84117 3.41623 2.56842 1.37546
threshold=0.82440000000000013 3.1809000000000007 68.500000000000014 0.17673622763866323 0.015803409760627048 0.068072966868737525 0.11589167157793169 5.5000000000000009 0.047280697042461017 0.93761494496119846 0.94613493676004878 0.91469500143872107 21.500000000000004 0.16789756109226153 1.4968500000000002 2.5000000000000004 0.95129032131237745 0.93611791650428611 0.021717666427674729 17.500000000000004 0.061614837679574506 0.31535395405384209 0.70825000000000016 1.0501621827318302 0.96312778082141803
decision_type=2 2 2 2 2 2 2 2 2 2 2 2 2 2 2 2 2 2 2 2 2 2 2 2 2
left_child=15 2 16 10 8 -6 -7 11 9 -5 -4 -8 13 -13 -15 17 -2 18 19 -1 -20 22 24 -9 -19
right_child=1 -3 3 4 5 6 7 23 -10 -11 -12 12 -14 14 -16 -17 -18 21 20 -21 -22 -23 -24 -25 -26
leaf_value=0.0027372554166040643 -0.0058983485575960885 0.0056771276122429175 -0.0056363034301301048 0.0045050326351770784 -0.0036122562438223888 0.0041312005208255197 -0.0040640287383045554 0.0029852765666466019 0.0064915118719166163 -0.0018022507520140652 0.001096159280926467 0.0033770785008567072 -0.0026866641510016947 -0.0026381329143138183 0.0019809104554100124 0.00020241325053094476 -0.00029627065752942702 -0.012121438040055204 -0.0083963708165628956 -0.0031597129836038276 -0.0026616319019813644 -0.0029975742925347159 -0.0037928989773160469 0.00046279386327057148 -0.007587596300959727
leaf_weight=50.553115651011467 66.080291092395782 129.27915287017822 70.12962818145752 103.11408159136772 126.71431797742844 154.61529073119164 120.21946549415588 260.54360234737396 116.86862888932228 99.527180433273315 75.190190345048904 125.01793670654297 133.4776548743248 144.94658404588699 149.67796260118484 67.163604244589806 61.814164996147156 27.000405073165894 43.686139464378357 44.997889891266823 54.1951684653759 71.114604935050011 51.07591500878334 176.84645318984985 49.436079680919647
leaf_count=122 104 33 106 95 139 140 128 157 105 104 99 114 109 142 83 114 86 102 114 129 108 142 110 67 167
internal_value=-9.30496e-06 0.000750498 0.000429601 0.000678954 0.000919387 0.000380574 0.000780424 0.000313991 0.00326692 0.00140721 -0.00215285 -0.000758725 -4.03239e-05 0.00080141 -0.000291523 -0.00350711 -0.00319074 -0.00414258 -0.00266169 -3.98073e-05 -0.00522115 -0.00558475 -0.00702763 0.00196538 -0.00918913
internal_weight=2573.29 2114.06 1984.78 1856.89 1711.57 1392.06 1265.34 1110.73 319.51 202.641 145.32 673.34 553.12 419.642 294.625 459.223 127.894 392.059 193.432 95.551 97.8813 198.627 127.512 437.39 76.4365
internal_count=2919 1811 1778 1588 1383 1079 940 800 304 199 205 576 448 339 225 1108 190 994 473 251 222 521 379 224 269
is_linear=0
shrinkage=0.0161547


Tree=146
num_leaves=26
num_cat=0
split_feature=43 43 40 51 43 43 44 50 51 32 44 15 6 44 39 2 6 0 10 2 19 47 13 19 43
split_gain=17.1479 10.7196 9.05045 13.0457 4.97231 5.75286 5.21046 4.88973 4.36142 4.31644 7.78074 5.41382 9.57017 7.18529 9.13492 6.85826 6.77273 4.25329 4.73171 3.33015 1.78049 1.66958 3.14921 1.37241 0.735974
threshold=0.98180000000000012 3.1809000000000007 1.0000000180025095e-35 16.500000000000004 0.73665000000000014 0.83655000000000013 70.500000000000014 87.500000000000014 22.500000000000004 1.0000000180025095e-35 75.500000000000014 1.0501621827318302 0.62188166797345568 79.500000000000014 1.0000000180025095e-35 0.063725243768341197 0.0244246605696254 0.24645332343523077 1.2554535507890603 0.11563503791895487 0.080820233020712007 1.0000000180025095e-35 0.024590635757308976 0.048640638352008624 0.58955000000000013
decision_type=2 2 2 2 2 2 2 2 2 2 2 2 2 2 2 2 2 2 2 2 2 2 2 2 2
left_child=2 9 4 -4 8 6 -6 -7 21 11 -11 12 13 14 15 16 -2 -17 -19 -9 -5 22 24 -24 -1
right_child=1 -3 3 20 5 7 -8 19 -10 10 -12 -13 -14 -15 -16 17 -18 18 -20 -21 -22 -23 23 -25 -26
leaf_value=-0.0042654860896022212 -0.00079104783796100366 0.0053441077953076789 0.0070102504409458527 -0.0041287793279824311 -0.0036386082128387304 -0.00067873238843268774 0.0026552975395496424 -0.0074193289070903917 -0.009563374741820424 -0.0043803040084267409 0.0012257526881390938 -0.0018805861325206349 0.0046887121635728101 0.0032892800770738767 0.0033165571875046558 -0.0043063597397783567 0.0048918249264585448 0.0013101512334857623 -0.0028080748788726234 -0.0024370279179295874 -4.7365650942480167e-05 -0.0063060973974227294 0.00049487514002440243 -0.0031610614022717846 -0.0080362181782569677
leaf_weight=26.65008719265461 149.04533180594444 121.34174704551697 63.434843152761459 57.906464636325836 51.204544931650162 101.43019244074821 104.14276444911957 82.812005996704102 41.007011204957962 127.88889670372009 130.58218449354172 181.1435010433197 168.29609608650208 200.31162440776825 163.48076581954956 151.96028220653534 86.489553153514862 130.95972937345505 163.98049706220627 60.653833478689194 53.820803582668304 52.799878820776939 51.838399097323418 55.472154080867767 27.394486665725708
leaf_count=105 167 31 86 112 106 145 171 144 129 107 79 84 94 144 129 165 81 114 140 83 70 151 135 125 79
internal_value=-0.000186755 0.000709523 -0.0021027 0.00115928 -0.00297449 -0.001851 0.000580742 -0.00339356 -0.00473678 0.000369547 -0.00154807 0.00072468 0.00111325 0.000538101 -0.000113374 -0.000935031 0.00129573 -0.00211073 -0.000979495 -0.00531293 -0.0021627 -0.00381258 -0.00299663 -0.00139499 -0.00617682
internal_weight=2606.05 1775.48 830.567 175.162 655.405 400.243 155.347 244.896 255.162 1654.14 258.471 1395.67 1214.52 1046.23 845.916 682.435 235.535 446.901 294.94 143.466 111.727 214.155 161.355 107.311 54.0446
internal_count=2976 1335 1641 268 1373 649 277 372 724 1304 186 1118 1034 940 796 667 248 419 254 227 182 595 444 260 184
is_linear=0
shrinkage=0.0161547


Tree=147
num_leaves=26
num_cat=0
split_feature=43 43 44 44 44 6 4 19 53 21 19 53 53 30 50 43 47 13 52 2 43 52 8 43 53
split_gain=21.6765 8.79139 7.76547 5.56841 4.77056 4.55428 9.67644 4.40692 4.20655 3.6286 7.04505 5.62343 13.4729 6.03155 3.89862 3.62768 3.87973 3.21759 2.98982 2.59107 2.49939 2.15673 2.25145 1.44849 1.38484
threshold=1.5984500000000004 0.82440000000000013 83.500000000000014 75.500000000000014 68.500000000000014 0.048159905374951316 0.026837973083005773 0.7960723626356635 0.98767305193734012 0.22459317659525435 0.42173806816088577 0.90212261433297558 0.92349798135726757 1.0000000180025095e-35 86.500000000000014 0.59250000000000014 1.0000000180025095e-35 0.23033888133945077 0.95515907072733131 0.20888690224780124 2.0058500000000006 0.99757849208906302 0.0037944212050899239 1.0323000000000002 0.92349798135726757
decision_type=2 2 2 2 2 2 2 2 2 2 2 2 2 2 2 2 2 2 2 2 2 2 2 2 2
left_child=1 5 4 20 18 8 -7 -5 15 11 -11 -6 -13 14 -14 24 21 23 -3 -8 -2 22 -17 -16 -1
right_child=3 2 -4 7 9 6 19 -9 -10 10 -12 12 13 -15 17 16 -18 -19 -20 -21 -22 -23 -24 -25 -26
leaf_value=-0.0038379884389808487 0.002229317159311202 -0.0059782728016744228 0.0041764680325244814 0.0018851971364742068 -0.0028127665812365176 0.0041226511983182374 -0.0058907832432470051 0.0050721731714489524 -0.0079905785693050596 -0.0048861768899432197 0.0002121601849663063 0.0049917819000093334 0.00073657332931056159 0.0023731898942701093 -0.0026391853627606311 -0.0071552960744385632 0.0018349405025831597 -0.00059515727817099353 -0.00092073902717815356 -0.0010133861737801216 -0.00052948002590312538 -0.00035518683826760915 -0.0019222783630362247 -0.0060476429153803052 -0.0090406925459439284
leaf_weight=24.263724952936172 168.84160947799683 62.993859618902206 100.2519947886467 215.93389266729355 121.86027047038078 67.744893506169319 60.147998869419098 238.08190965652466 55.150017186999321 112.40805637836456 190.78887283802032 164.45263823866844 140.53809478878975 156.46486288309097 64.204931765794754 48.939933747053146 51.208606883883476 108.0290989279747 59.14609432220459 53.895100519061089 174.04776924848557 40.657059729099274 38.207291007041931 65.973000556230545 29.689019814133644
leaf_count=88 109 102 85 117 146 128 131 73 165 117 140 166 165 159 99 123 109 119 85 92 83 84 85 85 122
internal_value=0.00016148 -0.000812774 -0.000149105 0.00238286 -0.000496896 -0.00271537 -0.000713176 0.00355642 -0.00397866 -0.000167604 -0.00167801 0.000389838 0.000947635 -0.000295 -0.00139727 -0.00302892 -0.00192221 -0.00265619 -0.00352917 -0.0035858 0.000828975 -0.00342763 -0.00486102 -0.00436656 -0.00670092
internal_weight=2613.92 1817.02 1347.11 796.905 1246.86 469.904 181.788 454.016 288.116 1124.72 303.197 821.523 699.663 535.21 378.745 232.966 179.013 238.207 122.14 114.043 342.889 127.804 87.1472 130.178 53.9527
internal_count=2977 2595 1468 382 1383 1127 351 190 776 1196 257 939 793 627 468 611 401 303 187 223 192 292 208 184 210
is_linear=0
shrinkage=0.0161547


Tree=148
num_leaves=24
num_cat=0
split_feature=43 43 15 17 13 42 50 47 17 52 52 44 51 0 44 52 53 13 21 14 53 2 13
split_gain=23.3348 7.44898 5.92687 20.345 6.80907 5.63388 5.30772 7.91155 4.37625 5.64762 5.08001 3.82916 6.22686 3.65389 3.55469 3.48824 2.82856 2.64352 2.52988 2.79812 2.08871 1.14608 1.75428
threshold=1.2160500000000003 0.68885000000000007 0.037618532412395149 0.011211901385786861 0.015915984821739764 5.5000000000000009 95.500000000000014 1.0000000180025095e-35 0.23577080787981494 1.0585241207438327 0.96701999508434089 73.500000000000014 18.500000000000004 0.067258324345230061 77.500000000000014 0.95335774496725556 0.90384744284573093 0.79237584496290425 0.16789756109226153 2.5000000000000004 0.93128346209804425 0.0096917031072681521 0.0090880973624898661
decision_type=2 2 2 2 2 2 2 2 2 2 2 2 2 2 2 2 2 2 2 2 2 2 2
left_child=1 13 3 4 -3 6 7 15 9 10 11 12 20 16 -13 17 -1 -2 19 -12 -4 22 -18
right_child=5 2 8 -5 -6 -7 -8 -9 -10 -11 18 14 -14 -15 -16 -17 21 -19 -20 -21 -22 -23 -24
leaf_value=-0.0011160449555535235 0.00012779084710093171 0.0016470100438304846 -0.00026434232101045372 0.0093543689339940193 -0.0044632015839401575 0.004420788890237619 -0.00083208493579630663 -0.00055602974117787969 0.0023102277200508017 0.0022317675097370993 -0.0028396387328326125 -0.0058673984924521739 0.0027553359854691158 -0.0011500748874219524 -0.0011852438417055064 0.0041037669009999543 -0.0082464093131690754 0.0031415853482129989 -0.0017326985559631971 -0.0071986431379645263 -0.0042536771025824521 -0.0094336577278481219 -0.003576243525382496
leaf_weight=29.150548592209816 150.1880030632019 99.048048108816147 65.148832231760025 62.144053757190704 91.626385569572449 172.71099674701691 241.65974676609039 247.09863722324371 71.300396829843521 77.781887084245682 64.592164427042007 73.549848884344101 113.21261194348335 71.903541222214699 99.648376554250717 301.89533412456512 39.739501804113388 153.67042744159698 69.106232315301895 94.890900075435638 72.219720005989075 30.515531346201897 44.492651984095573
leaf_count=84 122 167 94 83 166 63 178 170 66 95 97 105 153 169 124 181 148 67 82 140 112 108 143
internal_value=0.000158209 -0.00138928 -0.000829546 0.00132706 -0.00128918 0.00170918 0.0012813 0.00188013 -0.00150985 -0.00188288 -0.00237347 -0.00132648 -4.98129e-05 -0.00412381 -0.00317355 0.00287389 -0.00560974 0.00165196 -0.00431448 -0.0054332 -0.00236168 -0.00675132 -0.00577956
internal_weight=2537.29 1270.07 1054.27 252.818 190.674 1267.22 1094.51 852.852 801.451 730.151 652.369 423.779 250.581 215.802 173.198 605.754 143.898 303.858 228.589 159.483 137.369 114.748 84.2322
internal_count=2917 2136 1484 416 333 781 718 540 1068 1002 907 588 359 652 229 370 483 189 319 237 206 399 291
is_linear=0
shrinkage=0.0161547


Tree=149
num_leaves=26
num_cat=0
split_feature=43 14 44 51 4 1 19 0 10 51 4 45 30 42 53 0 42 44 53 52 43 15 19 13 4
split_gain=17.9283 13.5359 6.64788 4.98211 5.75941 8.19558 6.55163 4.67639 13.6646 8.46669 6.31328 8.8246 7.90156 6.67537 7.26473 6.04356 6.44193 4.53067 3.44232 2.55618 2.37325 1.97602 1.16697 1.12594 0.870196
threshold=0.82440000000000013 7.5000000000000009 83.500000000000014 22.500000000000004 0.0055323811375845603 1.5000000000000002 0.075451057349660469 1.0000000180025095e-35 0.14541003398248151 19.500000000000004 0.015522210259792424 1.0000000180025095e-35 1.0000000180025095e-35 1.5000000000000002 0.92962044334891047 0.22548923029889831 2.5000000000000004 72.500000000000014 0.92962044334891047 0.94635198881010252 1.2920000000000003 0.01422030405004953 0.022054309646726847 0.0083836299698607075 0.0040736435175699184
decision_type=2 2 2 2 2 2 2 2 2 2 2 2 2 2 2 2 2 2 2 2 2 2 2 2 2
left_child=3 2 7 4 18 6 -6 9 -9 -2 -10 12 13 14 -12 -13 -17 -7 21 -14 -15 -1 23 -20 -5
right_child=1 -3 -4 24 5 17 -8 8 10 -11 11 15 19 20 -16 16 -18 -19 22 -21 -22 -23 -24 -25 -26
leaf_value=0.00056262537643359618 -0.00042484141454305317 0.004695852964626504 0.003331931642598459 -0.0049001135392843578 -0.00037410096546725772 -0.0066023463912619406 0.0076198605470028128 -0.0060901925228334678 0.0031907505875591927 0.0057555867529181575 0.0050084469570534692 -0.004793641609809514 0.0014502512898327559 -0.0036143726174874577 -0.0013272761621102086 0.0013354007056608471 -0.0028380811636992344 0.00018393521226534764 -0.0069338585033909914 0.0045525641084477545 -0.00064852418148639052 -0.0044261783868403352 -0.0087253417191395406 -0.0027359696682362745 -0.0084530713173717343
leaf_weight=45.143438294529915 139.58184584975243 204.81642383337021 175.0943990945816 36.542641907930374 67.627372935414314 56.481865838170052 44.272033587098122 99.32798832654953 154.4703942835331 98.785322815179825 97.538201630115509 136.92695319652557 136.91138178110123 127.35569602251053 91.573235690593719 184.79069995880127 202.06079912185669 47.070346876978874 35.668424010276794 140.38717424869537 157.47634315490723 38.299185812473297 31.905922338366508 31.312843903899193 35.435161650180817
leaf_count=116 166 73 117 107 151 128 71 140 160 106 91 152 96 146 104 167 139 83 114 96 97 93 83 91 91
internal_value=0.000120464 0.000745912 0.000329385 -0.00273823 -0.00203053 -0.000242317 0.00278864 3.18894e-05 -0.00029625 0.00213648 0.000106341 -0.000267339 0.000854866 -0.000412425 0.00194051 -0.00187689 -0.000844498 -0.0035176 -0.0041436 0.00302085 -0.00197463 -0.00172718 -0.00618261 -0.0049714 -0.00664926
internal_weight=2616.86 2147.1 1942.28 469.759 397.781 215.452 111.899 1767.19 1528.82 238.367 1429.49 1275.02 751.242 473.943 189.111 523.778 386.851 103.552 182.33 277.299 284.832 83.4426 98.8872 66.9813 71.9778
internal_count=2978 1850 1777 1128 930 433 222 1660 1388 272 1248 1088 630 438 195 458 306 211 497 192 243 209 288 205 198
is_linear=0
shrinkage=0.0161547


Tree=150
num_leaves=26
num_cat=0
split_feature=19 21 19 4 19 4 6 34 13 15 35 6 47 30 21 21 6 50 0 50 4 52 50 13 51
split_gain=12.9544 8.42755 10.5003 7.73866 8.28625 7.21727 6.64364 5.79066 5.61773 7.55696 5.52639 4.44102 4.31859 5.30077 4.15867 3.38025 3.13948 4.82571 2.84547 2.71558 2.65496 2.50351 2.23069 2.83912 0.870044
threshold=0.030857095507022318 0.77745369890885641 0.041243581000930028 0.40917667266052954 0.08677482541381569 0.011808054602120584 0.083079846466542803 1.0000000180025095e-35 0.19310610522644225 0.21462715684773154 1.0000000180025095e-35 0.03792510669435975 1.0000000180025095e-35 1.0000000180025095e-35 0.13759251564430797 0.37531175224523511 0.076929021899247288 90.500000000000014 0.042985351290142422 91.500000000000014 0.0035375722282836035 0.93769520135829054 82.500000000000014 0.029219137838506447 19.500000000000004
decision_type=2 2 2 2 2 2 2 2 2 2 2 2 2 2 2 2 2 2 2 2 2 2 2 2 2
left_child=7 2 -2 4 10 14 -7 11 -8 19 16 18 13 15 -6 21 17 -4 20 -10 22 -11 -1 24 -24
right_child=1 -3 3 -5 5 6 8 -9 9 12 -12 -13 -14 -15 -16 -17 -18 -19 -20 -21 -22 -23 23 -25 -26
leaf_value=-0.0069010397179679918 0.0055427459879963939 0.0030331741200163792 -0.0046879637139828241 -0.0046455112110543317 0.001469793254163907 -0.003145330529982282 0.0040151199597186589 0.0021117925767775978 -0.00083172582533550183 0.0011845259584379133 0.0017649852217202038 0.0013464570784635329 -0.00094043105292549931 0.0039709268349107391 0.006081676816253094 0.0028603519503386404 -0.0058994686103967554 0.0010855153664323415 -0.0079917852588922336 -0.0045089912461980979 0.00025295833401509815 -0.0024423788977417892 -0.0056546495813270588 0.000559431726801717 -0.0027052328355803654
leaf_weight=57.597339630126953 91.564849182963371 323.60874730348587 81.563685700297356 91.391080260276794 116.08630536496639 135.00289914011955 115.98812618851662 59.048992425203323 121.48210588097572 95.503407627344131 70.056897848844528 45.030555233359337 201.68052768707275 191.36979255080223 91.047058910131454 106.86280190944672 84.395482137799263 70.386506766080856 42.057191342115402 92.176211655139923 42.028181031346321 103.48869168758392 66.454270333051682 39.43477475643158 42.985178977251053
leaf_count=143 135 126 137 64 141 144 133 101 142 89 86 81 148 119 75 66 145 109 91 113 91 104 170 76 107
internal_value=0.000140299 0.000627096 0.00020849 -6.76965e-05 0.000181766 0.000718646 0.000224053 -0.00255331 0.000666302 0.000240663 -0.00221996 -0.00337417 0.00105348 0.00186223 0.00349698 0.000542849 -0.00340116 -0.00201357 -0.00410578 -0.00241817 -0.00344809 -0.000701698 -0.00420146 -0.00315702 -0.00449619
internal_weight=2578.29 2183.66 1860.05 1768.48 1677.09 1370.69 1163.55 394.636 1028.55 912.564 306.403 335.587 698.905 497.225 207.133 305.855 236.346 151.95 290.557 213.658 248.5 198.992 206.472 148.874 109.439
internal_count=2936 2076 1950 1815 1751 1274 1058 860 914 781 477 759 526 378 216 259 391 246 678 255 587 193 496 353 277
is_linear=0
shrinkage=0.0161547


Tree=151
num_leaves=25
num_cat=0
split_feature=43 50 44 50 19 8 22 50 42 17 17 16 53 8 53 6 10 51 19 8 13 21 45 17
split_gain=17.5374 8.46322 7.17772 5.53748 6.12428 8.23624 6.0384 7.48076 5.96381 4.42945 6.54808 4.90059 4.3755 3.86582 3.70586 3.68935 5.42824 3.4393 3.13598 2.8613 2.35398 2.48679 2.12083 0.862776
threshold=1.5984500000000004 104.50000000000001 78.500000000000014 97.000000000000014 0.094501449550094915 0.027193907993046738 1.5000000000000002 82.500000000000014 2.5000000000000004 0.040721344141974182 0.060732475140443394 5.5000000000000009 0.9351131704727581 0.053339529731633861 0.92922911230539262 0.26316819850164491 0.72067884071137567 17.500000000000004 0.60344884529558129 0.0077332455812640062 0.56719995316272431 0.17613339328105845 1.0000000180025095e-35 0.016827241740950568
decision_type=2 2 2 2 2 2 2 2 2 2 2 2 2 2 2 2 2 2 2 2 2 2 2 2
left_child=1 3 18 4 6 -6 7 22 12 -7 -11 20 -9 14 23 16 19 -16 -2 -5 21 -12 -1 -8
right_child=2 -3 -4 15 5 9 13 8 -10 10 11 -13 -14 -15 17 -17 -18 -19 -20 -21 -22 -23 -24 -25
leaf_value=-0.0060847448449428358 0.0016349022878488194 0.0046872418323912453 0.003602000816404344 -0.0014627539691751976 0.0037925375818890833 -0.0039434118801487767 -0.0055465975365315756 0.0026624405082188605 0.0063543430854657796 0.0034723246711308728 -0.0025283219432450637 0.0017510031236129334 -0.0029161750683019795 -0.0010413776566713393 -0.006184106488308071 -0.0068898963587064304 0.0021279243966888313 -0.0011402020977859095 -0.0010404227699151473 -0.0054656950438615607 -0.0034281744624403924 0.0011453662242791854 -0.0014327897858304028 -0.0086188507728963606
leaf_weight=53.900041997432709 266.26659727096558 63.704018652439117 328.89448469877243 83.478092864155769 128.98969420790672 92.65191712975502 47.673387631773949 73.313918218016624 49.509791523218155 106.89048320055008 99.575226247310638 127.91071152687073 73.454777553677559 118.53644789755344 56.18681888282299 59.820596307516098 53.58324208855629 94.81870998442173 200.40881669521332 105.49444861710072 155.13190397620201 92.999519199132919 48.670600056648254 47.747340336441994
leaf_count=125 168 80 125 156 142 133 106 146 58 116 117 99 167 168 110 65 66 171 87 177 148 97 97 87
internal_value=-0.000228908 -0.00109781 0.00177418 -0.00130598 -0.000895923 5.21112e-05 -0.00204438 -0.000341689 0.00150597 -0.0006625 -0.000140648 -0.000952629 -0.000129544 -0.00343863 -0.00459176 -0.0032967 -0.00241053 -0.00301696 0.000486012 -0.00369741 -0.00194721 -0.000754199 -0.00387735 -0.00708391
internal_weight=2629.61 1834.04 795.57 1770.34 1467.96 804.149 663.812 298.849 196.278 675.16 582.508 475.617 146.769 364.963 246.426 302.376 242.556 151.006 466.675 188.973 347.707 192.575 102.571 95.4207
internal_count=3011 2631 380 2551 2087 852 1235 593 371 710 577 461 313 642 474 464 399 281 255 333 362 214 222 193
is_linear=0
shrinkage=0.0161547


Tree=152
num_leaves=25
num_cat=0
split_feature=43 36 35 44 42 52 13 51 51 17 4 13 44 21 8 35 10 43 52 53 17 43 53 21
split_gain=18.2443 8.11803 13.9428 6.83121 7.77152 6.91033 5.55679 4.29746 6.57475 10.8 10.0762 8.43023 5.86522 3.8911 8.60538 3.59943 3.34561 2.65225 2.94334 2.757 2.6856 2.59022 0.997492 2.65311
threshold=0.91520000000000012 1.0000000180025095e-35 1.0000000180025095e-35 75.500000000000014 2.5000000000000004 0.9916313361729393 0.16772030655077938 22.500000000000004 19.500000000000004 0.03616876556948994 0.056614050736130357 0.26310078300384815 73.500000000000014 0.88096521584349208 0.3772671876901047 1.0000000180025095e-35 0.9651825891243625 0.68525000000000014 0.9459008882877924 0.93545464895072616 0.028482538229985473 1.4586000000000003 0.95578664139121794 0.017975659872392996
decision_type=2 2 2 2 2 2 2 2 2 2 2 2 2 2 2 2 2 2 2 2 2 2 2 2
left_child=3 7 -3 4 15 6 -5 8 9 12 -10 -11 -2 14 16 17 -13 22 19 -19 -20 -9 23 -1
right_child=1 2 -4 5 -6 -7 -8 21 10 11 -12 13 -14 -15 -16 -17 -18 18 20 -21 -22 -23 -24 -25
leaf_value=-0.0053892331764360786 -0.0054420286213379011 -7.0449141329210273e-05 0.006704247400459714 -0.0044106002772598745 0.001104822040537249 0.0054195964202034376 0.0025494618735270539 -0.003291166862651471 0.0058341566744782788 0.004811121845046144 0.00025391649416977593 -0.0010518823262850501 -0.00022322018177450045 0.0027457733377604441 -0.0040287803343900079 -0.00048912680878735728 0.0020896534397240318 0.00068133577144147248 -0.0077729966251887488 -0.004506227780969538 -0.002614016497987598 0.00019336404957593281 -0.0047238907794452008 -0.011637433360603848
leaf_weight=46.523856908082962 114.29000732302666 155.22717693448067 162.04250717163086 71.171062678098679 94.721042916178703 54.706547290086746 51.669660657644272 109.68530261516571 157.54202198982239 135.18317598104477 182.01413863897324 141.76862567663193 110.57342100143433 140.49704217910767 121.9112321138382 62.581329509615898 235.31205415725708 57.165130227804184 60.549343585968018 50.229847580194473 46.601243317127228 113.05848777294159 44.70297759771347 28.661841690540314
leaf_count=164 162 126 74 164 141 93 74 122 139 121 121 117 123 51 87 123 167 104 134 101 78 65 149 93
internal_value=0.000218032 0.00103379 0.00338966 -0.00207231 -0.00305301 0.000643829 -0.00148304 0.000555217 0.000900826 0.000241059 0.00284295 0.00114577 -0.00287575 0.000370947 -0.000297714 -0.00404499 0.00090855 -0.00471039 -0.00363496 -0.00174495 -0.00552929 -0.00152252 -0.00663491 -0.00777113
internal_weight=2548.39 1879.11 317.27 669.284 491.737 177.547 122.841 1561.84 1339.09 999.536 339.556 774.672 224.863 639.489 498.992 397.016 377.081 334.434 214.546 107.395 107.151 222.744 119.889 75.1857
internal_count=2893 1475 200 1418 1087 331 238 1275 1088 828 260 543 285 422 371 946 284 823 417 205 212 187 406 257
is_linear=0
shrinkage=0.0161547


Tree=153
num_leaves=26
num_cat=0
split_feature=43 43 50 17 50 21 51 43 53 53 13 43 51 43 0 51 51 0 6 23 51 17 53 50 43
split_gain=20.546 12.9055 5.08593 5.91761 5.74868 4.78603 4.55231 4.16794 4.12927 4.80456 4.0161 4.65907 4.54294 5.53077 3.34774 3.31921 11.6838 9.25308 4.68894 4.543 3.08867 2.82192 2.62678 1.45607 1.22863
threshold=0.90155000000000007 3.1809000000000007 95.500000000000014 0.13361495042784163 103.00000000000001 0.31286043719539991 18.500000000000004 0.54715000000000014 0.9188107011463954 0.88686571625733857 0.35396802875820826 0.67240000000000011 20.500000000000004 0.78890000000000005 0.078915701995084866 21.500000000000004 19.500000000000004 0.092958432514949549 0.30343253189196201 0.59713416773468719 16.500000000000004 0.021530730149948298 0.9406838247495225 88.500000000000014 0.60410000000000019
decision_type=2 2 2 2 2 2 2 2 2 2 2 2 2 2 2 2 2 2 2 2 2 2 2 2 2
left_child=7 2 3 15 6 -5 -4 -1 9 -9 11 14 13 -13 24 16 17 21 20 -17 -19 -2 -7 -11 -10
right_child=1 -3 4 5 -6 22 -8 8 10 23 -12 12 -14 -15 -16 19 -18 18 -20 -21 -22 -23 -24 -25 -26
leaf_value=-0.007876367668751787 -0.0056769767749890506 0.0054524788094454883 -0.004176099679975372 0.004263917638901658 0.0019558881028883743 -0.00038692772797657086 -8.4354304439278338e-05 -0.00050232249539499979 -0.0038606493118303999 -0.0082285490805088877 -0.0054757785286967007 0.0012115137894037865 0.0031003812154656841 -0.0049058281298697088 0.00026386747325641115 0.00076938134643315492 0.0049738432260286016 6.1690711694542645e-06 -0.0019638743960064299 -0.0040647830821831281 0.0036465320135842406 -0.0015302819870997391 0.0022976666584753379 -0.0047089220896317742 -0.0084985994521789149
leaf_weight=39.102347359061241 89.309335142374039 133.57388758659363 174.55968484282494 169.86073267459869 100.90456390380859 183.6844482421875 119.56357064843178 55.727501273155212 29.180042490363121 53.269587710499763 57.159639239311218 90.72895859181881 93.772856563329697 67.093888223171234 31.743655398488045 90.952091455459595 120.17649108171463 106.06112453341484 105.99889707565308 114.73295521736145 142.61046254634857 82.293862342834473 197.27377516031265 72.321397393941879 30.472937718033791
leaf_count=179 128 34 170 114 87 97 104 113 94 128 94 172 152 118 74 106 105 107 91 106 133 89 100 154 96
internal_value=-0.000213787 0.000607801 0.000247885 0.0007038 -0.00137131 0.00200877 -0.00251277 -0.00277101 -0.00242769 -0.00445007 -0.0015113 -0.000850617 0.000284186 -0.0013891 -0.00397449 -0.00013973 0.000428987 -0.000608848 0.000881154 -0.00192716 0.00209388 -0.00368839 0.00100325 -0.00620178 -0.00622988
internal_weight=2552.13 1931.56 1797.98 1402.95 395.028 550.819 294.123 620.573 581.47 181.318 400.152 342.992 251.596 157.823 91.3966 852.135 646.45 526.274 354.67 205.685 248.672 171.603 380.958 125.591 59.653
internal_count=2945 1571 1537 1176 361 311 274 1374 1195 395 800 706 442 290 264 865 653 548 331 212 240 217 197 282 190
is_linear=0
shrinkage=0.0161547


Tree=154
num_leaves=26
num_cat=0
split_feature=43 10 50 50 52 8 0 43 8 37 6 10 43 50 21 19 51 50 17 51 52 21 4 44 17
split_gain=14.5462 8.67648 5.84015 7.63849 15.1295 15.6266 5.41981 3.64277 7.83697 5.55268 4.19235 8.8639 6.35507 6.52904 7.41249 6.35416 2.83848 2.75672 2.66091 2.06076 2.28265 2.03659 3.93242 1.7112 0.553883
threshold=0.94535000000000013 7.0469836853490273 92.500000000000014 86.500000000000014 0.96240805599483303 0.028413612125594088 0.20410868426479686 2.7722500000000001 0.58211769542988911 1.0000000180025095e-35 0.15555034806764748 1.1088824743636312 1.3220500000000002 90.500000000000014 0.051865380565497589 0.32718973744872348 17.500000000000004 95.500000000000014 0.02217823963376343 19.500000000000004 0.92883891194968904 0.021717666427674729 0.0021664442508991595 74.500000000000014 0.018295912675008966
decision_type=2 2 2 2 2 2 2 2 2 2 2 2 2 2 2 2 2 2 2 2 2 2 2 2 2
left_child=2 7 3 6 18 -6 21 8 9 10 12 -12 13 16 -15 -13 -2 24 -5 20 -19 22 -1 -14 -4
right_child=1 -3 17 4 5 -7 -8 -9 -10 -11 11 15 23 14 -16 -17 -18 19 -20 -21 -22 -23 -24 -25 -26
leaf_value=-0.0053624527388815473 0.00085683307096266217 0.0039539723208499734 -0.0050628696070245402 -0.0052962204607438631 0.010448463656683924 -0.001170453540407288 0.00078763399788813067 0.0029982057838503864 -0.0034714660641622093 0.0035970954490494663 0.0046554646098922519 -0.002403569517479658 -0.0040209331147200364 0.0062497288551595347 -0.00022996867876807724 0.0015644522584484356 -0.0029489940220502288 -0.0037621662156907048 -0.00049638176488536604 -0.00510841061961441 0.0010864861744057342 -0.0063236322359361725 0.0011393921557750852 -0.0013488482006479856 -0.0077115390932370135
leaf_weight=63.484693303704262 86.586955487728119 196.58124303817749 41.360471501946449 61.09019424021244 66.180388942360878 55.577819123864174 74.880676507949829 126.31675887107849 141.90622752904892 137.3995615541935 143.28948366641998 171.3577156662941 130.20628947019577 85.59410959482193 99.78733703494072 273.28518557548523 124.93830305337906 50.805979788303375 59.499954551458359 60.663067847490311 50.55224996805191 79.157099485397339 39.307581797242165 120.36430764198303 41.058478027582169
leaf_count=170 99 69 108 151 117 88 113 40 87 104 118 167 119 98 105 165 153 113 93 142 89 168 90 94 79
internal_value=-2.47205e-05 0.000746732 -0.00193112 -0.000929284 0.00112792 0.00514489 -0.00287049 0.000362532 0.000142735 0.000516333 0.000173697 0.00116127 -0.000723058 0.000548593 0.00276183 3.5245e-05 -0.0013911 -0.00397698 -0.00292795 -0.00275339 -0.00134391 -0.00437598 -0.00287616 -0.00273737 -0.00638235
internal_weight=2581.23 1837.61 743.619 499.178 242.348 121.758 256.83 1641.03 1514.72 1372.81 1235.41 587.932 647.477 396.907 185.381 444.643 211.525 244.44 120.59 162.021 101.358 181.949 102.792 250.571 82.4189
internal_count=2939 1418 1521 990 449 205 541 1349 1309 1222 1118 450 668 455 203 332 252 531 244 344 202 428 260 213 187
is_linear=0
shrinkage=0.0161547


Tree=155
num_leaves=24
num_cat=0
split_feature=2 43 53 37 52 51 19 6 2 35 50 4 53 6 21 50 42 43 13 19 6 53 44
split_gain=15.2451 9.88914 8.01654 9.39516 8.55715 8.01767 7.61964 12.1518 13.9273 7.5363 6.43637 5.96798 5.91276 6.18836 5.42192 3.68608 2.37829 1.95525 1.89339 2.5744 2.3773 1.85385 0.914276
threshold=1.0979799851982135 0.68525000000000014 0.89401370635730637 1.0000000180025095e-35 0.86821236956945069 25.500000000000004 0.13995856237125617 0.02907591677153195 0.053137693111222919 1.0000000180025095e-35 82.500000000000014 0.050689933021541338 0.92254939011909542 0.14667573763329439 0.013029226524727522 94.000000000000014 2.5000000000000004 1.0981000000000003 0.012082311108061716 0.021337589611746883 0.046889865250121197 0.96726935803775005 68.500000000000014
decision_type=2 2 2 2 2 2 2 2 2 2 2 2 2 2 2 2 2 2 2 2 2 2 2
left_child=1 9 17 4 21 6 7 10 -9 18 -6 -10 -8 -14 -12 16 -15 -3 22 -20 -21 -4 -1
right_child=-2 2 3 -5 5 -7 12 8 11 -11 14 -13 13 15 -16 -17 -18 -19 19 20 -22 -23 -24
leaf_value=-0.0056185820944568031 0.003364945010714852 -0.0047484910612244123 -0.0020366338165396227 0.0038789876211119292 -0.0049293957074391043 -0.0033815717658721807 0.0019301615688982457 0.0097871523013961532 0.004101630515641253 0.0034661545541749884 0.0045396529265603709 -0.0012565230142808363 -0.0044047328369306183 0.0021749067812181452 -0.0011345915204419158 -0.0027630288513590794 -0.0008207779949552682 -0.0017284975020079041 -0.00069451457208765408 -0.0085995040613013937 -0.0032481355629561948 -0.0051550896643411045 -0.010018247043937041
leaf_weight=24.695729345083237 305.6017978489399 95.269046485424042 144.073306620121 166.46592715382576 65.039043784141541 138.82984095811844 203.70814937353134 85.087023347616196 149.54806917905807 31.363747626543045 69.745361983776093 85.131432145833969 127.74212557077408 140.18593069911003 118.81465238332748 113.24241888523102 136.51341885328293 135.55767494440079 40.05455107986927 39.147294461727142 48.511957839131355 75.990211188793182 24.610086038708687
leaf_count=96 120 158 170 128 107 159 153 94 177 71 105 104 133 126 167 95 95 112 127 129 126 94 92
internal_value=-2.14572e-05 -0.00047951 -0.000138832 0.000220842 -0.000147408 0.000307899 0.000703501 0.00209359 0.004188 -0.00383252 -0.000547279 0.00215793 -0.000401347 -0.00131879 0.000964222 -0.000307861 0.000696945 -0.00297494 -0.00512567 -0.00408757 -0.00563798 -0.00311347 -0.00781459
internal_weight=2564.93 2259.33 2050.94 1820.12 1653.65 1433.59 1294.76 573.366 319.767 208.383 253.599 234.68 721.392 517.684 188.56 389.942 276.699 230.827 177.02 127.714 87.6593 220.064 49.3058
internal_count=2938 2818 2177 1907 1779 1515 1356 754 375 641 379 281 602 449 272 316 221 270 570 382 255 264 188
is_linear=0
shrinkage=0.0161547


Tree=156
num_leaves=26
num_cat=0
split_feature=43 43 2 39 50 19 19 21 2 6 2 6 15 8 53 35 51 6 19 8 6 51 19 13 43
split_gain=21.8849 12.6044 5.15125 9.55985 8.9388 8.61399 8.14617 6.32929 6.00279 8.94093 4.84696 8.8363 6.48077 4.80973 5.07333 4.69212 3.7256 2.67773 2.51619 2.27659 2.14205 1.78491 1.24661 2.47655 0.599395
threshold=1.5984500000000004 0.70825000000000016 0.079681258568341268 1.0000000180025095e-35 94.000000000000014 0.029703432034952855 0.045712727394782153 0.097828419590379814 0.0096917031072681521 0.060163279878587959 0.29267295243019947 0.52128534563898221 0.24031576688786949 0.080630441767862979 0.89503366983423693 1.0000000180025095e-35 17.500000000000004 0.12195217870996593 0.0099279540152328438 0.027697830913402412 0.40760159462211892 18.500000000000004 0.030435284278981328 0.012082311108061716 0.5948500000000001
decision_type=2 2 2 2 2 2 2 2 2 2 2 2 2 2 2 2 2 2 2 2 2 2 2 2 2
left_child=1 13 3 5 7 18 -7 17 -8 -10 12 -12 -9 14 -1 20 -6 -4 21 22 -2 -3 23 24 -16
right_child=15 2 4 -5 16 6 8 10 9 -11 11 -13 -14 -15 19 -17 -18 -19 -20 -21 -22 -23 -24 -25 -26
leaf_value=0.00044712520135229691 -9.418050359559911e-05 -0.0029590900711030117 -0.00063117319001046164 0.0053654020145018615 -0.005737989075909662 0.0060778537755252207 0.0030678088392390064 0.0002134956881806257 -0.0047243873595140661 0.0023591562950603779 -0.0035034053981299442 0.0025745479420032909 0.005989637836070389 0.00078074730414612423 -0.010692049500861656 0.0035722688933001435 -0.00184477838092438 -0.0048163658219970359 -0.0044868265409515945 -0.002802513504468496 0.0022969844567890113 0.0011033284310730618 -0.010148581682845475 -0.0039314893795897943 -0.0072001711877214903
leaf_weight=34.323840200901031 193.21858817338943 57.554942071437836 76.998779743909836 100.95265072584152 117.47589486837387 78.406043827533722 120.06722092628479 114.26965814828873 103.95356294512749 84.144278973340988 129.49280506372452 120.52648884057999 91.113638460636139 42.053377002477646 26.038571029901505 421.71221220493317 141.30884793400764 82.797573328018188 99.850480884313583 36.766368642449379 197.9212474822998 55.389809191226959 31.55071434378624 50.450731888413429 25.288508549332619
leaf_count=90 122 101 103 107 143 102 140 128 138 100 134 91 75 87 114 177 159 110 175 94 82 88 97 160 78
internal_value=0.000186189 -0.00079776 -0.00026593 0.000766392 -0.00109312 -8.22959e-06 0.00142865 -3.35075e-05 0.000245764 -0.00155561 0.000937125 -0.000573414 0.00277595 -0.00419474 -0.00521831 0.00239022 -0.00361211 -0.00279971 -0.00261852 -0.00636155 0.00111578 -0.000966819 -0.00734298 -0.00647326 -0.00897162
internal_weight=2633.63 1820.77 1574.3 700.319 873.984 599.366 386.571 615.199 308.165 188.098 455.403 250.019 205.383 246.472 204.419 812.852 258.785 159.796 212.795 170.095 391.14 112.945 133.329 101.778 51.3271
internal_count=2995 2614 1894 951 943 844 480 641 378 238 428 225 203 720 633 381 302 213 364 543 204 189 449 352 192
is_linear=0
shrinkage=0.0161547


Tree=157
num_leaves=25
num_cat=0
split_feature=43 2 32 43 6 4 45 52 42 21 53 5 6 21 42 42 52 13 10 6 43 52 52 43
split_gain=17.5599 6.66328 7.43154 5.96023 3.89473 6.04477 7.0626 4.69728 3.64109 13.5577 3.77055 5.45663 6.17099 4.14056 3.74005 3.02343 4.07339 5.10663 2.81995 2.69669 1.82146 1.40101 1.20897 0.847508
threshold=1.2160500000000003 0.98881549104079036 1.0000000180025095e-35 0.57190000000000007 0.046118350860211182 0.10279181160896662 1.0000000180025095e-35 0.94226721597822705 2.5000000000000004 0.04568286451038165 0.93611791650428611 2.5000000000000004 0.0097195448920661866 0.012146495028088679 3.5000000000000004 1.0000000180025095e-35 0.96797740560330181 0.15874247469311259 0.22638588303461352 0.1000812300203149 0.93420000000000014 0.91245144616169471 0.96701999508434089 0.5223000000000001
decision_type=2 2 2 2 2 2 2 2 2 2 2 2 2 2 2 2 2 2 2 2 2 2 2 2
left_child=3 2 4 23 -2 6 -6 -7 10 -10 11 12 13 -5 -11 22 20 -18 -14 -20 21 -17 -12 -1
right_child=1 -3 -4 8 5 7 -8 -9 9 14 15 -13 18 -15 -16 16 17 -19 19 -21 -22 -23 -24 -25
leaf_value=-0.0088338846838049781 -0.00096829268690953169 0.0034265009886218327 -0.0024595298926768524 -0.0014175954653677435 0.0050563636048094459 0.002111684967940989 0.00051375168507213228 -0.0018550224543665375 0.0048950276533393493 -0.0037572705417519268 -0.0034649333885642072 0.0037531759326338808 -0.0059343920875588544 0.0043495910961828879 0.00066669539687362383 -0.00033715639662931362 0.0034659910947642371 -0.0024048094856433176 0.00086518561973972588 -0.0033259527527168468 -0.0050958474505472225 -0.0039755759179415104 -0.0069874510361207665 -0.0047871128967505181
leaf_weight=22.117172196507454 153.00474482774734 323.38942527770996 157.71486455202103 62.68598935008049 226.76017147302628 163.61200517416 147.36937564611435 148.73088347911835 115.58490353822708 125.79164105653763 58.990520253777504 67.839162796735764 57.334215953946114 67.442003965377808 82.631841748952866 60.435080647468567 67.164795577526093 91.130765557289124 62.989401668310165 110.08669903874397 89.458640187978745 50.865138575434685 44.692293733358383 34.688835099339485
leaf_count=108 137 115 108 139 156 93 111 96 144 156 125 80 121 102 83 119 118 122 101 162 123 103 99 128
internal_value=0.000106629 0.00141144 0.000757962 -0.0012481 0.00136244 0.00188193 0.00326703 0.000222825 -0.00100899 0.000457545 -0.00154223 -0.000450059 -0.00124094 0.00157139 -0.00200334 -0.0025533 -0.00185159 8.61708e-05 -0.00282925 -0.00180063 -0.00337949 -0.00199994 -0.00498331 -0.00636271
internal_weight=2592.51 1320.58 997.192 1271.93 839.477 686.472 374.13 312.343 1215.12 324.008 891.115 428.377 360.538 130.128 208.423 462.737 359.054 158.296 230.41 173.076 200.759 111.3 103.683 56.806
internal_count=2949 816 701 2133 593 456 267 189 1897 383 1514 705 625 241 239 809 585 240 384 263 345 222 224 236
is_linear=0
shrinkage=0.0161547


Tree=158
num_leaves=26
num_cat=0
split_feature=42 43 53 40 44 52 52 17 53 14 53 51 53 52 13 17 2 43 23 0 53 52 4 43 1
split_gain=16.3595 13.1438 7.52462 5.82513 8.47607 7.84689 7.79248 9.53477 5.94279 9.25631 11.0068 7.32846 8.69847 7.73295 4.72146 4.26677 3.1366 3.86339 3.46557 3.0602 2.63983 5.86362 2.54223 2.17435 1.54685
threshold=5.5000000000000009 0.68525000000000014 0.87397411664591151 1.0000000180025095e-35 68.500000000000014 1.0672322023839687 0.96240805599483303 0.072627321242939455 0.92589480976418181 3.5000000000000004 0.90284053588223168 18.500000000000004 0.95173216562181839 0.98307996099961892 0.48369619982896545 0.028482538229985473 0.026426740220790185 1.4065000000000003 0.97702093260968248 0.13766153948940454 0.93363190571070875 0.95335774496725556 0.074034595623774194 0.57190000000000007 1.5000000000000002
decision_type=2 2 2 2 2 2 2 2 2 2 2 2 2 2 2 2 2 2 2 2 2 2 2 2 2
left_child=1 19 -3 4 15 8 14 -8 9 10 -6 12 24 22 -5 -4 -13 18 -18 20 21 -1 -14 -22 -10
right_child=-2 2 3 6 5 -7 7 -9 11 -11 -12 16 13 -15 -16 -17 17 -19 -20 -21 23 -23 -24 -25 -26
leaf_value=-0.0074397005458305748 0.0046752940156523535 -0.0044138476907766653 -0.0071286528643990429 -0.0021181102619753575 -0.0056064398696607266 -0.0044441453756699986 0.0069988418180754438 0.00098006695597326488 -0.003110935016484948 0.0041070613221840949 0.0021706763298688968 0.0039175012935288803 -0.0036972151122141167 0.0038528936411409797 0.001702797761989011 -0.0013277409273631565 0.0010207852260284802 0.003052443294860548 -0.0037189772213825851 -7.4253582072382734e-05 -0.011004354465766262 0.0014764721146113405 -1.6047802490384908e-06 -0.0053954522677052228 -0.0062729232062367834
leaf_weight=38.41823847591877 193.00474035739899 90.455114483833313 63.442010074853897 150.21132379770279 72.470474421977997 89.515896439552307 124.14678207039833 153.77033281326294 80.191063642501831 245.82043564319611 137.79203939437866 94.805144280195236 96.576280117034912 91.713946402072906 192.63856056332588 69.16784930229187 93.432810425758362 96.431000590324402 70.739100515842438 38.485233783721924 25.900203362107277 38.577949821949005 97.743306249380112 59.414709314703941 81.321578562259674
leaf_count=135 80 106 136 180 103 107 124 91 96 180 166 115 135 80 99 104 129 54 79 86 122 100 77 179 88
internal_value=0.000150928 -0.000213952 0.000148367 0.000344699 -0.000205863 0.000177358 0.00165835 0.00366868 0.000505941 0.00197859 -0.000509836 -0.000330532 -0.00170586 -1.34811e-05 2.876e-05 -0.00410296 0.00140134 0.00048598 -0.0010215 -0.00416991 -0.00514102 -0.00297237 -0.00183831 -0.00709822 -0.004703
internal_weight=2586.19 2393.18 2192.39 2101.93 1481.16 1348.55 620.767 277.917 1259.04 456.083 210.263 802.954 447.546 286.034 342.85 132.61 355.408 260.603 164.172 200.796 162.311 76.9962 194.32 85.3149 161.513
internal_count=2951 2871 2249 2143 1649 1409 494 215 1302 449 269 853 476 292 279 240 377 262 208 622 536 235 212 301 184
is_linear=0
shrinkage=0.0161547


Tree=159
num_leaves=27
num_cat=0
split_feature=43 43 44 8 19 23 0 4 53 51 0 15 43 52 53 43 15 14 53 13 53 53 53 53 19 15
split_gain=18.1815 8.42045 6.96811 7.73205 6.531 6.79904 7.76845 12.2547 9.38802 6.65185 6.1568 7.34342 5.12225 4.19486 4.16524 3.57497 3.5569 3.09042 2.24805 3.71241 1.9526 2.00871 1.7266 2.98678 1.41453 1.83461
threshold=0.82440000000000013 3.1809000000000007 68.500000000000014 0.3772671876901047 0.029703432034952855 0.30188305160244799 0.25933766822591509 0.022286801864675573 0.92602812251210009 17.500000000000004 0.33342755186657974 0.24369910210070719 2.1222500000000006 0.95515907072733131 0.94444090894248756 0.59250000000000014 0.461248200802508 5.5000000000000009 0.98746630832058668 0.015253993484704818 0.95939497315071243 0.93611791650428611 0.96270239021787851 0.91612881845388394 0.036741165704943554 0.12886338985245557
decision_type=2 2 2 2 2 2 2 2 2 2 2 2 2 2 2 2 2 2 2 2 2 2 2 2 2 2
left_child=15 2 13 4 14 -6 7 8 -7 -9 -8 -12 17 -2 -4 22 -13 -5 19 -17 21 24 23 -1 -21 -26
right_child=1 -3 3 12 5 6 10 9 -10 -11 11 16 -14 -15 -16 18 -18 -19 -20 20 -22 -23 -24 -25 25 -27
leaf_value=-0.0038271777114500258 -0.0061313485202933449 0.0044628842014845542 -0.0046574157097872835 -0.0038403796682044259 0.0052037086976969406 0.0052925881124653174 0.005388366288400657 -6.5853820079949242e-05 -0.00051173894502132592 -0.0056033665437762543 -0.001664649741862839 0.0044639613761697713 0.0011440922442924517 -0.00025137822471000957 0.00080582011332452311 0.0021694563043299299 0.0011459371226250721 -0.00059171860505643202 -0.0047706912084962911 0.00014788023298997589 0.00059161372446329247 -0.0056651113103053279 -0.0028475736485866756 -0.011590459907750969 -0.0053469414034970708 -0.00089203847059045869
leaf_weight=25.240728303790092 66.524098783731461 137.50592756271362 76.513724535703659 175.16458433866501 120.36047080159187 123.59711146354675 139.48735064268112 103.73074769973755 176.67562997341156 124.63173326849937 134.61654269695282 167.96676969528198 158.71452677249908 60.425052791833878 69.50252702832222 54.044383138418198 169.30324757099152 135.5630938410759 76.284873962402344 47.413622349500656 43.778844892978668 59.54367096722126 28.389116734266281 26.52452740073204 51.437083557248116 45.434476405382156
leaf_count=91 106 35 116 147 132 105 113 97 176 132 138 125 56 83 94 124 98 72 178 104 85 129 107 113 117 82
internal_value=-2.94063e-05 0.000595771 0.000330264 0.000578154 0.00117738 0.00155208 0.00116655 -0.000267579 0.00187742 -0.00308802 0.00240659 0.00152519 -0.00121704 -0.00333261 -0.00205696 -0.00295034 0.00279838 -0.00242307 -0.00229312 -0.00166657 -0.00250384 -0.00316869 -0.00604923 -0.00780509 -0.00213847 -0.00325751
internal_weight=2598.37 2140.28 2002.78 1875.83 1406.39 1260.37 1140.01 528.635 300.273 228.362 611.374 471.887 469.442 126.949 146.016 458.091 337.27 310.728 377.937 301.652 247.608 203.829 80.1544 51.7653 144.285 96.8716
internal_count=2955 1825 1790 1601 1326 1116 984 510 281 229 474 361 275 189 210 1130 223 219 819 641 517 432 311 204 303 199
is_linear=0
shrinkage=0.0161547


Tree=160
num_leaves=26
num_cat=0
split_feature=43 43 44 40 52 42 21 8 0 8 8 5 51 50 19 17 15 52 43 51 42 1 23 19 43
split_gain=17.0426 8.26346 5.6798 4.56745 7.55096 6.64733 4.39589 4.94158 7.84925 5.93025 8.47839 4.99069 4.12907 6.55688 10.2335 7.80679 3.9617 3.94338 5.50567 3.92117 2.07725 1.68855 2.24961 2.18721 1.0893
threshold=1.2160500000000003 0.68525000000000014 83.500000000000014 1.0000000180025095e-35 0.98451082917651822 2.5000000000000004 0.88096521584349208 0.42398549337430741 0.81204086530535902 0.13636876242772858 0.029592423316804832 1.5000000000000002 16.500000000000004 90.500000000000014 0.10978592407057355 0.01433651041002045 0.21462715684773154 0.9459008882877924 0.96515000000000006 14.500000000000002 1.5000000000000002 1.5000000000000002 0.037875685993682899 0.027894541613334874 0.89760000000000006
decision_type=2 2 2 2 2 2 2 2 2 2 2 2 2 2 2 2 2 2 2 2 2 2 2 2 2
left_child=1 19 6 12 5 -5 7 8 9 10 -2 -12 16 17 15 -15 20 18 -14 -1 -3 22 -21 -24 -19
right_child=2 3 -4 4 -6 -7 -8 -9 -10 -11 11 -13 13 14 -16 -17 -18 24 -20 21 -22 -23 23 -25 -26
leaf_value=0.0004283652460025245 -0.0013095093813545317 -0.0059117004140298388 0.0040989058145464528 -0.0043663280771739929 0.0050337071517561165 0.0022094426460483665 0.0034014003050898368 -0.0017981997302976903 0.004800121787907027 -0.0016979793795452937 0.0056114815219782069 0.0011565007975511288 0.0021585223013877949 0.00018563232504129374 -0.0023282099392581386 0.0075028731799263865 0.00028226876502016518 -0.0056828341170702228 -0.0037752944437790688 -0.0073015400316848687 -0.0024316988361461119 -0.008384977609826573 -0.00016087430390694372 -0.0053844839954608117 -0.0028346326349853561
leaf_weight=38.966403469443321 166.81777608394623 92.390229731798172 178.51654267311096 74.235350161790848 89.656823635101318 87.297957986593246 169.21396362781525 184.64000207185745 127.91062247753143 225.2737107872963 129.15277498960495 133.41552537679672 96.459933817386627 70.760841012001038 110.63441318273544 82.319559752941132 71.047466039657593 58.955323219299316 70.730054259300232 45.53834393620491 86.83761391043663 35.602629750967026 40.784461468458176 42.948742061853409 86.400376528501511
leaf_count=101 155 173 76 111 95 93 59 103 66 171 88 96 156 124 147 104 83 114 87 177 124 104 129 129 110
internal_value=0.000128002 -0.00119773 0.00142009 -0.000633571 0.00127413 -0.000812563 0.000999279 0.000579027 0.00113991 0.000424761 0.00153844 0.00334783 -0.00121334 -0.000460857 0.00141512 0.00412051 -0.00294592 -0.00204374 -0.000351791 -0.00418049 -0.00422561 -0.00526975 -0.00441178 -0.00284019 -0.00398984
internal_weight=2596.51 1281.57 1314.94 1077.73 251.19 161.533 1136.42 967.21 782.57 654.66 429.386 262.568 826.536 576.261 263.715 153.08 250.275 312.546 167.19 203.841 179.228 164.874 129.272 83.7332 145.356
internal_count=2975 2161 814 1521 299 204 738 679 576 510 339 184 1222 842 375 228 380 467 243 640 297 539 435 258 224
is_linear=0
shrinkage=0.0161547


Tree=161
num_leaves=24
num_cat=0
split_feature=43 44 43 43 6 43 8 50 13 53 51 13 28 10 0 8 35 19 8 19 53 15 45
split_gain=16.4134 6.66898 7.98972 5.72754 4.97957 4.91051 7.34533 7.87925 7.05027 5.37818 4.47755 4.37418 8.07038 8.54746 4.11661 3.73874 3.70988 2.12788 3.8271 3.53269 3.35157 1.85445 1.30985
threshold=1.2160500000000003 75.500000000000014 1.9371500000000001 1.7775000000000001 0.41774149803236488 0.81085000000000018 0.009538193998457482 86.500000000000014 0.094523315730642876 0.90422554728146209 22.500000000000004 0.3930419287935602 1.0000000180025095e-35 0.82573151667269318 0.12572809346626776 0.17094318242533921 1.0000000180025095e-35 0.025669272160033476 0.050439985485482987 0.015891727234041367 0.93363190571070875 0.054049135427298625 1.0000000180025095e-35
decision_type=2 2 2 2 2 2 2 2 2 2 2 2 2 2 2 2 2 2 2 2 2 2 2
left_child=5 3 15 4 14 10 7 -7 -8 -10 16 12 13 -11 -2 -3 17 19 21 20 -1 -19 -12
right_child=1 2 -4 -5 -6 6 8 -9 9 11 22 -13 -14 -15 -16 -17 -18 18 -20 -21 -22 -23 -24
leaf_value=0.00039524792408404967 0.0024562125235326449 0.0026287076711962697 0.004438914691768301 -0.0018025066123503882 0.0043389107318251002 -0.0019788933837640069 -0.0056178763606874391 0.0045692776594827861 0.0025601335343974009 -0.0046193967170406478 -0.0084390325346540857 -0.0036156288680006666 0.0039926420679026664 0.0022919088860166377 -0.0014027183433621602 -0.00069130408448867431 0.0016895018886461154 -0.0087438867987668194 -0.0012724134495910627 0.0035712208190466785 -0.0054880632178709605 -0.0039988078649068094 -0.003998870710167305
leaf_weight=50.208287596702576 128.72749227285385 168.8409059047699 309.6597216129303 230.8626663684845 108.9493772983551 75.322449028491974 85.838544309139252 131.99307686090469 109.70065099000931 123.55079960823059 36.383868232369423 155.4687143266201 82.943378627300262 75.077892333269119 164.13118433952332 186.07916080951691 63.791198864579201 39.651329576969147 80.10674187541008 32.300283268094063 50.875788852572441 46.940177097916603 33.124840646982193
leaf_count=138 117 127 105 124 64 113 142 164 120 173 104 177 89 87 144 114 123 115 159 78 169 112 92
internal_value=0.000133541 0.00141244 0.00254258 0.000225303 0.0013904 -0.00116944 -0.00044879 0.00219018 -0.00131366 -0.000637896 -0.00256606 -0.00144063 -0.000239709 -0.00200705 0.000293494 0.000888076 -0.00184838 -0.00260046 -0.00381732 -0.00107969 -0.00256583 -0.00617164 -0.00632304
internal_weight=2570.53 1297.25 664.58 632.671 401.808 1273.28 839.896 207.316 632.58 546.741 433.383 437.041 281.572 198.629 292.859 354.92 363.874 300.083 166.698 133.384 101.084 86.5915 69.5087
internal_count=2950 795 346 449 325 2155 1065 277 788 646 1090 526 349 260 261 241 894 771 386 385 307 227 196
is_linear=0
shrinkage=0.0161547


Tree=162
num_leaves=25
num_cat=0
split_feature=44 13 17 13 4 44 23 23 17 23 21 15 4 4 2 8 15 42 21 46 52 45 15 17
split_gain=13.9492 8.75317 6.3312 7.85403 5.06188 5.40426 4.71265 6.26256 4.52455 5.54373 5.91144 5.48461 11.1674 10.3129 4.26225 4.76506 4.60643 3.95675 2.95348 1.93706 3.92015 1.73096 1.11095 0.201323
threshold=66.500000000000014 0.057738129351669103 0.87845572778424164 0.077969635596297451 0.59164376468402846 85.500000000000014 0.52123138440232908 0.64149657851298492 0.045804834923636385 0.84574299864247837 0.17613339328105845 0.461248200802508 0.10279181160896662 0.11600150133633073 0.1336861659225009 0.040182108755848274 0.06075360965056209 2.5000000000000004 0.021211362788447412 1.0000000180025095e-35 0.93769520135829054 1.0000000180025095e-35 0.029838672702928806 0.0024036213627321649
decision_type=2 2 2 2 2 2 2 2 2 2 2 2 2 2 2 2 2 2 2 2 2 2 2 2
left_child=22 17 3 -3 5 6 14 -8 -9 -10 -11 12 -12 -13 15 16 -5 18 19 20 23 -22 -1 -2
right_child=1 2 -4 4 -6 -7 7 8 9 10 11 13 -14 -15 -16 -17 -18 -19 -20 -21 21 -23 -24 -25
leaf_value=-0.0043988783565597862 -0.0070056223527305717 0.004795574127682104 0.0044017254855688477 -0.0060898419949195707 -0.0033325118246144473 0.0038251438540278433 0.0039474266365026782 -0.0028161089544206193 0.0037994230340595582 -0.0026127649584841688 0.0048327444929348162 -0.0038808227623908309 -0.00080769072691064009 0.0011251588618579687 -0.0055135426243653977 0.0017201671241321539 -0.00032050949201336594 0.00083706961759932841 -0.0074446166836997663 0.00036748090041053308 0.00055343556192639714 -0.0036833979875075906 -0.0078919517830386629 -0.0053123700130201451
leaf_weight=47.102359920740128 36.716053053736687 97.825039386749268 104.77094930410385 60.95253586769104 105.75347292423248 107.01230981945992 124.57103344798088 121.25041753053665 116.90059548616409 175.62586623430252 191.52768832445145 157.69869720935822 175.58914890885353 336.71812987327576 61.142997667193413 113.34284318983555 88.640340015292168 82.298342883586884 37.139808401465416 47.563304200768471 58.490727886557579 44.168825373053551 47.952012449502945 36.58493147790432
leaf_count=147 100 137 34 107 54 77 145 145 122 176 152 115 157 179 89 153 128 115 86 106 135 101 111 89
internal_value=-8.76768e-05 0.000144891 0.000528988 0.000329558 0.000103977 0.000302462 8.37968e-05 0.000490191 0.000152492 0.000464386 8.84861e-05 0.000639143 0.00213497 -0.000471544 -0.00167165 -0.000778262 -0.00267126 -0.00225102 -0.00322602 -0.00252507 -0.00330695 -0.00126944 -0.00616103 -0.00616051
internal_weight=2577.34 2482.28 2139.32 2034.55 1936.73 1830.97 1723.96 1399.88 1275.31 1154.06 1037.16 861.534 367.117 494.417 324.079 262.936 149.593 342.962 260.664 223.524 175.961 102.66 95.0544 73.301
internal_count=2960 2702 1970 1936 1799 1745 1668 1191 1046 901 779 603 309 294 477 388 235 732 617 531 425 236 258 189
is_linear=0
shrinkage=0.0161547


Tree=163
num_leaves=24
num_cat=0
split_feature=2 43 44 40 4 2 4 45 21 42 50 4 53 52 43 53 51 53 52 19 19 19 19
split_gain=12.0089 8.58072 8.09387 5.52013 5.33043 10.5879 10.9991 5.82818 6.08857 4.9563 3.89821 3.62751 6.4741 6.15535 3.05022 2.46267 2.65725 3.43591 3.70828 1.82771 4.30627 0.831248 0.747768
threshold=1.0979799851982135 0.82440000000000013 83.500000000000014 1.0000000180025095e-35 0.015803409760627048 0.041973258020011402 1.0000000180025095e-35 1.0000000180025095e-35 0.10823075962848143 2.5000000000000004 84.500000000000014 0.10546375066092774 0.91612881845388394 0.92027754702720543 0.55930000000000013 0.98885778720309514 22.500000000000004 0.91333509821843972 0.93698915103395375 0.2632703928270928 0.10876024831646113 0.0090664920851537354 0.047545173280060297
decision_type=2 2 2 2 2 2 2 2 2 2 2 2 2 2 2 2 2 2 2 2 2 2 2
left_child=1 3 4 14 5 6 10 11 -9 -10 -3 12 -6 -13 21 16 17 -16 -19 20 -14 -1 -20
right_child=-2 2 -4 -5 7 -7 -8 8 9 -11 -12 13 19 -15 15 -17 -18 18 22 -21 -22 -23 -24
leaf_value=-0.005165173158379892 0.0029856610218512189 -0.00083795999553398055 0.0036169126890503878 0.0013956160433655658 0.0044682683863399419 0.0052406053628044312 -0.0043337657680316364 -0.005351809522717646 0.00081977583332577505 -0.0029381037713579351 0.0034797604556529556 0.0013822039501215273 0.0013657122009529548 -0.0031292980142626093 -0.0042215046323498765 -0.0056651375190131126 -0.0059358748085401071 0.0029908028525063588 -0.0007233618233066563 0.0016344406507723282 -0.0037470886150354236 -0.009766916031995327 -0.0036801569808985733
leaf_weight=21.05554510653019 307.70351698994637 89.60565459728241 154.50815838575363 81.478955879807472 111.13155275583267 124.74207961559296 114.84704369306564 119.43488851189613 174.47753703594208 192.81722700595856 139.56673792004585 140.92902287840843 86.864513248205185 179.38368397951126 75.188489004969597 60.82527682185173 39.435031086206436 63.265216946601868 47.319261059165001 94.228617668151855 85.119128167629242 19.951572075486183 42.253180727362633
leaf_count=95 122 112 108 154 102 123 154 153 152 140 161 90 101 142 180 158 103 134 109 67 99 92 85
internal_value=-8.31872e-06 -0.000416239 8.10161e-05 -0.00241029 -0.000249459 0.00120867 -0.000253321 -0.000826563 -0.0021833 -0.00115298 0.00179155 0.000119984 0.00119323 -0.00114436 -0.00325001 -0.00273111 -0.00206386 -0.00139424 -3.35973e-06 -0.000173944 -0.00116474 -0.0074041 -0.00211814
internal_weight=2566.13 2258.43 1807.66 450.773 1653.15 468.762 344.019 1184.39 486.73 367.295 229.172 697.657 377.344 320.313 369.294 328.286 267.461 228.026 152.838 266.212 171.984 41.0071 89.5724
internal_count=2936 2814 1704 1110 1596 550 427 1046 445 292 273 601 369 232 956 769 611 508 328 267 200 187 194
is_linear=0
shrinkage=0.0161547


Tree=164
num_leaves=26
num_cat=0
split_feature=43 44 19 23 43 43 42 53 17 15 6 10 52 21 43 44 52 23 43 43 52 4 21 52 17
split_gain=15.6755 11.6409 7.45318 12.4742 7.35584 7.1052 6.186 4.67737 7.47111 4.50066 4.02862 4.09041 3.61474 5.4746 5.43441 8.89359 4.76542 4.14456 3.66657 5.87505 3.39317 2.18425 1.8903 0.996863 0.91491
threshold=1.9371500000000001 78.500000000000014 0.094501449550094915 0.57600377827935689 1.8001500000000001 1.5776500000000002 1.0000000180025095e-35 0.92427157925950543 0.090605819335126042 0.6345633976787225 0.085793516875362366 1.1088824743636312 0.9916313361729393 0.030693623447720707 0.98180000000000012 74.500000000000014 0.94350096727249033 0.10993490031438286 0.88040000000000007 0.73120000000000018 0.94006676259205324 0.107260844049984 0.021211362788447412 0.88855852546653613 0.0096893972116819712
decision_type=2 2 2 2 2 2 2 2 2 2 2 2 2 2 2 2 2 2 2 2 2 2 2 2 2
left_child=2 -2 6 -4 5 7 20 8 -5 10 -9 -12 14 17 16 -16 18 -14 19 23 -1 -13 -22 -8 -18
right_child=1 -3 3 4 -6 -7 12 9 -10 -11 11 21 13 -15 15 -17 24 -19 -20 -21 22 -23 -24 -25 -26
leaf_value=-0.0080480007999006592 -0.00014371873561347398 0.0048793865470371824 0.0042575066943250249 -0.0027307788988275399 -0.0049864798648279396 0.0024398773095875149 -0.0062176766900137771 -0.0042868853912949589 0.0023355540529271606 -0.0054451414911819594 0.001941557337782646 -0.0038822157559433219 -0.00037479239481842159 -0.0031025868211835179 -0.0032904275411470563 0.0036648233916871113 -0.0083090533415930892 0.0058233826828006261 -0.0062165376533940666 0.0026447580834306501 -0.0013809279492698907 -0.00056197636241481089 -0.0059655992595359511 -0.0022859971385444672 -0.0051226792557422943
leaf_weight=62.370728194713593 260.5604812502861 223.83798980712891 140.82300363481045 120.8196938931942 101.68442529439926 184.47451108694077 32.744816705584526 95.195949018001556 204.5956711769104 83.811407923698425 115.4293298125267 82.964444875717163 59.170486599206924 72.999657213687897 110.35465726256371 84.883846640586853 47.728331252932549 53.711947485804558 44.962167799472809 63.750577449798584 58.373975470662117 137.2527548968792 39.251516550779343 34.626778647303581 46.359878033399582
leaf_count=178 129 71 172 144 59 109 103 123 173 72 124 101 122 107 142 83 124 73 77 108 152 149 82 96 90
internal_value=-0.000439633 0.00217743 -0.00104959 -0.000275482 -0.000842285 -0.00043098 -0.00225858 -0.0010614 0.000454534 -0.00201993 -0.00135363 -0.000521698 -0.00155941 0.000344954 -0.00231999 -0.000266493 -0.00380395 0.00257444 -0.00223562 -0.000870551 -0.00510468 -0.00181284 -0.00322425 -0.00419692 -0.00673904
internal_weight=2562.74 484.398 2078.34 1267.05 1126.23 1024.54 811.289 840.069 325.415 514.654 430.842 335.647 651.293 185.882 465.411 195.239 270.173 112.882 176.084 131.122 159.996 220.217 97.6255 67.3716 94.0882
internal_count=2963 200 2763 1226 1054 995 1537 886 317 569 497 374 1125 302 823 225 598 195 384 307 412 250 234 199 214
is_linear=0
shrinkage=0.0161547


Tree=165
num_leaves=26
num_cat=0
split_feature=43 42 32 4 44 47 17 4 30 19 21 15 15 43 28 52 35 52 45 53 53 43 52 43 13
split_gain=15.9194 6.88543 6.74243 4.49646 5.69443 4.9536 7.7213 6.62867 5.69334 5.45566 2.90009 5.54876 5.01559 2.36411 2.28837 11.7933 3.94601 2.30488 3.06312 1.7859 1.73485 1.5027 1.4994 1.14025 0.526604
threshold=0.94535000000000013 5.5000000000000009 1.0000000180025095e-35 0.47429568734793609 83.500000000000014 1.0000000180025095e-35 0.17935792759470223 0.021598652639054739 1.0000000180025095e-35 0.14567992322588322 0.045055733052437895 0.15669088397870931 0.30194365732691097 0.59250000000000014 1.0000000180025095e-35 0.93769520135829054 1.0000000180025095e-35 1.0007657362848483 1.0000000180025095e-35 0.9351131704727581 0.92589480976418181 1.4586000000000003 0.94226721597822705 0.78205000000000013 0.022285422983957529
decision_type=2 2 2 2 2 2 2 2 2 2 2 2 2 2 2 2 2 2 2 2 2 2 2 2 2
left_child=2 3 13 4 5 6 8 -7 10 -10 -2 -12 -13 20 16 -16 17 18 19 -15 -1 -9 -20 -19 -22
right_child=1 -3 -4 -5 -6 7 -8 21 9 -11 11 12 -14 14 15 -17 -18 23 22 -21 24 -23 -24 -25 -26
leaf_value=-0.002098682027084223 -0.0033087854736845216 0.0035840108126088143 0.0027114298930107994 -0.002158036659461249 0.0039716805954348698 0.0020099665821237869 0.0032438107453658959 -0.0041552929159633734 0.0046228081565574345 -0.00032802775735730864 0.0023284066635278645 -0.0039424481955753314 0.00053630257431980168 -0.0012822464793629453 0.004931891200741857 -0.0051992481388329391 -3.9063488509040086e-05 -8.5959604692372517e-05 -0.0049669295040299429 -0.0047997183630276241 -0.0089950735636295069 -0.001627670527913151 -0.0088718846591574318 -0.0034327690499394809 -0.0055720512689211811
leaf_weight=27.205489322543144 104.47146624326706 191.11228436231613 68.071810871362686 168.20228290557861 122.05927956104279 109.29786649346352 270.47004872560501 111.61857372522354 116.02844902873039 116.3252112865448 138.46530550718307 128.73391330242157 132.33142793178558 80.61780321598053 58.129429385066032 61.935303643345833 105.50684361159801 58.977997988462448 65.869642153382301 70.710708692669868 22.684303194284439 136.38627451658249 42.039351776242256 48.342862874269485 24.286607876420021
leaf_count=97 144 76 113 81 81 111 141 122 110 90 141 129 106 156 86 108 177 129 145 150 104 86 99 80 90
internal_value=-0.000119732 0.000680776 -0.00213142 0.000345399 0.00062873 0.00032961 0.000909537 -0.00130454 5.2138e-05 0.00214423 -0.000912352 -0.000285719 -0.00167221 -0.00262618 -0.0022856 -0.00029425 -0.00279208 -0.00358448 -0.0044087 -0.00292584 -0.00534495 -0.00276527 -0.00648823 -0.00159354 -0.00722518
internal_weight=2579.88 1845.5 734.378 1654.39 1486.19 1364.13 1006.83 357.303 736.356 232.354 504.002 399.531 261.065 666.306 592.13 120.065 472.065 366.558 259.238 151.329 74.1764 248.005 107.909 107.321 46.9709
internal_count=2952 1418 1534 1342 1261 1180 861 319 720 200 520 376 235 1421 1130 194 936 759 550 306 291 208 244 209 194
is_linear=0
shrinkage=0.0161547


Tree=166
num_leaves=27
num_cat=0
split_feature=6 0 2 53 43 4 53 53 50 42 28 52 52 50 40 47 10 8 50 52 8 53 53 53 53 19
split_gain=11.9066 8.7205 10.6853 7.95224 7.86047 7.68308 5.20665 10.572 7.39933 5.5919 5.46639 5.12181 6.94219 7.36574 6.7753 4.66944 5.73897 7.42533 4.45109 3.11332 2.57424 2.85677 2.07527 2.01881 1.98722 1.56047
threshold=0.02907591677153195 2.6090915501487086 0.053137693111222919 0.88735488962781062 0.82440000000000013 0.02088969859068365 0.89224960501260908 0.90737361068105649 94.000000000000014 1.5000000000000002 1.0000000180025095e-35 0.92027754702720543 0.94507234061369272 94.000000000000014 1.0000000180025095e-35 1.0000000180025095e-35 2.1877624247317011 0.12391589044317466 82.500000000000014 0.89860460146890608 0.17584712981627557 0.92962044334891047 0.9436616565785293 0.94816946525677215 0.96804122695353101 0.30509575058311983
decision_type=2 2 2 2 2 2 2 2 2 2 2 2 2 2 2 2 2 2 2 2 2 2 2 2 2 2
left_child=3 2 5 -1 20 -2 -6 -8 9 24 25 19 -13 14 18 16 17 -11 -14 22 21 -4 -5 -20 -9 -10
right_child=1 -3 4 11 6 -7 7 8 10 15 -12 12 13 -15 -16 -17 -18 -19 23 -21 -22 -23 -24 -25 -26 -27
leaf_value=0.0036748055795187097 0.0014156004314355133 0.0041349231047977126 -0.0078557577035149994 -0.0055040035094979876 -0.0026946068923593843 0.0081891216919270145 0.0043285688075970271 -0.002919935320591845 -0.0021460237790926185 0.0037805855176737029 0.0011297343737474955 0.0041134589025648175 -0.0061973659386788437 -0.006747211328475073 0.0041748958556063797 -0.00036561327551666746 0.0048580523350747421 -0.0019098244245603468 0.0014596076964729324 -0.008104174956365312 2.7578969657600117e-05 -0.0026660632955410016 -0.0016949555878430199 -0.0027449038376351495 0.00046121797121056448 -0.004816104252099879
leaf_weight=62.291596248745918 108.13264212012291 183.33488181233406 43.921584650874138 66.25288313627243 129.6759141087532 73.345249325037003 180.68489030003548 106.21177566051483 141.41556575894356 124.37396094202995 110.18922728300095 53.526244014501572 54.047703325748444 71.003302067518234 54.58581854403019 191.18332928419113 180.2245055437088 115.34575057029724 60.587173029780388 47.312009900808334 43.010145962238312 74.865576460957527 85.502830281853676 58.656940370798111 79.185775727033615 95.83187872171402
leaf_count=98 154 66 107 131 123 87 122 118 159 100 75 91 115 137 64 141 87 102 119 107 75 156 166 112 87 69
internal_value=0.0001695 0.000778638 0.000436335 -0.0017965 1.89642e-05 0.00415315 0.000394751 0.000697183 0.000123618 0.000981699 -0.0018436 -0.0024145 -0.00124439 -0.00220393 -0.000788307 0.00172723 0.00268001 0.00104254 -0.00235168 -0.00448593 -0.00335882 -0.00458495 -0.00335789 -0.000608618 -0.0014758 -0.00322456
internal_weight=2594.7 1980.93 1797.6 613.767 1616.12 181.478 1454.32 1324.65 1143.96 796.525 347.437 551.475 352.407 298.881 227.878 611.128 419.944 239.72 173.292 199.068 161.797 118.787 151.756 119.244 185.398 237.247
internal_count=2968 1828 1762 1140 1521 241 1183 1060 938 635 303 1042 638 547 410 430 289 202 346 404 338 263 297 231 205 228
is_linear=0
shrinkage=0.0161547


Tree=167
num_leaves=28
num_cat=0
split_feature=43 44 42 50 50 2 53 50 4 43 43 51 2 4 15 23 4 17 19 53 42 53 21 23 19 23 53
split_gain=15.736 10.1968 6.54148 5.163 9.39951 4.84399 4.67079 5.78587 6.47958 4.48362 4.44897 4.39615 3.91923 7.00898 4.69869 3.80281 9.90769 7.46785 5.21502 4.04407 2.79717 2.55044 2.49505 2.15123 1.95059 1.4704 0.835747
threshold=0.80820000000000014 68.500000000000014 5.5000000000000009 103.00000000000001 97.000000000000014 0.22810884710249549 0.89503366983423693 81.000000000000014 0.47429568734793609 1.2672500000000002 0.57190000000000007 22.500000000000004 0.12827872108794833 0.0032801341608286109 0.05974428297016162 0.64149657851298492 0.026837973083005773 0.12042875118449746 0.060517896256714963 0.95197931936892244 1.5000000000000002 0.95301020273056103 0.41068922962101445 0.14565928120684685 0.082039937153259343 0.066206858913732514 0.95578664139121794
decision_type=2 2 2 2 2 2 2 2 2 2 2 2 2 2 2 2 2 2 2 2 2 2 2 2 2 2 2
left_child=10 24 3 4 6 -6 -3 9 15 21 26 12 13 20 23 16 18 19 -9 -17 25 -8 -19 -15 -2 -12 -1
right_child=1 2 -4 -5 5 -7 7 8 -10 -11 11 -13 -14 14 -16 17 -18 22 -20 -21 -22 -23 -24 -25 -26 -27 -28
leaf_value=-0.0088684240368236307 -0.0018323662516171043 -0.0016996056505111021 0.0036932608518569932 0.0039061241099815234 -0.0050263607631627471 -0.00039502129633276281 -0.004978073527222111 -0.0003204232206619353 -0.002007760313474145 0.00082603999771120248 -0.0037733789728380193 -0.0064902477848676225 -0.0051530081381170366 0.0022952926801903398 0.0062799929780702861 -0.0021278668949808771 0.0084852586627086682 0.0046878503244439547 0.0051518263083343407 0.0016588082116183748 -0.0067688561500081363 -0.00068063302628034502 0.0017954848575044435 -0.0028788169606874885 -0.0058143941682104348 0.00085816289846700521 -0.004691423202165969
leaf_weight=32.828860461711884 62.443806290626526 176.08749502897263 186.80805206298828 110.7286918759346 116.92663797736168 118.83735775947571 73.262004971504211 118.95344951748848 107.60085010528564 212.68009603023529 37.128495946526527 54.458359688520432 61.354920715093613 42.948845967650414 44.135059297084808 157.66764402389526 81.674836933612823 153.8401859998703 73.550487250089645 138.04979708790779 42.606697589159012 70.938261389732361 157.54093015193939 40.980414047837257 66.073825001716614 34.521825894713402 20.188700601458549
leaf_count=145 104 165 76 91 146 84 97 161 47 137 106 140 125 96 77 145 77 104 75 127 100 88 82 89 96 81 87
internal_value=-1.10265e-05 0.000534859 0.000810916 0.000522722 0.000309569 -0.00269192 0.000774559 0.00109829 0.00173464 -0.000664941 -0.00291027 -0.0022637 -0.00150576 -0.000582286 0.00201284 0.00219157 0.00377066 0.00147842 0.00177037 -0.000360133 -0.00349102 -0.00286398 0.00322448 -0.000231087 -0.00387962 -0.00154186 -0.00727785
internal_weight=2594.82 2183.66 2055.15 1868.34 1757.61 235.764 1521.85 1345.76 988.878 356.88 411.152 358.135 303.676 242.321 128.064 881.277 274.179 607.099 192.504 295.717 114.257 144.2 311.381 83.9293 128.518 71.6503 53.0176
internal_count=2948 1902 1702 1626 1535 230 1305 1140 818 322 1046 814 674 549 262 771 313 458 236 272 287 185 186 185 200 187 232
is_linear=0
shrinkage=0.0161547


Tree=168
num_leaves=27
num_cat=0
split_feature=43 43 4 2 44 44 8 0 50 50 0 0 4 21 51 52 21 0 52 15 19 50 53 53 17 50
split_gain=14.1221 7.33861 4.74682 10.6385 5.98408 4.08689 4.857 8.91036 5.71369 5.74656 8.61479 9.5275 8.4136 5.21042 4.62138 4.06642 6.15982 9.05021 3.67686 2.68338 3.16027 2.58172 2.11153 1.83994 1.11549 0.952891
threshold=0.82440000000000013 3.1809000000000007 0.0072726564755739263 0.036344757044252295 75.500000000000014 68.500000000000014 0.3772671876901047 0.25933766822591509 97.000000000000014 78.500000000000014 0.14859437715602639 0.097727969495942743 1.0000000180025095e-35 0.88096521584349208 19.500000000000004 0.98104320854007987 0.24806303952783329 0.39098440093219267 0.95515907072733131 0.02395345079765742 0.012143127683448565 94.000000000000014 0.95939497315071243 0.94478689605954669 0.019811950909755644 89.500000000000014
decision_type=2 2 2 2 2 2 2 2 2 2 2 2 2 2 2 2 2 2 2 2 2 2 2 2 2 2
left_child=2 5 19 -4 22 18 7 8 9 -7 11 12 -11 14 -8 16 17 -9 -2 20 21 23 25 -1 -21 -5
right_child=1 -3 3 4 -6 6 13 15 -10 10 -12 -13 -14 -15 -16 -17 -18 -19 -20 24 -22 -23 -24 -25 -26 -27
leaf_value=-0.0037779545904178869 -0.0050876598698038648 0.0044615462316244664 0.0057021279984512717 -0.007768274340669094 0.0015712963806384153 -0.0027299274404193998 -0.0040550616223117356 0.0051449168287846176 -0.003120649642895071 0.0038422942055972272 -0.0022147999624106841 0.0068838189210632334 -0.0016683783907558924 0.0014433350249222366 -8.7754761100740524e-05 0.0006298255171114925 0.0057683238923651649 -0.0010125750528671882 0.00030099197481720945 -0.0049351836273637747 0.0015167507135436652 -0.00056772579826242029 -0.0017387588520718939 -0.008954053947416836 -0.0087555558734641898 -0.0044033662200138584
leaf_weight=42.972830265760422 66.57580229640007 118.98361706733704 49.403224840760231 43.450378522276878 58.956972375512123 118.38899099826813 158.54635548591614 113.26751130819321 139.51765039563179 140.16742697358131 140.45733544230461 95.501506417989731 149.34562093019485 162.03612780570984 148.30149006843567 218.15403419733047 165.86124050617218 138.4250385761261 65.613995641469955 45.882598012685776 32.425627633929253 34.224894404411316 44.20738896727562 30.745169103145599 35.284696266055107 44.412907809019089
leaf_count=127 107 29 106 102 106 138 121 96 162 151 145 80 174 63 91 171 89 132 91 124 84 101 93 113 89 99
internal_value=9.53927e-06 0.000562704 -0.0025519 -0.000980009 -0.00270813 0.00033307 0.000525337 0.000996329 -0.00015682 0.00048541 0.00120983 0.00245917 0.000999608 -0.000900131 -0.00213764 0.00241735 0.00335125 0.00175844 -0.00241294 -0.00425786 -0.00290587 -0.0042344 -0.00461849 -0.00593672 -0.00659596 -0.00606739
internal_weight=2601.11 2139.14 461.967 240.431 191.028 2020.16 1887.97 1419.09 783.379 643.861 525.472 385.015 289.513 468.884 306.848 635.708 417.554 251.693 132.19 221.536 140.369 107.943 132.071 73.718 81.1673 87.8633
internal_count=2984 1840 1144 506 400 1811 1613 1338 850 688 550 405 325 275 212 488 317 228 198 638 425 341 294 240 213 201
is_linear=0
shrinkage=0.0161547


Tree=169
num_leaves=26
num_cat=0
split_feature=43 0 42 21 43 8 4 8 43 15 2 4 13 13 35 8 53 53 53 52 44 4 6 23 21
split_gain=16.8695 7.55099 4.99576 9.65516 6.03581 4.70271 5.752 5.67212 6.77093 4.50346 5.77574 5.47844 10.9236 3.98368 3.41417 3.04322 3.00748 3.59812 6.69306 4.47418 3.3725 2.23073 2.00982 1.10437 0.668398
threshold=1.2672500000000002 2.6090915501487086 2.5000000000000004 0.04757468413430959 1.0981000000000003 0.18138559164181359 0.15432883424145097 0.009177449473004945 1.0607000000000002 0.38683721185711317 0.42402382949306072 0.10279181160896662 0.17620109618591498 0.22180640788421022 1.0000000180025095e-35 0.028413612125594088 1.0041906772672713 0.9351131704727581 0.91973258899656585 0.92883891194968904 69.500000000000014 0.046465189198774938 0.1230900892945568 0.31942248330425826 0.019716370686562453
decision_type=2 2 2 2 2 2 2 2 2 2 2 2 2 2 2 2 2 2 2 2 2 2 2 2 2
left_child=2 9 5 -4 -5 7 -7 8 16 11 -11 12 -2 14 15 24 17 18 20 -19 -1 -15 23 -17 -9
right_child=1 -3 3 4 -6 6 -8 13 -10 10 -12 -13 -14 21 -16 22 -18 19 -20 -21 -22 -23 -24 -25 -26
leaf_value=0.0004419461128062759 -0.00081549428839198363 0.0045191863485286978 0.0037700895270415041 -0.0038546253538720835 0.0015845823190043468 0.0030315352818593311 -0.0026714605954331104 -0.0065940136965050031 0.0046672963715536217 -0.0025526241741868003 0.00097106428020511226 -0.0010291068671994658 0.0049529045469239559 -0.0036138665296770217 -0.0007427834415562601 -0.0018517063806213077 0.0024681214704581384 -0.00064769698676293516 0.0044083619549771065 -0.0077767051552016736 -0.0058634874597294651 -3.7963332356866726e-06 -0.0068311429357542633 -0.0049091505899834997 -0.0095077900844923683
leaf_weight=37.813836753368378 132.63057577610016 167.53671324253082 134.71062353253365 134.91771075129509 87.951715409755707 101.87821590900421 84.382145553827286 47.221009165048599 51.177003473043442 180.11489260196686 372.38994431495667 122.13936936855316 241.99905741214752 78.991402834653854 50.866294100880623 78.196332216262817 37.967859879136086 38.973551750183105 44.231068700551987 55.968263864517212 53.396681398153305 102.80855864286423 51.525484263896942 50.900953039526939 36.370330795645714
leaf_count=102 133 50 179 169 78 127 98 127 57 108 176 91 168 112 83 166 91 105 91 145 123 132 92 90 81
internal_value=-4.7519e-05 0.00133441 -0.00128372 0.00035567 -0.00170813 -0.00186838 0.000447888 -0.00239682 -0.000717673 0.000825898 -0.000177647 0.00194204 0.00291071 -0.00347663 -0.00457539 -0.00531324 -0.00174463 -0.00243891 -0.000748607 -0.00485025 -0.0032494 -0.00157236 -0.00413378 -0.00305721 -0.00786179
internal_weight=2577.06 1216.81 1360.25 357.58 222.869 1002.67 186.26 816.409 319.528 1049.27 552.505 496.769 374.63 496.88 315.08 264.214 268.351 230.383 135.442 94.9418 91.2105 181.8 180.623 129.097 83.5913
internal_count=2974 726 2248 426 247 1822 225 1597 714 676 284 392 301 883 639 556 657 566 316 250 225 244 348 256 208
is_linear=0
shrinkage=0.0161547


Tree=170
num_leaves=27
num_cat=0
split_feature=43 43 4 4 32 53 53 23 14 4 8 43 19 40 52 10 2 4 50 53 21 8 6 19 4 21
split_gain=9.77811 7.2923 7.48078 5.16449 5.2636 5.35025 12.1041 6.68034 6.38173 4.43692 5.86642 3.84397 3.76807 3.45058 9.07781 2.13662 5.13115 3.02636 2.70387 2.61007 2.40192 2.2577 1.58809 1.35745 1.27006 0.833445
threshold=0.91520000000000012 3.1809000000000007 0.54925710802607119 0.24453338926893378 1.0000000180025095e-35 0.92349798135726757 0.90036100176946687 0.91429136087425478 1.5000000000000002 0.045684673516814552 0.13636876242772858 0.55930000000000013 0.094501449550094915 1.0000000180025095e-35 0.9581557274773399 0.31535395405384209 0.12133309037466546 0.013040206900445276 81.000000000000014 0.94816946525677215 0.021211362788447412 0.19489603572689621 0.17692477828095901 0.0090664920851537354 0.11337534503420786 0.01494629429894001
decision_type=2 2 2 2 2 2 2 2 2 2 2 2 2 2 2 2 2 2 2 2 2 2 2 2 2 2
left_child=11 2 3 4 5 6 -2 -8 -7 12 -11 23 -10 15 -15 17 -17 18 -13 20 -20 -18 -6 -1 -12 -21
right_child=1 -3 -4 -5 22 8 7 -9 9 10 24 13 -14 14 -16 16 21 -19 19 25 -22 -23 -24 -25 -26 -27
leaf_value=-0.0035751090908715962 -0.0010807200772238691 0.0041182266273201359 -0.0037234812046327086 0.002526506270015774 -0.0036851025390695542 0.0032247259616004411 0.0069841692903757826 0.001493475483141056 -0.0049620018671613962 0.0032830665039230117 -0.0023984117794892371 -0.0057130854997587835 -0.001091800939231128 -0.0031748239180016276 0.0056576005809069914 0.0021618463418233659 -0.0049007033593891532 -0.0067950557005916372 0.0018518542776610205 -0.0054064477176919692 -0.0029807675628752738 -0.00062818614831071211 -0.00086323548382094995 -0.0092930513148070711 -7.0416276760059299e-05 -0.002043842431501513
leaf_weight=21.623035505414009 187.65779051184654 133.71334838867188 118.02695727348328 270.93174827098846 104.54074740409851 114.73040401935577 124.54308980703354 107.95485818386078 97.92829367518425 116.4580489397049 110.88778930902481 47.310377463698387 199.19599270820618 64.664844959974289 57.25814950466156 87.99288085103035 68.691554248332977 45.46730674803257 74.818874627351761 38.232944458723068 41.855997189879417 60.887504309415817 103.65317469835281 21.718538463115692 136.37465155124664 38.715717405080795
leaf_count=97 178 34 62 147 109 125 114 76 131 99 101 119 181 117 84 152 133 105 169 105 87 94 74 100 100 81
internal_value=-0.000105495 0.000478869 0.000207445 0.000484457 9.03789e-05 0.000503128 0.0019713 0.0044347 -0.00029223 -0.000902815 0.000293582 -0.00178776 -0.00236737 -0.00146558 0.000973108 -0.00205555 -0.000848724 -0.00297235 -0.00225095 -0.00140501 0.000118197 -0.0028931 -0.00228018 -0.00644038 -0.00111443 -0.0037146
internal_weight=2595.83 1926.6 1792.88 1674.86 1403.92 1195.73 420.156 232.498 775.575 660.845 363.72 669.238 297.124 625.896 121.923 503.973 217.572 286.401 240.934 193.624 116.675 129.579 208.194 43.3416 247.262 76.9487
internal_count=2974 1531 1497 1435 1288 1105 368 190 737 612 300 1443 312 1246 201 1045 379 666 561 442 256 227 183 197 201 186
is_linear=0
shrinkage=0.0161547


Tree=171
num_leaves=25
num_cat=0
split_feature=19 44 50 51 30 23 44 43 19 43 13 0 10 21 42 45 42 17 53 23 52 43 14 10
split_gain=12.9426 6.273 6.99914 7.61148 9.46739 5.86357 7.27285 5.40937 5.2239 6.5397 4.01321 3.7881 5.32136 3.78621 4.18117 4.35771 3.70787 5.5088 3.65573 2.50384 2.17997 2.34815 1.78189 1.71977
threshold=0.094501449550094915 66.500000000000014 89.500000000000014 16.500000000000004 1.0000000180025095e-35 0.57600377827935689 79.500000000000014 1.9371500000000001 0.4580072480266324 1.7775000000000001 0.26310078300384815 0.22827586965037586 1.446723657496918 0.068113698994912916 1.5000000000000002 1.0000000180025095e-35 1.5000000000000002 0.016555397843254518 0.93932146596077304 1.154237886773563 0.93769520135829054 0.87605000000000011 1.5000000000000002 0.14541003398248151
decision_type=2 2 2 2 2 2 2 2 2 2 2 2 2 2 2 2 2 2 2 2 2 2 2 2
left_child=1 22 13 23 16 -2 8 -8 10 -10 -7 -12 19 14 20 -16 17 -5 -14 -13 -3 -22 -1 -4
right_child=5 2 3 4 -6 6 7 -9 9 -11 11 12 18 -15 15 -17 -18 -19 -20 -21 21 -23 -24 -25
leaf_value=-0.003624411237436515 0.0041407409510579429 -0.0063096914078817363 -0.0051477666492669915 -0.0010156937859937237 0.0069143618237486552 0.001597918760548244 0.00093329939177667085 0.0047945257179386816 0.0032829818103649452 -0.00059171886985536621 -0.0035918635917028992 -0.00051842739981939636 -0.0046163160364547998 -0.0061789279168632354 -0.0027796879040397097 0.0023492306353642346 -0.002586155499951922 0.0061274808865868884 -0.00051020571048858497 0.0031636668553355575 -0.0047764254544977154 0.00038099456090594561 -0.0085389394643006419 -0.0011680166636941977
leaf_weight=41.597256511449814 136.29364468157291 58.19366879761219 53.1611707508564 68.028962686657906 73.177916049957275 141.31217753887177 224.17363756895065 163.929692029953 230.12325754761696 224.65837705135345 155.82640993595123 95.786410450935364 100.50917059183121 64.491355150938034 85.252973794937134 87.709997028112411 79.456827104091644 48.095273986458778 129.48689851164818 97.007045120000839 48.325060904026031 44.029670685529709 35.845136135816574 60.685047537088394
leaf_count=125 165 151 111 167 84 158 171 50 165 93 174 107 101 93 126 123 128 69 120 78 136 64 104 93
internal_value=0.000113639 -0.00151634 -0.00107589 0.000474522 0.00195751 0.000927187 0.000646931 0.00256423 1.34899e-05 0.00136891 -0.000842736 -0.0014388 -0.000645256 -0.00260473 -0.00189222 -0.000178799 0.000102866 0.0019428 -0.00230459 0.00133428 -0.00386075 -0.00231765 -0.00589916 -0.00302638
internal_weight=2547.16 848.05 770.608 382.605 268.759 1699.11 1562.81 388.103 1174.71 454.782 719.928 578.616 422.79 388.003 323.511 172.963 195.581 116.124 229.996 192.793 150.548 92.3547 77.4424 113.846
internal_count=2956 1574 1345 652 448 1382 1217 221 996 258 738 580 406 693 600 249 364 236 221 185 351 200 229 204
is_linear=0
shrinkage=0.0161547


Tree=172
num_leaves=25
num_cat=0
split_feature=43 43 44 13 4 43 44 30 0 21 42 14 52 51 52 52 4 4 42 17 53 51 50 17
split_gain=12.1078 8.91238 6.09576 5.87982 6.70094 6.76638 5.36346 8.04652 10.2248 8.75477 5.85264 5.02953 3.75651 3.49882 3.79542 3.53684 2.7811 6.38336 2.43174 3.03623 2.22255 1.52742 1.0002 0.793003
threshold=3.1809000000000007 0.80820000000000014 68.500000000000014 0.048685575415873671 0.011577299766233248 1.0607000000000002 83.500000000000014 1.0000000180025095e-35 0.22278381694825211 0.21873391356917801 1.5000000000000002 4.5000000000000009 0.96469885679990064 24.500000000000004 0.99757849208906302 1.0489944586052211 0.0072726564755739263 0.027551610862249973 1.5000000000000002 0.00076149095842821199 0.94681166363811775 18.500000000000004 91.500000000000014 0.0064773640514612782
decision_type=2 2 2 2 2 2 2 2 2 2 2 2 2 2 2 2 2 2 2 2 2 2 2 2
left_child=1 13 12 21 5 -5 7 8 20 -9 22 -12 -3 14 16 -16 18 -18 19 -1 -6 -4 -10 -21
right_child=-2 2 3 4 6 -7 -8 9 10 -11 11 -13 -14 -15 15 -17 17 -19 -20 23 -22 -23 -24 -25
leaf_value=0.0009359037951247722 0.0045064064672535025 -0.0059337537389267071 -0.004725517017261943 -0.00044708455252339633 -0.0058009140534989786 0.0046774744917996514 0.0029702883687042787 0.0039644515333253898 0.00098633747183061418 -0.00045660518111451239 -0.0032603182634407045 0.00026329946156686344 -0.00032051916718858628 -0.0069543175284764802 0.0029865693800171815 -0.0028173215907015296 0.0021370191861353424 -0.0048942868591325397 -0.0078166017060072087 -0.0073162384995765686 -0.00247252010646697 -0.0012784290973691761 0.0032383643477204406 -0.0035043078427518782
leaf_weight=30.54233655333519 140.61507344245911 68.239285856485367 65.374952644109726 106.20386099815369 112.43109512329102 183.29263678193092 153.37002283334732 206.4894078373909 104.35142627358437 269.40253454446793 181.62546131014824 252.95327252149582 57.190356880426407 41.646596744656563 63.433779045939445 48.239873766899109 66.30559703707695 68.51379007101059 44.367444738745689 27.990811705589294 97.990826338529587 68.905656337738037 101.55860933661461 28.996550008654594
leaf_count=97 34 113 101 143 131 148 92 176 95 154 170 150 82 119 129 116 145 151 116 102 116 98 94 85
internal_value=-0.000103526 -0.000368171 7.51584e-05 0.000302409 0.000549703 0.00279749 0.000110073 -0.000220549 -0.00116138 0.00146169 -0.000146365 -0.00120934 -0.00337437 -0.00251009 -0.00202095 0.000479452 -0.00306786 -0.00143622 -0.00473565 -0.00317396 -0.00425092 -0.00295666 0.00209708 -0.00537664
internal_weight=2590.03 2449.42 2029.38 1903.95 1769.67 289.496 1480.17 1326.8 850.911 475.892 640.489 434.579 125.43 420.037 378.39 111.674 266.717 134.819 131.897 87.5297 210.422 134.281 205.91 56.9874
internal_count=2957 2923 1863 1668 1469 291 1178 1086 756 330 509 320 195 1060 941 245 696 296 400 284 247 199 189 187
is_linear=0
shrinkage=0.0161547


Tree=173
num_leaves=25
num_cat=0
split_feature=19 53 42 52 19 17 47 1 17 52 2 15 2 8 17 15 46 17 52 10 52 15 53 44
split_gain=13.2784 5.06484 10.6607 9.94358 11.0074 5.08002 4.87684 4.35191 9.07768 3.57343 5.60875 3.49528 2.92575 9.34903 3.54039 4.93943 2.75596 4.1018 3.50199 2.82371 2.40221 1.46384 1.34433 1.60787
threshold=0.08677482541381569 0.92349798135726757 1.5000000000000002 0.9916313361729393 0.19616879180251021 0.23577080787981494 1.0000000180025095e-35 1.5000000000000002 0.14278934351667849 0.9916313361729393 0.24543502028084643 0.40898980550694941 0.12546932466468305 0.053339529731633861 0.021530730149948298 0.051844978929656206 1.0000000180025095e-35 0.001713562872673369 0.98650545052190275 0.01412037856936185 0.90997751464388144 0.072787767066729001 0.91827636368132548 70.500000000000014
decision_type=2 2 2 2 2 2 2 2 2 2 2 2 2 2 2 2 2 2 2 2 2 2 2 2
left_child=12 3 9 4 -2 -6 7 -4 -9 10 -3 -8 13 14 15 16 17 22 20 -18 -19 -16 -1 -24
right_child=1 2 6 -5 5 -7 11 8 -10 -11 -12 -13 -14 -15 21 -17 19 18 -20 -21 -22 -23 23 -25
leaf_value=-0.0033303460329736859 0.0064234774641294236 -0.0067299779007983116 0.0039670623566738158 -0.001749518738424761 -0.00065372304453257136 0.0034065598579955925 0.00085116529733936426 -0.002211851917760957 0.0024946027766735747 -0.00024726485883198049 -0.00091543417774759747 -0.0028476441733785037 -0.0051378810461468914 0.0026829059353234825 -0.0069355983832675508 0.0023676197940766096 0.0028586644266059731 -0.0011933620785503135 0.0013474995492497386 -0.0028416912222709468 -0.0051773688030579586 -0.0031814639412638284 -0.0095369312373926353 -0.004695784773016398
leaf_weight=42.827985152602196 157.97305056452751 99.161146104335785 154.42343991994858 157.37404435873032 174.14120045304298 149.41867965459824 133.54849618673325 164.90745288133621 304.31716775894165 90.921555563807487 76.846404075622559 133.14847552776337 66.758407235145569 112.03659448027611 53.76484403014183 64.002573788166046 46.106450080871582 81.348152980208397 64.144845634698868 44.631496772170067 76.774266362190247 54.668715536594391 33.441458150744438 38.535729005932808
leaf_count=100 156 147 128 135 145 75 118 166 145 108 80 67 107 154 103 105 96 178 123 92 166 80 104 90
internal_value=-0.000142692 0.000621267 -1.61262e-05 0.0017758 0.00292794 0.0012213 0.000832845 0.0016147 0.000840535 -0.00284788 -0.0041913 -0.000995466 -0.0019041 -0.00160101 -0.00240061 -0.00181805 -0.00244425 -0.00311698 -0.00183622 5.48165e-05 -0.00312774 -0.00504288 -0.00559658 -0.00694504
internal_weight=2575.22 1796.18 1157.27 638.907 481.533 323.56 890.345 623.648 469.225 266.929 176.008 266.697 779.042 712.283 600.247 491.813 427.81 337.072 222.267 90.7379 158.122 108.434 114.805 71.9772
internal_count=2968 1470 959 511 376 220 624 439 311 335 227 185 1498 1391 1237 1054 949 761 467 188 344 183 294 194
is_linear=0
shrinkage=0.0161547


Tree=174
num_leaves=24
num_cat=0
split_feature=2 43 0 50 44 53 37 5 14 23 40 51 13 43 44 8 51 15 19 4 10 13 53
split_gain=12.4306 6.08019 7.13044 6.28062 7.67998 5.95301 5.91834 5.50478 5.3834 7.6838 5.52777 5.64283 5.32485 5.03256 4.46602 4.01214 3.82268 3.6684 3.24116 2.71875 1.46498 2.78908 1.36144
threshold=1.0979799851982135 0.67240000000000011 1.2424807336819848 78.500000000000014 83.500000000000014 0.89503366983423693 1.0000000180025095e-35 1.5000000000000002 2.5000000000000004 0.52123138440232908 1.0000000180025095e-35 18.500000000000004 0.26310078300384815 0.91920000000000013 71.500000000000014 0.030777868668778702 20.500000000000004 0.040424239221636162 0.060517896256714963 0.099820189214539154 0.072624568299884035 0.0090880973624898661 0.94880142052834515
decision_type=2 2 2 2 2 2 2 2 2 2 2 2 2 2 2 2 2 2 2 2 2 2 2
left_child=1 5 3 7 6 -1 8 22 10 18 11 17 -11 -13 -14 20 19 -5 -10 -16 21 -7 -3
right_child=-2 2 -4 4 -6 15 -8 -9 9 12 -12 13 14 -15 16 -17 -18 -19 -20 -21 -22 -23 -24
leaf_value=0.0034386318630198922 0.0032809224770619021 -0.0059548141839455117 -0.0031866681056080298 -0.0039333655287635948 0.0044275373126579217 -0.0084609496639331417 0.0036236446521216038 0.0001306554942908496 -0.0016152217128421735 0.0029197882916932767 0.0040253861867646122 -0.00083197984007390914 -0.0031248819547838977 0.0044254901763971892 0.0023691789793135742 -0.00025089688124745838 -0.0023192978796422702 0.00042162385487758369 -0.0066183529556619602 -0.00067825319312817738 -0.0094605663163929484 -0.0023092567224663814 -0.0026463051982669409
leaf_weight=30.379648357629776 304.39340502023697 66.683843106031418 164.13115185499191 91.962394535541534 132.90026125311852 34.452054411172867 133.8063283264637 160.17844823002815 63.842124491930008 127.73612755537033 144.63672804832458 79.993875935673714 149.94823080301285 117.02937391400337 177.52673006057739 42.719054073095322 121.61932650208473 111.89899225533009 71.79252216219902 134.12239506840706 25.905027881264687 43.543912768363953 63.24291729927063
leaf_count=80 119 96 103 171 105 143 122 147 101 137 160 163 168 120 138 111 101 142 107 101 93 147 90
internal_value=0.000213825 -0.000193854 4.70628e-05 0.000319396 0.000702911 -0.00306995 0.000378513 -0.00187353 6.65983e-05 -0.000739821 0.00131807 0.000341287 -6.75936e-05 0.00229089 -0.00072189 -0.00441853 0.000109752 -0.00154292 -0.00426342 0.00105768 -0.00613206 -0.00502656 -0.00434437
internal_weight=2594.44 2290.05 2113.05 1948.92 1658.82 177 1525.92 290.105 1392.11 846.587 545.521 400.885 710.953 197.023 583.217 146.62 433.268 203.861 135.635 311.649 103.901 77.996 129.927
internal_count=2965 2846 2272 2169 1836 574 1731 333 1609 853 756 596 645 283 508 494 340 313 208 239 383 290 186
is_linear=0
shrinkage=0.0161547


Tree=175
num_leaves=24
num_cat=0
split_feature=6 13 21 44 34 4 6 13 15 52 8 6 19 19 0 2 51 42 43 0 13 8 53
split_gain=9.51092 7.19931 7.39956 7.32583 5.99139 5.8079 6.9977 6.85043 5.56809 4.86841 4.54263 7.36124 4.32555 7.13493 4.34966 6.00413 4.13291 2.96366 2.63896 3.14726 3.90507 1.73382 1.55341
threshold=1.3924876334906968 0.058786042100752355 0.024406301779123698 68.500000000000014 1.0000000180025095e-35 0.015803409760627048 0.068072966868737525 0.13727804724440826 0.15669088397870931 0.95515907072733131 0.3772671876901047 0.4757791112929261 0.14173115673845091 0.094501449550094915 0.29752246632158225 0.26452880342740842 22.500000000000004 3.5000000000000004 0.59250000000000014 0.045852084723365695 0.0097110676447303996 0.051601176634615921 0.93545464895072616
decision_type=2 2 2 2 2 2 2 2 2 2 2 2 2 2 2 2 2 2 2 2 2 2 2
left_child=1 4 -3 9 16 7 21 -5 -9 -4 11 12 13 -8 -14 -16 18 -12 22 20 -20 -7 -1
right_child=-2 2 3 5 -6 6 10 8 -10 -11 17 -13 14 -15 15 -17 -18 -19 19 -21 -22 -23 -24
leaf_value=-0.0030196051003032816 0.0031693032616190607 0.0045386064035768366 -0.0067816474291864711 -0.001812942740250167 0.0023551433408185948 -0.0054786562206515623 -0.0014839260101780971 0.005988396941642409 0.0012448543053671115 -0.00073981089040105858 -0.0029417588573289384 0.0041618145298559714 -0.0029815935857970405 0.0041836632967255467 0.0024401641786579815 -0.0017783826734166998 -0.0072141685918213254 -4.4010133817795102e-05 -0.0032415053051287027 -0.0049652339709472275 0.0015959572293500395 -0.001928340179391795 -0.0090888573806653487
leaf_weight=22.367267176508904 220.7450989484787 91.791172862052917 68.788471832871437 92.4872817248106 60.20069719851017 72.531487181782722 98.710459098219872 113.88305541872978 149.17147299647331 70.453544914722443 180.69567012786865 133.73827603459358 161.45266070961952 140.4469393491745 167.23949202895164 185.94630670547485 55.338220089673996 187.88403004407883 80.281490907073021 57.746769264340401 95.186436742544174 71.074439659714699 21.666348978877068
leaf_count=84 80 136 137 143 104 96 135 119 131 113 142 90 145 149 135 152 148 91 165 109 181 87 102
internal_value=-3.84253e-05 -0.000336057 5.91246e-05 -0.000157912 -0.00233446 0.000125028 -0.000343314 0.00196882 0.00329846 -0.0037246 4.29003e-05 0.000668954 4.92515e-05 0.00184441 -0.000784975 0.000219171 -0.00318331 -0.00146463 -0.00237876 -0.00169391 -0.000617317 -0.00372151 -0.00600593
internal_weight=2599.83 2379.08 1986.29 1894.5 392.787 1755.26 1399.72 355.542 263.055 139.242 1256.11 887.534 753.796 239.157 514.638 353.186 332.587 368.58 277.248 233.215 175.468 143.606 44.0336
internal_count=2974 2894 2001 1865 893 1615 1222 393 250 250 1039 806 716 284 432 287 789 233 641 455 346 183 186
is_linear=0
shrinkage=0.0161547


Tree=176
num_leaves=25
num_cat=0
split_feature=42 17 52 21 44 5 25 0 53 52 13 52 40 53 52 53 0 1 6 50 53 44 52 44
split_gain=11.3384 8.26292 10.5243 10.2356 6.92615 6.14578 6.03124 5.06794 5.94037 4.47636 3.77734 3.74953 3.03774 2.85917 2.85073 2.80896 2.43466 2.11528 2.4334 2.81928 3.43481 5.12504 1.87402 1.2066
threshold=3.5000000000000004 0.018759706206513061 0.94006676259205324 0.046970131498760906 78.500000000000014 2.5000000000000004 11.500000000000002 0.1100766497135708 0.9569330818259415 0.93433062898844998 0.12656250444337871 0.98211227776791865 1.0000000180025095e-35 0.90268025950846431 0.88548315878360961 0.94795842163398525 0.19965913390421677 1.5000000000000002 0.048159905374951316 82.500000000000014 0.93363190571070875 71.500000000000014 0.94350096727249033 73.500000000000014
decision_type=2 2 2 2 2 2 2 2 2 2 2 2 2 2 2 2 2 2 2 2 2 2 2 2
left_child=1 6 5 -4 7 14 -1 -5 13 -2 12 -11 17 -9 15 -3 -16 18 19 22 21 -21 -8 -22
right_child=9 2 3 4 -6 -7 10 8 -10 11 -12 -13 -14 -15 16 -17 -18 -19 -20 20 23 -23 -24 -25
leaf_value=0.00353130659795975 0.003275924067277457 0.00039976889286138335 0.006485620341481149 0.0028736284776716249 0.0040366371025695562 0.00080827456202983727 -0.0031235708044891086 -0.00023071051853705525 0.0013686409440327224 -0.0011005575644907773 -0.0068645583769073584 0.0020556296678089702 0.00071009715282084487 -0.0038847158979817336 -0.0056997041005776182 -0.0035133046870117935 -0.0021556852974617246 -0.0059429154915423364 0.0011370420716956271 0.0042678309314185788 -0.0054296865425150446 -0.0034844723473447872 -0.0082133078233969804 -0.0018679394082947247
leaf_weight=43.242053553462029 317.27623574435711 114.13107080757618 90.990564078092575 115.31943915784359 130.52153736352921 206.04568183422089 38.724970951676369 87.102505385875702 168.97545784711838 171.37565633654594 52.329067587852478 230.15340539813042 74.044303759932518 155.9340106844902 103.810686647892 82.468106061220169 98.670631349086761 50.650047704577446 44.003356531262398 44.60966095328331 59.418343633413315 44.412226885557175 36.838805362582207 42.630694732069969
leaf_count=71 170 139 120 134 109 161 96 82 165 116 87 121 124 171 146 104 113 123 72 105 158 94 97 90
internal_value=0.00011547 -0.000542863 0.000126912 0.00140723 0.000704816 -0.00145748 -0.002251 -0.000119854 -0.00095771 0.00184177 -0.00276373 0.000708545 -0.00227079 -0.00257515 -0.0026273 -0.00124166 -0.00397268 -0.0028817 -0.00238257 -0.00296342 -0.00191877 0.000400276 -0.00560492 -0.00394178
internal_weight=2603.68 1884.87 1353.97 748.844 657.853 605.126 530.904 527.331 412.012 718.805 487.661 401.529 435.332 243.037 399.08 196.599 202.481 361.288 310.638 266.635 191.071 89.0219 75.5638 102.049
internal_count=2968 2561 1444 781 661 663 1117 552 418 407 1046 237 959 253 502 243 259 835 712 640 447 199 193 248
is_linear=0
shrinkage=0.0161547


Tree=177
num_leaves=27
num_cat=0
split_feature=43 21 15 51 40 51 43 52 15 53 43 21 53 50 19 4 53 4 1 50 44 43 4 52 53 4
split_gain=10.3117 5.31341 6.34524 5.17954 4.63178 8.3487 10.1634 8.14221 5.60401 5.20391 4.84778 6.14955 8.59029 4.73387 4.46115 4.26637 4.25213 4.52111 4.24687 4.05102 4.689 3.00647 2.86801 3.68619 2.11678 1.45746
threshold=1.4303000000000001 0.77745369890885641 0.38683721185711317 22.500000000000004 1.0000000180025095e-35 20.500000000000004 1.0436000000000003 0.96240805599483303 0.17217110333217089 0.94444090894248756 0.82835000000000003 0.084769615808111015 0.97959265903042247 90.500000000000014 0.43138795830482601 0.015234214498771615 0.98767305193734012 0.025156672441927107 1.5000000000000002 91.500000000000014 75.500000000000014 1.0145000000000002 0.010858663277326971 0.91734381482415039 0.92656632230388125 0.21562149992789509
decision_type=2 2 2 2 2 2 2 2 2 2 2 2 2 2 2 2 2 2 2 2 2 2 2 2 2 2
left_child=3 2 18 4 5 8 9 13 10 -7 16 12 15 -6 21 -12 17 22 -2 20 -5 -10 23 -1 -25 -4
right_child=1 -3 25 19 7 6 -8 -9 14 -11 11 -13 -14 -15 -16 -17 -18 -19 -20 -21 -22 -23 -24 24 -26 -27
leaf_value=-0.0056338013747335228 0.0041960190971520941 0.0032929358207601273 -0.0018227195518217161 -0.0067923912226891788 0.0013353549654294217 -0.004829957438928778 0.0069752756312700783 0.0039623103467873576 -0.0023921714569164936 0.0021520656596869829 -0.00088567786696724981 0.0038711260812032576 0.0040161736855580769 -0.0041804199055651397 -0.00028163707117616484 -0.0062199216348994358 -0.0072405068816464137 -0.0063114037804674773 0.00052158749181110172 -3.3131022299179632e-05 -0.0011761562345254499 -0.0064366210667332587 0.003880780115536274 0.0032695310691195907 -0.0022864557353160565 0.00021337350165632853
leaf_weight=36.23801214993 153.6019229888916 264.92520105838776 192.70815181732178 93.069911614060402 88.327727258205414 48.237194985151291 71.325405359268188 155.59636540710926 81.487771600484848 65.945033326745033 108.43306323885918 101.90586033463478 67.138466060161591 75.161141619086266 81.451295912265778 61.224041730165482 40.622972443699837 39.359266698360443 176.32020378112793 81.981597989797592 66.528364896774292 116.60228568315506 35.125790223479271 38.463343560695648 33.467062219977379 175.12789380550385
leaf_count=115 111 83 106 172 108 105 59 172 123 118 161 110 84 102 73 89 129 93 126 142 84 126 73 93 97 81
internal_value=2.59962e-05 0.00134518 0.000605651 -0.000773878 -0.00038299 -0.000911186 0.00219101 0.00131709 -0.00159505 -0.000797546 -0.000665266 0.000552949 -0.000875041 -0.00120043 -0.00346424 -0.00281064 -0.00251325 -0.00146189 0.00223229 -0.00295195 -0.00445127 -0.00477287 -0.000129846 -0.00143223 0.000684497 -0.000853329
internal_weight=2550.38 962.683 697.758 1587.69 1346.11 1027.03 185.508 319.085 841.519 114.182 561.978 338.701 236.796 163.489 279.541 169.657 223.276 182.653 329.922 241.58 159.598 198.09 143.294 108.168 71.9304 367.836
internal_count=2935 507 424 2428 2030 1648 282 382 1366 223 1044 444 334 210 322 250 600 471 237 398 256 249 378 305 190 187
is_linear=0
shrinkage=0.0161547


Tree=178
num_leaves=26
num_cat=0
split_feature=19 25 13 21 53 53 19 23 2 51 52 53 52 6 52 52 10 4 53 21 21 4 15 44 53
split_gain=13.5037 8.47564 7.1054 9.21466 5.13619 7.51014 4.74879 5.75387 10.8217 5.01211 5.05747 5.34257 6.85644 4.57991 6.25482 4.47744 2.47379 3.33177 2.59737 2.37015 2.35529 2.22381 1.67752 2.07384 1.04162
threshold=0.4124391221452528 8.5000000000000018 0.057738129351669103 0.022503301708182846 0.89503366983423693 0.90911552589375766 0.046424576482876657 0.39554765603405018 0.014984552231958976 14.500000000000002 0.96701999508434089 0.9482380641546021 0.89860460146890608 1.3924876334906968 0.93433062898844998 0.99585146972637795 0.16995839047787925 0.0024328152697836382 0.90036100176946687 0.045055733052437895 0.10285182568519345 0.055016338631147098 0.0098722269681677435 73.500000000000014 0.94582288360085498
decision_type=2 2 2 2 2 2 2 2 2 2 2 2 2 2 2 2 2 2 2 2 2 2 2 2 2
left_child=1 -1 16 -4 20 -6 -7 19 -9 -10 11 -11 -13 14 -2 -16 17 18 -3 -8 -5 -12 23 24 -20
right_child=13 2 3 4 5 6 7 8 9 10 21 12 -14 -15 15 -17 -18 -19 22 -21 -22 -23 -24 -25 -26
leaf_value=0.004775057078172806 0.0027666475229577553 0.00052928175285021212 0.0047757771002737764 -0.0056997899666963161 0.0033840003865054009 0.0030385351068224933 -0.006480616496445094 0.0046430293414701767 -0.0046431600831003854 0.0028154117719698503 -0.0041628294719150208 -0.0047105694214119682 0.0012554851377276784 0.0037437400656098641 -0.0022385164030361993 0.0015254350343720416 -0.0059886600457729391 0.00052702669567125475 0.00061447612150706556 -0.0020112041520529184 -0.001722434598285569 -0.0010826183155735554 -0.0062811983627031193 -0.0061710530503919087 -0.0033701299753205374
leaf_weight=69.670987218618393 289.38975554704666 35.208742290735245 82.738376721739769 71.085226401686668 121.73568093776703 75.043100580573082 67.01443387567997 88.509283259510994 102.99845507740974 146.25613939762115 118.19945281744003 85.861518383026123 121.28134900331497 220.04121428728104 176.92689681053162 154.50410255789757 61.505987480282784 74.104305893182755 34.526047632098198 57.563358545303345 85.700050562620163 126.77970507740974 67.059570416808128 35.53689406812191 33.964105159044266
leaf_count=89 147 79 124 112 126 120 110 92 121 148 133 102 125 76 106 93 134 163 89 85 91 141 164 89 97
internal_value=5.66924e-05 -0.000746998 -0.000974288 -0.000447701 -0.000788531 -0.000402338 -0.000868159 -0.00118875 -0.00067985 -0.00135156 -0.000784983 0.000451562 -0.00121747 0.00174113 0.00103133 -0.000483865 -0.00305468 -0.0024111 -0.00346652 -0.00441545 -0.00352574 -0.00256878 -0.00428884 -0.00300449 -0.00136148
internal_weight=2603.2 1762.34 1692.67 1350.77 1268.03 1111.24 989.507 914.464 789.886 701.377 598.378 353.399 207.143 840.862 620.821 331.431 341.906 280.4 206.295 124.578 156.785 244.979 171.087 104.027 68.4902
internal_count=2956 2534 2445 1630 1506 1303 1177 1057 862 770 649 375 227 422 346 199 815 681 518 195 203 274 439 275 186
is_linear=0
shrinkage=0.0161547


Tree=179
num_leaves=26
num_cat=0
split_feature=43 14 32 51 53 4 42 53 53 17 17 23 53 13 13 52 4 4 0 52 4 19 51 6 15
split_gain=12.2262 4.76145 6.70917 4.99343 6.20643 5.40767 4.57657 6.32351 5.32712 4.67204 7.76843 5.38183 6.81451 7.23291 10.108 8.53886 4.64471 4.03321 3.72928 3.16347 2.91591 2.81293 3.56744 2.35409 1.54707
threshold=1.2160500000000003 6.5000000000000009 1.0000000180025095e-35 21.500000000000004 0.98144326734849796 0.090389379997998065 1.0000000180025095e-35 0.93545464895072616 1.0578899900850571 0.060732475140443394 0.037244737372534954 0.45726145036345806 0.92349798135726757 0.058786042100752355 0.08865347262070053 0.89860460146890608 0.044323498391370154 0.081102750400393539 0.17143767202168078 0.98650545052190275 0.014713327210620171 0.045712727394782153 18.500000000000004 0.37447448003016154 0.032985834179786337
decision_type=2 2 2 2 2 2 2 2 2 2 2 2 2 2 2 2 2 2 2 2 2 2 2 2 2
left_child=6 2 3 4 5 18 7 20 9 10 11 12 21 15 -15 -14 -12 -11 -2 -17 -1 22 -8 -19 -9
right_child=1 -3 -4 -5 -6 -7 8 24 -10 17 16 -13 13 14 -16 19 -18 23 -20 -21 -22 -23 -24 -25 -26
leaf_value=0.0021957968712929504 0.0026806224061677111 0.0029267636280408621 -0.0023464262868445936 -0.00093304836171506026 -0.00093311322142608738 0.00083063143188866185 -0.0046484885590941105 -0.0080924856259676145 0.0042170833225093534 -0.0048019532532687648 0.0061694222463933119 -0.0046216369183906883 0.0046025133867200188 0.0089925099745961096 -8.2782586533490655e-06 -0.0061273002743637986 0.00057888596297710703 0.00085586368138160349 0.0064658347401150206 -0.00039209931574871458 -0.0030724806372763552 -0.0064679616265390788 0.0012871475328461574 -0.0027776080336500155 -0.0042242504784464853
leaf_weight=57.035006687045097 153.68394529819489 329.144515812397 159.8632972240448 201.5118180513382 144.18729197978973 193.6539654135704 51.767791494727135 45.388741359114647 58.136006683111191 118.7916804254055 70.265921801328659 89.535532921552658 45.641977339982986 58.325606793165207 73.712475880980492 61.356459751725197 86.56287682056427 91.488218039274216 121.73138397932053 42.475126683712006 52.80028247833252 44.291515856981277 53.979834109544754 94.706860154867172 66.537071123719215
leaf_count=139 127 118 107 147 110 117 112 147 88 158 88 135 92 85 116 143 117 107 80 95 94 86 111 107 139
internal_value=0.0001495 0.00124682 0.000679485 0.00127319 0.00199815 0.00289919 -0.000983429 -0.00309057 -0.000534568 -0.000815616 -6.85647e-05 -0.00101728 -0.000269471 0.00121255 0.00396767 -0.00122119 0.00308368 -0.00247614 0.00435366 -0.00378116 -0.000336782 -0.00305012 -0.00161859 -0.000992277 -0.00579292
internal_weight=2566.58 1303.78 974.632 814.768 613.257 469.069 1262.8 221.761 1041.04 982.902 677.915 521.086 431.551 281.512 132.038 149.474 156.829 304.987 275.415 103.832 109.835 150.039 105.748 186.195 111.926
internal_count=2965 806 688 581 434 324 2159 519 1640 1552 1180 975 840 531 201 330 205 372 207 238 233 309 223 214 286
is_linear=0
shrinkage=0.0161547


Tree=180
num_leaves=25
num_cat=0
split_feature=43 52 17 21 42 46 53 17 19 0 2 10 6 52 2 0 8 53 23 15 13 6 42 43
split_gain=13.2705 6.44721 5.97028 4.93192 12.8782 8.33777 8.33174 8.36624 6.35238 4.12667 7.48597 6.26306 5.47603 6.04556 6.79481 3.66306 4.53459 2.5354 2.86137 2.53972 2.15739 4.05976 1.59118 1.49375
threshold=1.2160500000000003 0.86821236956945069 0.001713562872673369 0.040464508721672302 1.0000000180025095e-35 1.0000000180025095e-35 0.9345715573665957 0.011211901385786861 0.30509575058311983 0.26368061679999172 0.091115370246888552 0.14541003398248151 0.25377073010226558 0.88757741628771647 0.81178232666102923 0.50189228043061396 0.16983390118283334 0.91762366255135419 0.6896855334904789 0.083078434220912004 0.19018713179959387 0.01151521167052031 1.5000000000000002 0.73120000000000018
decision_type=2 2 2 2 2 2 2 2 2 2 2 2 2 2 2 2 2 2 2 2 2 2 2 2
left_child=1 20 22 4 -4 6 -6 -8 15 10 11 -2 -11 -14 -15 16 17 -5 19 -19 21 -1 23 -3
right_child=9 2 3 8 5 -7 7 -9 -10 12 -12 -13 13 14 -16 -17 -18 18 -20 -21 -22 -23 -24 -25
leaf_value=-0.0024189174033610755 -0.0012597076747911957 -0.0050347699234737642 -0.0052590045173837342 -0.004257694307700715 0.00038220260056400553 -0.0026408932334581327 0.002840239504283366 0.011387105749976225 0.0016778393447409836 0.0041677049622492225 -0.003413908337166188 0.0037675324746615411 0.0035138701224961964 -0.001848291122583549 0.0017540929095689274 -0.0053747270218595161 0.0025191733575762728 -0.00034558880304753567 0.001004010744480682 -0.004461170547224478 -0.0020185244401973901 -0.0089173598324099532 -0.0069074724114614626 -0.00032935643839097835
leaf_weight=50.097801223397255 127.42345714569092 38.383863002061844 62.996611788868904 108.05576713383198 79.232480600476265 55.42132742702961 59.451862126588821 60.108729720115662 154.68193492293358 182.92272198200226 133.86718952655792 131.32911175489426 193.02068400382996 240.78606879711151 315.9429224729538 74.503225386142731 62.695309340953827 71.339453145861626 90.130386278033257 86.673126384615898 72.674419760704041 50.257696360349655 39.952908277511597 32.527308434247971
leaf_count=124 119 142 179 173 147 102 107 79 162 121 109 105 86 153 121 108 78 115 118 138 102 123 89 63
internal_value=-4.92797e-05 -0.00124393 -0.000778563 -0.000370783 0.00127973 0.00290008 0.00444485 0.00713715 -0.00117865 0.00107676 -0.000312618 0.00129185 0.00166164 0.00105022 0.000196057 -0.00207417 -0.00148714 -0.0021923 -0.00129291 -0.00260307 -0.00413826 -0.00567332 -0.00432909 -0.00287637
internal_weight=2574.48 1249.18 1076.15 965.29 317.211 254.214 198.793 119.561 648.079 1325.29 392.62 258.753 932.672 749.75 556.729 493.397 418.894 356.199 248.143 158.013 173.03 100.355 110.864 70.9112
internal_count=2963 2149 1800 1506 614 435 333 186 892 814 333 224 481 360 274 730 622 544 371 253 349 247 294 205
is_linear=0
shrinkage=0.0161547


Tree=181
num_leaves=25
num_cat=0
split_feature=42 13 53 42 47 4 17 32 51 44 44 15 19 8 23 44 15 6 51 4 14 53 10 0
split_gain=12.8114 8.64818 6.47541 5.92042 6.79203 6.41022 14.1266 5.77945 4.14489 6.29176 7.47524 3.79013 4.2904 3.40571 4.60855 3.17479 3.01078 2.69985 2.51681 2.09918 2.17208 1.66332 1.58403 0.803697
threshold=1.5000000000000002 0.21179228254015706 0.92427157925950543 5.5000000000000009 1.0000000180025095e-35 0.47429568734793609 0.17935792759470223 1.0000000180025095e-35 21.500000000000004 70.500000000000014 73.500000000000014 0.21759461203997862 0.091537198447371404 0.10601536376854524 0.45726145036345806 66.500000000000014 0.067489196501735002 0.097660123717031297 17.500000000000004 0.0049999786292282663 1.5000000000000002 0.92549695194969772 0.22035611249073786 0.083826715668918764
decision_type=2 2 2 2 2 2 2 2 2 2 2 2 2 2 2 2 2 2 2 2 2 2 2 2
left_child=1 13 -3 4 5 6 7 8 9 23 -11 12 -6 14 15 -1 19 -12 -4 20 21 -17 -21 -2
right_child=3 2 18 -5 11 -7 -8 -9 -10 10 17 -13 -14 -15 -16 16 -18 -19 -20 22 -22 -23 -24 -25
leaf_value=-0.0067989783276809811 -0.002934910707923565 0.0028614776694768497 -0.0036643011576165596 0.0033792572923853677 -0.0018958875737825596 -0.0023871337359236684 0.004839798283363653 -0.0028194113070453631 -0.0013809145367774036 0.0059830774390976201 0.002804098058049815 -0.0026836585195797406 0.0029032018570324045 0.0011671269931987816 -0.0081908788392257483 -0.00075178091803108753 0.0011942665040940528 -0.00045364773656399388 -0.00020184462958609532 -0.0070697174196471379 0.0012352093224287837 -0.0047750151817116723 -0.00305334604752352 -0.00025957486451510766
leaf_weight=48.478869751095772 56.649627566337585 144.41601154208183 87.07438713312149 206.09263229370117 102.57530349493027 121.96127766370773 253.38711366057396 119.71392203867435 143.5358117967844 124.41375058889389 133.5418126732111 229.7538782954216 92.417733490467072 43.256177321076393 50.057377621531487 46.644731372594833 51.95648880302906 132.02786049246788 147.75554612278938 46.230820894241333 42.540247559547424 63.091459393501282 57.501039698719978 60.708763495087624
leaf_count=168 103 148 104 81 157 58 124 136 172 124 141 157 88 63 86 112 85 114 169 118 99 172 112 82
internal_value=3.11493e-05 -0.00162717 0.000169686 0.00080488 0.000467091 0.00111384 0.00153083 0.000442769 0.00104277 0.00172847 0.00271536 -0.00127781 0.00037866 -0.00314231 -0.00360088 -0.00295629 -0.00235138 0.00118451 -0.00148572 -0.00307097 -0.00186361 -0.00306489 -0.00484335 -0.00155098
internal_weight=2605.78 829.003 379.246 1776.78 1570.69 1145.94 1023.98 770.592 650.878 507.342 389.983 424.747 194.993 449.757 406.501 356.444 307.965 265.57 234.83 256.008 152.276 109.736 103.732 117.358
internal_count=2973 1436 421 1537 1456 1054 996 872 736 564 379 402 245 1015 952 866 698 255 273 613 383 284 230 185
is_linear=0
shrinkage=0.0161547


Tree=182
num_leaves=26
num_cat=0
split_feature=43 43 4 40 21 2 44 19 19 51 51 6 0 21 42 8 13 52 52 52 50 3 8 13 44
split_gain=9.20667 4.82224 5.84201 4.76884 7.89615 4.05127 4.94729 5.25957 6.76584 5.49905 9.86882 6.92783 7.98532 5.67178 5.65104 4.65661 3.08834 2.12651 2.03521 1.97021 3.54213 3.73246 2.92099 3.53163 1.1663
threshold=0.89760000000000006 3.1809000000000007 0.59164376468402846 1.0000000180025095e-35 0.030325122034465791 1.0979799851982135 68.500000000000014 0.60344884529558129 0.4580072480266324 21.500000000000004 19.500000000000004 0.039305954340913753 0.14859437715602639 0.097828419590379814 2.5000000000000004 0.19489603572689621 0.010946569881474527 0.9359257835280298 0.85785585624879357 0.90643313574169759 82.500000000000014 1.5000000000000002 0.030777868668778702 0.048685575415873671 72.500000000000014
decision_type=2 2 2 2 2 2 2 2 2 2 2 2 2 2 2 2 2 2 2 2 2 2 2 2 2
left_child=3 2 5 16 -5 6 -2 8 9 10 11 17 -13 -14 -11 -15 24 -8 -18 -20 -21 22 23 -22 -1
right_child=1 -3 -4 4 -6 -7 7 -9 -10 14 -12 12 13 15 -16 -17 18 -19 19 20 21 -23 -24 -25 -26
leaf_value=-0.0037852139689527487 -0.0030749336320555578 0.0037566252531169228 -0.0031276300145252774 0.0055313163751626914 -0.0027858301077738168 0.0034889836318577169 -0.0041265738696171809 -0.0015075645577324506 0.0046900395263316337 0.00069750845293378846 0.0048588477460807617 0.0050911522949193761 -0.0029517122342257408 0.0035620304317122648 -0.0041008204199062372 -0.00034226505006350625 -0.0049782276622244099 -0.0006615823843876972 0.0011237664677885141 -0.0050547635787169653 0.0026731851780852716 -0.0036467224359491147 0.0041213314201644577 -0.0035501585029488083 -0.0078591266646655753
leaf_weight=50.195546492934227 98.137932628393173 120.63624668121338 113.51132732629776 57.89577953517437 61.363585963845253 122.37397330999374 82.395561128854752 243.83864492177963 122.58917474746704 149.19268181920052 165.76849663257599 120.23792788386345 101.69936519861221 145.64335942268372 112.24538892507553 176.13818818330765 46.28436641395092 105.29106909036636 66.862794876098633 72.344117358326912 41.431205600500107 83.768517568707466 43.819515958428383 55.911926969885826 28.897509142756462
leaf_count=174 142 30 57 103 103 49 98 139 69 152 141 109 115 119 100 154 123 125 141 174 100 162 75 124 89
internal_value=9.24475e-05 0.000626713 0.00042361 -0.00164495 0.00125182 0.000654544 0.000440851 0.000667095 0.00108098 0.000699113 0.0012999 0.000493286 0.00141702 0.000373837 -0.0013626 0.00142488 -0.00235069 -0.00218273 -0.0017874 -0.00138182 -0.00194537 -0.000945306 0.000657765 -0.000901378 -0.00527366
internal_weight=2588.47 1979.7 1859.06 608.775 119.259 1745.55 1623.18 1525.04 1281.2 1158.61 897.174 731.405 543.719 423.481 261.438 321.782 489.516 187.687 410.422 364.138 297.275 224.931 141.163 97.3431 79.0931
internal_count=2967 1599 1569 1368 206 1512 1463 1321 1182 1113 861 720 497 388 252 273 1162 223 899 776 635 461 299 224 263
is_linear=0
shrinkage=0.0161547


Tree=183
num_leaves=26
num_cat=0
split_feature=23 42 41 52 17 43 13 2 8 42 2 4 17 6 52 13 2 4 24 52 51 4 52 0 17
split_gain=10.251 5.24154 4.81663 4.22514 5.54603 4.45216 5.29574 3.85976 6.28995 3.33287 3.29254 13.7246 6.43848 4.04349 9.39871 7.50512 3.31476 3.33499 3.26073 5.60103 3.37042 2.85999 2.53547 2.22228 1.37206
threshold=0.13764086427658914 5.5000000000000009 1.0000000180025095e-35 1.0338057743869371 0.099597602389158407 0.70825000000000016 0.077969635596297451 1.0979799851982135 0.60692038102535517 1.5000000000000002 0.047280697042461017 0.015522210259792424 0.042150562569245383 0.40760159462211892 0.89860460146890608 0.19310610522644225 0.25633925005873615 0.056614050736130357 4.5000000000000009 0.94350096727249033 21.500000000000004 0.0024328152697836382 0.85785585624879357 0.1127824653647652 0.0026847263164415333
decision_type=2 2 2 2 2 2 2 2 2 2 2 2 2 2 2 2 2 2 2 2 2 2 2 2 2
left_child=18 2 3 5 9 23 -7 8 10 -5 12 -12 -8 14 22 -16 17 -17 19 -1 21 24 -13 -2 -20
right_child=1 -3 -4 4 -6 6 7 -9 -10 -11 11 13 -14 -15 15 16 -18 -19 20 -21 -22 -23 -24 -25 -26
leaf_value=0.0034833263107120504 -0.0059498313630043853 0.0029493203688547159 0.0033862150427594589 -0.0027548889671089056 -0.0053947956107315469 0.0037718875932642431 -0.0045972557743218468 0.0024178970500506997 -0.0040474144776058681 0.0018244588905077077 0.006365755954002475 -0.0018312131557124776 0.00098875638343423871 0.0018264864816615399 0.004021714635816488 4.1718447152308259e-05 0.0011987784012117658 -0.0039415397296919622 -0.0072250844490764719 -0.00372008856804576 -0.0074064889093308321 -0.00060211538178232338 -0.0055299208513009115 -0.00097008133169569806 -0.0029773925729665316
leaf_weight=51.129832625389099 42.09102962911129 186.18532800674438 111.49164590239525 77.792823061347008 84.463252574205399 114.35352528095245 101.22593355178833 175.43307739496231 99.071401000022888 88.849541991949081 96.478525996208191 96.965491026639938 115.05459034442902 227.7634574174881 120.91724747419357 113.46856459975243 155.44905972480774 106.19263699650764 36.032244369387627 62.733346119523048 52.91457337141037 82.541938170790672 96.506939649581909 52.631319656968117 44.177675902843475
leaf_count=112 129 74 81 124 76 156 148 75 67 95 96 111 110 156 133 110 133 103 101 154 137 178 110 120 103
internal_value=-3.50301e-05 0.000352706 0.000119852 -6.55044e-05 -0.00202254 0.000221273 0.000420454 0.000165724 -0.000131551 -0.000313295 0.00018385 0.000569909 -0.00162567 -3.97034e-05 -0.000656164 0.000521775 -0.000606434 -0.00188394 -0.00269704 -0.000485422 -0.00386468 -0.00271315 -0.00367618 -0.00318289 -0.00488556
internal_weight=2591.92 2262.39 2076.2 1964.71 251.106 1713.6 1618.88 1504.53 1329.09 166.642 1230.02 1013.74 216.281 917.263 689.5 496.028 375.11 219.661 329.53 113.863 215.666 162.752 193.472 94.7223 80.2099
internal_count=2992 2207 2133 2052 295 1757 1508 1352 1277 219 1210 952 258 856 700 479 346 213 785 266 519 382 221 249 204
is_linear=0
shrinkage=0.0161547


Tree=184
num_leaves=28
num_cat=0
split_feature=43 50 51 40 21 13 51 10 10 50 42 4 44 5 43 52 53 0 4 44 34 3 6 53 21 43 10
split_gain=8.92983 6.93405 7.25445 6.91073 9.95327 8.41612 7.32706 7.20765 11.2318 4.65888 5.05639 4.49834 5.54615 4.25433 3.97 3.96305 3.63188 3.4189 3.16157 3.6164 3.28295 3.68138 4.49593 2.79907 3.27928 1.82121 1.27519
threshold=2.1222500000000006 97.000000000000014 22.500000000000004 1.0000000180025095e-35 0.41068922962101445 0.48369619982896545 20.500000000000004 0.69667270207390086 0.23526203331410728 103.00000000000001 1.5000000000000002 0.085687894206472423 82.500000000000014 1.5000000000000002 0.98180000000000012 1.0140850737750593 0.96026625152714307 0.78183197685111827 0.058266694894104423 74.500000000000014 1.0000000180025095e-35 1.5000000000000002 0.038610921393293786 0.93027159698065931 0.034338517245139429 1.0829000000000002 0.73095659947755809
decision_type=2 2 2 2 2 2 2 2 2 2 2 2 2 2 2 2 2 2 2 2 2 2 2 2 2 2 2
left_child=1 2 3 6 5 7 11 8 -5 10 14 12 18 -8 -3 16 -4 -13 19 20 21 22 23 -1 -25 -21 -12
right_child=-2 9 15 4 -6 -7 13 -9 -10 -11 26 17 -14 -15 -16 -17 -18 -19 -20 25 -22 -23 -24 24 -26 -27 -28
leaf_value=0.00053890409694751131 0.0022028831319746219 -0.0039732222568483484 0.00035891053347630295 0.00019766601905351239 -0.0023014380119008291 0.0078782681159077581 5.6973302918884195e-05 -0.002119766945875564 0.0089219832212187843 0.00016777221866126017 -0.0069304135462349824 0.0028951235199046509 0.0031177131486640301 0.0048344062902723941 0.0019933674315675671 -0.0056566983217669368 -0.0040693722882085099 -0.00083341842135949726 -0.0054659664617830511 -0.0058973910028349156 0.00285361379842268 -0.0045857604883029739 0.002888583642971738 -0.005954573639123743 -3.9839702032549934e-05 -0.0020555282037326792 -0.0040028254314212527
leaf_weight=71.933734253048897 406.39744400978088 58.010837733745575 134.02315314114094 88.999537214636803 96.503724455833435 87.788106679916382 90.547572374343872 74.853351697325706 67.886141717433929 132.62012334167957 75.89667010307312 124.23422667384148 59.638548344373703 105.11847831308842 58.402168393135071 70.888785541057587 75.599324271082878 132.77404031157494 63.239509850740433 64.185524001717567 53.976907446980476 75.006788089871407 72.288856118917465 61.956968009471893 40.423456355929375 64.621722638607025 79.502238005399704
leaf_count=150 142 146 165 139 57 55 152 80 67 172 112 123 68 96 57 110 100 96 84 128 82 129 100 161 62 62 78
internal_value=4.31259e-06 -0.000405374 2.92509e-05 0.000476277 0.00224532 0.00361853 -0.000205214 0.00200484 0.00397277 -0.00231449 -0.00352561 -0.000831145 -0.00156867 0.00262357 -0.000979899 -0.00235476 -0.00123813 0.000968907 -0.00206104 -0.00163414 -0.00083308 -0.00145183 -0.000498615 -0.0019033 -0.00361922 -0.00396995 -0.00543266
internal_weight=2587.32 2180.92 1776.49 1495.98 416.031 319.527 1079.95 231.739 156.886 404.432 271.812 884.28 627.272 195.666 116.413 280.511 209.622 257.008 567.633 504.394 375.587 321.61 246.603 174.314 102.38 128.807 155.399
internal_count=2973 2831 2266 1891 398 341 1493 286 206 565 393 1245 1026 248 203 375 265 219 958 874 684 602 473 373 223 190 190
is_linear=0
shrinkage=0.0161547


Tree=185
num_leaves=28
num_cat=0
split_feature=43 42 17 53 51 43 50 21 19 13 43 32 4 44 4 53 53 35 51 8 0 52 0 44 53 42 50
split_gain=8.22626 6.67769 6.50076 6.30077 6.11451 5.49594 3.72539 4.26143 10.4457 7.89554 5.39274 4.47382 5.52823 4.84167 4.73844 5.4558 9.32861 3.71549 3.71424 2.47702 6.33478 2.39279 2.06497 1.91624 1.58323 1.04544 0.638198
threshold=3.4326000000000003 1.0000000180025095e-35 0.001713562872673369 0.92349798135726757 17.500000000000004 0.93070000000000008 77.500000000000014 0.023848277688202562 0.031812313678107586 0.023083175416596605 0.90155000000000007 1.0000000180025095e-35 0.47429568734793609 75.500000000000014 0.26972745521926961 0.92589480976418181 0.90036100176946687 1.0000000180025095e-35 21.500000000000004 0.1130127302920992 0.10620656146597461 1.0159266609216482 0.1100766497135708 74.500000000000014 0.94444090894248756 1.5000000000000002 91.500000000000014
decision_type=2 2 2 2 2 2 2 2 2 2 2 2 2 2 2 2 2 2 2 2 2 2 2 2 2 2 2
left_child=1 3 5 4 -1 25 -4 8 9 -8 17 12 14 -13 15 16 -12 22 19 20 -17 26 -9 -21 -24 -3 -5
right_child=-2 2 6 21 -6 -7 7 10 -10 -11 11 13 -14 -15 -16 18 -18 -19 -20 23 -22 -23 24 -25 -26 -27 -28
leaf_value=0.0039727406496914064 0.0047876522804600041 -0.0046673945529092532 -0.0020176344401921413 -0.0048910413020270662 -0.0036676727224279164 0.0005801541440638606 0.0054817612752229216 -0.0057405959596700069 0.0081585328865090029 -0.0025120049690930896 -0.00050264311449257915 -0.003327273405944374 -0.0022720214037984608 0.00090731553089102722 0.0041983905155936726 -0.0008641428283880033 0.0047971761210010922 0.0011097608295142574 -0.0024542118206185913 0.0010228522594195608 0.0044170630442057247 -0.0013527762774193613 -0.0040137707424975693 -0.0018239515295829405 -0.00019499536477388783 -0.0087572342538325878 -0.0073521293006194449
leaf_weight=58.196592167019844 90.625896453857422 32.829485148191452 163.770786434412 69.288035854697227 51.548082828521729 46.253855317831039 49.558055013418198 58.016512811183929 63.620290637016296 92.309424251317978 148.69628110527992 141.08962446451187 118.33517849445343 140.76930466294289 138.32266068458557 114.06898680329323 207.80331799387932 72.076590597629547 121.75480437278748 120.8520879149437 123.39287558197975 41.771721750497818 53.599870234727859 126.08655387163162 60.104787111282349 32.417629048228264 45.591606602072716
leaf_count=102 21 107 181 164 100 61 90 132 86 179 127 124 58 77 68 119 152 110 114 103 101 91 101 89 101 86 103
internal_value=6.65858e-06 -0.000167202 0.000122103 -0.00258433 0.000383968 -0.00367963 0.0003226 0.000519099 0.00271954 0.000280429 0.000259975 0.000621892 0.00104591 -0.00121239 0.00140253 0.00100079 0.00258662 -0.00196851 6.81149e-05 0.000702106 0.00188014 -0.00466382 -0.00326056 -0.000430722 -0.00199515 -0.00669941 -0.00586776
internal_weight=2582.75 2492.13 2225.73 266.396 109.745 111.501 2114.23 1950.46 205.488 141.867 1744.97 1501.17 1219.31 281.859 1100.98 962.655 356.5 243.798 606.155 484.401 237.462 156.651 171.721 246.939 113.705 65.2471 114.88
internal_count=2947 2926 2366 560 202 254 2112 1931 355 269 1576 1132 931 201 873 805 279 444 526 412 220 358 334 192 202 193 267
is_linear=0
shrinkage=0.0161547


Tree=186
num_leaves=25
num_cat=0
split_feature=43 37 6 0 21 2 32 43 52 43 0 21 23 21 42 43 2 2 52 17 53 19 13 53
split_gain=11.498 7.15448 5.02549 4.55709 8.28504 4.80859 4.00314 4.77708 3.96971 3.84859 3.56439 3.40571 6.3689 4.5748 3.30062 3.02997 3.09719 9.64141 2.30507 2.50678 1.75128 1.10197 2.38834 1.60569
threshold=0.97340000000000015 1.0000000180025095e-35 1.1960893011101559 0.060211663413481158 0.023848277688202562 0.021275595868812468 1.0000000180025095e-35 1.0482500000000001 0.94507234061369272 0.82440000000000013 0.022358713886540756 0.04757468413430959 0.84574299864247837 0.091765311234714139 2.5000000000000004 1.3078500000000004 0.54369698673612621 0.22156859575391727 1.0226814166942921 0.057674008328826035 0.98885778720309514 0.021337589611746883 0.013012438573171577 0.93545464895072616
decision_type=2 2 2 2 2 2 2 2 2 2 2 2 2 2 2 2 2 2 2 2 2 2 2 2
left_child=3 2 6 5 -5 10 7 -2 9 -6 14 -9 13 -13 20 -14 17 -17 19 -10 21 22 23 -1
right_child=1 -3 -4 4 8 -7 -8 11 18 -11 -12 12 15 -15 -16 16 -18 -19 -20 -21 -22 -23 -24 -25
leaf_value=-0.0039746765519117966 0.0033128236226944636 0.0036929904378473384 0.0027942500389846543 0.0050028190638216055 -0.0024991915409373982 -0.0070387177915603198 -0.002111067997569948 -0.0022318820659613697 -0.0068007404033386745 0.0020648843867996825 0.0027119483683176039 0.00060633692566216678 -0.0022680696013210959 0.005379712078602359 -0.0069347460268566743 -0.0015537919142606111 -0.0013261985134427603 0.0039785191062687505 -0.00087634297313610632 -0.0019721738577572357 -0.0049956609711170529 -0.0029121358002379681 0.0032600183165908321 0.00082997939488435851
leaf_weight=42.049458652734756 127.81257045269012 186.29720664024353 192.19890534877777 60.654595971107483 82.568894013762474 63.229995802044868 199.41541588306427 151.93717378377914 60.622099161148071 115.89196407794952 34.994087740778923 111.7117565870285 165.77467873692513 98.688584566116333 41.849007487297058 164.93555063009262 205.01653265953064 163.90868097543716 72.635895997285843 52.238250881433487 40.666231915354729 66.367426261305809 34.233130991458893 31.94118033349514
leaf_count=123 147 112 71 119 174 154 161 179 118 146 77 111 162 80 83 108 104 96 119 78 119 154 86 95
internal_value=-2.85814e-05 0.000698643 0.000345893 -0.00163559 -0.000545555 -0.00299951 7.15767e-06 0.000362185 -0.00142204 0.000166018 -0.00212515 7.06463e-06 0.000380873 0.0028453 -0.00278352 -0.000360249 0.000232169 0.00120373 -0.0031211 -0.0045658 -0.00197646 -0.00127322 -0.000268165 -0.00190054
internal_weight=2567.64 1767.7 1581.4 799.942 444.612 355.331 1389.2 1189.79 383.957 198.461 292.101 1061.97 910.036 210.4 257.106 699.635 533.861 328.844 185.496 112.86 215.257 174.591 108.224 73.9906
internal_count=2976 1331 1219 1645 754 891 1148 987 635 320 737 840 661 191 660 470 308 204 315 196 577 458 304 218
is_linear=0
shrinkage=0.0161547


Tree=187
num_leaves=27
num_cat=0
split_feature=43 13 21 51 43 46 47 4 2 6 53 44 53 17 2 44 45 13 19 24 17 42 13 13 52 52
split_gain=10.2017 6.82139 5.52772 18.28 6.78917 5.43432 5.09448 3.71792 13.9562 4.40394 3.58224 5.56305 3.54678 9.38712 7.69002 8.51653 6.85289 6.39186 3.52828 3.29128 4.39364 4.95909 2.80922 3.15286 1.52633 1.37357
threshold=3.1809000000000007 0.048685575415873671 0.024406301779123698 17.500000000000004 0.76435000000000008 1.0000000180025095e-35 1.0000000180025095e-35 0.013458501094990966 0.041973258020011402 1.3924876334906968 0.96927308852484029 73.500000000000014 0.95939497315071243 0.16624913857697618 0.52363304605122574 78.500000000000014 1.0000000180025095e-35 0.28538988919759545 0.15329535686101836 9.5000000000000018 0.001713562872673369 1.5000000000000002 0.20921002604332259 0.10651477689898391 0.9359257835280298 0.94848231247631942
decision_type=2 2 2 2 2 2 2 2 2 2 2 2 2 2 2 2 2 2 2 2 2 2 2 2 2 2
left_child=1 5 3 -3 22 19 7 8 25 12 11 -8 14 18 15 16 17 -9 -14 20 24 -22 23 -4 -1 -6
right_child=-2 2 4 -5 6 -7 10 9 -10 -11 -12 -13 13 -15 -16 -17 -18 -19 -20 -21 21 -23 -24 -25 -26 -27
leaf_value=-0.0069554063402528406 0.0049990973051238811 0.0097225789605229485 -0.002125625834580481 -0.0029386628701302073 -0.0015906481826139514 0.0019240247738471794 -0.0028341834207435668 0.0044393155413541188 0.0081374969633094714 0.0035472521997751425 -0.0031992795868209336 0.0012969875261393106 0.0018173759725743678 0.004942669708974369 -0.0034931406018841198 0.0044347566754029807 -0.0030089898179937605 -0.0015052565249804078 -0.0023684508666653808 -0.0067509014009340422 -0.0034386602698562776 0.00357813480102771 -0.00061875678090633909 -0.008424704601892723 -0.0030555072888708893 0.0014333768058690454
leaf_weight=42.365911707282066 109.50079202651978 62.339341357350349 42.197205796837807 56.941815048456192 79.723019272089005 67.640267848968506 132.20949241518974 93.456424355506897 81.488959401845932 110.44077301025391 141.2509146630764 238.57428994774818 91.480743110179901 127.69490897655487 171.32341229915619 110.19434484839439 173.74081000685692 95.381664663553238 123.50124794244766 54.309216976165771 52.657220661640167 52.48675873875618 59.379095822572708 40.775721848011017 68.595082134008408 77.117330521345139
leaf_count=117 26 85 109 108 96 145 139 99 74 41 130 170 103 67 119 77 180 88 120 147 138 78 118 107 167 87
internal_value=0.000174934 -4.09187e-05 0.000300532 0.00367842 9.80535e-05 -0.00217132 0.000359974 0.000885227 0.00271407 0.000487978 -0.00101005 -0.000176054 0.00014558 0.00147341 -0.000560859 0.00050174 -0.000693575 0.00143673 -0.000587267 -0.00319571 -0.00230226 6.40494e-05 -0.00330139 -0.00522121 -0.00454452 -0.000103756
internal_weight=2556.77 2447.27 2109.21 119.281 1989.93 338.054 1847.58 1335.54 238.329 1097.21 512.035 370.784 986.774 342.677 644.097 472.773 362.579 188.838 214.982 270.414 216.105 105.144 142.352 82.9729 110.961 156.84
internal_count=2935 2909 2117 193 1924 792 1590 1151 257 894 439 309 853 290 563 444 367 187 223 647 500 216 334 216 284 183
is_linear=0
shrinkage=0.0161547


Tree=188
num_leaves=25
num_cat=0
split_feature=21 36 44 2 15 2 19 19 51 17 40 19 19 32 39 53 4 44 22 43 13 44 50 51
split_gain=9.74359 6.87111 5.64792 4.8607 12.2345 4.76849 4.23014 4.37256 3.98128 4.46358 4.48329 6.10621 14.3849 4.58234 5.24905 3.98718 6.86856 3.97442 4.7395 3.77961 2.46522 2.43619 2.39369 2.21292
threshold=0.18716791061960444 1.0000000180025095e-35 83.500000000000014 0.6959107717136791 0.59653756188658913 1.2577535744817168 0.43138795830482601 0.23529800064569262 22.500000000000004 0.001713562872673369 1.0000000180025095e-35 0.13041947599870193 0.074473376201258393 1.0000000180025095e-35 1.0000000180025095e-35 0.9104106886150839 0.015971001771089118 75.500000000000014 1.5000000000000002 1.1118500000000002 0.11014445271930405 75.500000000000014 87.500000000000014 25.500000000000004
decision_type=2 2 2 2 2 2 2 2 2 2 2 2 2 2 2 2 2 2 2 2 2 2 2 2
left_child=2 3 8 4 6 -5 7 -2 9 22 13 12 -12 14 15 16 -11 18 -17 20 -20 23 -1 -10
right_child=1 -3 -4 5 -6 -7 -8 -9 21 10 11 -13 -14 -15 -16 17 -18 -19 19 -21 -22 -23 -24 -25
leaf_value=-0.001312043266489684 0.0022337062608390984 0.0034289869560128953 0.0029330595998497246 0.0034226472817859557 -0.0051656822233117315 -0.00011988969373058883 0.0031870173905055588 -0.0020708971274501081 -0.0071790913898335373 -4.9584564547544223e-05 -0.0012704938663192934 -0.0024549549571310893 0.0081350851970059725 -0.0050121566301302494 0.0026798889625849103 0.0036502589543054385 -0.0078289070348222627 -0.0035309751054656106 -0.0019064271727937082 -0.0033566939919343381 0.0020219482993627763 -0.00090975603215822862 -0.0059421969347973084 -0.0029458961773798078
leaf_weight=52.532039001584053 98.772849589586258 237.70833468437195 88.202176630496979 201.72083956003189 121.92870485782623 195.04440000653267 122.37554639577866 163.56661084294319 53.614891961216927 58.406961560249329 92.908354192972183 76.91788874566555 78.1153264939785 73.488884285092354 98.599295005202293 77.860293805599213 60.095968022942543 99.092823907732964 66.489781871438026 100.8435315489769 111.77153819799423 69.532690390944481 65.436000168323517 80.790337741374969
leaf_count=129 101 118 102 109 83 77 84 150 116 112 141 78 76 107 113 144 102 149 162 105 175 94 167 143
internal_value=-0.000123671 0.000985177 -0.00102445 0.000342152 -0.000706477 0.00168118 0.00070679 -0.00045018 -0.0012896 -0.000909241 -0.000556838 0.00132533 0.00302552 -0.00118186 -0.000763701 -0.00135465 -0.00399468 -0.000668658 0.000125916 -0.00085725 0.000556702 -0.00336457 -0.00388036 -0.00463454
internal_weight=2545.82 1141.12 1404.7 903.409 506.644 396.765 384.715 262.339 1316.5 1112.56 994.591 247.942 171.024 746.649 673.16 574.561 118.503 456.058 356.965 279.105 178.261 203.938 117.968 134.405
internal_count=2937 722 2215 604 418 186 335 251 2113 1760 1464 295 217 1169 1062 949 214 735 586 442 337 353 296 259
is_linear=0
shrinkage=0.0161547


Tree=189
num_leaves=23
num_cat=0
split_feature=36 44 44 53 44 17 44 53 21 17 32 53 10 0 52 19 40 17 6 2 52 21
split_gain=9.05513 8.94135 6.39985 5.40087 6.44291 11.437 6.44812 6.59766 7.41921 10.2474 5.32457 4.82684 4.54122 6.02297 4.59235 4.09403 4.05562 3.15528 3.11478 1.97314 1.70609 1.57475
threshold=1.0000000180025095e-35 78.500000000000014 70.500000000000014 0.96927308852484029 72.500000000000014 0.033661636393203236 73.500000000000014 0.95301020273056103 0.057995184620594512 0.065036546881930751 1.0000000180025095e-35 0.91367840326791383 0.31535395405384209 0.29411791615689603 0.99585146972637795 0.036741165704943554 1.0000000180025095e-35 0.23577080787981494 0.03792510669435975 0.13479794412378862 0.91245144616169471 0.077878250051777356
decision_type=2 2 2 2 2 2 2 2 2 2 2 2 2 2 2 2 2 2 2 2 2 2
left_child=2 19 11 4 5 -4 -6 8 15 -10 16 18 14 -14 20 -8 21 -11 -1 -2 -13 -5
right_child=1 -3 3 10 6 -7 7 -9 9 17 -12 12 13 -15 -16 -17 -18 -19 -20 -21 -22 -23
leaf_value=-0.0019348941401387989 0.0018087362422349745 0.0053189690695399352 -0.0017664469329742626 -0.0017273911162284212 -0.0032767433541664509 0.0051354852368795736 -0.0010576015401998172 0.0039535560745403821 0.0044919694387757364 -0.0019092735496936558 0.0020401251499615742 -0.0027170051123738114 0.0038972648479844441 -0.0021210038404289619 0.00091816505364892154 -0.0065697874307129207 0.00019362766211983865 0.0010913214403523127 -0.0067134941373260633 -0.0013217787411927777 -0.0067923415978274077 -0.0042863604510521205
leaf_weight=64.518658488988876 100.07770939171314 150.66550129652023 95.537276074290276 99.140182465314865 137.32244867086411 182.05599969625473 84.405844748020172 122.99360337853432 141.29332005977631 212.29748672246933 93.947073608636856 49.983328282833099 83.674527511000633 90.157903045415878 52.642439797520638 60.275654256343842 122.77694050967693 160.67885512113571 79.414425671100616 110.62763753533363 57.820949420332909 171.02474099397659
leaf_count=154 128 74 162 178 154 157 163 111 142 177 74 126 122 111 113 89 88 76 136 81 138 166
internal_value=-5.31526e-05 0.00231389 -0.000448803 1.96127e-05 0.000603173 0.0027601 -4.81587e-05 0.000518834 -0.000122259 0.000786948 -0.00141488 -0.00209806 -0.00103307 0.0007759 -0.00299296 -0.00335403 -0.00224093 -0.000616612 -0.00457146 0.000165107 -0.00490282 -0.00334732
internal_weight=2523.33 361.371 2161.96 1683.75 1196.86 277.593 919.267 781.945 658.951 514.27 486.889 478.212 334.279 173.832 160.447 144.681 392.942 372.976 143.933 210.705 107.804 270.165
internal_count=2920 283 2637 1737 1231 319 912 758 647 395 506 900 610 233 377 252 432 253 290 209 264 344
is_linear=0
shrinkage=0.0161547


Tree=190
num_leaves=28
num_cat=0
split_feature=43 10 44 51 10 4 50 4 23 51 52 52 30 21 0 0 42 6 10 52 0 8 44 44 42 15 1
split_gain=9.55401 4.95261 4.86442 4.81512 4.54828 4.73148 4.42669 5.71355 8.84094 6.96988 4.38699 5.20474 4.05606 5.87731 4.31904 10.2636 3.75848 8.0153 4.94115 3.51166 2.78603 1.98311 3.40815 2.90986 2.63104 2.98472 0.679033
threshold=0.80820000000000014 7.0469836853490273 85.500000000000014 24.500000000000004 4.5591253187427627 0.26972745521926961 86.500000000000014 0.0097435049662869967 0.49765193956989251 19.500000000000004 0.99585146972637795 1.0489944586052211 1.0000000180025095e-35 0.15851868276163389 0.1225246315429457 0.2434559181502077 2.5000000000000004 0.15555034806764748 0.70530312080823587 0.96797740560330181 0.05805420816531514 0.01578406549336268 72.500000000000014 74.500000000000014 1.5000000000000002 0.0086919426927218237 1.5000000000000002
decision_type=2 2 2 2 2 2 2 2 2 2 2 2 2 2 2 2 2 2 2 2 2 2 2 2 2 2 2
left_child=3 2 4 10 5 6 16 8 9 -8 21 -12 14 -14 -9 -16 17 20 -18 -17 -2 23 26 24 25 -1 -23
right_child=1 -3 -4 -5 -6 -7 7 12 -10 -11 11 -13 13 -15 15 19 18 -19 -20 -21 -22 22 -24 -25 -26 -27 -28
leaf_value=0.0027726588844913715 0.00021779972836826443 0.0030414571730389243 0.0038756802227067708 -0.0074679123377619297 -0.0027778814277352984 0.0032056168845965389 -0.0023114135420838275 0.0023879554910864855 0.006757720783331948 0.0045235761925316595 0.0040362245913875428 -0.0029536454329925636 0.0045620627648561641 -0.00032589392691211163 -0.0055393214582177925 0.0014854401489569717 -0.00012700400725840889 0.0033758737982592002 -0.0045440364212793122 -0.0021141380359657358 -0.0036787352859302762 -0.0020699447141023456 0.0014988109880205544 -0.0085010301054939397 -0.0064893979955650124 -0.0041009736409649156 -0.0052036767535485638
leaf_weight=31.097503632307053 90.357444882392883 205.77143925428391 100.27558189630508 38.343828350305557 123.10561966896057 147.29690003395081 92.317019134759903 95.480853021144867 96.863472253084183 67.335023134946823 67.86803537607193 47.090854242444038 111.93346485495567 150.5369518995285 114.53285959362984 189.19079774618149 130.31497687101364 127.5434758067131 134.11794590950012 112.96263971924782 101.88596704602242 35.971256285905838 63.054490238428116 29.502095937728882 32.408057227730751 35.089469850063324 36.210985317826271
leaf_count=105 129 71 64 115 58 91 137 109 77 81 142 118 102 102 145 168 125 112 99 114 122 93 124 90 87 115 90
internal_value=0.000229493 0.000655754 0.000408576 -0.00201296 0.000224213 0.000433881 0.000181142 0.000817686 0.00290738 0.000571319 -0.00146005 0.00117295 0.000125699 0.00175863 -0.00071113 -0.00142126 -0.000942365 0.000235904 -0.00236728 0.000139707 -0.0018473 -0.00260949 -0.00124509 -0.00404994 -0.00271806 -0.000871444 -0.00364201
internal_weight=2608.46 2191.82 1986.05 416.637 1885.78 1762.67 1615.37 1031.15 256.516 159.652 378.293 114.959 774.638 262.47 512.167 416.686 584.22 319.787 264.433 302.153 192.243 263.334 135.237 128.097 98.595 66.187 72.1822
internal_count=2985 1906 1835 1079 1771 1713 1622 1035 295 218 964 260 740 204 536 427 587 363 224 282 251 704 307 397 307 220 183
is_linear=0
shrinkage=0.0161547


Tree=191
num_leaves=26
num_cat=0
split_feature=19 19 19 17 8 47 2 0 53 53 53 53 43 53 18 46 52 15 8 43 42 17 6 19 53
split_gain=7.05327 12.2091 6.05111 4.12242 6.78923 5.02269 8.4674 7.04504 6.6311 5.75386 5.70504 5.72748 4.04129 3.8783 3.52825 2.92403 2.64483 2.48691 2.33774 2.30206 2.2135 2.4964 1.91486 1.40627 0.980534
threshold=0.031253158955431855 0.041243581000930028 0.08677482541381569 0.71121497385112031 0.91109343341465554 1.0000000180025095e-35 0.87225212596398161 0.69943706538435424 0.89503366983423693 0.92759750545561859 0.91827636368132548 0.96846862376111109 1.5776500000000002 0.99016250571260556 1.5000000000000002 1.0000000180025095e-35 0.92027754702720543 0.22983170483294299 0.053339529731633861 1.0203000000000002 1.0000000180025095e-35 0.0027521454477354881 0.025921832927592304 0.00098635831777163182 0.93665529189150665
decision_type=2 2 2 2 2 2 2 2 2 2 2 2 2 2 2 2 2 2 2 2 2 2 2 2 2
left_child=15 -2 14 4 5 6 8 9 -4 -7 -10 12 16 -13 -3 19 -12 -18 22 20 24 23 -16 -22 -1
right_child=1 2 3 -5 -6 7 -8 -9 10 -11 11 13 -14 -15 18 -17 17 -19 -20 -21 21 -23 -24 -25 -26
leaf_value=-0.0023692062778279004 0.006136588567421602 0.0016213678452817119 -0.0029033689075817163 0.0032649194466056425 -0.0029564659968916436 0.0030470781978050414 0.0051789676222512068 -0.0040814207202898231 0.0036299669138732181 -0.0014420423406566114 -5.0536891169837622e-06 0.0042906252189485244 0.0015282906457185989 0.00046797165764786035 -0.0021647585333575818 0.00080865237727678087 -0.0054685922879500887 -0.0012625146376957076 -0.00092251773645330782 -0.0051193250876088664 -0.00098478218666396881 0.0011603400715138026 -0.0059883788379301531 -0.0052852755151934451 -0.0065105303601675551
leaf_weight=29.100567936897278 95.079956188797951 58.690119370818138 115.20927622914314 136.79232349991798 147.9024538397789 131.47230859100819 126.47694927453995 122.92788124084473 197.86648020148277 171.99277067184448 102.75001312792301 130.45153479278088 129.07259613275528 147.67213189601898 65.092923924326897 80.53410167992115 74.040634840726852 72.716527372598648 99.818334653973579 74.512829631567001 45.511383205652237 80.540750473737717 71.977333977818489 35.186068415641785 30.620055079460144
leaf_count=87 139 89 127 44 69 115 66 81 162 171 122 107 72 149 113 173 108 77 142 101 117 176 124 96 111
internal_value=0.00012451 0.000474272 0.00021826 0.000568707 0.000347929 0.000668901 0.00124755 -0.00081881 0.000734823 0.000502811 0.00122531 0.000500778 -0.000792336 0.00226095 -0.00192458 -0.00192008 -0.00199282 -0.00338453 -0.0028031 -0.00266383 -0.00183577 -0.000851735 -0.00417259 -0.0028599 -0.00449255
internal_weight=2574.01 2198 2102.92 1807.34 1670.55 1522.65 1096.26 426.393 969.779 303.465 854.57 656.703 378.58 278.124 295.579 376.006 249.507 146.757 236.889 295.472 220.959 161.238 137.07 80.6975 59.7206
internal_count=2938 2077 1938 1470 1426 1357 990 367 924 286 797 635 379 256 468 861 307 185 379 688 587 389 237 213 198
is_linear=0
shrinkage=0.0161547


Tree=192
num_leaves=27
num_cat=0
split_feature=43 53 53 21 4 13 14 53 45 52 21 4 14 0 6 53 45 19 19 0 15 44 10 19 15 19
split_gain=7.77499 5.03617 4.70467 5.77464 9.06154 6.25684 5.42927 5.53283 4.93412 4.38224 4.37781 4.18927 3.90999 6.23663 6.14848 6.47595 5.23704 3.72829 3.20414 2.33918 1.76325 1.12303 0.988005 1.98144 1.03743 0.475998
threshold=0.70825000000000016 0.89503366983423693 0.9044779997833764 0.031900207812596566 0.019029090946165689 0.17620109618591498 1.5000000000000002 0.96429410213605971 1.0000000180025095e-35 0.99585146972637795 0.19710008547212834 0.015522210259792424 5.5000000000000009 1.1242910742283987 0.2675861088979834 0.97818176446533378 1.0000000180025095e-35 0.14173115673845091 0.029168994356411623 1.5854747217449221 0.10921618943036777 72.500000000000014 0.3931776299411926 0.027077736594778561 0.012613887895981455 0.00098635831777163182
decision_type=2 2 2 2 2 2 2 2 2 2 2 2 2 2 2 2 2 2 2 2 2 2 2 2 2 2
left_child=9 10 -3 4 6 8 7 -4 21 22 20 -7 13 14 15 17 -16 -13 -11 -14 -2 -5 23 24 25 -1
right_child=1 2 3 5 -6 11 -8 -9 -10 18 -12 12 19 -15 16 -17 -18 -19 -20 -21 -22 -23 -24 -25 -26 -27
leaf_value=-0.0032369694798595455 -0.0018117911506288068 0.0035091562569262648 0.0054913801558321993 -0.0018470651883761709 0.0080767783294476998 0.0029298775019490435 -0.0020105246025868147 -0.00075480920491309772 -0.0053618941312798271 -0.0025952447329656717 0.00076862006941351131 0.0026407908714412144 0.00033537794306560633 -0.0038483172900478902 0.0041995907721371767 -0.0047732228259933255 -0.00056159886255323268 -0.0013796518133411774 0.0038983242301510869 0.0026150031653199781 -0.0054032306234227667 0.0010499550360509324 -0.0016025035431627465 -0.007624035032402509 -0.00096822092062155305 -0.0063209106481392574
leaf_weight=27.964412122964859 79.475408941507339 159.19730857014656 94.119904935359955 70.552873104810715 63.618449300527573 180.49736186861992 86.791665226221085 60.99349108338356 84.313426703214645 40.19699040055275 118.32885095477104 98.103995591402054 244.4340954720974 118.62006494402885 140.90963131189346 94.85515108704567 105.38033598661423 155.7772142291069 39.140921801328659 226.16524219512939 64.734938323497772 69.145898878574371 34.074081048369408 40.856533274054527 31.487885341048241 24.508936360478401
leaf_count=104 121 130 132 105 76 163 135 99 124 125 84 108 146 87 117 107 96 143 83 71 78 79 79 129 104 98
internal_value=0.000286635 0.00057249 0.000841849 0.000617685 0.00265166 0.000226544 0.00122491 0.00303526 -0.00227575 -0.00249238 -0.00153433 0.000637276 0.000287848 -0.000465941 0.000208344 -0.00117169 0.00216242 0.000173915 0.000608322 0.00143094 -0.00342396 -0.000413144 -0.00404062 -0.0047062 -0.00328635 -0.0046774
internal_weight=2554.25 2316.02 2053.48 1894.28 305.524 1588.76 241.905 155.113 224.012 238.23 262.539 1364.74 1184.25 713.646 595.026 348.736 246.29 253.881 79.3379 470.599 144.21 139.699 158.892 124.818 83.9612 52.4733
internal_count=2923 2201 1918 1788 442 1346 366 231 308 722 283 1038 875 658 571 358 213 251 208 217 199 184 514 435 306 202
is_linear=0
shrinkage=0.0161547


Tree=193
num_leaves=27
num_cat=0
split_feature=13 15 44 14 32 4 8 45 34 45 53 53 14 4 15 13 42 21 30 35 53 53 19 4 43 10
split_gain=7.94441 6.54513 7.03654 5.29157 6.12073 6.48864 7.48857 6.37319 5.14122 4.72189 7.39708 6.15218 6.09484 4.2593 4.07878 3.81586 3.66636 3.26128 4.54034 3.56059 3.18643 3.06175 2.98795 2.94876 2.56643 2.04104
threshold=0.058786042100752355 0.038623964197332834 68.500000000000014 7.5000000000000009 1.0000000180025095e-35 0.015971001771089118 0.029592423316804832 1.0000000180025095e-35 1.0000000180025095e-35 1.0000000180025095e-35 0.91612881845388394 0.92106065656398939 4.5000000000000009 0.11600150133633073 0.10921618943036777 0.35396802875820826 3.5000000000000004 0.017407845459664457 1.0000000180025095e-35 1.0000000180025095e-35 0.94582288360085498 0.95624557092692297 0.010644390929717302 0.045684673516814552 0.73490000000000011 1.4270572285764784
decision_type=2 2 2 2 2 2 2 2 2 2 2 2 2 2 2 2 2 2 2 2 2 2 2 2 2 2
left_child=8 -2 23 4 5 6 14 -6 17 10 13 -11 15 -7 -4 -13 21 18 19 20 22 -12 -1 -3 -22 -23
right_child=1 2 3 -5 7 9 -8 -9 -10 11 16 12 -14 -15 -16 -17 -18 -19 -20 -21 24 25 -24 -25 -26 -27
leaf_value=-0.0019700416222469233 0.0050614098304021171 -0.0051233250988350285 0.0038513267706283723 0.0031793146065820154 -0.0042001395779634604 0.0056839278670545341 0.0065728715765934623 0.00065386228268819789 0.0027483472248272605 -0.0037408457179036723 -0.0024590705423312435 0.00040132310618416794 0.0028750409916938036 0.0013227306962878566 -0.00050841879179648879 -0.0042984280094219224 0.0023720200931428475 -0.0057513413925582568 -0.0064630963224155021 0.0031716621425897651 -0.007851976888033364 -0.0010318626643142713 0.0038675110470939283 -0.00046982653513405562 -0.0018480423007898516 0.0023985841848737648
leaf_weight=67.328084871172905 86.579897075891495 75.584203630685806 95.435038194060326 213.89909946918488 136.5132705271244 117.59862446784973 100.65592408180237 146.18570387363434 55.8880285769701 141.39868101477623 163.76323647797108 104.77957357466221 137.52908378839493 116.17818635702133 135.53686931729317 79.13908925652504 124.94540894031525 66.362423598766327 44.575218364596367 46.320487543940544 31.839958533644676 95.915363371372223 34.664301469922066 67.071121335029602 44.617205142974854 85.712000131607056
leaf_count=181 130 159 133 71 113 104 99 111 98 132 163 132 94 80 134 76 70 145 89 87 134 112 77 104 82 70
internal_value=0.000333477 0.000707003 0.000530655 0.000778479 0.000490184 0.00090148 0.00289554 -0.0016901 -0.0017883 0.000334807 0.00116796 -0.000932647 0.000302626 0.00351658 0.00129298 -0.00162095 6.03048e-07 -0.00254355 -0.0017532 -0.00081916 -0.00185507 -0.00085726 1.39759e-05 -0.00293543 -0.00434833 0.000587004
internal_weight=2616.02 2224.42 2137.84 1995.19 1781.29 1498.59 331.628 282.699 391.596 1166.96 704.113 462.846 321.448 233.777 230.972 183.919 470.336 335.708 269.345 224.77 178.45 345.391 101.992 142.655 76.4572 181.627
internal_count=2980 2087 1957 1694 1623 1399 366 224 893 1033 599 434 302 184 267 208 415 795 650 561 474 345 258 263 216 182
is_linear=0
shrinkage=0.0161547


Tree=194
num_leaves=27
num_cat=0
split_feature=44 13 21 34 0 44 10 13 23 44 23 4 10 44 8 42 13 13 53 13 21 35 53 43 15 17
split_gain=9.30885 7.54584 9.35808 6.91986 5.07807 5.16852 4.53107 5.2994 3.71425 6.87362 8.08021 8.93864 5.733 5.2022 4.78287 4.74464 4.39158 3.15574 3.09769 2.98718 4.02559 2.09952 1.5472 1.8286 1.27451 1.25792
threshold=66.500000000000014 0.046971592009161449 0.023848277688202562 1.0000000180025095e-35 2.6090915501487086 83.500000000000014 4.5591253187427627 0.10004650618033455 0.84574299864247837 74.500000000000014 0.52723960300545647 0.038489463228305924 2.1877624247317011 75.500000000000014 0.064708051313016671 2.5000000000000004 0.14754236672546936 0.075415531613704137 0.97032542170317393 0.53568890662548763 0.18716791061960444 1.0000000180025095e-35 0.91000072448503511 0.97340000000000015 0.033817245443487 0.0030754043338470775
decision_type=2 2 2 2 2 2 2 2 2 2 2 2 2 2 2 2 2 2 2 2 2 2 2 2 2 2
left_child=24 3 -3 21 5 6 7 17 9 10 16 -12 13 19 -11 -15 -9 -4 -14 20 -10 22 -2 25 -1 -24
right_child=1 2 4 -5 -6 -7 -8 8 12 14 11 -13 18 15 -16 -17 -18 -19 -20 -21 -22 -23 23 -25 -26 -27
leaf_value=-0.0030505764253532354 -0.0015124331599112889 0.0050877026746391513 -0.00070410966764844832 0.0035293118778470839 0.0028378438748448199 0.002686057319556403 -0.0030900068303232327 0.0021106786294275873 -0.0030883175635394947 -0.0041634526672758802 0.0080147829917781924 0.0010271405848803427 8.0431760687139868e-05 0.0029049806630646827 0.0012911628784913816 -0.0015488703885885081 -0.0033294502521838245 -0.005804936031790932 0.0032373031129622758 -0.0038837285554982242 0.0014273217511838467 -0.0004175194745561892 -0.0046883162554847216 -0.0022479229489403784 -0.0068548049725886129 -0.0084134936308129741
leaf_weight=44.890403851866722 44.522854268550873 112.57432922720909 66.241136789321899 45.361746147274971 188.61929452419281 177.68930847942829 131.45410490036011 100.68818955123425 113.68668746948242 79.929000988602638 107.05500644445419 86.280801624059677 190.05114421248436 122.07022428512573 88.297721028327942 127.74239701032639 62.929266601800919 60.620924413204193 141.52609160542488 180.18611738085747 94.222227901220322 50.053479894995689 58.583561271429062 44.583121061325073 47.095167562365532 39.680607318878174
leaf_count=152 107 161 108 81 66 121 67 141 132 108 108 104 136 106 103 85 99 103 92 147 95 86 180 62 111 116
internal_value=4.93323e-05 0.000233973 0.000548972 -0.00225213 0.00030788 6.0712e-05 -0.000205404 2.84456e-05 0.000297503 0.00139166 0.00266042 0.00489638 -0.000295213 -0.00119085 -0.00130047 0.000627491 1.83388e-05 -0.00314154 0.00142787 -0.0023613 -0.00104188 -0.00335673 -0.0041419 -0.00496145 -0.00499828 -0.0061926
internal_weight=2606.63 2514.65 2231.86 282.785 2119.29 1930.67 1752.98 1621.53 1494.66 525.18 356.953 193.336 969.485 637.908 168.227 249.813 163.617 126.862 331.577 388.095 207.909 237.424 187.37 142.847 91.9856 98.2642
internal_count=2977 2714 2082 632 1921 1855 1734 1667 1456 663 452 212 793 565 211 191 240 211 228 374 227 551 465 358 263 296
is_linear=0
shrinkage=0.0161547


Tree=195
num_leaves=26
num_cat=0
split_feature=43 43 8 21 44 52 51 15 19 0 50 53 53 8 52 53 15 53 53 30 19 15 4 4 15
split_gain=6.12873 4.41955 5.50426 4.83268 4.44409 3.94506 4.71908 4.12338 13.6599 3.86107 5.27268 4.84589 9.83826 3.84772 3.36844 3.23524 3.08804 4.31975 6.56984 6.61559 9.0965 2.4297 1.63035 3.00549 1.43033
threshold=0.82440000000000013 3.1809000000000007 0.42398549337430741 0.82652865950678189 68.500000000000014 0.87384522951389332 23.500000000000004 0.02469620695384386 0.017526471676459526 0.84722822444776991 97.000000000000014 0.89503366983423693 0.90772580004570147 0.080630441767862979 0.95515907072733131 0.93363190571070875 0.36231945035221397 1.0078243535794764 0.97089362745912899 1.0000000180025095e-35 0.091537198447371404 0.15669088397870931 0.0032801341608286109 0.017748800737366132 0.043878581460253044
decision_type=2 2 2 2 2 2 2 2 2 2 2 2 2 2 2 2 2 2 2 2 2 2 2 2 2
left_child=5 2 4 -4 14 24 7 8 15 10 11 -6 -13 22 -2 -7 17 18 19 20 -14 -12 -9 -24 -1
right_child=1 -3 3 -5 9 6 -8 13 -10 -11 21 12 16 -15 -16 -17 -18 -19 -20 -21 -22 -23 23 -25 -26
leaf_value=-0.0072256694550219156 -0.0047230309933690784 0.0034238978439568688 -0.0026783528736907133 0.00088925433276058094 -0.0015772028205608549 0.0015188992942823383 -0.0060668980765102229 -0.00610361158152472 0.010754421941921907 0.0034709011656932644 0.00012854318507689801 0.0060478957401361071 -0.0026100287462568058 0.0011397196041467827 0.00055636408559846316 -0.0043053539800013514 -0.00084066119799174705 0.0047667966332651211 -0.0022127595343102999 0.0050679907182380095 0.0031498634830798896 -0.0031630278889644139 0.00092979325216911355 -0.0051328085967073936 -0.0025781864170305886
leaf_weight=37.1878502368927 63.784623652696609 131.10465550422668 254.58093732595444 162.23884391784668 138.47874802350998 56.288677290081978 40.820091843605042 40.72638051211834 34.221767097711563 153.54639327526093 123.60399508476257 116.74267855286598 126.59226679801941 76.955041244626045 62.390027433633804 44.620472073554993 179.0071012377739 93.572883307933807 126.7154481112957 126.69581466913223 164.58866289258003 111.15798360109329 41.661058038473129 43.750295177102089 32.286575615406036
leaf_count=127 106 31 174 64 142 148 117 109 69 93 145 93 171 137 87 154 130 93 140 109 152 106 95 103 75
internal_value=0.000189696 0.000550364 0.000362344 -0.00128973 0.00079629 -0.00152696 -0.000878322 -0.000252115 0.00193461 0.00104755 0.000762889 0.00124294 0.00166111 -0.00170708 -0.00211251 -0.0010565 0.0010344 0.00156036 0.00100942 0.00198651 0.000645723 -0.00142999 -0.00344388 -0.00217566 -0.00506586
internal_weight=2583.32 2134.8 2003.7 416.82 1586.88 448.518 379.044 338.224 135.131 1460.7 1307.16 1072.39 933.915 203.093 126.175 100.909 817.172 638.165 544.592 417.877 291.181 234.762 126.138 85.4114 69.4744
internal_count=2970 1836 1805 238 1567 1134 932 815 371 1374 1281 1030 888 444 193 302 795 665 572 432 323 251 307 198 202
is_linear=0
shrinkage=0.0161547


Tree=196
num_leaves=25
num_cat=0
split_feature=40 44 47 51 36 53 53 13 47 15 17 13 2 19 10 19 53 53 5 0 53 53 50 53
split_gain=5.3694 7.86482 5.05033 6.80511 4.57188 4.05826 4.19417 4.88228 5.7633 6.67453 6.54625 9.17023 5.96802 4.52088 3.75831 3.30928 2.64408 3.72032 2.50779 9.30121 2.48685 1.72495 1.38297 0.885881
threshold=1.0000000180025095e-35 68.500000000000014 1.0000000180025095e-35 18.500000000000004 1.0000000180025095e-35 0.89631260918046507 0.90737361068105649 0.41249317918221301 1.0000000180025095e-35 0.026349722016291693 0.024923097888073485 0.22434578067777441 0.026426740220790185 0.46767483895463152 0.70530312080823587 0.050169397819562582 0.89749204163746066 0.97153716711260174 2.5000000000000004 0.16174248102756419 0.93363190571070875 0.94444090894248756 91.500000000000014 0.93761494496119846
decision_type=2 2 2 2 2 2 2 2 2 2 2 2 2 2 2 2 2 2 2 2 2 2 2 2
left_child=1 16 3 18 5 14 -7 8 9 21 15 -12 -10 -9 -3 -11 -1 23 19 -2 -4 -8 -5 -18
right_child=2 4 20 22 -6 6 7 13 12 10 11 -13 -14 -15 -16 -17 17 -19 -20 -21 -22 -23 -24 -25
leaf_value=0.00016544343299691868 0.0060504167770474692 -0.0054891819233535335 0.0007047163454666377 -0.0008698194710417556 0.0021165271340080555 0.0029137859661644313 -0.0067579770839292543 -0.0039089673176790751 0.0065668262267534064 0.0059322607184084239 -0.0047167240138205379 0.0016230500614286517 0.00056306510624804776 -0.00039457435577407168 -0.00057726486015112748 0.00078405942760368037 -0.0051666172744104883 -0.0012956524584811699 0.0055187456583069066 -0.0013793643157372195 -0.0026445319548274067 -0.0024759683053867886 0.0014165086380110499 -0.0082760287025678177
leaf_weight=40.049522757530212 90.03398796916008 76.505297392606735 116.54751272499561 163.80684715509415 201.71541097760201 105.41329142451286 41.6904067248106 166.99803057312965 68.898291602730751 65.154957488179207 105.30975988507271 137.00947365164757 115.89165461063385 223.20015403628349 86.748244822025299 65.186186388134956 61.688474714756012 60.191754892468452 111.43814870715141 85.952623516321182 114.89111472666264 59.722393900156021 119.35392864048481 39.048257067799568
leaf_count=85 104 133 91 138 176 113 101 167 111 101 154 154 143 131 79 87 156 141 53 80 95 140 86 104
internal_value=-3.67162e-05 -0.00054561 0.00105491 0.00187135 -0.000148365 -0.000495071 -0.000157943 -0.000466601 0.000381515 -0.000561794 0.000438153 -0.00113216 0.00280155 -0.00189867 -0.00287913 0.00335754 -0.00354888 -0.00447325 0.00362245 0.00242168 -0.000957923 -0.00423629 9.38812e-05 -0.00637191
internal_weight=2522.45 1720.42 802.024 570.586 1519.44 1317.73 1154.47 1049.06 658.863 474.073 372.66 242.319 184.79 390.198 163.254 130.341 200.978 160.928 287.425 175.987 231.439 101.413 283.161 100.737
internal_count=2923 2276 647 461 1790 1614 1402 1289 991 737 496 308 254 298 212 188 486 401 237 184 186 241 224 260
is_linear=0
shrinkage=0.0161547


Tree=197
num_leaves=24
num_cat=0
split_feature=44 0 0 51 53 50 16 50 10 50 21 0 6 17 2 15 2 44 23 42 53 15 2
split_gain=7.49605 4.93895 6.33176 7.92461 5.53868 5.7076 10.1944 8.65049 5.34092 5.17066 5.52619 5.80846 5.03373 5.10535 3.1899 2.74337 2.72215 5.27053 2.63095 3.99397 2.27781 2.0919 1.27605
threshold=68.500000000000014 0.25933766822591509 0.14628200659390142 13.500000000000002 0.90268025950846431 89.500000000000014 2.5000000000000004 97.000000000000014 0.97740276420523386 82.500000000000014 0.93720527179365976 1.0770427023413858 0.41774149803236488 0.092795122822513801 0.12133309037466546 0.55370836040124183 0.047280697042461017 75.500000000000014 0.2577373203895203 1.5000000000000002 0.9533933594012467 0.12886338985245557 0.0086537969664862349
decision_type=2 2 2 2 2 2 2 2 2 2 2 2 2 2 2 2 2 2 2 2 2 2 2
left_child=18 2 3 -2 -5 16 7 -7 -3 15 11 12 13 -11 -4 -10 17 20 19 22 -6 -20 -1
right_child=1 8 14 4 5 6 -8 -9 9 10 -12 -13 -14 -15 -16 -17 -18 -19 21 -21 -22 -23 -24
leaf_value=-0.0014670337950198234 0.0050624851952178916 0.0039383301356529102 -0.0008110847728320734 -0.0037105135920342484 -0.005994932120259565 0.0072925909152530529 -0.001952649438213257 8.0155148389351785e-05 0.00095837650078381485 -0.003335124512047009 0.0026990301874512393 -0.0026942458498170358 0.0029033502769952057 0.0012031135413762461 -0.0044145247154228802 0.0040383344276015646 0.0010773501357454545 0.0011626123040932709 -0.0062859701366650873 0.0031284119426543125 -0.001876169352267308 -0.0021004356132016543 -0.0058676439326011678
leaf_weight=47.384425908327103 83.215440526604652 155.27242687344551 131.09491729736328 100.99941895902157 72.247369229793549 107.26678587496281 105.30011054873466 72.888021469116211 147.00683033466339 116.78411111235619 164.55817776918411 227.12436252832413 148.36005747318268 145.03093808889389 125.4773096293211 155.10320582985878 103.28449374437332 81.777363985776901 61.708616346120834 42.836291044950485 68.044615507125854 62.955551594495773 26.992388889193535
leaf_count=153 114 146 155 174 137 154 136 123 133 134 56 136 104 111 140 68 118 126 137 84 120 94 91
internal_value=0.000167279 0.000450501 -0.000366763 0.000345356 -0.000206111 0.000373355 0.00204054 0.00437454 0.001133 0.000738432 5.98098e-05 -0.000621668 0.000525971 -0.000821194 -0.00257336 0.00253963 -0.00108938 -0.00209712 -0.00253856 -0.000800992 -0.00399724 -0.00417227 -0.00306408
internal_weight=2552.71 2310.84 1051.6 795.024 711.808 610.809 285.455 180.155 1259.24 1103.97 801.858 637.299 410.175 261.815 256.572 302.11 325.354 222.069 241.877 117.213 140.292 124.664 74.3768
internal_count=2944 2385 1497 1202 1088 914 413 277 888 742 541 485 349 245 295 201 501 383 559 328 257 231 244
is_linear=0
shrinkage=0.0161547


end of trees

feature_importances:
raf_score_base=805
pcp_provider_id_te=417
county_id_te=342
age=323
cost_professional_12m_ratio=245
hcc_count=221
cost_inpatient_12m_ratio=215
cost_er_12m_ratio=201
county_freq=198
pcp_freq=197
cost_er_6m_ratio=188
cost_rx_12m_ratio=172
cost_inpatient_6m_ratio=166
cost_outpatient_12m_ratio=165
cost_rx_6m_ratio=145
cost_professional_6m_ratio=129
cost_outpatient_6m_ratio=125
cost_total_12m_ratio=91
cost_total_6m_ratio=82
hcc_14=65
sex_male=50
claims_inpatient_12m=46
hcc_04=40
hcc_09=37
orec=28
claims_inpatient_6m=25
hcc_06=25
claims_er_12m=22
dual=19
claims_total_12m=12
hcc_02=12
hcc_08=11
claims_er_6m=10
hcc_13=10
claims_outpatient_6m=6
hcc_11=6
claims_rx_12m=4
hcc_10=4
claims_outpatient_12m=3
months_history_available=2
hcc_03=2
claims_professional_6m=1
claims_total_6m=1
claims_professional_12m=1
hcc_12=1
hcc_15=1

parameters:
[boosting: gbdt]
[objective: tweedie]
[metric: tweedie]
[tree_learner: serial]
[device_type: cpu]
[data_sample_strategy: bagging]
[data: ]
[valid: ]
[num_iterations: 198]
[learning_rate: 0.0161547]
[num_leaves: 112]
[num_threads: 4]
[seed: 42]
[deterministic: 1]
[force_col_wise: 0]
[force_row_wise: 0]
[histogram_pool_size: -1]
[max_depth: -1]
[min_data_in_leaf: 91]
[min_sum_hessian_in_leaf: 0.001]
[bagging_fraction: 0.84885]
[pos_bagging_fraction: 1]
[neg_bagging_fraction: 1]
[bagging_freq: 1]
[bagging_seed: 42]
[bagging_by_query: 0]
[feature_fraction: 0.889062]
[feature_fraction_bynode: 1]
[feature_fraction_seed: 42]
[extra_trees: 0]
[extra_seed: 12879]
[early_stopping_round: 0]
[early_stopping_min_delta: 0]
[first_metric_only: 0]
[max_delta_step: 0]
[lambda_l1: 0]
[lambda_l2: 0]
[linear_lambda: 0]
[min_gain_to_split: 0]
[drop_rate: 0.1]
[max_drop: 50]
[skip_drop: 0.5]
[xgboost_dart_mode: 0]
[uniform_drop: 0]
[drop_seed: 17869]
[top_rate: 0.2]
[other_rate: 0.1]
[min_data_per_group: 100]
[max_cat_threshold: 32]
[cat_l2: 10]
[cat_smooth: 10]
[max_cat_to_onehot: 4]
[top_k: 20]
[monotone_constraints: ]
[monotone_constraints_method: basic]
[monotone_penalty: 0]
[feature_contri: ]
[forcedsplits_filename: ]
[refit_decay_rate: 0.9]
[cegb_tradeoff: 1]
[cegb_penalty_split: 0]
[cegb_penalty_feature_lazy: ]
[cegb_penalty_feature_coupled: ]
[path_smooth: 0]
[interaction_constraints: ]
[verbosity: -1]
[saved_feature_importance_type: 0]
[use_quantized_grad: 0]
[num_grad_quant_bins: 4]
[quant_train_renew_leaf: 0]
[stochastic_rounding: 1]
[linear_tree: 0]
[max_bin: 255]
[max_bin_by_feature: ]
[min_data_in_bin: 3]
[bin_construct_sample_cnt: 200000]
[data_random_seed: 175]
[is_enable_sparse: 1]
[enable_bundle: 1]
[use_missing: 1]
[zero_as_missing: 0]
[feature_pre_filter: 1]
[pre_partition: 0]
[two_round: 0]
[header: 0]
[label_column: ]
[weight_column: ]
[group_column: ]
[ignore_column: ]
[categorical_feature: ]
[forcedbins_filename: ]
[precise_float_parser: 0]
[parser_config_file: ]
[objective_seed: 16083]
[num_class: 1]
[is_unbalance: 0]
[scale_pos_weight: 1]
[sigmoid: 1]
[boost_from_average: 1]
[reg_sqrt: 0]
[alpha: 0.9]
[fair_c: 1]
[poisson_max_delta_step: 0.7]
[tweedie_variance_power: 1.26216]
[lambdarank_truncation_level: 30]
[lambdarank_norm: 1]
[label_gain: ]
[lambdarank_position_bias_regularization: 0]
[eval_at: ]
[multi_error_top_k: 1]
[auc_mu_weights: ]
[num_machines: 1]
[local_listen_port: 12400]
[time_out: 120]
[machine_list_filename: ]
[machines: ]
[gpu_platform_id: -1]
[gpu_device_id: -1]
[gpu_device_id_list: ]
[gpu_use_dp: 0]
[num_gpu: 1]

end of parameters

pandas_categorical:[]
