tree
version=v4
num_class=1
num_tree_per_iteration=1
label_index=0
max_feature_idx=9
objective=tweedie
feature_names=age sex_male dual orec esrd enrollment_month county_freq pcp_freq county_id_te pcp_provider_id_te
feature_infos=[66:100] [0:1] [0:1] [0:3] none [1:12] [74:110] [7:31] [0.76609677476395865:1.1103457586311509] [0.81182750680725169:1.1545656391868817]
tree_sizes=757 869 764 867 863 762 869 869 871 869 769 870 869 872 872 873 874 868 869 871 870 872 870 874 867 869 873 875 874 872 869 871 873 776 877 872 867 873 872 771 875 866 872 872 875 872 880 872 871 872 873 873 876 877 880 870 874 886 875 874 878 880 872 880 875 874 871 880 881 874 875 879 873 877 875 875 878 872 880 874 872 881 874 874 872 879 883 881 879 878 874 883 876 875 865 872 882 874 871 871 880 874 880 874 874 773 889 871 870 877 883 874 879 882 872 878 877 880 876 878 877 877 881 878 878 875 883 879 875 880 878 883 879 879 876 882 875 876 778 882 878 876 874 780 884 878 882 870 881 888

Tree=0
num_leaves=6
num_cat=0
split_feature=5 0 9 9 8
split_gain=21.6288 12.9913 11.2881 11.2129 8.97728
threshold=6.5000000000000009 72.500000000000014 0.91408511465999165 0.94932786211795017 0.91706344704376541
decision_type=2 2 2 2 2
left_child=2 -2 -1 -4 -3
right_child=1 4 3 -5 -6
leaf_value=-0.20923525216331401 -0.25098845748057691 -0.23135119544243371 -0.15494556039302301 -0.19247863591458575 -0.19231309577777989
leaf_weight=38.901864975690842 24.19264879822731 24.357549160718918 34.665022522211075 46.714671850204468 37.245945781469345
leaf_count=48 41 36 22 49 39
internal_value=-0.200762 -0.219941 -0.187081 -0.176491 -0.207748
internal_weight=206.078 85.7961 120.282 81.3797 61.6035
internal_count=235 116 119 71 75
is_linear=0
shrinkage=1


Tree=1
num_leaves=7
num_cat=0
split_feature=0 6 6 6 6 0
split_gain=16.4505 12.0275 9.11923 15.8201 6.05636 1.48289
threshold=72.500000000000014 82.500000000000014 98.500000000000014 83.500000000000014 93.500000000000014 70.500000000000014
decision_type=2 2 2 2 2 2
left_child=1 -1 3 -2 -5 -3
right_child=2 5 -4 4 -6 -7
leaf_value=0.005648457155761958 0.020002993557172256 -0.04624354073264763 0.027005925948949058 -0.036482352053772427 0.00018200186343846073 -0.026455799848597267
leaf_weight=26.559633940458298 50.898819744586945 22.697995692491531 50.657362371683121 25.838123142719269 19.967341542243958 16.243625670671463
leaf_count=28 45 37 41 39 22 23
internal_value=0.000553518 -0.0202951 0.00982058 0.00081824 -0.0204998 -0.0379895
internal_weight=212.863 65.5013 147.362 96.7043 45.8055 38.9416
internal_count=235 88 147 106 61 60
is_linear=0
shrinkage=0.05


Tree=2
num_leaves=6
num_cat=0
split_feature=5 8 0 0 8
split_gain=27.7418 14.63 22.774 9.83392 6.16979
threshold=6.5000000000000009 0.98798033168035049 73.500000000000014 72.500000000000014 0.92331984242900755
decision_type=2 2 2 2 2
left_child=1 2 -1 -2 -5
right_child=3 -3 -4 4 -6
leaf_value=-0.029149341365122018 -0.044537428807983753 0.041830326963744557 0.024542896685829083 -0.026185854271568876 0.0046226095414072469
leaf_weight=30.646775841712952 26.579342633485794 40.68054273724556 55.542372077703476 28.385771214962006 38.012508600950241
leaf_count=44 44 26 46 40 40
internal_value=0.00191112 0.0171161 0.00545124 -0.0188364 -0.00854824
internal_weight=219.847 126.87 86.1891 92.9776 66.3983
internal_count=240 116 90 124 80
is_linear=0
shrinkage=0.05


Tree=3
num_leaves=7
num_cat=0
split_feature=5 5 8 0 0 0
split_gain=35.5223 19.4749 14.7903 18.2214 6.12733 4.83539
threshold=6.5000000000000009 10.500000000000002 0.98798033168035049 73.500000000000014 77.500000000000014 72.500000000000014
decision_type=2 2 2 2 2 2
left_child=2 4 3 -1 5 -2
right_child=1 -3 -4 -5 -6 -7
leaf_value=-0.026663180613533191 -0.044133449244908751 -0.07161672359891906 0.039914505568412924 0.021042216976527157 0.0056516105246060605 -0.010644785321108949
leaf_weight=31.494331002235413 18.935612946748734 18.355141699314117 41.696635186672211 54.923670202493668 25.729280471801758 25.02319398522377
leaf_count=45 32 36 27 47 27 31
internal_value=-0.00134581 -0.0257962 0.0154571 0.00365638 -0.0137276 -0.0250703
internal_weight=216.158 88.0432 128.115 86.418 69.6881 43.9588
internal_count=245 126 119 92 90 63
is_linear=0
shrinkage=0.05


Tree=4
num_leaves=7
num_cat=0
split_feature=5 5 0 6 8 0
split_gain=28.75 15.5128 13.5356 11.9503 11.9388 7.19406
threshold=6.5000000000000009 10.500000000000002 73.500000000000014 94.500000000000014 0.97954261554445587 77.500000000000014
decision_type=2 2 2 2 2 2
left_child=2 5 4 -4 -1 -2
right_child=1 -3 3 -5 -6 -7
leaf_value=-0.024532355864940108 -0.021272646354616984 -0.058550481847465821 0.0092524111576641806 0.047797535915797704 0.024144425796190899 0.010658679966503611
leaf_weight=29.48153430223465 46.906963527202606 20.270819365978241 39.062660545110703 41.441567540168762 21.994273722171783 28.270165592432022
leaf_count=42 66 38 38 23 18 28
internal_value=0.0011724 -0.019732 0.0162905 0.0290945 -0.00373403 -0.00926495
internal_weight=227.428 95.4479 131.98 80.5042 51.4758 75.1771
internal_count=253 132 121 61 60 94
is_linear=0
shrinkage=0.05


Tree=5
num_leaves=6
num_cat=0
split_feature=5 0 8 0 8
split_gain=31.359 13.4117 12.26 18.2674 4.61073
threshold=6.5000000000000009 72.500000000000014 0.98798033168035049 73.500000000000014 0.92331984242900755
decision_type=2 2 2 2 2
left_child=2 -2 3 -1 -3
right_child=1 4 -4 -5 -6
leaf_value=-0.024209607580420178 -0.05591678968245687 -0.025200690117720595 0.039800099772507952 0.023524124884117689 0.0016876286879908015
leaf_weight=31.34009525179863 22.012933045625687 29.540228873491287 39.880836218595505 55.60370147228241 34.638576000928879
leaf_count=45 42 43 25 45 38
internal_value=0.00103132 -0.0222396 0.0168466 0.00631784 -0.0106885
internal_weight=213.016 86.1917 126.825 86.9438 64.1788
internal_count=238 123 115 90 81
is_linear=0
shrinkage=0.05


Tree=6
num_leaves=7
num_cat=0
split_feature=5 5 8 6 8 8
split_gain=26.0443 14.5286 7.35021 7.32587 7.07584 10.2726
threshold=6.5000000000000009 10.500000000000002 0.98798033168035049 94.500000000000014 0.97001380033895535 0.92331984242900755
decision_type=2 2 2 2 2 2
left_child=2 4 3 -1 5 -2
right_child=1 -3 -4 -5 -6 -7
leaf_value=-0.0081261968219258126 -0.018117127107093744 -0.057840729760407807 0.034376400911720596 0.021771767296715067 -0.032959824110744822 0.026300300205346478
leaf_weight=35.862187892198563 28.658912539482117 17.926338464021683 43.075386196374893 47.795068264007568 19.891087621450424 23.84968289732933
leaf_count=43 40 35 29 41 31 20
internal_value=0.00297382 -0.0175414 0.0175956 0.00895511 -0.00756316 0.0020575
internal_weight=217.059 90.326 126.733 83.6573 72.3997 52.5086
internal_count=239 126 113 84 91 60
is_linear=0
shrinkage=0.05


Tree=7
num_leaves=7
num_cat=0
split_feature=0 5 6 3 6 8
split_gain=14.3828 11.5124 9.72122 17.5826 9.66736 3.71912
threshold=75.500000000000014 1.5000000000000002 99.500000000000014 1.0000000180025095e-35 83.500000000000014 0.93763497399644036
decision_type=2 2 2 2 2 2
left_child=4 -2 3 -3 -1 -6
right_child=1 2 -4 -5 5 -7
leaf_value=0.0052985672911184363 0.040558112141238722 -0.029390055395382482 0.029695056279561524 0.027698769080406572 -0.01663704060455683 -0.042697697515583777
leaf_weight=41.577294886112213 28.174775660037994 35.645791947841644 24.766902506351471 21.696331262588501 37.375663369894028 21.603110641241074
leaf_count=46 17 51 19 17 52 36
internal_value=0.00051023 0.0129801 0.00351709 -0.00778956 -0.013166 -0.0261827
internal_weight=210.84 110.284 82.109 57.3421 100.556 58.9788
internal_count=238 104 87 68 134 88
is_linear=0
shrinkage=0.05


Tree=8
num_leaves=7
num_cat=0
split_feature=0 7 9 9 1 7
split_gain=11.0464 6.9698 5.00578 5.90234 6.57075 2.21667
threshold=72.500000000000014 17.500000000000004 0.88843875632511971 0.90695698981273087 1.0000000180025095e-35 18.500000000000004
decision_type=2 2 2 2 2 2
left_child=1 -1 -2 -4 5 -5
right_child=2 -3 3 4 -6 -7
leaf_value=-0.0031871117598516728 -0.010388566650619106 -0.03825918677282325 0.035711160468141503 0.0092906341446154193 -0.0077552970861462416 0.028281529379017029
leaf_weight=39.277247995138168 26.635501086711884 22.156685382127762 24.110257387161255 32.089969515800476 39.442329943180084 29.48302361369133
leaf_count=49 33 37 17 32 47 23
internal_value=0.0020521 -0.0158362 0.00929339 0.0134831 0.00817771 0.0183841
internal_weight=213.195 61.4339 151.761 125.126 101.015 61.573
internal_count=238 86 152 119 102 55
is_linear=0
shrinkage=0.05


Tree=9
num_leaves=7
num_cat=0
split_feature=5 0 8 6 5 8
split_gain=19.8544 11.0704 16.7623 11.0117 10.6258 4.72613
threshold=6.5000000000000009 73.500000000000014 0.98408243548410612 94.500000000000014 10.500000000000002 0.90364972717805603
decision_type=2 2 2 2 2 2
left_child=1 2 -1 -3 5 -2
right_child=4 3 -4 -5 -6 -7
leaf_value=-0.033541604053748224 -0.028676193183323526 0.0059759840084747107 0.027820112387640428 0.04338643291557337 -0.051314103243613955 -0.00064324097683464638
leaf_weight=25.283017069101334 21.321908980607986 39.668471157550812 19.881293028593063 39.01732736825943 18.565341919660568 50.992551952600479
leaf_count=40 33 39 15 22 36 60
internal_value=0.000177209 0.013201 -0.00653023 0.0245264 -0.0175715 -0.00890875
internal_weight=214.73 123.85 45.1643 78.6858 90.8798 72.3145
internal_count=245 116 55 61 129 93
is_linear=0
shrinkage=0.05


Tree=10
num_leaves=6
num_cat=0
split_feature=5 8 0 8 8
split_gain=12.7788 11.6171 10.9582 7.38217 9.53541
threshold=6.5000000000000009 0.98798033168035049 74.500000000000014 0.90364972717805603 0.97954261554445587
decision_type=2 2 2 2 2
left_child=1 2 -1 -2 -5
right_child=3 -3 -4 4 -6
leaf_value=-0.022252303634325708 -0.0348692805919164 0.032729142197154226 0.015480601735443113 0.011949026617550429 -0.029305116529900851
leaf_weight=32.410477370023727 28.075630128383636 41.646540701389313 47.355637729167938 36.792063504457474 22.617658466100693
leaf_count=47 47 28 41 38 36
internal_value=0.000827106 0.0113245 0.00014901 -0.0137413 -0.00375669
internal_weight=208.898 121.413 79.7661 87.4854 59.4097
internal_count=237 116 88 121 74
is_linear=0
shrinkage=0.05


Tree=11
num_leaves=7
num_cat=0
split_feature=5 5 8 8 5 6
split_gain=12.5657 10.9413 9.79156 9.13412 4.17741 3.86662
threshold=6.5000000000000009 10.500000000000002 0.98798033168035049 0.85791938373314414 8.5000000000000018 93.500000000000014
decision_type=2 2 2 2 2 2
left_child=2 4 3 -1 -2 -5
right_child=1 -3 -4 5 -6 -7
leaf_value=0.022593827832499736 -0.018046031917351324 -0.048469587768424596 0.030192770419441642 -0.025546326349200538 0.0059315968595157085 0.0011739552768726201
leaf_weight=30.5919528901577 33.740641117095947 18.193543046712875 42.298853188753128 25.885471910238266 39.349676340818405 28.38609579205513
leaf_count=26 48 36 29 37 44 30
internal_value=0.00038015 -0.0137736 0.0105405 0.000745133 -0.00513718 -0.0115706
internal_weight=218.446 91.2839 127.162 84.8635 73.0903 54.2716
internal_count=250 128 122 93 92 67
is_linear=0
shrinkage=0.05


Tree=12
num_leaves=7
num_cat=0
split_feature=5 8 8 0 9 7
split_gain=15.4345 8.57961 10.3457 8.04213 5.32342 3.58067
threshold=6.5000000000000009 0.89887477047811071 0.97954261554445587 73.500000000000014 0.92763363803492782 17.500000000000004
decision_type=2 2 2 2 2 2
left_child=3 -2 -3 4 -1 -5
right_child=1 2 -4 5 -6 -7
leaf_value=-0.020502055740682645 -0.040737381540173402 0.010191063356734205 -0.032937782534781107 0.012135769872373438 0.012914745702771813 0.033766261098908339
leaf_weight=21.784592479467392 21.962395250797272 41.151758879423141 21.000831872224808 35.369409263134003 26.313623309135437 41.677055418491364
leaf_count=31 40 44 35 31 26 28
internal_value=0.00268894 -0.0138742 -0.00438181 0.0138217 -0.00222036 0.0238364
internal_weight=209.26 84.115 62.1526 125.145 48.0982 77.0465
internal_count=235 119 79 116 57 59
is_linear=0
shrinkage=0.05


Tree=13
num_leaves=7
num_cat=0
split_feature=6 0 6 8 8 1
split_gain=12.6719 13.1608 12.6658 9.736 4.20089 2.10111
threshold=93.500000000000014 75.500000000000014 83.500000000000014 0.93329330666766952 0.8987334627721083 1.0000000180025095e-35
decision_type=2 2 2 2 2 2
left_child=2 4 3 -1 -2 -4
right_child=1 -3 5 -5 -6 -7
leaf_value=-0.022107685053602104 0.0076965395026353453 0.030834846437955671 -0.046860841949921933 0.015539918909862588 -0.024929956714580329 -0.0240755096651473
leaf_weight=28.175338566303253 20.52981498837471 48.791609406471252 17.777693122625351 43.977393209934235 18.993813246488571 23.481146335601807
leaf_count=40 23 36 31 42 29 35
internal_value=-0.000738173 0.0134629 -0.0117967 0.000838688 -0.00798273 -0.0338933
internal_weight=201.727 88.3152 113.412 72.1527 39.5236 41.2588
internal_count=236 88 148 82 52 66
is_linear=0
shrinkage=0.05


Tree=14
num_leaves=7
num_cat=0
split_feature=0 8 9 5 7 8
split_gain=19.4303 9.06661 6.76815 12.6289 3.70571 2.97361
threshold=72.500000000000014 0.93763497399644036 0.99468554070253856 6.5000000000000009 17.500000000000004 0.91706344704376541
decision_type=2 2 2 2 2 2
left_child=1 -1 3 4 -2 -5
right_child=2 -3 -4 5 -6 -7
leaf_value=-0.010664421389802333 0.013323479414612297 -0.054124382038898668 -0.017521824867179573 -0.022898335764331632 0.035575261892286006 0.0026018548224539429
leaf_weight=28.416626244783401 36.324419409036636 20.773679971694946 22.980058610439301 20.044333606958389 38.585167199373245 26.609038442373276
leaf_count=41 32 40 30 31 25 30
internal_value=-0.00187457 -0.0290181 0.00736281 0.012067 0.0247851 -0.00835414
internal_weight=193.733 49.1903 144.543 121.563 74.9096 46.6534
internal_count=229 81 148 118 57 61
is_linear=0
shrinkage=0.05


Tree=15
num_leaves=7
num_cat=0
split_feature=0 5 5 8 8 8
split_gain=12.7853 12.1977 9.66863 7.34521 5.80888 2.1408
threshold=72.500000000000014 7.5000000000000009 1.5000000000000002 0.95914581133341847 0.85164486880096502 0.92331984242900755
decision_type=2 2 2 2 2 2
left_child=1 3 -2 -1 -4 -6
right_child=2 -3 4 -5 5 -7
leaf_value=-0.023383276027287528 0.035769955376678111 -0.054015552423004501 0.02086548077785437 0.018932654463151767 -0.013728080371699267 0.0019402060182649068
leaf_weight=22.890592396259308 26.217947006225586 17.690086960792542 31.667372643947601 18.577981770038605 34.847114622592926 58.23078840970993
leaf_count=36 16 38 28 17 47 62
internal_value=0.000447831 -0.0192544 0.00816865 -0.00442568 0.00236763 -0.00392579
internal_weight=210.122 59.1587 150.963 41.4686 124.745 93.0779
internal_count=244 91 153 53 137 109
is_linear=0
shrinkage=0.05


Tree=16
num_leaves=7
num_cat=0
split_feature=0 5 9 5 8 9
split_gain=19.2777 8.8051 8.0121 6.51378 4.60004 2.76846
threshold=69.500000000000014 1.5000000000000002 0.99468554070253856 9.5000000000000018 0.9506428847742413 0.92363868827618145
decision_type=2 2 2 2 2 2
left_child=-1 -2 3 4 5 -3
right_child=1 2 -4 -5 -6 -7
leaf_value=-0.043981723050981469 0.028773528156686601 0.0084196951002200524 -0.027592799895712519 -0.018936187704536426 -0.0063444571082333437 0.02813777494309452
leaf_weight=23.287331968545914 30.642870485782623 43.301618695259094 23.289752304553986 24.522979855537415 31.365683138370514 30.227799892425537
leaf_count=44 21 45 35 38 36 24
internal_value=-0.00112943 0.00431323 -0.000595058 0.00426339 0.00968712 0.0165258
internal_weight=206.638 183.351 152.708 129.418 104.895 73.5294
internal_count=243 199 178 143 105 69
is_linear=0
shrinkage=0.05


Tree=17
num_leaves=7
num_cat=0
split_feature=9 5 5 7 5 9
split_gain=9.17925 12.0825 5.35776 8.3699 3.00137 2.20249
threshold=0.99468554070253856 6.5000000000000009 4.5000000000000009 17.500000000000004 9.5000000000000018 0.90306351514744032
decision_type=2 2 2 2 2 2
left_child=1 2 3 -1 5 -3
right_child=-2 4 -4 -5 -6 -7
leaf_value=-0.011301446645667915 -0.02485437954063777 0.0092912105488014585 0.030668329788544064 0.024803090306144839 -0.023880745877578931 -0.013126503579620745
leaf_weight=31.838691562414169 31.233935654163361 20.059345692396164 37.596470445394516 32.37488517165184 27.976364225149155 24.144016414880753
leaf_count=38 46 23 28 25 47 34
internal_value=0.000103533 0.00458388 0.0156782 0.00690156 -0.0110647 -0.00295342
internal_weight=205.224 173.99 101.81 64.2136 72.1797 44.2034
internal_count=241 195 91 63 104 57
is_linear=0
shrinkage=0.05


Tree=18
num_leaves=7
num_cat=0
split_feature=5 8 0 5 8 7
split_gain=9.97375 7.17207 10.6048 6.84911 3.75697 6.94931
threshold=6.5000000000000009 0.98798033168035049 73.500000000000014 10.500000000000002 0.97001380033895535 16.500000000000004
decision_type=2 2 2 2 2 2
left_child=1 2 -1 4 5 -2
right_child=3 -3 -4 -5 -6 -7
leaf_value=-0.023262150198663897 0.023770429606604172 0.028249845522866815 0.014678983701216293 -0.040167762302739787 -0.023173830906107265 -0.013860023963007851
leaf_weight=27.267937749624252 21.887324333190918 39.264415442943573 56.740582525730133 16.836545050144196 19.580649346113205 27.918192833662033
leaf_count=42 20 27 48 34 31 40
internal_value=0.00148488 0.010609 0.00236385 -0.0115598 -0.00461813 0.0026769
internal_weight=209.496 123.273 84.0085 86.2227 69.3862 49.8055
internal_count=242 117 90 125 91 60
is_linear=0
shrinkage=0.05


Tree=19
num_leaves=7
num_cat=0
split_feature=5 8 0 0 6 5
split_gain=7.96844 7.47709 6.16946 5.69863 7.82782 2.81985
threshold=6.5000000000000009 0.98798033168035049 72.500000000000014 72.500000000000014 85.000000000000014 3.5000000000000004
decision_type=2 2 2 2 2 2
left_child=1 2 -1 -2 -5 -4
right_child=3 -3 5 4 -6 -7
leaf_value=-0.022000044651275381 -0.032419817861222604 0.026448377608872271 -0.00232949792835634 0.021894784416173402 -0.015905107916419324 0.020247930217034832
leaf_weight=23.247483551502228 23.701573520898819 38.766256421804428 28.325607001781464 20.288190603256226 42.152783542871475 27.024253606796265
leaf_count=37 46 27 29 19 61 22
internal_value=2.06363e-06 0.00847844 -0.000384808 -0.0115464 -0.00362325 0.0086938
internal_weight=203.506 117.364 78.5973 86.1425 62.441 55.3499
internal_count=241 115 88 126 80 51
is_linear=0
shrinkage=0.05


Tree=20
num_leaves=7
num_cat=0
split_feature=5 8 8 6 8 0
split_gain=6.52532 6.53551 7.94769 6.35039 6.21734 5.90643
threshold=6.5000000000000009 0.97954261554445587 0.92331984242900755 95.500000000000014 0.98798033168035049 73.500000000000014
decision_type=2 2 2 2 2 2
left_child=4 2 3 -2 5 -1
right_child=1 -3 -4 -5 -6 -7
leaf_value=-0.015023747522766324 -0.038175879252465239 -0.030578238433692437 0.020469821826617739 0.0036695885607699926 0.026228214413678633 0.012322113945138739
leaf_weight=30.843877553939819 16.252555191516876 22.919071286916733 28.155559599399567 20.505956590175629 40.634278893470764 54.880317836999893
leaf_count=45 31 41 27 26 28 47
internal_value=0.00284289 -0.0076246 0.00047959 -0.0148321 0.010119 0.00248297
internal_weight=214.192 87.8331 64.9141 36.7585 126.358 85.7242
internal_count=245 125 84 57 120 92
is_linear=0
shrinkage=0.05


Tree=21
num_leaves=7
num_cat=0
split_feature=5 5 0 9 9 0
split_gain=8.52918 8.1797 3.30366 6.27532 9.87005 3.13243
threshold=6.5000000000000009 10.500000000000002 81.500000000000014 0.94932786211795017 0.91408511465999165 77.500000000000014
decision_type=2 2 2 2 2 2
left_child=2 5 3 4 -1 -2
right_child=1 -3 -4 -5 -6 -7
leaf_value=-0.0017788037865649584 -0.011595583615984362 -0.041604100167462361 0.025770935904320825 -0.011798162525503947 0.037440935307718574 0.011329950412571883
leaf_weight=39.353436022996902 41.512138873338699 17.839657694101334 23.924569189548492 35.639683395624161 27.080573320388794 23.242100894451141
leaf_count=44 61 38 17 43 17 24
internal_value=0.000861812 -0.0116259 0.00904771 0.00512803 0.0142084 -0.00336697
internal_weight=208.592 82.5939 125.998 102.074 66.434 64.7542
internal_count=244 123 121 104 61 85
is_linear=0
shrinkage=0.05


Tree=22
num_leaves=7
num_cat=0
split_feature=5 7 6 8 6 0
split_gain=7.99617 4.43714 5.2296 5.03151 4.28118 4.84267
threshold=6.5000000000000009 16.500000000000004 95.500000000000014 0.96282071588278662 100.50000000000001 76.500000000000014
decision_type=2 2 2 2 2 2
left_child=4 -2 3 -3 5 -1
right_child=1 2 -4 -5 -6 -7
leaf_value=0.013439134317242744 0.0044207092344240922 -0.053466902664760389 -0.0011655420880614749 -0.011376306823952131 0.027080362255230823 -0.0098790946161344349
leaf_weight=61.452303886413574 32.668256312608719 14.910292834043505 22.491320937871933 13.554876536130903 28.39701646566391 34.916668295860291
leaf_count=60 41 32 30 20 21 37
internal_value=0.00199967 -0.00996367 -0.0191855 -0.0334237 0.0100181 0.00499041
internal_weight=208.391 83.6247 50.9565 28.4652 124.766 96.369
internal_count=241 123 82 52 118 97
is_linear=0
shrinkage=0.05


Tree=23
num_leaves=7
num_cat=0
split_feature=5 5 5 7 9 3
split_gain=8.46798 3.56587 5.04825 5.70467 3.21314 4.76241
threshold=6.5000000000000009 1.5000000000000002 4.5000000000000009 17.500000000000004 0.89102884276954442 1.0000000180025095e-35
decision_type=2 2 2 2 2 2
left_child=1 -1 3 -3 -2 -6
right_child=4 2 -4 -5 5 -7
leaf_value=0.024653048370703954 -0.029421957414702084 -0.023394730525726881 0.017645203086418714 0.010506146889246863 -0.014485571320464394 0.014706666971885239
leaf_weight=31.010364800691605 17.881525874137878 23.878250241279602 42.821861565113068 25.836251258850098 45.456119328737259 20.170674353837967
leaf_count=23 32 32 37 24 69 23
internal_value=0.00166618 0.00997934 0.00506195 -0.0057767 -0.0106328 -0.00551321
internal_weight=207.055 123.547 92.5364 49.7145 83.5083 65.6268
internal_count=240 116 93 56 124 92
is_linear=0
shrinkage=0.05


Tree=24
num_leaves=7
num_cat=0
split_feature=6 7 8 6 0 8
split_gain=5.17663 10.4993 10.3749 12.0627 6.98638 2.18353
threshold=94.500000000000014 21.500000000000004 0.91706344704376541 83.500000000000014 75.500000000000014 0.8759476827526661
decision_type=2 2 2 2 2 2
left_child=2 4 5 -4 -2 -1
right_child=1 -3 3 -5 -6 -7
leaf_value=-0.017352475787085885 -0.021897707584913505 0.037360278897453768 0.020154216254179909 -0.018983080837003456 0.012763941357128822 -0.043402723854728084
leaf_weight=15.987043172121046 24.551355361938477 24.663789421319962 45.319135725498199 34.810846030712128 35.642993181943893 16.190524876117706
leaf_count=22 38 18 41 50 32 31
internal_value=0.000563991 0.00988441 -0.0064784 0.00315181 -0.00137344 -0.03046
internal_weight=197.166 84.8581 112.308 80.13 60.1943 32.1776
internal_count=232 88 144 91 70 53
is_linear=0
shrinkage=0.05


Tree=25
num_leaves=7
num_cat=0
split_feature=0 7 7 9 8 6
split_gain=4.60438 6.77041 5.53938 4.04785 3.67439 4.54218
threshold=72.500000000000014 17.500000000000004 21.500000000000004 0.9311912492037262 0.90364972717805603 83.500000000000014
decision_type=2 2 2 2 2 2
left_child=1 3 4 -1 -2 -6
right_child=2 -3 -4 -5 5 -7
leaf_value=-0.013966989629468901 -0.012172647704301813 -0.033647208984857617 0.023562000328341291 0.018488776216620584 0.023490108707765238 -0.002717890237516161
leaf_weight=20.126191824674606 38.92520397901535 21.223010241985321 32.891526877880096 18.380335658788681 26.179949790239334 44.863216787576675
leaf_count=32 50 39 28 20 21 49
internal_value=0.00068531 -0.0109723 0.00555932 0.00152513 0.000174721 0.00693996
internal_weight=202.589 59.7295 142.86 38.5065 109.968 71.0432
internal_count=239 91 148 52 120 70
is_linear=0
shrinkage=0.05


Tree=26
num_leaves=7
num_cat=0
split_feature=0 8 8 7 9 9
split_gain=5.01221 6.36025 8.178 5.92521 7.99026 6.9158
threshold=84.500000000000014 1.0113113273709782 0.93088652918327819 21.500000000000004 0.91722747857592879 0.94932786211795017
decision_type=2 2 2 2 2 2
left_child=1 2 3 4 -1 -6
right_child=-2 -3 -4 -5 5 -7
leaf_value=-0.037941213316213182 0.024975748400620026 -0.021375037173492508 0.015955236040925035 0.016563180473978818 0.019431178105405636 -0.020014833857569567
leaf_weight=23.068556547164917 20.841371178627014 31.500473260879517 70.251587510108948 20.626223862171173 20.737151801586151 23.938644200563431
leaf_count=42 16 42 70 22 20 35
internal_value=0.00169836 -0.000853328 0.00322204 -0.00690042 -0.0140444 -0.00170519
internal_weight=210.964 190.123 158.622 88.3706 67.7444 44.6758
internal_count=247 231 189 119 97 55
is_linear=0
shrinkage=0.05


Tree=27
num_leaves=7
num_cat=0
split_feature=5 8 0 8 8 6
split_gain=4.91613 5.61102 4.22339 3.96467 11.0251 6.19792
threshold=6.5000000000000009 0.98798033168035049 73.500000000000014 0.93088652918327819 0.97954261554445587 95.500000000000014
decision_type=2 2 2 2 2 2
left_child=1 2 -1 5 -5 -2
right_child=3 -3 -4 4 -6 -7
leaf_value=-0.015967688813527909 -0.042772083926504757 0.022109508436450667 0.0078554162903632496 0.024229538669125125 -0.023548236325222963 -0.0013484621671889482
leaf_weight=29.412449300289154 17.63688388466835 39.610651463270187 50.625506073236465 24.141829580068588 24.156289786100388 18.504092305898666
leaf_count=44 37 28 45 22 42 25
internal_value=0.000198918 0.00671807 -0.000899129 -0.0090386 0.000333499 -0.0215633
internal_weight=204.088 119.649 80.038 84.4391 48.2981 36.141
internal_count=243 117 89 126 64 62
is_linear=0
shrinkage=0.05


Tree=28
num_leaves=7
num_cat=0
split_feature=0 5 8 5 8 8
split_gain=11.6409 4.89026 5.62165 3.22219 3.6566 2.35579
threshold=72.500000000000014 1.5000000000000002 0.85164486880096502 8.5000000000000018 0.94893642848195381 0.89887477047811071
decision_type=2 2 2 2 2 2
left_child=5 -2 -3 4 -4 -1
right_child=1 2 3 -5 -6 -7
leaf_value=-0.038440459076306117 0.024086373411282992 0.019319635483876458 -0.0023431376659075625 0.0065092034480670026 -0.02871737108805782 -0.015064156222024776
leaf_weight=15.284324645996092 28.684109270572662 31.569660633802414 33.219162791967392 35.738572061061859 21.744125694036484 36.552691221237183
leaf_count=31 19 28 38 43 29 58
internal_value=-0.00151388 0.00550605 0.00114722 -0.00517786 -0.0127771 -0.0219567
internal_weight=202.793 150.956 122.272 90.7019 54.9633 51.837
internal_count=246 157 138 110 67 89
is_linear=0
shrinkage=0.05


Tree=29
num_leaves=7
num_cat=0
split_feature=8 8 6 6 8 6
split_gain=6.90061 8.17936 4.20729 4.47754 4.46194 2.13478
threshold=1.0113113273709782 0.98798033168035049 93.500000000000014 87.500000000000014 0.91706344704376541 99.500000000000014
decision_type=2 2 2 2 2 2
left_child=1 2 3 4 -1 -4
right_child=-2 -3 5 -5 -6 -7
leaf_value=-0.013602756806701652 -0.022430118322429096 0.032352717183642528 0.01862718080440641 -0.028879642331215288 0.01674833264157009 0.0010124381535653849
leaf_weight=29.684608995914459 29.832619100809097 21.64171427488327 28.10048371553421 20.664426624774933 20.452237457036972 44.343015193939209
leaf_count=43 43 17 25 36 21 51
internal_value=-0.00030139 0.00370232 -0.00062624 -0.00929408 -0.00122169 0.00784511
internal_weight=194.719 164.886 143.245 70.8013 50.1368 72.4435
internal_count=236 193 176 100 64 76
is_linear=0
shrinkage=0.05


Tree=30
num_leaves=7
num_cat=0
split_feature=5 5 8 6 6 6
split_gain=7.21162 5.56858 4.39124 4.26723 3.98222 3.36147
threshold=6.5000000000000009 10.500000000000002 1.0019082609558885 94.500000000000014 93.500000000000014 85.000000000000014
decision_type=2 2 2 2 2 2
left_child=2 4 3 -1 5 -2
right_child=1 -3 -4 -5 -6 -7
leaf_value=-0.01112830622121529 -0.0029679808821025094 -0.036625669334701703 0.022335104990479585 0.011573684837930812 0.0098902569460110838 -0.032692596570881693
leaf_weight=36.830277413129807 23.88557955622673 17.057316184043884 36.824088305234909 47.261215478181839 27.732103317975998 15.804617941379545
leaf_count=48 33 37 26 43 31 29
internal_value=0.000104938 -0.0111038 0.0079361 0.0016307 -0.00464695 -0.0148043
internal_weight=205.395 84.4796 120.916 84.0915 67.4223 39.6902
internal_count=247 130 117 91 93 62
is_linear=0
shrinkage=0.05


Tree=31
num_leaves=7
num_cat=0
split_feature=0 0 1 5 8 5
split_gain=3.82399 5.10571 4.81478 4.47489 4.64714 6.92298
threshold=72.500000000000014 68.500000000000014 1.0000000180025095e-35 1.5000000000000002 0.8854571507991148 8.5000000000000018
decision_type=2 2 2 2 2 2
left_child=1 -1 -3 -2 -5 -6
right_child=3 2 -4 4 5 -7
leaf_value=-0.03256434308181496 0.024169023772502941 -0.016560588120496697 0.01670028474167095 0.014057143889720892 -0.019050891667832456 0.011509630588255292
leaf_weight=16.410674065351486 27.999501883983612 21.639810860157013 21.883551329374313 48.835715383291245 42.553969144821167 32.827273696660995
leaf_count=32 18 36 25 47 55 37
internal_value=0.00189979 -0.00879816 0.000162982 0.00611202 0.00204183 -0.00574229
internal_weight=212.15 59.934 43.5234 152.216 124.217 75.3812
internal_count=250 93 61 157 139 92
is_linear=0
shrinkage=0.05


Tree=32
num_leaves=7
num_cat=0
split_feature=0 5 8 7 7 8
split_gain=9.16347 7.15613 6.65636 4.47309 7.02802 8.97868
threshold=69.500000000000014 1.5000000000000002 1.0019082609558885 14.500000000000002 21.500000000000004 0.92331984242900755
decision_type=2 2 2 2 2 2
left_child=-1 -2 3 -3 5 -5
right_child=1 2 -4 4 -6 -7
leaf_value=-0.03126153490606761 0.024850735499219286 0.020346600597832429 -0.028075246625435365 -0.03054774178049063 0.021186172261120611 0.0048393536212477661
leaf_weight=24.839297950267792 27.014683157205582 24.893320292234421 22.648999989032745 32.454654902219772 22.134777337312698 40.039465606212616
leaf_count=48 18 22 33 56 21 45
internal_value=-0.00290303 0.00126046 -0.00322204 0.00148754 -0.00347357 -0.011003
internal_weight=194.025 169.186 142.171 119.522 94.6289 72.4941
internal_count=243 195 177 144 122 101
is_linear=0
shrinkage=0.05


Tree=33
num_leaves=6
num_cat=0
split_feature=2 6 9 9 0
split_gain=6.1179 4.30399 9.13475 5.93006 5.01984
threshold=1.0000000180025095e-35 100.50000000000001 0.99468554070253856 0.92763363803492782 73.500000000000014
decision_type=2 2 2 2 2
left_child=1 2 3 4 -1
right_child=-2 -3 -4 -5 -6
leaf_value=-0.020452354970499957 -0.020466116651595326 0.017393836204275037 -0.029819001352074843 0.019234387761113116 0.0077676676671588497
leaf_weight=28.05962336063385 31.305005490779877 42.408392876386642 22.636355116963387 44.039212971925735 35.946190923452377
leaf_count=48 46 40 35 40 37
internal_value=-0.000125447 0.00355336 -0.00093811 0.00511268 -0.00460376
internal_weight=204.395 173.09 130.681 108.045 64.0058
internal_count=246 200 160 125 85
is_linear=0
shrinkage=0.05


Tree=34
num_leaves=7
num_cat=0
split_feature=2 6 7 8 6 8
split_gain=4.06779 4.50063 6.14779 6.18375 9.96454 4.29869
threshold=1.0000000180025095e-35 100.50000000000001 18.500000000000004 0.92331984242900755 82.500000000000014 0.92152411567520665
decision_type=2 2 2 2 2 2
left_child=1 2 3 -1 -5 -4
right_child=-2 -3 5 4 -6 -7
leaf_value=-0.011617905695495933 -0.014251212008353071 0.019085934612790015 1.3242014406423286e-05 0.035485297085926709 -0.0066555950067163196 -0.034453539127153619
leaf_weight=29.150703400373459 34.716512709856033 40.331285864114761 17.840005353093147 31.488051414489746 25.297956496477127 18.352795153856277
leaf_count=42 49 38 24 22 33 28
internal_value=0.00128435 0.00460417 -0.000178194 0.00710197 0.0167117 -0.0174643
internal_weight=197.177 162.461 122.13 85.9367 56.786 36.1928
internal_count=236 187 149 97 55 52
is_linear=0
shrinkage=0.05


Tree=35
num_leaves=7
num_cat=0
split_feature=2 0 6 9 8 9
split_gain=3.40937 2.84256 5.72156 4.53624 3.46076 2.79055
threshold=1.0000000180025095e-35 75.500000000000014 99.500000000000014 0.94077431892277918 0.88433015783343849 0.92763363803492782
decision_type=2 2 2 2 2 2
left_child=1 4 3 -3 -1 -6
right_child=-2 2 -4 -5 5 -7
leaf_value=-0.023601879532751183 -0.013953215264205503 0.012824703364452301 0.029329381682328605 -0.015441254222140315 -0.0088106183797672568 0.011402121480825632
leaf_weight=16.157807052135468 32.552623450756073 35.230316817760468 26.707194983959198 23.771556198596954 31.593759983778 37.159679353237152
leaf_count=26 46 33 18 30 49 42
internal_value=0.000875271 0.0037044 0.010128 0.00143649 -0.00277956 0.00211391
internal_weight=203.173 170.62 85.7091 59.0019 84.9112 68.7534
internal_count=244 198 81 63 117 91
is_linear=0
shrinkage=0.05


Tree=36
num_leaves=7
num_cat=0
split_feature=5 9 6 9 9 7
split_gain=5.74154 4.45793 7.58748 5.33613 6.59602 3.59047
threshold=9.5000000000000018 0.94932786211795017 93.500000000000014 0.92363868827618145 0.9005434563176703 17.500000000000004
decision_type=2 2 2 2 2 2
left_child=1 3 -3 4 5 -1
right_child=-2 2 -4 -5 -6 -7
leaf_value=4.8811451533047586e-06 -0.018703069690488995 -0.026510362689113127 0.009434590438877186 0.027192545652780693 -0.01800535577760071 0.02580872790705745
leaf_weight=27.128747671842575 33.576882481575012 27.298753917217255 31.763611018657684 31.624071329832077 25.570922315120697 26.797280162572861
leaf_count=33 59 42 30 25 34 23
internal_value=0.000192617 0.0039207 -0.00717925 0.00982048 0.00290983 0.0128275
internal_weight=203.76 170.183 59.0624 111.121 79.497 53.926
internal_count=246 187 72 115 90 56
is_linear=0
shrinkage=0.05


Tree=37
num_leaves=7
num_cat=0
split_feature=0 5 7 5 6 6
split_gain=8.59786 6.45802 4.80494 3.89409 4.26547 7.98896
threshold=69.500000000000014 2.5000000000000004 14.500000000000002 5.5000000000000009 87.500000000000014 103.00000000000001
decision_type=2 2 2 2 2 2
left_child=-1 -2 -3 -4 -5 -6
right_child=1 2 3 4 5 -7
leaf_value=-0.032920743753627447 0.016337379239967236 0.013225023980789933 -0.030556028055352388 0.006686802205615662 -0.037711390852506577 0.0073966196958433275
leaf_weight=22.316607505083084 44.882545083761215 25.942110568284988 20.164757579565048 35.80003958940506 21.51612751185894 18.050398886203766
leaf_count=45 35 25 29 44 42 19
internal_value=-0.00377898 0.000130383 -0.00585785 -0.0110399 -0.00581827 -0.0171329
internal_weight=188.673 166.356 121.473 95.5313 75.3666 39.5665
internal_count=239 194 159 134 105 61
is_linear=0
shrinkage=0.05


Tree=38
num_leaves=7
num_cat=0
split_feature=0 8 8 7 6 0
split_gain=3.0109 7.06484 8.82756 7.39249 5.7024 2.81574
threshold=84.500000000000014 1.0113113273709782 0.98798033168035049 14.500000000000002 93.500000000000014 75.500000000000014
decision_type=2 2 2 2 2 2
left_child=1 2 3 -1 5 -5
right_child=-2 -3 -4 4 -6 -7
leaf_value=0.020227974110788607 0.019006599048869779 -0.024072325023306321 0.032155833155498414 -0.011131835410838738 0.0030020560484523991 -0.036000333285997929
leaf_weight=28.912689179182053 20.290371865034103 28.648025840520859 22.164406776428223 28.701874986290932 51.634516954421997 18.862941473722458
leaf_count=26 16 42 17 49 61 32
internal_value=0.000753054 -0.00131693 0.00302105 -0.0020195 -0.00850376 -0.020994
internal_weight=199.215 178.924 150.276 128.112 99.1993 47.5648
internal_count=243 227 185 168 142 81
is_linear=0
shrinkage=0.05


Tree=39
num_leaves=6
num_cat=0
split_feature=2 6 9 8 0
split_gain=3.21701 2.81592 10.4222 6.58974 6.20941
threshold=1.0000000180025095e-35 93.500000000000014 0.94077431892277918 0.93329330666766952 76.500000000000014
decision_type=2 2 2 2 2
left_child=1 2 3 -1 -3
right_child=-2 4 -4 -5 -6
leaf_value=-0.0092897972178333822 -0.010283236284414347 -0.00037462869316487387 -0.023517920205893276 0.024292208684127906 0.02811941660330727
leaf_weight=22.653689533472061 32.866919204592705 38.11176472902298 29.637746244668961 41.131899580359459 38.368030786514282
leaf_count=34 46 48 46 37 26
internal_value=0.00403585 0.0068058 0.00098175 0.0123654 0.0139201
internal_weight=202.77 169.903 93.4233 63.7856 76.4798
internal_count=237 191 117 71 74
is_linear=0
shrinkage=0.05


Tree=40
num_leaves=7
num_cat=0
split_feature=8 5 8 6 9 9
split_gain=4.13108 3.77891 11.3834 8.12422 4.04855 5.26174
threshold=0.88433015783343849 1.5000000000000002 1.0113113273709782 82.500000000000014 0.97608412590359761 0.90306351514744032
decision_type=2 2 2 2 2 2
left_child=-1 -2 3 -3 5 -5
right_child=1 2 -4 4 -6 -7
leaf_value=-0.015049172801471215 0.020848620552807697 0.029341390093292688 -0.031954176971191919 0.0096956456300193068 0.016404575277790351 -0.021089638916553133
leaf_weight=39.408362001180649 25.07889923453331 28.642111957073212 23.402390196919441 23.247899740934372 22.293262809514999 34.444116741418839
leaf_count=57 17 25 39 27 25 53
internal_value=-0.000574539 0.00305621 -0.000323441 0.006491 -0.00169155 -0.00868423
internal_weight=196.517 157.109 132.03 108.627 79.9853 57.692
internal_count=243 186 169 130 105 80
is_linear=0
shrinkage=0.05


Tree=41
num_leaves=7
num_cat=0
split_feature=9 9 6 8 6 8
split_gain=6.81332 4.01658 6.86266 12.8232 6.222 1.254
threshold=0.88843875632511971 0.94077431892277918 82.500000000000014 0.8854571507991148 93.500000000000014 0.96152879766598975
decision_type=2 2 2 2 2 2
left_child=-1 2 -2 -4 5 -3
right_child=1 4 3 -5 -6 -7
leaf_value=-0.019347442220661509 0.031992130912625004 -0.0079028991447260763 0.03018635209800723 -0.023156579374681706 0.011211764117989005 -0.025612563266403845
leaf_weight=32.108174666762352 31.681331038475037 22.30089744925499 21.063174724578857 24.222512677311897 44.830145120620728 18.115761578083038
leaf_count=50 24 32 17 39 44 27
internal_value=0.00169638 0.00586174 0.0141419 0.00165416 -0.00161423 -0.0158408
internal_weight=194.322 162.214 76.967 45.2857 85.2468 40.4167
internal_count=233 183 80 56 103 59
is_linear=0
shrinkage=0.05


Tree=42
num_leaves=7
num_cat=0
split_feature=0 7 9 0 9 9
split_gain=12.5897 5.67778 8.36368 3.96692 3.47842 2.81325
threshold=69.500000000000014 21.500000000000004 0.94932786211795017 78.500000000000014 0.9863577823255284 0.89102884276954442
decision_type=2 2 2 2 2 2
left_child=-1 2 3 5 -4 -2
right_child=1 -3 4 -5 -6 -7
leaf_value=-0.036547065299690512 -0.00069372200633462089 0.021609461445906065 -0.0076347255201863378 -0.010610488335403291 -0.037301913033420613 0.020764591281326877
leaf_weight=22.118467509746552 23.259505406022072 34.663959562778473 23.734406292438507 23.06315016746521 16.926538527011871 44.48994517326355
leaf_count=47 31 30 30 28 29 40
internal_value=-0.00110979 0.0036081 -0.00113809 0.0073004 -0.0199847 0.0133976
internal_weight=188.256 166.138 131.474 90.8126 40.6609 67.7495
internal_count=235 188 158 99 59 71
is_linear=0
shrinkage=0.05


Tree=43
num_leaves=7
num_cat=0
split_feature=5 5 8 8 0 9
split_gain=3.40637 7.11535 2.81228 2.55999 2.13549 4.84733
threshold=6.5000000000000009 10.500000000000002 0.98798033168035049 0.88624952560493575 77.500000000000014 0.91722747857592879
decision_type=2 2 2 2 2 2
left_child=2 4 3 -1 5 -2
right_child=1 -3 -4 -5 -6 -7
leaf_value=0.0099581125194922026 0.012125257929812498 -0.036884610254868416 0.017739879462359179 -0.0076045611853682782 0.013052702463600878 -0.02312643699661222
leaf_weight=42.299112915992737 18.656448781490326 15.773938685655592 38.174357444047928 40.726613461971283 22.433852285146713 20.431152641773224
leaf_count=41 24 37 29 50 23 35
internal_value=0.00127681 -0.0069251 0.00650758 0.00134309 0.000756433 -0.00630086
internal_weight=198.495 77.2954 121.2 83.0257 61.5215 39.0876
internal_count=239 119 120 91 82 59
is_linear=0
shrinkage=0.05


Tree=44
num_leaves=7
num_cat=0
split_feature=5 9 9 9 6 1
split_gain=5.37009 3.39279 3.13604 6.22487 5.33871 0.299688
threshold=9.5000000000000018 0.9005434563176703 0.92363868827618145 0.94077431892277918 93.500000000000014 1.0000000180025095e-35
decision_type=2 2 2 2 2 2
left_child=1 -1 -3 -4 -5 -2
right_child=5 2 3 4 -6 -7
leaf_value=0.017199314483324679 -0.022610804076219425 -0.013304908324193149 0.02920979086470725 -0.017175724593381732 0.010842051889403565 -0.012401279051317091
leaf_weight=48.172549813985825 14.034570693969727 27.583409279584885 21.841045320034027 30.221224188804626 38.871026039123535 14.733809843659401
leaf_count=48 26 37 17 45 36 25
internal_value=0.00256747 0.00601048 0.00146265 0.00594219 -0.00141303 -0.017382
internal_weight=195.458 166.689 118.517 90.9333 69.0923 28.7684
internal_count=234 183 135 98 81 51
is_linear=0
shrinkage=0.05


Tree=45
num_leaves=7
num_cat=0
split_feature=8 6 7 8 9 8
split_gain=4.67916 5.96529 3.85634 4.95569 6.07414 5.08124
threshold=1.0113113273709782 81.000000000000014 14.500000000000002 0.85164486880096502 0.98327362929882201 0.91706344704376541
decision_type=2 2 2 2 2 2
left_child=1 -1 -3 -4 5 -5
right_child=-2 2 3 4 -6 -7
leaf_value=0.024701637150608972 -0.017165015447138492 0.016928600564253514 0.015077526348927287 -0.0405372636826863 0.010380855439526014 -0.008883516011391434
leaf_weight=29.091087967157364 30.459800466895103 26.077594041824341 24.740528583526611 18.975159645080566 24.468751460313797 38.204806596040726
leaf_count=28 43 24 24 38 29 50
internal_value=0.000810603 0.00419969 -0.00030275 -0.00452641 -0.0104666 -0.0193878
internal_weight=192.018 161.558 132.467 106.389 81.6487 57.18
internal_count=236 193 165 141 117 88
is_linear=0
shrinkage=0.05


Tree=46
num_leaves=7
num_cat=0
split_feature=8 8 7 6 3 7
split_gain=4.34064 5.03261 5.28008 5.35498 6.74391 4.49111
threshold=1.0197462719059629 0.98798033168035049 14.500000000000002 103.00000000000001 1.0000000180025095e-35 17.500000000000004
decision_type=2 2 2 2 2 2
left_child=1 2 -1 4 5 -4
right_child=-2 -3 3 -5 -6 -7
leaf_value=0.017123373535943811 -0.020186391172974681 0.023255503245906715 -0.042480592624821845 0.011972059892201917 0.0079591065661017337 -0.011931963029981493
leaf_weight=32.701086133718491 22.327224105596542 26.541289374232292 19.107858091592789 30.429485738277435 26.059947907924652 32.485908925533295
leaf_count=30 34 23 38 30 32 48
internal_value=0.000521277 0.00328442 -0.000480617 -0.00580679 -0.0127736 -0.0232457
internal_weight=189.653 167.326 140.784 108.083 77.6537 51.5938
internal_count=235 201 178 148 118 86
is_linear=0
shrinkage=0.05


Tree=47
num_leaves=7
num_cat=0
split_feature=2 8 9 9 9 8
split_gain=5.90198 2.27345 2.9747 2.2541 4.03371 2.07811
threshold=1.0000000180025095e-35 1.0366385458008385 0.99468554070253856 0.91722747857592879 0.94077431892277918 0.93604247666928198
decision_type=2 2 2 2 2 2
left_child=1 2 3 5 -5 -1
right_child=-2 -3 -4 4 -6 -7
leaf_value=0.0066724776267081901 -0.017251500540207063 0.021486838190813401 -0.011274220142561193 0.025358558193017702 0.00062764830474278219 -0.01405129836456908
leaf_weight=37.93461437523365 31.073562800884247 21.898880332708359 25.5948466360569 35.018488138914108 31.158175617456436 17.760378643870354
leaf_count=46 47 20 37 30 37 24
internal_value=0.00277913 0.00645416 0.0042218 0.00747619 0.0137144 6.39463e-05
internal_weight=200.439 169.365 147.467 121.872 66.1767 55.695
internal_count=241 194 174 137 67 70
is_linear=0
shrinkage=0.05


Tree=48
num_leaves=7
num_cat=0
split_feature=5 6 6 0 0 6
split_gain=3.26341 4.9126 2.57159 10.1428 4.10178 2.70676
threshold=9.5000000000000018 89.500000000000014 93.500000000000014 76.500000000000014 75.500000000000014 82.500000000000014
decision_type=2 2 2 2 2 2
left_child=2 -2 3 5 -4 -1
right_child=1 -3 4 -5 -6 -7
leaf_value=0.017097000474662668 0.0039731116849209894 -0.037543164214592917 -0.0051171207553336257 -0.028738484101325491 0.019238573127840684 -0.003570112579311991
leaf_weight=36.532283335924149 15.450116172432901 13.224585354328154 27.755560755729675 26.235311180353165 45.831154346466064 27.974137544631958
leaf_count=37 23 29 36 37 34 42
internal_value=0.000390399 -0.0151739 0.00310632 -0.00252631 0.0100521 0.00813441
internal_weight=193.003 28.6747 164.328 90.7417 73.5867 64.5064
internal_count=238 52 186 116 70 79
is_linear=0
shrinkage=0.05


Tree=49
num_leaves=7
num_cat=0
split_feature=9 9 0 6 9 7
split_gain=3.10973 5.6028 4.72923 3.73289 8.91669 3.39078
threshold=0.94932786211795017 0.92763363803492782 76.500000000000014 103.00000000000001 0.8925509717782516 17.500000000000004
decision_type=2 2 2 2 2 2
left_child=1 3 -2 4 5 -1
right_child=2 -3 -4 -5 -6 -7
leaf_value=-0.0040709863210918558 -0.019184587736619112 0.025103488995609748 0.0070671050033518871 0.019856489317144638 -0.02508139995166124 0.022374167907933895
leaf_weight=24.445989146828651 37.274980485439301 29.692673280835152 31.785359859466553 19.712177932262421 31.635535821318626 24.042427271604538
leaf_count=34 59 25 32 17 52 23
internal_value=0.00146673 0.00603534 -0.00710212 0.000364208 -0.0044313 0.00904154
internal_weight=198.589 129.529 69.0603 99.8361 80.124 48.4884
internal_count=242 151 91 126 109 57
is_linear=0
shrinkage=0.05


Tree=50
num_leaves=7
num_cat=0
split_feature=8 7 7 6 9 8
split_gain=3.07454 7.00146 4.55596 3.58124 5.07656 5.95156
threshold=0.90364972717805603 21.500000000000004 16.500000000000004 83.500000000000014 0.9741127663399769 0.95477616259028963
decision_type=2 2 2 2 2 2
left_child=1 2 -1 -2 5 -5
right_child=3 -3 -4 4 -6 -7
leaf_value=-0.0019983085834457785 0.017232236068281746 0.019802593243504488 -0.030858380370526257 0.0053325946872411325 0.017932985751995412 -0.030691570967445306
leaf_weight=30.4819016456604 50.518169119954109 19.648836150765419 24.801475614309311 27.233361899852753 25.324331223964691 19.801799610257149
leaf_count=38 48 19 46 29 25 34
internal_value=0.00214858 -0.00583391 -0.0149456 0.00701639 -0.000115852 -0.00983358
internal_weight=197.81 74.9322 55.2834 122.878 72.3595 47.0352
internal_count=239 103 84 136 88 63
is_linear=0
shrinkage=0.05


Tree=51
num_leaves=7
num_cat=0
split_feature=8 6 9 8 7 8
split_gain=4.86771 2.81199 5.55199 4.71649 2.0852 2.0037
threshold=0.88433015783343849 83.500000000000014 0.9741127663399769 0.94893642848195381 16.500000000000004 0.82517263859124534
decision_type=2 2 2 2 2 2
left_child=5 4 3 -3 -2 -1
right_child=1 2 -4 -5 -6 -7
leaf_value=-0.0043084508132545515 9.8188348053291906e-05 -0.00055051426985066568 0.013876504949318398 -0.029228919949904293 0.019369875707498464 -0.028052907916985621
leaf_weight=16.247713804244995 23.1773941218853 38.889945641160011 34.732013940811157 22.707923129200935 35.588162571191788 19.606175303459167
leaf_count=20 29 49 36 39 33 34
internal_value=-0.000689069 0.00314926 -0.0021092 -0.0111227 0.011769 -0.0172928
internal_weight=190.949 155.095 96.3299 61.5979 58.7656 35.8539
internal_count=240 186 124 88 62 54
is_linear=0
shrinkage=0.05


Tree=52
num_leaves=7
num_cat=0
split_feature=2 5 6 7 7 0
split_gain=2.33696 2.74196 3.43386 9.14109 3.23644 2.29807
threshold=1.0000000180025095e-35 9.5000000000000018 93.500000000000014 18.500000000000004 16.500000000000004 77.500000000000014
decision_type=2 2 2 2 2 2
left_child=1 2 3 4 -1 -4
right_child=-2 -3 5 -5 -6 -7
leaf_value=-0.0062581537432157552 -0.013516733666814801 -0.012926731284190108 0.0048153665147426796 -0.03150458847921038 0.019173811601770004 0.024373364757325121
leaf_weight=21.690699279308319 29.751329481601715 26.493318349123001 34.199719458818436 19.920887917280197 29.555112332105637 26.780816733837128
leaf_count=30 44 46 37 32 28 18
internal_value=-0.000657401 0.00175423 0.00469752 -0.00276336 0.00840928 0.0134047
internal_weight=188.392 158.641 132.147 71.1667 51.2458 60.9805
internal_count=235 191 145 90 58 55
is_linear=0
shrinkage=0.05


Tree=53
num_leaves=7
num_cat=0
split_feature=8 8 7 7 3 0
split_gain=5.47204 4.77746 4.25222 6.58553 3.14504 2.29945
threshold=1.0113113273709782 0.98798033168035049 14.500000000000002 22.500000000000004 1.0000000180025095e-35 74.500000000000014
decision_type=2 2 2 2 2 2
left_child=1 2 -1 4 5 -4
right_child=-2 -3 3 -5 -6 -7
leaf_value=0.014500762010592503 -0.022190346476483352 0.024071094928507442 -0.030231030129916115 0.019705284557420905 0.002679776154407721 -0.010607196284384758
leaf_weight=31.220700889825821 28.479487419128418 20.603830993175507 24.60562452673912 19.626971676945686 24.917692497372627 37.953758761286736
leaf_count=30 44 18 49 18 33 50
internal_value=-0.00200737 0.00160936 -0.00173637 -0.00646948 -0.0123422 -0.0183256
internal_weight=187.408 158.929 138.325 107.104 87.4771 62.5594
internal_count=242 198 180 150 132 99
is_linear=0
shrinkage=0.05


Tree=54
num_leaves=7
num_cat=0
split_feature=5 6 2 6 9 1
split_gain=3.37666 4.77048 3.39099 3.00304 2.07356 3.06613
threshold=9.5000000000000018 89.500000000000014 1.0000000180025095e-35 100.50000000000001 0.94077431892277918 1.0000000180025095e-35
decision_type=2 2 2 2 2 2
left_child=2 -2 3 4 5 -1
right_child=1 -3 -4 -5 -6 -7
leaf_value=-0.0029998470127357256 0.0030399798282049893 -0.03599856280606558 -0.014379673890671671 0.019978616997506332 -0.0063618361584824867 0.018832135471372642
leaf_weight=32.170681357383728 17.296337395906452 14.291654944419859 23.291337311267853 30.887163460254669 42.072175681591034 32.157989919185638
leaf_count=41 26 32 33 25 53 31
internal_value=0.000321088 -0.0146226 0.0032607 0.00625344 0.00226916 0.00791399
internal_weight=192.167 31.588 160.579 137.288 106.401 64.3287
internal_count=241 58 183 150 125 72
is_linear=0
shrinkage=0.05


Tree=55
num_leaves=7
num_cat=0
split_feature=5 5 9 9 6 6
split_gain=2.49097 7.19366 2.21662 2.14845 2.35084 2.80172
threshold=9.5000000000000018 10.500000000000002 1.0021588248511275 0.88518546210153137 82.500000000000014 93.500000000000014
decision_type=2 2 2 2 2 2
left_child=2 -2 3 -1 -5 -6
right_child=1 -3 -4 4 5 -7
leaf_value=-0.0048214199002976554 0.0088141715691617186 -0.03804902591410312 -0.0097053670408360285 0.021134423371086619 -0.0086651874128155938 0.011548069932673479
leaf_weight=33.927696347236633 19.174252524971962 14.293254360556601 25.983694493770599 31.386854618787766 25.499601006507874 52.31240439414978
leaf_count=44 23 36 35 27 37 47
internal_value=0.00126318 -0.0112001 0.0037297 0.00616875 0.00958336 0.00492403
internal_weight=202.578 33.4675 169.11 143.127 109.199 77.812
internal_count=249 59 190 155 111 84
is_linear=0
shrinkage=0.05


Tree=56
num_leaves=7
num_cat=0
split_feature=8 8 7 0 9 5
split_gain=1.83543 3.40014 4.04547 3.59472 2.53858 1.1571
threshold=1.0113113273709782 0.98798033168035049 14.500000000000002 72.500000000000014 0.94077431892277918 4.5000000000000009
decision_type=2 2 2 2 2 2
left_child=1 2 -1 5 -5 -4
right_child=-2 -3 3 4 -6 -7
leaf_value=0.018528200975647252 -0.0073795939993589509 0.024016934458507132 -0.0064074033974774033 0.010817161171328353 -0.0065185026208692334 -0.02671166883274384
leaf_weight=31.271355092525482 34.297580808401108 21.223420530557632 13.127619534730913 48.768303692340851 37.246551722288132 15.073731467127798
leaf_count=28 45 18 21 51 46 33
internal_value=0.00315412 0.00532123 0.00259394 -0.00176871 0.00331039 -0.0172601
internal_weight=201.009 166.711 145.488 114.216 86.0149 28.2014
internal_count=242 197 179 151 97 54
is_linear=0
shrinkage=0.05


Tree=57
num_leaves=7
num_cat=0
split_feature=2 0 9 7 1 1
split_gain=2.94142 2.57498 5.68452 3.12801 3.6658 2.72814
threshold=1.0000000180025095e-35 82.500000000000014 0.94932786211795017 18.500000000000004 1.0000000180025095e-35 1.0000000180025095e-35
decision_type=2 2 2 2 2 2
left_child=1 2 3 4 -1 -4
right_child=-2 -3 5 -5 -6 -7
leaf_value=-0.0012094296550703748 -0.016012378596610657 0.016244984277376074 -0.03084393168945946 -0.0091795608947189845 0.023039786459855032 -0.0058596039352255547
leaf_weight=28.680450290441513 28.985037848353386 24.416936993598938 18.002892091870308 24.231767177581787 34.133924558758736 27.796301394701004
leaf_count=35 45 21 32 36 31 35
internal_value=-0.00137617 0.00132143 -0.00142151 0.00608085 0.0119678 -0.0156805
internal_weight=186.247 157.262 132.845 87.0461 62.8144 45.7992
internal_count=235 190 169 102 66 67
is_linear=0
shrinkage=0.05


Tree=58
num_leaves=7
num_cat=0
split_feature=9 6 0 9 8 0
split_gain=4.98326 6.46787 4.01454 5.00056 4.77017 1.62198
threshold=0.92763363803492782 95.500000000000014 81.500000000000014 0.94932786211795017 0.93604247666928198 73.500000000000014
decision_type=2 2 2 2 2 2
left_child=1 5 3 -2 -5 -1
right_child=2 -3 -4 4 -6 -7
leaf_value=-0.031443976225798011 0.020300948291585932 0.0072676209871193904 0.023221379715443472 0.005767663102927395 -0.024376954551661851 -0.013789757726143426
leaf_weight=23.436900526285172 21.206424593925476 30.570301458239555 24.320358470082283 27.815438285470009 24.846486330032349 29.244815319776535
leaf_count=48 19 33 20 35 39 39
internal_value=-0.00202845 -0.0110274 0.00560157 -0.000199559 -0.00845491 -0.0216437
internal_weight=181.441 83.252 98.1887 73.8683 52.6619 52.6817
internal_count=233 120 113 93 74 87
is_linear=0
shrinkage=0.05


Tree=59
num_leaves=7
num_cat=0
split_feature=9 8 6 6 6 8
split_gain=2.64454 3.34103 7.8855 4.7189 2.90573 2.62984
threshold=0.93377545063793999 0.93329330666766952 82.500000000000014 94.500000000000014 95.500000000000014 0.96152879766598975
decision_type=2 2 2 2 2 2
left_child=1 3 -3 -1 5 -2
right_child=4 2 -4 -5 -6 -7
leaf_value=-0.018430987147972464 0.0078927161128728249 0.033888016946998022 -0.0039351104708853883 0.010833730858798164 -0.020712979215219307 -0.014121357905357386
leaf_weight=26.23908106982708 37.117538407444954 26.645006239414215 28.540734693408012 28.998863399028778 24.334861695766449 21.381448194384575
leaf_count=44 45 20 38 30 34 30
internal_value=0.000559693 0.00562551 0.0143268 -0.00306757 -0.00619341 -0.000153454
internal_weight=193.258 110.424 55.1857 55.2379 82.8338 58.499
internal_count=241 132 58 74 109 75
is_linear=0
shrinkage=0.05


Tree=60
num_leaves=7
num_cat=0
split_feature=5 9 9 0 9 6
split_gain=2.63959 6.99192 3.43092 1.96806 2.65019 1.90935
threshold=9.5000000000000018 0.99468554070253856 0.94835419746724881 78.500000000000014 0.88518546210153137 82.500000000000014
decision_type=2 2 2 2 2 2
left_child=1 3 -2 4 -1 -6
right_child=2 -3 -4 -5 5 -7
leaf_value=-0.0053096343549243145 -0.030013045924177424 -0.024573265911195772 0.0046816885530145506 -0.0050447425646294505 0.023973824585922884 0.0078885620254976283
leaf_weight=24.965077817440033 16.236854657530788 22.046852007508278 12.698374226689337 32.629283308982849 27.736202955245972 55.096238106489182
leaf_count=35 36 36 19 34 23 61
internal_value=-0.000873625 0.00160425 -0.0147871 0.00571409 0.00897068 0.0132747
internal_weight=191.409 162.474 28.9352 140.427 107.798 82.8324
internal_count=244 189 55 153 119 84
is_linear=0
shrinkage=0.05


Tree=61
num_leaves=7
num_cat=0
split_feature=2 0 9 6 9 8
split_gain=2.54619 2.96966 4.32252 2.52402 1.51905 2.42347
threshold=1.0000000180025095e-35 82.500000000000014 0.93377545063793999 93.500000000000014 0.91722747857592879 0.90364972717805603
decision_type=2 2 2 2 2 2
left_child=1 2 4 -4 5 -1
right_child=-2 -3 3 -5 -6 -7
leaf_value=-0.010359114681913547 -0.014296032924879624 0.01732007823913621 -0.022469081213514874 -0.0012206660408400913 0.017824819300543384 0.0098892650068896273
leaf_weight=23.505971789360046 27.895023241639137 26.662360817193985 27.490249633789062 28.429008185863495 21.233630999922752 39.795025259256363
leaf_count=35 44 22 47 34 21 45
internal_value=-0.000312027 0.00202218 -0.000881819 -0.0116665 0.00625221 0.0023703
internal_weight=195.011 167.116 140.454 55.9193 84.5346 63.301
internal_count=248 204 182 81 101 80
is_linear=0
shrinkage=0.05


Tree=62
num_leaves=7
num_cat=0
split_feature=8 8 7 0 8 8
split_gain=4.8647 3.26739 2.37695 4.71035 3.45542 4.28426
threshold=1.0113113273709782 0.98798033168035049 14.500000000000002 72.500000000000014 0.85164486880096502 0.91706344704376541
decision_type=2 2 2 2 2 2
left_child=1 2 -1 -4 -5 -6
right_child=-2 -3 3 4 5 -7
leaf_value=0.013245937823807492 -0.01739486769229388 0.022254453865597719 -0.02000159730493457 0.020714628387084127 -0.019452473380323319 0.0081142224376102492
leaf_weight=32.652584597468376 31.155950710177422 21.649943262338638 27.572916954755783 22.235795706510544 22.746213108301163 37.055112421512604
leaf_count=31 46 19 55 19 37 37
internal_value=0.000716032 0.00415849 0.00140459 -0.00212292 0.00388616 -0.00237113
internal_weight=195.069 163.913 142.263 109.61 82.0371 59.8013
internal_count=244 198 179 148 93 74
is_linear=0
shrinkage=0.05


Tree=63
num_leaves=7
num_cat=0
split_feature=7 1 8 8 0 8
split_gain=1.23724 3.77374 3.87002 4.60383 3.32674 3.02727
threshold=21.500000000000004 1.0000000180025095e-35 0.97954261554445587 0.93088652918327819 76.500000000000014 0.95477616259028963
decision_type=2 2 2 2 2 2
left_child=1 2 3 4 -1 -3
right_child=-2 5 -4 -5 -6 -7
leaf_value=-0.022229175949576616 0.011238638876341087 -0.00059660937229983246 -0.026291308714585279 0.017802760787728255 0.006008138600905581 0.018857805847183277
leaf_weight=24.571215942502022 35.753942757844925 41.683152839541435 18.98719833791256 22.264356344938278 18.124728590250015 38.434605270624161
leaf_count=44 38 53 31 22 19 37
internal_value=0.00281062 0.000973945 -0.00643418 -0.000630154 -0.0102422 0.00873619
internal_weight=199.819 164.065 83.9475 64.9603 42.6959 80.1178
internal_count=244 206 116 85 63 90
is_linear=0
shrinkage=0.05


Tree=64
num_leaves=7
num_cat=0
split_feature=2 8 9 9 5 5
split_gain=4.23016 2.588 3.15643 1.64055 3.90407 3.45205
threshold=1.0000000180025095e-35 1.0366385458008385 0.99468554070253856 0.91722747857592879 6.5000000000000009 5.5000000000000009
decision_type=2 2 2 2 2 2
left_child=1 2 3 5 -5 -1
right_child=-2 -3 -4 4 -6 -7
leaf_value=-0.017072589182858589 -0.015533654851375311 0.021467754612669945 -0.013842620249656643 0.02177074041746016 -0.0031009645973852761 0.0092475706113557352
leaf_weight=19.661815375089645 29.100251331925392 21.16929005086422 23.905984744429588 37.907808661460876 27.026757001876831 34.000624641776085
leaf_count=27 46 19 37 29 39 42
internal_value=0.00203203 0.00515514 0.00273184 0.00607281 0.0114188 -0.000396086
internal_weight=192.773 163.672 142.503 118.597 64.9346 53.6624
internal_count=239 193 174 137 68 69
is_linear=0
shrinkage=0.05


Tree=65
num_leaves=7
num_cat=0
split_feature=0 9 9 8 7 5
split_gain=4.12127 2.66357 4.35078 6.21891 4.33036 1.85998
threshold=69.500000000000014 1.0433510304517484 0.90373936244608122 0.94283579487430291 17.500000000000004 6.5000000000000009
decision_type=2 2 2 2 2 2
left_child=-1 2 4 5 -2 -4
right_child=1 -3 3 -5 -6 -7
leaf_value=-0.020619937543734826 -0.0024543556614951747 0.018214764324490935 0.009900836999853932 -0.025812550349909792 0.02592296604294364 -0.008217642128440358
leaf_weight=22.213777855038643 28.454765662550926 22.728645443916321 34.076195001602173 29.466451659798622 25.483969479799271 24.240941494703293
leaf_count=44 38 24 30 42 21 38
internal_value=-0.0004055 0.00232503 -0.000223273 -0.00709045 0.0109528 0.00236945
internal_weight=186.665 164.451 141.722 87.7836 53.9387 58.3171
internal_count=237 193 169 110 59 68
is_linear=0
shrinkage=0.05


Tree=66
num_leaves=7
num_cat=0
split_feature=5 8 8 6 7 7
split_gain=2.13183 5.83067 4.50863 6.16587 4.39991 3.00003
threshold=1.5000000000000002 1.0113113273709782 0.92331984242900755 83.500000000000014 21.500000000000004 14.500000000000002
decision_type=2 2 2 2 2 2
left_child=-1 2 4 -4 5 -2
right_child=1 -3 3 -5 -6 -7
leaf_value=0.015401457531492772 0.0043031455247039994 -0.024275950673709433 0.03097890275118181 0.00025854025589100335 0.017657462603307271 -0.019713219518229328
leaf_weight=27.508577823638916 20.148160144686699 20.933204114437103 28.605808898806572 38.072650074958801 17.215336784720421 36.668175920844078
leaf_count=22 21 36 23 50 17 67
internal_value=0.00253421 0.000344451 0.00400719 0.0134379 -0.00448684 -0.0111966
internal_weight=189.152 161.643 140.71 66.6785 74.0317 56.8163
internal_count=236 214 178 73 105 88
is_linear=0
shrinkage=0.05


Tree=67
num_leaves=7
num_cat=0
split_feature=2 5 7 9 9 1
split_gain=2.07796 2.17985 2.35217 4.15944 5.52703 2.1122
threshold=1.0000000180025095e-35 9.5000000000000018 21.500000000000004 0.94932786211795017 0.91722747857592879 1.0000000180025095e-35
decision_type=2 2 2 2 2 2
left_child=1 2 3 4 5 -1
right_child=-2 -3 -4 -5 -6 -7
leaf_value=-0.0098768123771348741 -0.0092763839762635796 -0.0078285817164086158 0.021365385936799881 -0.0090930961135514757 0.030696939547403573 0.010363173299447279
leaf_weight=22.025579899549484 31.088362812995911 28.469671368598938 24.661205410957336 38.41743078827858 24.450057923793793 31.077647060155869
leaf_count=30 46 49 21 52 17 32
internal_value=0.00260433 0.00478853 0.00734275 0.00436083 0.0110255 0.00196825
internal_weight=200.19 169.102 140.632 115.971 77.5533 53.1032
internal_count=247 201 152 131 79 62
is_linear=0
shrinkage=0.05


Tree=68
num_leaves=7
num_cat=0
split_feature=8 6 8 1 8 8
split_gain=13.6286 4.13713 2.82576 2.7588 2.04206 0.924898
threshold=1.0113113273709782 79.500000000000014 0.96152879766598975 1.0000000180025095e-35 0.93088652918327819 0.91706344704376541
decision_type=2 2 2 2 2 2
left_child=1 -1 3 5 -5 -3
right_child=-2 2 -4 4 -6 -7
leaf_value=0.023314885034783819 -0.040081557586871097 0.0049134775032017358 -0.017591462823530482 -0.015092254260763183 0.0055893522202170856 0.017126542040992513
leaf_weight=21.279706031084061 20.966329410672188 46.693233802914619 20.312210381031036 28.704482346773148 20.430726766586304 23.206199795007706
leaf_count=21 40 54 31 46 21 25
internal_value=-0.00216806 0.00278073 -0.000355044 0.0025862 -0.00649271 0.00896814
internal_weight=181.593 160.627 139.347 119.035 49.1352 69.8994
internal_count=238 198 177 146 67 79
is_linear=0
shrinkage=0.05


Tree=69
num_leaves=7
num_cat=0
split_feature=8 8 8 0 9 6
split_gain=1.76502 7.15761 2.31047 1.58094 4.58952 2.22973
threshold=0.90075562754280647 0.85791938373314414 0.93604247666928198 81.500000000000014 0.94932786211795017 82.500000000000014
decision_type=2 2 2 2 2 2
left_child=1 -1 -2 4 5 -4
right_child=2 -3 3 -5 -6 -7
leaf_value=0.0083384254422688032 0.01621921927009248 -0.024358270515580465 0.018552751196227724 0.01257434959357335 -0.019118519999972206 -0.0037931494678172871
leaf_weight=38.817726016044617 30.43115907907486 29.426210597157478 21.173897996544838 20.594268918037415 27.707766875624657 23.612554267048836
leaf_count=41 33 56 19 18 44 33
internal_value=0.000693421 -0.00576011 0.00425896 0.000349089 -0.00312388 0.00677143
internal_weight=191.764 68.2439 123.52 93.0885 72.4942 44.7865
internal_count=244 97 147 114 96 52
is_linear=0
shrinkage=0.05


Tree=70
num_leaves=7
num_cat=0
split_feature=9 9 9 5 0 0
split_gain=1.78665 4.64727 3.80767 3.68128 3.27574 3.01225
threshold=1.0324684580878587 0.94077431892277918 0.92639925277728474 4.5000000000000009 78.500000000000014 71.500000000000014
decision_type=2 2 2 2 2 2
left_child=1 2 4 -3 5 -1
right_child=-2 3 -4 -5 -6 -7
leaf_value=-0.0094390875786575425 0.013386963635710854 -0.00059683997844319414 0.023392995410356464 -0.028480965648535451 -0.017010954163359873 0.011944503016299814
leaf_weight=24.331080660223961 24.889843016862869 24.235919773578644 21.422375068068504 23.135848313570023 21.707328498363495 50.967929854989052
leaf_count=44 29 26 18 42 27 53
internal_value=0.000895681 -0.000979501 0.00431479 -0.0142151 0.000101653 0.00503491
internal_weight=190.69 165.8 118.429 47.3718 97.0063 75.299
internal_count=239 210 142 68 124 97
is_linear=0
shrinkage=0.05


Tree=71
num_leaves=7
num_cat=0
split_feature=8 6 9 8 7 9
split_gain=4.55528 2.3795 2.13725 3.24563 4.71971 3.48969
threshold=1.0113113273709782 79.500000000000014 0.97113701662948826 0.85164486880096502 16.500000000000004 0.9005434563176703
decision_type=2 2 2 2 2 2
left_child=1 -1 3 -3 -5 -6
right_child=-2 2 -4 4 5 -7
leaf_value=0.017637891900678229 -0.019604326360443177 0.010300582010228669 0.0092793755801611599 0.0041296120834557522 -0.0036164120837160149 -0.034541861319544363
leaf_weight=22.165930360555649 27.449575856328011 28.141561925411224 43.300409466028214 32.631333023309708 15.476841434836386 22.216618373990059
leaf_count=24 44 27 50 39 22 40
internal_value=-0.000753017 0.00240352 2.15565e-05 -0.00404955 -0.00979198 -0.0218439
internal_weight=191.382 163.933 141.767 98.4664 70.3248 37.6935
internal_count=246 202 178 128 101 62
is_linear=0
shrinkage=0.05


Tree=72
num_leaves=7
num_cat=0
split_feature=9 6 8 1 0 5
split_gain=2.2394 2.23966 5.6488 4.2944 2.05681 2.43729
threshold=1.0324684580878587 89.500000000000014 0.94893642848195381 1.0000000180025095e-35 76.500000000000014 6.5000000000000009
decision_type=2 2 2 2 2 2
left_child=1 4 3 -3 5 -1
right_child=-2 2 -4 -5 -6 -7
leaf_value=0.020667777266713417 0.016751198991846225 0.011589791345212421 -0.028050149938249183 -0.01558910132660357 -0.0042722103545269575 0.00044254086375026814
leaf_weight=33.618539750576019 25.566657871007919 42.428278610110283 20.143496513366699 22.106293901801109 30.223283499479294 26.746383085846901
leaf_count=30 29 43 37 33 34 43
internal_value=0.0029273 0.000910764 -0.00493529 0.00227967 0.00637541 0.0117064
internal_weight=200.833 175.266 84.6781 64.5346 90.5882 60.3649
internal_count=249 220 113 76 107 73
is_linear=0
shrinkage=0.05


Tree=73
num_leaves=7
num_cat=0
split_feature=0 7 8 8 8 7
split_gain=2.56562 2.72708 2.47457 2.32356 3.68861 3.28588
threshold=72.500000000000014 21.500000000000004 0.96152879766598975 0.92331984242900755 0.85791938373314414 17.500000000000004
decision_type=2 2 2 2 2 2
left_child=2 3 -1 4 -2 -5
right_child=1 -3 -4 5 -6 -7
leaf_value=9.0696518832380406e-05 0.0072687907424254369 0.018192664610503017 -0.024283533537734714 -0.0036804662110844315 -0.020231045281305399 0.018801939785962417
leaf_weight=27.499739661812782 23.319235295057297 29.460062831640244 16.759022876620293 33.225817650556564 25.558997213840485 31.812774404883385
leaf_count=47 23 27 33 38 41 27
internal_value=0.00138436 0.00463275 -0.00913885 0.00112602 -0.00711119 0.00731651
internal_weight=187.636 143.377 44.2588 113.917 48.8782 65.0386
internal_count=236 156 80 129 64 65
is_linear=0
shrinkage=0.05


Tree=74
num_leaves=7
num_cat=0
split_feature=9 5 0 9 9 1
split_gain=2.26407 2.83805 1.8469 1.85138 2.92694 1.99924
threshold=1.0324684580878587 9.5000000000000018 78.500000000000014 0.94932786211795017 0.88518546210153137 1.0000000180025095e-35
decision_type=2 2 2 2 2 2
left_child=1 2 3 4 -1 -6
right_child=-2 -3 -4 -5 5 -7
leaf_value=-0.0044793811461612647 0.016503260874997164 -0.014605908333513905 -0.0071959618875442099 -0.0044927896346988834 0.0075601218081314432 0.025931126713012061
leaf_weight=25.164462134242058 24.61168709397316 26.996529504656792 34.241470515727997 30.736190155148506 32.834716320037842 26.976750940084457
leaf_count=35 28 52 37 40 36 23
internal_value=0.0022942 0.000317888 0.00300466 0.00602322 0.00982691 0.015846
internal_weight=201.562 176.95 149.954 115.712 84.9759 59.8115
internal_count=251 223 171 134 94 59
is_linear=0
shrinkage=0.05


Tree=75
num_leaves=7
num_cat=0
split_feature=2 0 9 6 5 5
split_gain=1.48993 1.60223 1.42547 1.99482 1.50558 2.56106
threshold=1.0000000180025095e-35 81.500000000000014 0.93377545063793999 94.500000000000014 4.5000000000000009 6.5000000000000009
decision_type=2 2 2 2 2 2
left_child=1 2 4 -4 -1 -6
right_child=-2 -3 3 -5 5 -7
leaf_value=-0.0037533265613936204 -0.007687350291478017 0.013919767440498988 -0.013791652380888399 0.0052360869246902645 0.024814323175807125 0.0018939547431767571
leaf_weight=26.223812699317932 32.345299780368805 32.910884410142899 28.352908462285995 26.78864860534668 20.211534231901169 30.699226349592209
leaf_count=29 48 29 45 30 15 48
internal_value=0.00212597 0.00404752 0.00159126 -0.00454767 0.00597983 0.0109933
internal_weight=197.532 165.187 132.276 55.1416 77.1346 50.9108
internal_count=244 196 167 75 92 63
is_linear=0
shrinkage=0.05


Tree=76
num_leaves=7
num_cat=0
split_feature=9 8 6 9 8 9
split_gain=1.48634 2.80676 3.35139 2.75776 2.62078 1.97143
threshold=0.89102884276954442 1.0366385458008385 81.000000000000014 0.86214126879415065 0.96152879766598975 0.9741127663399769
decision_type=2 2 2 2 2 2
left_child=3 2 -2 -1 5 -4
right_child=1 -3 4 -5 -6 -7
leaf_value=0.0068708949214478614 0.016977756234399507 0.019618814174583124 -0.0057850517696436798 -0.019623624790795713 -0.01966188901787029 0.009738706896154593
leaf_weight=17.445035025477409 23.947589367628098 21.318484455347061 53.835938796401024 22.475380331277847 20.763802379369736 32.980416476726532
leaf_count=21 23 21 69 38 34 38
internal_value=0.000545331 0.00278912 6.13078e-05 -0.00804564 -0.00370433 0.000112224
internal_weight=192.767 152.846 131.528 39.9204 107.58 86.8164
internal_count=244 185 164 59 141 107
is_linear=0
shrinkage=0.05


Tree=77
num_leaves=7
num_cat=0
split_feature=5 0 9 7 9 9
split_gain=1.94837 6.32242 2.07143 2.36349 2.30043 1.91328
threshold=9.5000000000000018 78.500000000000014 0.9005434563176703 17.500000000000004 0.92363868827618145 0.94932786211795017
decision_type=2 2 2 2 2 2
left_child=2 -2 3 -1 -4 -6
right_child=1 -3 4 -5 5 -7
leaf_value=0.0005950234280217956 -0.031892778376144681 0.014608749483720951 -0.013391123770522951 0.022260925249943855 0.014036446755570484 -0.0016804819237963842
leaf_weight=24.474301278591156 16.014944091439251 13.44698207080364 26.345647811889648 25.917098343372345 28.744991034269333 59.330072611570358
leaf_count=31 38 16 37 22 24 73
internal_value=0.00117443 -0.0106686 0.00329149 0.0117381 -0.000428449 0.00344904
internal_weight=194.274 29.4619 164.812 50.3914 114.421 88.0751
internal_count=241 54 187 53 134 97
is_linear=0
shrinkage=0.05


Tree=78
num_leaves=7
num_cat=0
split_feature=9 9 0 9 7 9
split_gain=1.49855 2.33534 2.34323 2.58698 2.21256 1.56813
threshold=0.90306351514744032 0.91722747857592879 81.500000000000014 0.94932786211795017 17.500000000000004 0.98501846153462214
decision_type=2 2 2 2 2 2
left_child=4 -2 3 -3 -1 -5
right_child=1 2 -4 5 -6 -7
leaf_value=-0.00085209219638016304 -0.016212611541856277 0.0084512240390275297 0.015759567658706848 -0.021779989175550726 0.018403026046754038 -0.0030555244519283463
leaf_weight=30.514788076281548 21.143110349774361 35.567646116018295 23.969752013683319 16.524211794137955 29.19108921289444 34.583536744117737
leaf_count=41 32 36 22 28 29 48
internal_value=0.00199062 -0.000986506 0.00192304 -0.0019034 0.00856202 -0.00910954
internal_weight=191.494 131.788 110.645 86.6754 59.7059 51.1077
internal_count=236 166 134 112 70 76
is_linear=0
shrinkage=0.05


Tree=79
num_leaves=7
num_cat=0
split_feature=9 9 9 9 9 9
split_gain=2.57453 2.58706 2.26242 3.08713 2.50499 2.48405
threshold=0.88518546210153137 0.90373936244608122 0.92639925277728474 0.94077431892277918 0.96893764280669592 0.99468554070253856
decision_type=2 2 2 2 2 2
left_child=-1 -2 -3 -4 -5 -6
right_child=1 2 3 4 5 -7
leaf_value=-0.011064931734124654 0.019166661003858453 -0.010853489653797729 0.021895359898830322 -0.01405684312940165 0.019486809948270501 -0.0024289876744064466
leaf_weight=35.163915678858757 23.590576440095901 30.047752439975739 20.855670675635338 21.98215626180172 20.888239875435829 33.935285806655884
leaf_count=54 22 44 17 33 19 47
internal_value=0.00112195 0.00395433 0.00114429 0.00483568 0.000203332 0.00592112
internal_weight=186.464 151.3 127.709 97.6614 76.8057 54.8235
internal_count=236 182 160 116 99 66
is_linear=0
shrinkage=0.05


Tree=80
num_leaves=7
num_cat=0
split_feature=8 8 7 9 5 5
split_gain=1.82198 8.73087 1.85423 6.32668 1.91008 3.54822
threshold=0.90075562754280647 0.85791938373314414 18.500000000000004 0.97608412590359761 4.5000000000000009 8.5000000000000018
decision_type=2 2 2 2 2 2
left_child=1 -1 4 -4 -2 -6
right_child=2 -3 3 -5 5 -7
leaf_value=0.0077011859698898457 -0.0014567115905920699 -0.031505082765455224 -0.024059579121313221 0.015375949969627087 0.027542881689202322 0.0010195695426129358
leaf_weight=38.082875549793243 32.841346085071564 22.64270256459713 21.141711577773094 19.59859262406826 24.762228041887283 25.69267250597477
leaf_count=40 35 48 33 20 22 38
internal_value=0.000178541 -0.00691763 0.00365267 -0.00508866 0.00792807 0.0140367
internal_weight=184.762 60.7256 124.037 40.7403 83.2962 50.4549
internal_count=236 88 148 53 95 60
is_linear=0
shrinkage=0.05


Tree=81
num_leaves=7
num_cat=0
split_feature=8 8 7 8 8 3
split_gain=4.41894 3.49487 2.37053 3.13493 1.56086 1.43726
threshold=1.0197462719059629 0.88433015783343849 14.500000000000002 0.98798033168035049 0.8306209636131463 1.0000000180025095e-35
decision_type=2 2 2 2 2 2
left_child=1 4 -3 5 -1 -4
right_child=-2 2 3 -5 -6 -7
leaf_value=-0.0026876159819896697 -0.024522008977059778 0.020001289845112256 -0.0076668589191509129 0.017411907021210964 -0.022142113004273142 0.0070728808552567154
leaf_weight=21.29778864979744 19.77124260365963 21.002358540892601 55.173374801874161 23.939160257577896 19.984468176960945 23.618123173713684
leaf_count=25 34 19 79 21 34 30
internal_value=-0.00218429 0.000492098 0.00469513 0.00156592 -0.0121054 -0.00324855
internal_weight=184.787 165.015 123.733 102.731 41.2823 78.7915
internal_count=242 208 149 130 59 109
is_linear=0
shrinkage=0.05


Tree=82
num_leaves=7
num_cat=0
split_feature=9 5 9 9 6 6
split_gain=1.52151 1.97552 1.81486 2.82036 2.57245 2.88368
threshold=1.0324684580878587 9.5000000000000018 0.9005434563176703 0.87819837588861105 97.000000000000014 91.500000000000014
decision_type=2 2 2 2 2 2
left_child=1 2 3 -1 5 -4
right_child=-2 -3 4 -5 -6 -7
leaf_value=0.00038619699722357011 0.014252016940887336 -0.011999588039893205 -0.0031006900673112743 0.024102965044165404 -0.013247923351248065 0.019239958405105246
leaf_weight=28.664627268910408 24.458834618330002 25.216273337602615 41.614440903067589 22.277274042367935 29.290045976638794 22.123112678527832
leaf_count=36 29 49 54 18 35 20
internal_value=0.00259549 0.000910335 0.00317151 0.0107577 -0.000982698 0.00465368
internal_weight=193.645 169.186 143.97 50.9419 93.0276 63.7376
internal_count=241 212 163 54 109 74
is_linear=0
shrinkage=0.05


Tree=83
num_leaves=7
num_cat=0
split_feature=7 9 9 8 9 6
split_gain=1.68426 5.94262 4.93629 4.46583 3.00487 2.25369
threshold=21.500000000000004 0.94932786211795017 0.89102884276954442 0.96282071588278662 0.86214126879415065 94.500000000000014
decision_type=2 2 2 2 2 2
left_child=1 2 4 -4 -1 -3
right_child=-2 5 3 -5 -6 -7
leaf_value=0.0042851965660186076 0.0097360418657172557 -0.0094533643637591501 0.0017311904357766466 0.028148914531014188 -0.026648341266290301 -0.032960768160554564
leaf_weight=14.372932597994806 32.395160272717476 26.833509668707848 44.626060143113136 24.936750993132591 17.300245568156242 16.4441869109869
leaf_count=19 36 43 53 21 32 28
internal_value=-0.000568161 -0.00287802 0.0037513 0.0112014 -0.012611 -0.0183855
internal_weight=176.909 144.514 101.236 69.5628 31.6732 43.2777
internal_count=232 196 125 74 51 71
is_linear=0
shrinkage=0.05


Tree=84
num_leaves=7
num_cat=0
split_feature=0 8 8 8 5 5
split_gain=1.96794 2.56872 1.91534 3.42119 2.43102 5.53549
threshold=70.500000000000014 0.93329330666766952 0.85791938373314414 0.90364972717805603 8.5000000000000018 2.5000000000000004
decision_type=2 2 2 2 2 2
left_child=1 -1 -2 -4 5 -5
right_child=2 -3 3 4 -6 -7
leaf_value=-0.027177685041857903 0.01461955323481744 0.0010715830766746678 -0.016076899401792223 0.016054854701053778 0.017955818298795195 -0.012230119539950535
leaf_weight=12.403651282191275 34.480941504240036 22.911462426185608 23.030111476778984 31.259732931852341 27.469189047813416 38.727223992347717
leaf_count=28 31 35 40 23 30 53
internal_value=0.0018013 -0.00885035 0.00422868 0.00125501 0.00535075 0.000403388
internal_weight=190.282 35.3151 154.967 120.486 97.4561 69.987
internal_count=240 63 177 146 106 76
is_linear=0
shrinkage=0.05


Tree=85
num_leaves=7
num_cat=0
split_feature=0 2 6 9 7 8
split_gain=3.13129 2.9839 2.36742 3.81158 1.94289 1.35274
threshold=69.500000000000014 1.0000000180025095e-35 94.500000000000014 0.90306351514744032 19.500000000000004 0.96282071588278662
decision_type=2 2 2 2 2 2
left_child=-1 2 3 -2 -4 -5
right_child=1 -3 4 5 -6 -7
leaf_value=-0.020563041285051851 0.0098705798612315401 -0.015799040186730944 0.0023887697091873558 -0.022707543865471597 0.020787262290791704 -0.0043426450082276703
leaf_weight=21.062962144613266 31.88578474521637 25.112922266125679 32.437898382544518 19.547052592039108 25.731653571128845 20.588542833924294
leaf_count=44 35 40 34 34 22 25
internal_value=-0.00247237 -1.88396e-05 0.00302505 -0.00303442 0.0105275 -0.0132868
internal_weight=176.367 155.304 130.191 72.0214 58.1696 40.1356
internal_count=234 190 150 94 56 59
is_linear=0
shrinkage=0.05


Tree=86
num_leaves=7
num_cat=0
split_feature=9 1 7 9 1 8
split_gain=2.20997 3.02164 2.66336 4.14093 3.18573 1.52685
threshold=0.9741127663399769 1.0000000180025095e-35 18.500000000000004 0.90373936244608122 1.0000000180025095e-35 0.94893642848195381
decision_type=2 2 2 2 2 2
left_child=2 -2 4 -4 5 -1
right_child=1 -3 3 -5 -6 -7
leaf_value=0.0016932034103563063 0.022470228378330032 -0.0016915899014798442 0.0052167763212935328 -0.025580395803125607 0.013153883194292882 -0.016152437256448365
leaf_weight=32.605311930179596 27.700966641306877 24.282565385103226 20.580853670835495 23.239781737327576 46.771854892373085 18.953348398208618
leaf_count=40 29 31 25 39 49 31
internal_value=0.00236202 0.0111838 -0.000864016 -0.0111162 0.00370481 -0.00486699
internal_weight=194.135 51.9835 142.151 43.8206 98.3305 51.5587
internal_count=244 60 184 64 120 71
is_linear=0
shrinkage=0.05


Tree=87
num_leaves=7
num_cat=0
split_feature=7 1 8 1 8 7
split_gain=2.49206 10.0295 3.53063 3.12154 3.31322 2.17737
threshold=15.500000000000002 1.0000000180025095e-35 0.98798033168035049 1.0000000180025095e-35 0.92331984242900755 19.500000000000004
decision_type=2 2 2 2 2 2
left_child=1 -1 3 5 -5 -2
right_child=2 -3 -4 4 -6 -7
leaf_value=-0.037213922894174779 -0.0032704219441719246 0.011569208651577212 0.015599664366840377 -0.028412773529925668 0.0012112083612210922 0.015123047013025271
leaf_weight=19.054721891880035 35.161737158894539 23.567342206835747 42.658253580331802 18.056285962462425 19.775859415531158 29.662970617413521
leaf_count=37 50 23 43 37 23 31
internal_value=0.000391265 -0.0102399 0.00350947 -0.00151452 -0.0129275 0.0051462
internal_weight=187.937 42.6221 145.315 102.657 37.8321 64.8247
internal_count=244 60 184 141 60 81
is_linear=0
shrinkage=0.05


Tree=88
num_leaves=7
num_cat=0
split_feature=8 6 7 6 9 9
split_gain=3.53148 2.66777 2.2805 2.41442 3.04558 3.22716
threshold=1.0113113273709782 79.500000000000014 14.500000000000002 103.00000000000001 0.92639925277728474 0.87516592803722559
decision_type=2 2 2 2 2 2
left_child=1 -1 -3 4 5 -4
right_child=-2 2 3 -5 -6 -7
leaf_value=0.018661982620614758 -0.017748188964804876 0.01274504882588362 -0.0045958806500427905 0.0088851561915145264 -5.0819316005033944e-05 -0.036640038146635981
leaf_weight=20.907548815011978 26.371483996510506 25.623208358883858 15.917753458023073 27.066815793514252 44.164709001779556 15.515858620405195
leaf_count=22 41 25 23 29 61 32
internal_value=-0.0008812 0.00210017 -0.000598965 -0.00392937 -0.00851741 -0.0204131
internal_weight=175.567 149.196 128.288 102.665 75.5983 31.4336
internal_count=233 192 170 145 116 55
is_linear=0
shrinkage=0.05


Tree=89
num_leaves=7
num_cat=0
split_feature=0 7 1 7 6 5
split_gain=1.21767 1.2528 2.33277 8.53429 4.79805 1.6098
threshold=69.500000000000014 14.500000000000002 1.0000000180025095e-35 21.500000000000004 89.500000000000014 5.5000000000000009
decision_type=2 2 2 2 2 2
left_child=-1 -2 3 5 -4 -3
right_child=1 2 4 -5 -6 -7
leaf_value=-0.0096694266148792656 0.010494440694181081 -0.018758846575111635 0.0040110406974671019 0.028181880469974274 -0.026002955104268234 1.9321975604188175e-06
leaf_weight=24.822523131966591 35.789810746908188 17.756932973861694 33.730506643652916 27.096676826477051 22.000394880771637 32.112931728363037
leaf_count=46 35 24 39 20 36 45
internal_value=0.000669347 0.00219252 -4.65953e-05 0.00559461 -0.00783732 -0.00667813
internal_weight=193.31 168.487 132.697 76.9665 55.7309 49.8699
internal_count=245 199 164 89 75 69
is_linear=0
shrinkage=0.05


Tree=90
num_leaves=7
num_cat=0
split_feature=0 5 8 7 9 5
split_gain=1.98608 3.29 3.41214 2.09574 0.725999 0.651245
threshold=78.500000000000014 9.5000000000000018 0.87938179050627185 18.500000000000004 0.93827396540331798 5.5000000000000009
decision_type=2 2 2 2 2 2
left_child=1 2 -1 4 -4 -2
right_child=5 -3 3 -5 -6 -7
leaf_value=-0.013007687682727198 -0.017552422702546627 -0.018522099930305069 0.016878912222793415 -0.0035478174779624404 0.006219625972838959 -0.0052809555464156015
leaf_weight=23.099712699651718 20.529796004295349 18.336090236902237 43.871227115392685 26.486426413059235 25.121286362409592 22.839757338166237
leaf_count=33 23 41 43 36 31 32
internal_value=-0.00176546 0.00118817 0.00423601 0.00840787 0.0129977 -0.0110899
internal_weight=180.284 136.915 118.579 95.4789 68.9925 43.3696
internal_count=239 184 143 110 74 55
is_linear=0
shrinkage=0.05


Tree=91
num_leaves=7
num_cat=0
split_feature=2 8 9 9 6 8
split_gain=0.882933 1.98132 2.25055 1.31915 3.08895 3.05786
threshold=1.0000000180025095e-35 1.0366385458008385 0.99468554070253856 0.92639925277728474 88.500000000000014 0.93604247666928198
decision_type=2 2 2 2 2 2
left_child=1 2 3 5 -5 -1
right_child=-2 -3 -4 4 -6 -7
leaf_value=0.0056735845963719394 -0.0072864469258693172 0.016782799062002359 -0.013803855305710103 0.022385617628757085 -0.0024738161975117363 -0.017574362392048695
leaf_weight=44.132553547620773 29.508452534675598 20.152609825134277 24.338165268301964 23.224924266338348 27.049721285700798 20.816140845417976
leaf_count=54 45 20 38 20 34 30
internal_value=0.000659501 0.00212758 1.1372e-05 0.00292951 0.00901027 -0.00177741
internal_weight=189.223 159.714 139.562 115.223 50.2746 64.9487
internal_count=241 196 176 138 54 84
is_linear=0
shrinkage=0.05


Tree=92
num_leaves=7
num_cat=0
split_feature=7 8 8 7 9 6
split_gain=1.42136 1.26664 4.68871 2.40963 2.12151 1.97648
threshold=13.500000000000002 0.91706344704376541 0.85791938373314414 18.500000000000004 0.9741127663399769 88.500000000000014
decision_type=2 2 2 2 2 2
left_child=-1 2 -2 5 -5 -3
right_child=1 3 -4 4 -6 -7
leaf_value=-0.012693430811508213 0.0091004465791365598 0.019723530381896309 -0.017107757627951435 -0.015792126202855621 0.0074576439196908763 0.0013593804916065657
leaf_weight=19.248641356825829 35.277748167514801 33.233665317296982 33.056387364864349 19.911644786596298 19.343695029616356 26.204651445150375
leaf_count=26 38 30 62 30 21 34
internal_value=0.000172377 0.00165506 -0.00357768 0.00527814 -0.00433543 0.0116273
internal_weight=186.276 167.028 68.3341 98.6937 39.2553 59.4383
internal_count=241 215 100 115 51 64
is_linear=0
shrinkage=0.05


Tree=93
num_leaves=7
num_cat=0
split_feature=9 8 6 8 9 8
split_gain=2.35145 1.57006 1.44121 2.86385 2.94153 1.93858
threshold=0.88518546210153137 1.0366385458008385 81.000000000000014 0.96152879766598975 0.9741127663399769 0.8652683255558814
decision_type=2 2 2 2 2 2
left_child=-1 2 -2 4 5 -4
right_child=1 -3 3 -5 -6 -7
leaf_value=-0.011383961938425344 0.012383261380715415 0.016003902949017164 0.0073515025722952175 -0.017145103813745469 0.01498265422991444 -0.011817925791103068
leaf_weight=34.977183178067207 23.016099497675896 20.119888544082642 21.901161849498749 22.804377377033234 31.412396609783173 33.154030725359917
leaf_count=55 24 21 21 37 35 51
internal_value=0.000307839 0.00299107 0.00101193 -0.00138323 0.00277371 -0.00419226
internal_weight=187.385 152.408 132.288 109.272 86.4676 55.0552
internal_count=244 189 168 144 107 72
is_linear=0
shrinkage=0.05


Tree=94
num_leaves=7
num_cat=0
split_feature=8 0 8 5 6 6
split_gain=1.40065 3.12826 1.24646 2.02602 2.08429 1.92207
threshold=0.88433015783343849 76.500000000000014 1.0113113273709782 3.5000000000000004 82.500000000000014 93.500000000000014
decision_type=2 2 2 2 2 2
left_child=1 -1 3 -2 -5 -6
right_child=2 -3 -4 4 5 -7
leaf_value=-0.01870214816202783 -0.0043192116577296727 0.0085719719791297905 -0.0043453704980165589 0.023102912897218962 -0.0031506204230370449 0.014595476332347972
leaf_weight=22.250779181718826 29.759884223341942 19.930285066366196 31.188395276665688 24.626373410224915 30.0142952054739 31.03563129901886
leaf_count=38 36 19 43 23 47 35
internal_value=0.0022139 -0.0058153 0.00452375 0.00692 0.010824 0.00587087
internal_weight=188.806 42.1811 146.625 115.436 85.6763 61.0499
internal_count=241 57 184 141 105 82
is_linear=0
shrinkage=0.05


Tree=95
num_leaves=7
num_cat=0
split_feature=7 8 9 9 6 8
split_gain=2.12699 2.42298 4.22526 3.12952 2.72475 1.75707
threshold=21.500000000000004 0.92331984242900755 0.91722747857592879 0.94932786211795017 82.500000000000014 0.96152879766598975
decision_type=2 2 2 2 2 2
left_child=1 2 -1 -4 -3 -6
right_child=-2 4 3 -5 5 -7
leaf_value=-0.026418953718333096 0.013862643449985668 0.016224517447467862 0.015568561641802009 -0.011730153424232398 0.0055905473870676466 -0.012143651599136034
leaf_weight=20.230234995484352 33.595654204487801 34.573738738894463 20.212718456983566 21.8452028632164 34.94974210858345 23.264226078987122
leaf_count=39 34 32 21 34 39 37
internal_value=0.00245674 -1.42415e-05 -0.00764232 0.0013894 0.00510647 -0.00149662
internal_weight=188.672 155.076 62.2882 42.0579 92.7877 58.214
internal_count=236 202 94 55 108 76
is_linear=0
shrinkage=0.05


Tree=96
num_leaves=7
num_cat=0
split_feature=2 8 9 6 9 9
split_gain=2.90181 1.66174 1.97516 2.90391 6.04335 3.94573
threshold=1.0000000180025095e-35 1.0366385458008385 0.87516592803722559 104.50000000000001 0.92639925277728474 0.99468554070253856
decision_type=2 2 2 2 2 2
left_child=1 2 -1 4 -4 -6
right_child=-2 -3 3 -5 5 -7
leaf_value=0.012979257000600822 -0.016247670058426401 0.015081401494776736 -0.025551227324293387 0.013875647089206595 0.011548421265959468 -0.013467205485372412
leaf_weight=23.274641066789627 26.512972310185432 20.032819598913193 29.363518565893173 20.959687143564224 40.083872362971306 25.980032205581665
leaf_count=25 46 20 53 19 41 41
internal_value=-0.00092897 0.00161429 -0.000317411 -0.00297643 -0.00667782 0.00171087
internal_weight=186.208 159.695 139.662 116.387 95.4274 66.0639
internal_count=245 199 179 154 135 82
is_linear=0
shrinkage=0.05


Tree=97
num_leaves=7
num_cat=0
split_feature=6 0 9 0 7 9
split_gain=1.49425 3.55517 2.86817 2.32101 2.26951 0.9912
threshold=93.500000000000014 75.500000000000014 0.96893764280669592 80.500000000000014 16.500000000000004 0.87516592803722559
decision_type=2 2 2 2 2 2
left_child=1 5 4 -3 -2 -1
right_child=2 3 -4 -5 -6 -7
leaf_value=0.015354675682613152 0.0089538215416906618 -0.024408630663675823 0.018081432885648143 -0.00089513340225061497 -0.011291055597709085 0.00087939782372074794
leaf_weight=16.239572256803513 28.352312386035919 23.912845551967621 30.90015809237957 18.703785061836243 27.051620811223984 43.51684495806694
leaf_count=20 27 36 29 22 40 69
internal_value=0.00103001 -0.00305549 0.00587619 -0.0140889 -0.000930977 0.00481324
internal_weight=188.677 102.373 86.3041 42.6166 55.4039 59.7564
internal_count=243 147 96 58 67 89
is_linear=0
shrinkage=0.05


Tree=98
num_leaves=7
num_cat=0
split_feature=8 6 8 5 6 8
split_gain=1.78938 2.73741 2.18108 2.90298 1.2256 1.14387
threshold=0.90075562754280647 94.500000000000014 1.0113113273709782 4.5000000000000009 86.500000000000014 0.87386679618999064
decision_type=2 2 2 2 2 2
left_child=1 5 3 -2 -5 -1
right_child=2 -3 -4 4 -6 -7
leaf_value=-0.0054406241117150485 -0.0022648026690190704 0.0054075100839996032 -0.0045163634390041505 0.024178032658788949 0.0099438670118419982 -0.025896531479140408
leaf_weight=13.615174889564516 29.633310481905937 34.998143225908279 32.692229121923447 29.310411661863327 31.241576001048088 13.721567451953886
leaf_count=20 33 41 43 26 40 30
internal_value=0.00304733 -0.00385279 0.00654771 0.0105584 0.016834 -0.0157084
internal_weight=185.212 62.3349 122.878 90.1853 60.552 27.3367
internal_count=233 91 142 99 66 50
is_linear=0
shrinkage=0.05


Tree=99
num_leaves=7
num_cat=0
split_feature=0 7 7 5 5 0
split_gain=4.40728 1.43014 4.41549 2.57921 2.7462 2.23174
threshold=69.500000000000014 14.500000000000002 17.500000000000004 4.5000000000000009 8.5000000000000018 74.500000000000014
decision_type=2 2 2 2 2 2
left_child=-1 -2 5 -4 -5 -3
right_child=1 2 3 4 -6 -7
leaf_value=-0.02165580311389978 0.012177069438401715 -0.025045698950069389 0.017665236005397184 -0.011767640437163576 0.010849880824351128 -0.0020783512642696608
leaf_weight=20.299635261297226 33.960922449827194 19.448092490434647 34.680972576141357 25.401388213038445 28.455530107021332 23.187940686941147
leaf_count=44 31 38 25 37 38 26
internal_value=0.000329648 0.00303227 0.000664679 0.00703057 0.000182422 -0.0125547
internal_weight=185.434 165.135 131.174 88.5379 53.8569 42.636
internal_count=239 195 164 100 75 64
is_linear=0
shrinkage=0.05


Tree=100
num_leaves=7
num_cat=0
split_feature=5 0 9 9 8 1
split_gain=1.62297 1.0894 1.65924 3.00773 3.9807 1.00711
threshold=9.5000000000000018 78.500000000000014 0.88518546210153137 0.94932786211795017 0.93604247666928198 1.0000000180025095e-35
decision_type=2 2 2 2 2 2
left_child=1 2 -1 5 -5 -4
right_child=-2 -3 3 4 -6 -7
leaf_value=-0.0085483020564646461 -0.011699696618245039 -0.0054351400933311611 0.0083500428550579847 0.0096949358881195796 -0.02176136425654919 0.021695996211088666
leaf_weight=21.101206228137016 25.855081751942635 39.115711480379105 31.512949049472809 24.23841480910778 17.190183639526367 25.634592786431313
leaf_count=33 50 43 35 28 28 22
internal_value=-8.26704e-05 0.00180884 0.00417649 0.00690036 -0.00335739 0.0143366
internal_weight=184.648 158.793 119.677 98.5761 41.4286 57.1475
internal_count=239 189 146 113 56 57
is_linear=0
shrinkage=0.05


Tree=101
num_leaves=7
num_cat=0
split_feature=5 9 8 9 8 0
split_gain=1.10472 1.20455 1.53507 1.47405 1.64301 1.14552
threshold=9.5000000000000018 0.9005434563176703 0.93329330666766952 0.92363868827618145 0.94283579487430291 75.500000000000014
decision_type=2 2 2 2 2 2
left_child=1 2 -1 -3 -5 -2
right_child=5 3 -4 4 -6 -7
leaf_value=0.0019178520884531578 -0.015636426516240219 -0.0093846856296470882 0.019688534612030309 0.009924209066502725 -0.0039221853108558713 0.004016767658589407
leaf_weight=24.888715952634811 15.891328528523447 25.541801124811172 23.747450321912766 52.272693037986755 36.303543969988823 13.89953528344631
leaf_count=30 36 36 22 55 44 20
internal_value=0.00238545 0.00400579 0.0105947 0.00119766 0.00424917 -0.00646683
internal_weight=192.545 162.754 48.6362 114.118 88.5762 29.7909
internal_count=243 187 52 135 99 56
is_linear=0
shrinkage=0.05


Tree=102
num_leaves=7
num_cat=0
split_feature=8 8 1 3 0 0
split_gain=2.99707 1.57689 1.74376 3.18704 1.5969 1.32792
threshold=1.0113113273709782 0.98655405670457841 1.0000000180025095e-35 1.0000000180025095e-35 72.500000000000014 76.500000000000014
decision_type=2 2 2 2 2 2
left_child=1 2 4 5 -1 -4
right_child=-2 -3 3 -5 -6 -7
leaf_value=-0.0054023173593453697 -0.014417040436224774 0.016026874046650746 -0.023407977514661227 0.010624746609864538 0.010438144465747114 -0.0039365648591576383
leaf_weight=22.106472000479698 28.488197132945061 20.834845706820488 19.284277334809303 19.478337153792381 56.766457363963127 16.038849383592606
leaf_count=41 45 20 35 22 57 19
internal_value=0.00048482 0.0032324 0.00123822 -0.00561283 0.00599839 -0.0145668
internal_weight=182.997 154.509 133.674 54.8015 78.8729 35.3231
internal_count=239 194 174 76 98 54
is_linear=0
shrinkage=0.05


Tree=103
num_leaves=7
num_cat=0
split_feature=5 8 8 8 8 7
split_gain=0.68392 2.20443 3.6009 0.485983 1.14138 1.26752
threshold=6.5000000000000009 0.89887477047811071 0.97954261554445587 0.98798033168035049 0.91132701556953777 17.500000000000004
decision_type=2 2 2 2 2 2
left_child=3 -2 -3 4 5 -1
right_child=1 2 -4 -5 -6 -7
leaf_value=-0.0011951561134185445 -0.016005921984048609 0.012230790727248624 -0.015064646381797159 0.0090008439497487134 -0.0056407288492541481 0.014908903571341031
leaf_weight=25.121132463216782 20.698374435305595 36.370813444256783 18.0939581990242 34.331918358802795 30.874717473983765 23.789914309978485
leaf_count=31 42 43 37 29 37 23
internal_value=0.00158752 -0.00211582 0.00316287 0.0040267 0.00188633 0.00663772
internal_weight=189.281 75.1631 54.4648 114.118 79.7858 48.911
internal_count=242 122 80 120 91 54
is_linear=0
shrinkage=0.05


Tree=104
num_leaves=7
num_cat=0
split_feature=9 9 0 5 5 5
split_gain=1.591 2.35941 1.87621 5.1283 3.91611 1.71456
threshold=0.88518546210153137 0.90373936244608122 79.500000000000014 3.5000000000000004 7.5000000000000009 6.5000000000000009
decision_type=2 2 2 2 2 2
left_child=5 -2 3 -3 -5 -1
right_child=1 2 -4 4 -6 -7
leaf_value=-0.0016733121537050755 0.015723750382086728 -0.024837971990687345 0.0085828959274376251 0.011930573755451257 -0.012558865592151545 -0.023965824725521293
leaf_weight=19.903760462999344 21.713512718677521 25.39998185634613 30.553838908672333 38.52618145942688 28.327324956655502 15.221625596284865
leaf_count=24 21 36 31 41 54 31
internal_value=-0.00178935 0.000530405 -0.00215592 -0.00571256 0.00155385 -0.0113338
internal_weight=179.646 144.521 122.807 92.2535 66.8535 35.1254
internal_count=238 183 162 131 95 55
is_linear=0
shrinkage=0.05


Tree=105
num_leaves=6
num_cat=0
split_feature=2 6 8 7 0
split_gain=1.11588 1.77713 3.70932 1.8873 1.78821
threshold=1.0000000180025095e-35 93.500000000000014 0.90364972717805603 19.500000000000004 75.500000000000014
decision_type=2 2 2 2 2
left_child=1 2 -1 -3 -4
right_child=-2 3 4 -5 -6
leaf_value=-0.019415625408845089 -0.0074000118241386529 0.002169822608380465 0.011649670580603996 0.018255920851398065 -0.0049513277395703366
leaf_weight=21.937653869390488 29.163035154342651 43.773537591099739 36.768632903695107 31.252033889293671 29.02792289853096
leaf_count=41 46 48 47 28 34
internal_value=0.00160685 0.00322068 -0.00161075 0.00887052 0.00432569
internal_weight=191.923 162.76 87.7342 75.0256 65.7966
internal_count=244 198 122 76 81
is_linear=0
shrinkage=0.05


Tree=106
num_leaves=7
num_cat=0
split_feature=5 7 1 9 1 1
split_gain=1.90744 1.56621 1.14187 0.540736 1.2947 0.8683
threshold=6.5000000000000009 19.500000000000004 1.0000000180025095e-35 0.92363868827618145 1.0000000180025095e-35 1.0000000180025095e-35
decision_type=2 2 2 2 2 2
left_child=3 2 -2 4 -1 -5
right_child=1 -3 -4 5 -6 -7
leaf_value=-0.0072095845447641641 -0.0087296638411959986 -0.01830353647008956 0.0062684838086533266 0.012568949334570102 0.0087659160534304045 0.00080618874536960035
leaf_weight=26.445884615182877 26.594910144805908 19.293851718306541 24.27316078543663 35.492039561271667 24.368360728025436 28.118171870708466
leaf_count=34 49 37 35 32 24 30
internal_value=0.000317244 -0.00617364 -0.00157287 0.00429728 0.000451589 0.00736935
internal_weight=184.586 70.1619 50.8681 114.424 50.8142 63.6102
internal_count=241 121 84 120 58 62
is_linear=0
shrinkage=0.05


Tree=107
num_leaves=7
num_cat=0
split_feature=8 6 7 0 8 5
split_gain=4.58578 3.41294 1.45303 1.97196 2.58315 2.1506
threshold=0.990933732300459 88.500000000000014 14.500000000000002 72.500000000000014 0.92331984242900755 4.5000000000000009
decision_type=2 2 2 2 2 2
left_child=2 -2 -1 5 -5 -4
right_child=1 -3 3 4 -6 -7
leaf_value=0.013571893210798706 -0.031304766547825234 -0.00048039463256658232 0.0051012059400820124 -0.0022713759715028178 0.015485148324013457 -0.022306100050768041
leaf_weight=31.372459873557091 17.98496401309967 17.935437217354774 13.109082952141764 48.106633514165878 35.66836242377758 15.765637859702109
leaf_count=29 28 26 21 64 33 37
internal_value=6.90018e-05 -0.0159138 0.00405526 0.00140492 0.00528871 -0.00986322
internal_weight=179.943 35.9204 144.022 112.65 83.775 28.8747
internal_count=238 54 184 155 97 58
is_linear=0
shrinkage=0.05


Tree=108
num_leaves=7
num_cat=0
split_feature=8 5 8 7 0 6
split_gain=0.712533 2.1103 2.44167 3.36654 2.39948 2.21255
threshold=1.0113113273709782 4.5000000000000009 0.91706344704376541 16.500000000000004 74.500000000000014 85.000000000000014
decision_type=2 2 2 2 2 2
left_child=1 4 3 -3 -1 -4
right_child=-2 2 5 -5 -6 -7
leaf_value=0.0082653047049740611 -0.0038528794798797731 0.016569107949518286 0.02592156879948523 -0.010801192147418433 -0.01206038348003286 0.0055849112591331547
leaf_weight=25.593034937977791 32.978905975818634 18.878114819526672 27.228438019752502 27.748488754034042 33.559940993785858 26.285704746842384
leaf_count=33 45 20 24 48 37 34
internal_value=0.00283664 0.00422159 0.00864467 0.000280457 -0.0032663 0.0159324
internal_weight=192.273 159.294 100.141 46.6266 59.153 53.5141
internal_count=241 196 126 68 70 58
is_linear=0
shrinkage=0.05


Tree=109
num_leaves=7
num_cat=0
split_feature=5 7 8 8 7 3
split_gain=1.8047 2.61171 0.783395 1.77095 1.19793 2.9875
threshold=9.5000000000000018 18.500000000000004 1.0366385458008385 0.96152879766598975 14.500000000000002 1.0000000180025095e-35
decision_type=2 2 2 2 2 2
left_child=2 -2 3 4 -1 -6
right_child=1 -3 -4 -5 5 -7
leaf_value=0.014324146480733864 -0.026659190126045285 0.0045346375750203475 0.012998430880993499 -0.007542510554773757 -0.0033971317985546723 0.017727336276639478
leaf_weight=30.553797394037247 12.292261794209482 14.775953635573385 22.359630927443504 31.472505867481232 57.859321400523186 23.548993408679962
leaf_count=28 30 24 23 41 78 24
internal_value=0.00233909 -0.00963115 0.0042934 0.00293639 0.00588201 0.00271355
internal_weight=192.862 27.0682 165.794 143.435 111.962 81.4083
internal_count=248 54 194 171 130 102
is_linear=0
shrinkage=0.05


Tree=110
num_leaves=7
num_cat=0
split_feature=9 9 8 3 8 7
split_gain=0.661816 3.07794 1.60452 2.39692 2.51287 0.849807
threshold=0.9741127663399769 0.94077431892277918 0.85164486880096502 1.0000000180025095e-35 0.93329330666766952 19.500000000000004
decision_type=2 2 2 2 2 2
left_child=1 2 -1 4 -4 -2
right_child=5 -3 3 -5 -6 -7
leaf_value=0.013789286396655585 -0.00088465750711223031 -0.017303078386491002 -0.007994474524595124 -0.012984626461852592 0.012660555554407375 0.011979297630948
leaf_weight=24.816763669252396 24.725546643137932 23.571949928998947 23.751449629664421 27.138674512505531 38.746733456850052 26.704247117042542
leaf_count=22 34 36 40 41 40 28
internal_value=0.000953533 -0.000850368 0.0025381 -0.000576891 0.00481094 0.00579478
internal_weight=189.455 138.026 114.454 89.6369 62.4982 51.4298
internal_count=241 179 143 121 80 62
is_linear=0
shrinkage=0.05


Tree=111
num_leaves=7
num_cat=0
split_feature=5 5 8 7 5 7
split_gain=1.95241 2.33205 1.1453 3.29305 1.56323 2.32241
threshold=9.5000000000000018 10.500000000000002 0.94174254378713262 18.500000000000004 5.5000000000000009 17.500000000000004
decision_type=2 2 2 2 2 2
left_child=2 -2 4 -4 5 -1
right_child=1 -3 3 -5 -6 -7
leaf_value=-0.010505045989460234 0.0024764199455169552 -0.026776656954813616 0.0049598497693543108 -0.018342971745696112 0.012824843048250848 0.011526761579253199
leaf_weight=26.014082804322243 13.385893911123278 13.874696671962736 45.443563431501389 22.75087183713913 41.987579271197319 22.142487555742264
leaf_count=34 19 37 51 32 46 23
internal_value=-5.3115e-05 -0.0124124 0.00207474 -0.00281438 0.00577338 -0.000374777
internal_weight=185.599 27.2606 158.339 68.1944 90.1441 48.1566
internal_count=242 56 186 83 103 57
is_linear=0
shrinkage=0.05


Tree=112
num_leaves=7
num_cat=0
split_feature=8 6 9 9 9 8
split_gain=1.19094 1.15577 1.64959 1.96574 2.0878 3.55224
threshold=1.0113113273709782 79.500000000000014 0.87516592803722559 0.97113701662948826 0.94077431892277918 0.85791938373314414
decision_type=2 2 2 2 2 2
left_child=1 -1 -3 4 5 -4
right_child=-2 2 3 -5 -6 -7
leaf_value=0.014597742551948061 -0.0074477361675645672 0.012720409019569282 0.015435827138270051 0.0083422708922970424 -0.020085775277829496 -0.010611466474349157
leaf_weight=19.545940205454826 31.380025416612625 26.939388200640678 20.909418910741806 37.145008325576782 18.918503299355507 34.998171001672745
leaf_count=22 45 31 17 44 30 55
internal_value=0.00145151 0.00321388 0.00161207 -0.00106051 -0.00572822 -0.000869788
internal_weight=189.836 158.456 138.91 111.971 74.8261 55.9076
internal_count=244 199 177 146 102 72
is_linear=0
shrinkage=0.05


Tree=113
num_leaves=7
num_cat=0
split_feature=7 5 9 9 9 6
split_gain=0.693106 0.92006 1.64474 1.26866 1.38241 0.703269
threshold=13.500000000000002 6.5000000000000009 0.98327362929882201 0.9311912492037262 0.89836031341315115 95.500000000000014
decision_type=2 2 2 2 2 2
left_child=-1 5 3 4 -3 -2
right_child=1 2 -4 -5 -6 -7
leaf_value=-0.0066853894442383118 0.0089237426356448876 -0.012610106986982846 0.010567815148674253 -0.018919201921698187 0.0079737198296054006 7.3847078262507734e-05
leaf_weight=22.775267124176025 62.121987044811249 14.909917339682577 18.961283609271049 14.935284271836279 18.009369239211082 35.150281459093094
leaf_count=29 66 30 26 28 26 36
internal_value=0.00148823 0.00262273 -0.00189473 -0.00683274 -0.00134918 0.00572575
internal_weight=186.863 164.088 66.8159 47.8546 32.9193 97.2723
internal_count=241 212 110 84 56 102
is_linear=0
shrinkage=0.05


Tree=114
num_leaves=7
num_cat=0
split_feature=5 6 8 0 7 9
split_gain=1.47081 1.37664 1.11367 3.54744 2.7949 1.4742
threshold=9.5000000000000018 89.500000000000014 1.0366385458008385 78.500000000000014 14.500000000000002 0.93827396540331798
decision_type=2 2 2 2 2 2
left_child=2 -2 3 4 -1 -6
right_child=1 -3 -4 -5 5 -7
leaf_value=0.022146496449381672 0.0013021839919041963 -0.02089579085947052 0.013599555702747061 -0.012356079684159048 0.0074606204366332515 -0.0065107420629095317
leaf_weight=21.646042913198471 14.685200646519663 13.319237828254698 22.056521251797676 34.473943769931793 47.068119332194328 31.527629479765892
leaf_count=19 25 32 22 41 56 45
internal_value=0.00129928 -0.00925543 0.00318468 0.00147949 0.00623765 0.0018562
internal_weight=184.777 28.0044 156.772 134.716 100.242 78.5957
internal_count=240 57 183 161 120 101
is_linear=0
shrinkage=0.05


Tree=115
num_leaves=7
num_cat=0
split_feature=9 8 6 9 6 9
split_gain=1.46141 2.88171 2.29406 2.58374 2.77974 3.50353
threshold=1.0324684580878587 1.0113113273709782 81.000000000000014 0.87516592803722559 93.500000000000014 0.92639925277728474
decision_type=2 2 2 2 2 2
left_child=1 2 -1 -4 5 -5
right_child=-2 -3 3 4 -6 -7
leaf_value=0.017493397502923124 0.013431674088065268 -0.015553509443055825 0.015283345141186936 -0.033094539833831288 0.0033329183040824439 -0.0015672762319478431
leaf_weight=22.875746935606003 24.071953609585762 24.573691353201866 22.869847416877747 14.723915860056875 58.491283223032951 21.946634829044342
leaf_count=24 28 38 26 29 65 33
internal_value=0.00192079 0.000246337 0.00300177 0.000193141 -0.00343342 -0.0142261
internal_weight=189.553 165.481 140.907 118.032 95.1618 36.6706
internal_count=243 215 177 153 127 62
is_linear=0
shrinkage=0.05


Tree=116
num_leaves=7
num_cat=0
split_feature=0 7 7 0 9 9
split_gain=1.24615 2.13167 3.26557 2.83279 1.98452 2.77044
threshold=69.500000000000014 14.500000000000002 17.500000000000004 76.500000000000014 0.90373936244608122 0.96893764280669592
decision_type=2 2 2 2 2 2
left_child=-1 -2 3 -3 -4 -6
right_child=1 2 4 -5 5 -7
leaf_value=-0.0095889676493658201 0.013178046011829271 -0.022781876777050153 0.016486968577746976 0.003261704829604065 -0.012556665888377059 0.0089531056023788042
leaf_weight=25.813856109976768 35.005113750696182 25.202947750687599 25.767629534006119 17.826634496450424 25.727614104747772 35.800961181521416
leaf_count=49 33 47 23 19 39 39
internal_value=0.00062807 0.0022233 -0.000719109 -0.0119923 0.00483763 -4.10097e-05
internal_weight=191.145 165.331 130.326 43.0296 87.2962 61.5286
internal_count=249 200 167 66 101 78
is_linear=0
shrinkage=0.05


Tree=117
num_leaves=7
num_cat=0
split_feature=8 8 6 7 7 7
split_gain=0.992184 1.72036 0.828844 2.61776 3.14448 0.525909
threshold=0.82049007883970249 0.88433015783343849 94.500000000000014 18.500000000000004 15.500000000000002 17.500000000000004
decision_type=2 2 2 2 2 2
left_child=-1 -2 3 4 -3 -4
right_child=1 2 5 -5 -6 -7
leaf_value=0.012187337408489296 -0.011621302987352535 -0.010794448603366924 0.0018437201917498429 -0.013493036993242872 0.012428737679456046 0.012081114459290261
leaf_weight=17.518141448497772 28.095274478197098 21.921907290816307 24.48261471092701 28.574622377753258 43.500153809785843 25.728451207280159
leaf_count=18 42 35 28 45 48 30
internal_value=0.000850389 -0.000302244 0.00190299 -0.000867492 0.00464701 0.00708942
internal_weight=189.821 172.303 144.208 93.9967 65.4221 50.2111
internal_count=246 228 186 128 83 58
is_linear=0
shrinkage=0.05


Tree=118
num_leaves=7
num_cat=0
split_feature=6 8 5 0 7 8
split_gain=2.17794 1.47902 2.18146 2.3573 1.19903 0.862161
threshold=78.500000000000014 1.0366385458008385 5.5000000000000009 74.500000000000014 18.500000000000004 0.90364972717805603
decision_type=2 2 2 2 2 2
left_child=-1 2 3 -2 -4 -6
right_child=1 -3 4 -5 5 -7
leaf_value=-0.015349929186796391 0.0047072052636046371 0.015827726773763953 0.01120377868772666 -0.015012412937362767 -0.0089195590394279926 0.0068567819547670763
leaf_weight=18.309796780347824 27.665311381220818 19.313150882720947 50.432667300105095 33.514162719249725 16.986909732222557 17.666256383061409
leaf_count=29 36 21 63 38 27 25
internal_value=0.00101356 0.00282305 0.00110588 -0.00609522 0.00628371 -0.000876747
internal_weight=183.888 165.578 146.265 61.1795 85.0858 34.6532
internal_count=239 210 189 74 115 52
is_linear=0
shrinkage=0.05


Tree=119
num_leaves=7
num_cat=0
split_feature=5 8 8 6 6 0
split_gain=0.949047 2.13079 3.53367 0.747924 0.734183 3.88294
threshold=6.5000000000000009 0.89414317976419888 0.94283579487430291 86.500000000000014 95.500000000000014 76.500000000000014
decision_type=2 2 2 2 2 2
left_child=4 -2 -3 -4 5 -1
right_child=1 2 3 -5 -6 -7
leaf_value=0.014245612373255574 -0.019480488901292545 0.0138766243045725 -0.0036521740126913499 -0.018817324028816119 -0.0026813932224087713 -0.0093205726689614566
leaf_weight=49.019096955657005 17.54513917863369 26.629236057400703 17.606495141983032 15.105691835284231 37.79554271697998 27.166105479001999
leaf_count=50 37 33 26 32 39 32
internal_value=0.000120209 -0.00417257 0.000353433 -0.0106551 0.00301594 0.00584239
internal_weight=190.867 76.8866 59.3414 32.7122 113.981 76.1852
internal_count=249 128 91 58 121 82
is_linear=0
shrinkage=0.05


Tree=120
num_leaves=7
num_cat=0
split_feature=8 0 8 7 1 8
split_gain=3.72695 10.9649 1.37099 1.35183 2.12041 3.25983
threshold=0.96152879766598975 81.500000000000014 1.023695014407799 14.500000000000002 1.0000000180025095e-35 0.92152411567520665
decision_type=2 2 2 2 2 2
left_child=3 2 -2 -1 -5 -6
right_child=1 -3 -4 4 5 -7
leaf_value=0.010949896543947462 -0.021274762938949979 0.019039042230900468 -0.041711945490658327 0.0052791702155829696 -0.026739850188940279 0.0033043739510511651
leaf_weight=32.149308085441589 17.64158046245575 16.603618562221527 15.342613309621809 54.298252612352371 16.513304069638252 19.918809652328491
leaf_count=31 30 14 31 68 36 21
internal_value=-0.00252938 -0.0140997 -0.0307811 0.00213979 -0.000981969 -0.0103135
internal_weight=172.467 49.5878 32.9842 122.88 90.7304 36.4321
internal_count=231 75 61 156 125 57
is_linear=0
shrinkage=0.05


Tree=121
num_leaves=7
num_cat=0
split_feature=0 7 9 1 9 0
split_gain=3.82638 1.26317 1.86607 2.13694 1.61215 1.63746
threshold=69.500000000000014 21.500000000000004 0.94932786211795017 1.0000000180025095e-35 0.91722747857592879 76.500000000000014
decision_type=2 2 2 2 2 2
left_child=-1 2 4 -4 5 -2
right_child=1 -3 3 -5 -6 -7
leaf_value=-0.02184491117158344 0.0054923784033310994 0.01017568387520932 -0.020806126349294362 0.001260392342527371 0.013055365206019532 -0.012741072019605962
leaf_weight=20.154088348150253 31.079547077417374 31.92465578019619 20.953269049525261 23.030785426497459 28.717194870114326 20.392454117536545
leaf_count=44 40 33 35 30 28 27
internal_value=-0.00134209 0.00130507 -0.000975542 -0.00925173 0.00356398 -0.00173145
internal_weight=176.252 156.098 124.173 43.9841 80.1892 51.472
internal_count=237 193 160 65 95 67
is_linear=0
shrinkage=0.05


Tree=122
num_leaves=7
num_cat=0
split_feature=8 8 7 3 5 1
split_gain=2.08243 1.27622 1.12479 1.98 1.76581 1.03044
threshold=1.0113113273709782 0.98408243548410612 14.500000000000002 1.0000000180025095e-35 3.5000000000000004 1.0000000180025095e-35
decision_type=2 2 2 2 2 2
left_child=1 2 -1 4 -4 -6
right_child=-2 -3 3 -5 5 -7
leaf_value=0.0097665303104668838 -0.011615404804138623 0.014747361625912128 -0.019154889912452445 0.0097112931756196293 0.0047066670471950832 -0.0091553414268351913
leaf_weight=32.95113468170166 26.604390218853951 21.763059198856354 17.559118077158928 31.202532827854156 32.786372020840645 22.6804378926754
leaf_count=32 41 21 29 38 42 38
internal_value=0.00133167 0.00349879 0.00171425 -0.00083143 -0.00533613 -0.000961523
internal_weight=185.547 158.943 137.18 104.228 73.0259 55.4668
internal_count=241 200 179 147 109 80
is_linear=0
shrinkage=0.05


Tree=123
num_leaves=7
num_cat=0
split_feature=8 7 8 3 6 0
split_gain=0.779164 1.1544 2.19274 2.08584 2.49304 1.58255
threshold=1.0113113273709782 14.500000000000002 0.98798033168035049 1.0000000180025095e-35 103.00000000000001 75.500000000000014
decision_type=2 2 2 2 2 2
left_child=1 -1 3 4 5 -3
right_child=-2 2 -4 -5 -6 -7
leaf_value=0.01223498795312589 -0.0055162592511424592 -0.0034429147409922051 0.01686869416054243 0.0097473745037230941 0.0069169416488216937 -0.02102209837974622
leaf_weight=28.948179915547371 30.429891988635063 25.334747493267059 18.815795823931694 29.018085286021233 25.069588363170624 25.881549209356308
leaf_count=27 44 44 16 37 26 42
internal_value=0.00179111 0.00324381 0.00114682 -0.00166238 -0.00600249 -0.0123263
internal_weight=183.498 153.068 124.12 105.304 76.2859 51.2163
internal_count=236 192 165 149 112 86
is_linear=0
shrinkage=0.05


Tree=124
num_leaves=7
num_cat=0
split_feature=8 8 8 5 6 8
split_gain=0.759583 3.14112 1.18531 3.19062 2.02323 1.16622
threshold=0.85164486880096502 0.90075562754280647 1.0113113273709782 4.5000000000000009 85.000000000000014 0.88510806588351676
decision_type=2 2 2 2 2 2
left_child=-1 5 3 -3 -5 -2
right_child=1 2 -4 4 -6 -7
leaf_value=0.0053730066372127154 -0.028442354151949047 -0.010422394048674831 -0.0078122392614407739 0.020411213911968852 0.0020208392542060412 -0.0080823965278368892
leaf_weight=36.411393135786057 13.297775492072107 27.165741816163063 29.220523327589035 26.938604027032852 33.621347159147263 14.930238068103789
leaf_count=39 28 33 44 25 46 28
internal_value=-0.00108417 -0.00270371 0.000909676 0.00381486 0.0102013 -0.0176737
internal_weight=181.586 145.174 116.946 87.7257 60.56 28.228
internal_count=243 204 148 104 71 56
is_linear=0
shrinkage=0.05


Tree=125
num_leaves=7
num_cat=0
split_feature=2 8 8 6 6 8
split_gain=1.45456 1.65008 2.84366 1.18561 2.22008 0.798859
threshold=1.0000000180025095e-35 1.0366385458008385 0.96152879766598975 101.50000000000001 89.500000000000014 0.89037596544823994
decision_type=2 2 2 2 2 2
left_child=1 2 3 4 5 -1
right_child=-2 -3 -4 -5 -6 -7
leaf_value=0.0030952616940804934 -0.0086240743204241809 0.016995575593370164 -0.011271976682184187 0.013783753067964458 -0.0078000189000706349 0.017452140466532037
leaf_weight=19.766957014799118 28.242677882313728 20.317802533507347 32.100419610738754 31.896370619535446 31.105702951550484 19.005016416311264
leaf_count=27 47 21 47 31 42 23
internal_value=0.00180776 0.00371852 0.00170349 0.00579606 0.00215 0.0101326
internal_weight=182.435 154.192 133.874 101.774 69.8777 38.772
internal_count=238 191 170 123 92 50
is_linear=0
shrinkage=0.05


Tree=126
num_leaves=7
num_cat=0
split_feature=9 9 6 5 9 0
split_gain=0.796388 2.38557 0.733491 1.86092 1.33079 0.995543
threshold=0.89102884276954442 0.86342759618333376 81.000000000000014 1.5000000000000002 0.98327362929882201 73.500000000000014
decision_type=2 2 2 2 2 2
left_child=1 -1 -2 -4 5 -5
right_child=2 -3 3 4 -6 -7
leaf_value=0.0071214040114746472 0.010172789684246739 -0.017440197937284647 0.01321833829673344 0.00048210368333975647 0.0058903928940789605 -0.011878298213935906
leaf_weight=18.707510352134705 23.743300437927246 20.964663073420525 23.472702115774155 28.840163856744766 32.201715990900993 37.436962112784386
leaf_count=22 24 37 18 46 44 51
internal_value=0.000422399 -0.00585811 0.00213256 0.000567171 -0.00244827 -0.00649973
internal_weight=185.367 39.6722 145.695 121.952 98.4788 66.2771
internal_count=242 59 183 159 141 97
is_linear=0
shrinkage=0.05


Tree=127
num_leaves=7
num_cat=0
split_feature=5 6 6 9 9 5
split_gain=2.33723 2.64838 1.28679 1.97683 0.538038 1.5442
threshold=6.5000000000000009 82.500000000000014 89.500000000000014 0.91975726427428095 0.94932786211795017 4.5000000000000009
decision_type=2 2 2 2 2 2
left_child=4 -2 -3 -4 5 -1
right_child=1 2 3 -5 -6 -7
leaf_value=0.0013742682317800104 -0.024299497170723161 0.0093442572712914371 0.0081127696948899587 -0.016594766247846525 0.00015910831413097973 0.016743842291144975
leaf_weight=40.777898460626602 16.678679779171944 18.140979096293449 13.126217216253279 21.123670145869255 38.851037114858627 27.272572875022888
leaf_count=43 33 27 21 40 46 22
internal_value=0.000221894 -0.00694694 -0.00142274 -0.00712564 0.00485371 0.00753393
internal_weight=175.971 69.0695 52.3909 34.2499 106.902 68.0505
internal_count=232 121 88 61 111 65
is_linear=0
shrinkage=0.05


Tree=128
num_leaves=7
num_cat=0
split_feature=5 6 7 8 5 6
split_gain=1.43013 3.68459 0.949326 2.61652 2.03261 1.33383
threshold=9.5000000000000018 95.500000000000014 18.500000000000004 0.90698310256553327 4.5000000000000009 89.500000000000014
decision_type=2 2 2 2 2 2
left_child=2 -2 4 -4 5 -1
right_child=1 -3 3 -5 -6 -7
leaf_value=0.0038880933944018328 -0.028152150239510267 0.0093631909813877406 0.0077588950752032239 -0.014119546266624268 0.010407393998030536 -0.013386209443000114
leaf_weight=24.873690366744995 14.695924475789072 11.800569504499434 25.093030869960785 30.008146196603775 55.592861711978912 20.29061570763588
leaf_count=27 36 19 29 42 62 27
internal_value=-0.000705024 -0.0114442 0.00112067 -0.00415612 0.0040064 -0.0038726
internal_weight=182.355 26.4965 155.858 55.1012 100.757 45.1643
internal_count=242 55 187 71 116 54
is_linear=0
shrinkage=0.05


Tree=129
num_leaves=7
num_cat=0
split_feature=9 9 8 1 1 6
split_gain=1.56684 2.10143 1.63444 3.12111 2.91004 1.04548
threshold=0.89102884276954442 0.86214126879415065 0.95477616259028963 1.0000000180025095e-35 1.0000000180025095e-35 95.500000000000014
decision_type=2 2 2 2 2 2
left_child=1 -1 4 -4 5 -2
right_child=2 -3 3 -5 -6 -7
leaf_value=0.0058442744731989661 0.01199881688452426 -0.017077850186888826 -0.0017828110577351734 0.022097178153517281 -0.012430734208255518 -0.0024111376913073948
leaf_weight=17.277818650007248 33.271977290511131 23.733172714710236 26.74003192782402 28.021974697709084 32.44450655579567 20.246885791420937
leaf_count=21 39 42 36 24 49 24
internal_value=0.00117916 -0.00742082 0.00368542 0.0104367 -0.00061541 0.00654734
internal_weight=181.736 41.011 140.725 54.762 85.9634 53.5189
internal_count=235 63 172 60 112 63
is_linear=0
shrinkage=0.05


Tree=130
num_leaves=7
num_cat=0
split_feature=0 7 7 1 7 0
split_gain=0.959687 0.932116 1.7844 2.22279 2.88197 1.43155
threshold=69.500000000000014 14.500000000000002 17.500000000000004 1.0000000180025095e-35 21.500000000000004 74.500000000000014
decision_type=2 2 2 2 2 2
left_child=-1 -2 5 4 -4 -3
right_child=1 2 3 -5 -6 -7
leaf_value=-0.0071592410804132145 0.010654630099385849 -0.017545627930122164 0.00028506924985620901 -0.004174561263436581 0.023778750001497817 0.00090525396597150489
leaf_weight=24.685358911752701 34.998306035995483 18.140142351388931 25.927447065711021 34.977518245577812 26.289166241884232 25.001665651798248
leaf_count=46 32 35 32 48 20 27
internal_value=0.00203672 0.00340973 0.0014643 0.00557949 0.0121133 -0.00685292
internal_weight=190.02 165.334 130.336 87.1941 52.2166 43.1418
internal_count=240 194 162 100 52 62
is_linear=0
shrinkage=0.05


Tree=131
num_leaves=7
num_cat=0
split_feature=9 9 9 0 7 1
split_gain=0.825607 1.54327 1.59613 1.48074 1.75768 1.23468
threshold=0.98327362929882201 0.94077431892277918 0.92639925277728474 78.500000000000014 17.500000000000004 1.0000000180025095e-35
decision_type=2 2 2 2 2 2
left_child=1 2 3 4 -1 -2
right_child=5 -3 -4 -5 -6 -7
leaf_value=-0.0046969612877198405 0.013845509870775105 -0.012092132695754723 0.014535708900970843 -0.013321034955532503 0.010994411945559826 -0.0022886683552209484
leaf_weight=42.084043964743614 25.686698466539383 26.452663034200668 19.013376280665398 20.254360914230347 30.987773463129997 22.025076165795326
leaf_count=64 29 41 17 27 38 30
internal_value=0.000723616 -0.00122687 0.00133158 -0.0013585 0.00195732 0.00639753
internal_weight=186.504 138.792 112.34 93.3262 73.0718 47.7118
internal_count=246 187 146 129 102 59
is_linear=0
shrinkage=0.05


Tree=132
num_leaves=7
num_cat=0
split_feature=9 8 6 6 9 9
split_gain=1.4108 1.4347 0.90408 1.20651 1.86588 3.36651
threshold=0.88518546210153137 0.92152411567520665 79.500000000000014 100.50000000000001 0.92639925277728474 0.99468554070253856
decision_type=2 2 2 2 2 2
left_child=1 -1 -2 4 -4 -6
right_child=2 -3 3 -5 5 -7
leaf_value=0.0003655608639141432 0.0105425551518949 -0.020442880071976526 -0.016815433598344347 0.0061773767007450263 0.0084851568440431971 -0.016648665544945394
leaf_weight=15.842661425471304 20.858199641108513 17.361457198858261 21.685051068663597 42.105305716395378 40.790863439440727 19.785263568162918
leaf_count=23 22 29 40 43 46 33
internal_value=-0.00121647 -0.0105146 0.000909447 -0.000706175 -0.00422952 0.000275994
internal_weight=178.429 33.2041 145.225 124.366 82.2612 60.5761
internal_count=236 52 184 162 119 79
is_linear=0
shrinkage=0.05


Tree=133
num_leaves=7
num_cat=0
split_feature=0 9 9 7 9 7
split_gain=2.06955 1.56096 1.87814 3.70486 2.11677 1.04185
threshold=69.500000000000014 0.90373936244608122 0.96893764280669592 16.500000000000004 0.99468554070253856 17.500000000000004
decision_type=2 2 2 2 2 2
left_child=-1 5 3 -3 -4 -2
right_child=1 2 4 -5 -6 -7
leaf_value=-0.017339640817974483 0.0008059451090273996 0.0025063338837556463 0.015793766121901306 -0.023892087816038816 -0.0051149833493853566 0.014857522999279831
leaf_weight=18.667583912611008 28.831496849656105 28.455159530043602 20.901035308837891 24.940041646361351 28.762470677495003 24.317898362874985
leaf_count=41 39 30 19 44 40 22
internal_value=-0.00160522 0.000275116 -0.00331428 -0.00982395 0.00368453 0.00723508
internal_weight=174.876 156.208 103.059 53.3952 49.6635 53.1494
internal_count=235 194 133 74 59 61
is_linear=0
shrinkage=0.05


Tree=134
num_leaves=7
num_cat=0
split_feature=9 9 0 9 5 5
split_gain=0.977586 1.56242 1.42212 1.95051 1.27841 1.88921
threshold=0.87635176888724431 0.8925509717782516 79.500000000000014 0.99468554070253856 3.5000000000000004 6.5000000000000009
decision_type=2 2 2 2 2 2
left_child=-1 -2 3 4 -3 -6
right_child=1 2 -4 -5 5 -7
leaf_value=-0.0055717032931202563 0.017342906965718073 -0.0068538048393897684 0.011906037916151399 -0.014514865274754034 0.016696201709629502 -0.0014832788104522836
leaf_weight=30.038210913538933 19.942892968654633 23.640114992856979 29.86250439286232 19.960182070732117 26.684025764465332 30.769932374358177
leaf_count=44 21 29 30 33 22 53
internal_value=0.00266551 0.00430565 0.00231965 -0.000513215 0.0029331 0.00696003
internal_weight=180.898 150.86 130.917 101.054 81.0941 57.454
internal_count=232 188 167 137 104 75
is_linear=0
shrinkage=0.05


Tree=135
num_leaves=7
num_cat=0
split_feature=0 5 7 3 9 0
split_gain=1.82192 3.50304 0.745374 1.60593 2.70022 1.67821
threshold=70.500000000000014 6.5000000000000009 21.500000000000004 1.0000000180025095e-35 0.97113701662948826 77.500000000000014
decision_type=2 2 2 2 2 2
left_child=1 -1 3 4 5 -2
right_child=2 -3 -4 -5 -6 -7
leaf_value=-0.029869222437978005 0.0075510726922449374 0.0047227751469216496 0.0093280985472574685 0.0094779726325690452 -0.01898965647644868 -0.0090406138919178758
leaf_weight=13.489280954003336 44.257379919290543 15.999108031392096 31.45552983880043 36.819154426455498 20.225413054227829 23.245679005980492
leaf_count=28 49 32 31 37 33 33
internal_value=0.000296504 -0.0111011 0.00245093 0.000714046 -0.00296413 0.00183748
internal_weight=185.492 29.4884 156.003 124.548 87.7285 67.5031
internal_count=243 60 183 152 115 82
is_linear=0
shrinkage=0.05


Tree=136
num_leaves=7
num_cat=0
split_feature=8 8 8 0 5 6
split_gain=1.26735 3.12349 1.33925 1.9422 2.6671 1.36526
threshold=0.81133443142745276 0.88433015783343849 1.0113113273709782 75.500000000000014 5.5000000000000009 89.500000000000014
decision_type=2 2 2 2 2 2
left_child=-1 -2 3 5 -5 -3
right_child=1 2 -4 4 -6 -7
leaf_value=0.014150925770910809 -0.016643795160342652 0.017511891517875425 -0.0073091918391127927 -0.016370859012168316 0.0065199675043204706 0.0020567677317732832
leaf_weight=15.551325485110281 26.163141772150993 33.689355209469795 29.588744193315506 20.547557085752487 33.424543038010597 24.814321532845497
leaf_count=15 42 40 43 23 40 37
internal_value=0.000494557 -0.000767866 0.0021559 0.00464587 -0.00219473 0.0109566
internal_weight=183.779 168.228 142.065 112.476 53.9721 58.5037
internal_count=240 225 183 140 63 77
is_linear=0
shrinkage=0.05


Tree=137
num_leaves=7
num_cat=0
split_feature=9 9 7 0 9 7
split_gain=0.605038 2.24987 2.21305 1.76497 2.77919 1.7383
threshold=0.98327362929882201 0.94932786211795017 19.500000000000004 78.500000000000014 0.89102884276954442 16.500000000000004
decision_type=2 2 2 2 2 2
left_child=1 2 3 4 -1 -6
right_child=-2 -3 -4 -5 5 -7
leaf_value=-0.0060732724497034752 0.0051192675871939847 -0.016979312323449063 -0.012529242414584269 -0.0075428141348354979 0.0057242504867494647 0.024388142366014449
leaf_weight=22.7366953343153 48.397770494222641 19.798799887299538 23.469438835978508 22.752050310373306 25.055499732494354 24.847598046064377
leaf_count=38 62 33 36 27 28 23
internal_value=0.000306039 -0.00137397 0.00122543 0.00460951 0.00841584 0.0150173
internal_weight=187.058 138.66 118.861 95.3918 72.6398 49.9031
internal_count=247 185 152 116 89 51
is_linear=0
shrinkage=0.05


Tree=138
num_leaves=6
num_cat=0
split_feature=5 8 8 9 5
split_gain=1.84454 1.76469 5.02873 0.825435 0.873689
threshold=6.5000000000000009 0.90364972717805603 0.95914581133341847 0.94077431892277918 4.5000000000000009
decision_type=2 2 2 2 2
left_child=3 -2 -3 4 -1
right_child=1 2 -4 -5 -6
leaf_value=0.0022878439174159044 -0.018497242597288823 0.015681079085810505 -0.018438405908701209 -0.0016052119874371139 0.014158777361369449
leaf_weight=35.218105375766754 21.615722388029099 22.089709058403969 21.128600969910622 41.006365031003952 27.683713063597679
leaf_count=39 47 25 45 49 22
internal_value=-0.000215129 -0.00683312 -0.000999281 0.0039142 0.00751236
internal_weight=168.742 64.834 43.2183 103.908 62.9018
internal_count=227 117 70 110 61
is_linear=0
shrinkage=0.05


Tree=139
num_leaves=7
num_cat=0
split_feature=9 7 1 6 9 8
split_gain=0.956118 1.83295 1.89792 1.80316 1.47586 1.07048
threshold=0.96893764280669592 20.500000000000004 1.0000000180025095e-35 93.500000000000014 0.90399675469186291 0.98798033168035049
decision_type=2 2 2 2 2 2
left_child=1 2 4 -2 -1 -4
right_child=3 -3 5 -5 -6 -7
leaf_value=-0.013999924056499503 -0.0030249044581933684 -0.014268073389625971 0.0025984724926256982 0.015493545815837293 0.0021610901186469677 0.01684457907829191
leaf_weight=23.419733241200447 23.458821460604668 20.635995000600815 30.618703573942184 29.899124473333359 35.602784365415573 23.160969510674477
leaf_count=39 35 31 41 29 46 21
internal_value=0.00169496 -0.000567086 0.00193937 0.00735191 -0.00425149 0.00873376
internal_weight=186.796 133.438 112.802 53.3579 59.0225 53.7797
internal_count=242 178 147 64 85 62
is_linear=0
shrinkage=0.05


Tree=140
num_leaves=7
num_cat=0
split_feature=0 8 1 8 7 7
split_gain=1.79485 1.04798 5.16629 2.8691 1.84266 0.600177
threshold=78.500000000000014 0.94174254378713262 1.0000000180025095e-35 0.90075562754280647 17.500000000000004 18.500000000000004
decision_type=2 2 2 2 2 2
left_child=1 3 -3 4 -1 -2
right_child=5 2 -4 -5 -6 -7
leaf_value=-0.011842341854525424 -0.01538235106363966 -0.020005911216935856 0.010359981547822479 0.019049817130512535 0.0080661820742341829 -0.0037745711281532823
leaf_weight=21.437402248382568 19.718820601701736 24.141390010714531 33.366643071174622 28.604181990027428 25.386449441313744 25.583595231175423
leaf_count=35 27 44 35 30 36 32
internal_value=-0.00023213 0.00269689 -0.00238737 0.00657325 -0.00104855 -0.0088271
internal_weight=178.238 132.936 57.508 75.428 46.8239 45.3024
internal_count=239 180 79 101 71 59
is_linear=0
shrinkage=0.05


Tree=141
num_leaves=7
num_cat=0
split_feature=0 6 5 8 5 7
split_gain=3.0431 4.24863 1.49312 1.3822 2.32359 1.34076
threshold=70.500000000000014 86.500000000000014 2.5000000000000004 0.8854571507991148 8.5000000000000018 17.500000000000004
decision_type=2 2 2 2 2 2
left_child=1 -1 -2 -4 5 -5
right_child=2 -3 3 4 -6 -7
leaf_value=-0.038982982437145042 0.009943078927393505 0.00056360296638592372 0.0062314804457335423 -0.0054129239382673198 0.0044912705522221702 -0.024243518895377861
leaf_weight=11.739596232771875 41.625366508960724 16.113618716597557 40.293866544961929 21.492138534784317 32.390815168619156 16.874918445944786
leaf_count=31 36 30 44 27 45 30
internal_value=-0.000905969 -0.0161045 0.00186674 -0.00116051 -0.00536996 -0.0136952
internal_weight=180.53 27.8532 152.677 111.052 70.7579 38.3671
internal_count=243 61 182 146 102 57
is_linear=0
shrinkage=0.05


Tree=142
num_leaves=7
num_cat=0
split_feature=0 7 7 5 5 0
split_gain=1.29246 1.15175 1.33606 1.885 2.68021 0.825584
threshold=69.500000000000014 14.500000000000002 17.500000000000004 4.5000000000000009 8.5000000000000018 75.500000000000014
decision_type=2 2 2 2 2 2
left_child=-1 -2 5 -4 -5 -3
right_child=1 2 3 4 -6 -7
leaf_value=-0.010631101148715244 0.010504443766200283 -0.015385007545972846 0.012346098175483392 -0.016289463963297206 0.0078249047829073853 -0.0011512543098035689
leaf_weight=22.190357312560081 33.368708789348602 17.867368176579475 35.844137221574783 20.753734365105629 25.906437054276466 23.700728803873062
leaf_count=47 32 34 29 35 37 27
internal_value=0.000665919 0.00225816 4.03657e-05 0.00372324 -0.0029008 -0.0072694
internal_weight=179.631 157.441 124.072 82.5043 46.6602 41.5681
internal_count=241 194 162 101 72 61
is_linear=0
shrinkage=0.05


Tree=143
num_leaves=6
num_cat=0
split_feature=7 1 1 7 8
split_gain=0.535833 4.67393 1.6111 2.00494 0.843214
threshold=18.500000000000004 1.0000000180025095e-35 1.0000000180025095e-35 15.500000000000002 0.95914581133341847
decision_type=2 2 2 2 2
left_child=2 -2 3 -1 -4
right_child=1 -3 4 -5 -6
leaf_value=-0.013238784790530143 0.0073309632698708342 -0.021064653419865079 0.0032224836156562464 0.0055847826887644204 0.015155270391415088
leaf_weight=25.690941348671913 41.502601474523544 22.266717866063118 31.194051995873451 31.479582771658897 28.17724983394146
leaf_count=41 47 41 38 43 27
internal_value=0.00110065 -0.00258411 0.00311687 -0.00287404 0.00888571
internal_weight=180.311 63.7693 116.542 57.1705 59.3713
internal_count=237 88 149 84 65
is_linear=0
shrinkage=0.05


Tree=144
num_leaves=7
num_cat=0
split_feature=7 8 5 8 7 8
split_gain=0.938489 0.769349 0.971597 0.813208 1.79224 0.809884
threshold=13.500000000000002 0.98798033168035049 9.5000000000000018 0.8854571507991148 18.500000000000004 1.023695014407799
decision_type=2 2 2 2 2 2
left_child=-1 2 3 -2 -5 -3
right_child=1 5 -4 4 -6 -7
leaf_value=-0.010235857227228428 0.0058343923285061198 0.012935945461357973 -0.011085815518229581 0.0037067085980111744 -0.015641610646247993 -0.00043871514671400672
leaf_weight=20.738510653376579 45.856480583548546 23.842707291245461 20.10157935321331 33.010885626077652 18.776683792471886 21.548186287283897
leaf_count=26 51 24 41 43 31 29
internal_value=-0.000217188 0.00105642 -0.00107548 0.000985302 -0.00330844 0.00658666
internal_weight=183.875 163.137 117.746 97.6441 51.7876 45.3909
internal_count=245 219 166 125 74 53
is_linear=0
shrinkage=0.05


Tree=145
num_leaves=7
num_cat=0
split_feature=8 0 8 7 1 7
split_gain=1.24124 3.60479 2.86868 1.65698 1.75374 3.33103
threshold=0.94283579487430291 81.500000000000014 1.023695014407799 14.500000000000002 1.0000000180025095e-35 20.500000000000004
decision_type=2 2 2 2 2 2
left_child=3 2 -2 -1 5 -5
right_child=1 -3 -4 4 -6 -7
leaf_value=0.01318328585099502 -0.0047861545900530237 0.014085112401216482 -0.029987395019705695 -0.005064068792007468 -0.011562873594631155 0.021042726540524276
leaf_weight=27.419914156198502 38.113359436392784 17.091200992465019 16.046438932418823 34.595310315489769 26.552634969353676 18.889774322509766
leaf_count=25 55 16 33 53 48 16
internal_value=-0.000817625 -0.00593502 -0.0122528 0.00257552 -0.00105857 0.00415629
internal_weight=178.709 71.251 54.1598 107.458 80.0377 53.4851
internal_count=246 104 88 142 117 69
is_linear=0
shrinkage=0.05


Tree=146
num_leaves=7
num_cat=0
split_feature=9 6 9 9 9 9
split_gain=0.95075 1.47942 1.5317 1.22345 3.73596 1.18098
threshold=1.0324684580878587 89.500000000000014 0.92639925277728474 0.96893764280669592 0.92145880071653496 0.87917852264705443
decision_type=2 2 2 2 2 2
left_child=1 2 5 4 -3 -1
right_child=-2 3 -4 -5 -6 -7
leaf_value=0.0055533705056261227 0.0098016405786712849 -0.00031067578194355825 0.011425429468572359 0.0053095246471387544 -0.028252193139788745 -0.010222613009662282
leaf_weight=24.332513570785522 25.184877499938011 35.366305619478226 37.063529685139656 17.999657392501831 18.078209757804871 23.14836248755455
leaf_count=31 31 49 41 20 35 34
internal_value=0.000787332 -0.000668058 0.00380815 -0.00596503 -0.00976221 -0.0021379
internal_weight=181.173 155.989 84.5444 71.4442 53.4445 47.4809
internal_count=241 210 106 104 84 65
is_linear=0
shrinkage=0.05


Tree=147
num_leaves=7
num_cat=0
split_feature=8 0 8 5 8 0
split_gain=1.46301 1.32898 1.128 1.46943 3.54699 1.15408
threshold=0.88433015783343849 76.500000000000014 0.96152879766598975 2.5000000000000004 1.010643829692436 78.500000000000014
decision_type=2 2 2 2 2 2
left_child=1 -1 5 -4 -5 -2
right_child=2 -3 3 4 -6 -7
leaf_value=-0.01438492418680519 0.011090275228681577 0.0033180100572228416 0.010277241112256646 0.0052866960236149906 -0.025451297122046575 -0.0028539262041339447
leaf_weight=24.25772613286972 61.231468349695206 18.831752330064774 18.226133525371552 23.6625766903162 15.554861456155775 19.584315329790115
leaf_count=40 78 19 14 30 34 25
internal_value=0.00139642 -0.00664806 0.00390354 -0.00145326 -0.00690495 0.00771114
internal_weight=181.349 43.0895 138.259 57.4436 39.2174 80.8158
internal_count=240 59 181 78 64 103
is_linear=0
shrinkage=0.05


Tree=148
num_leaves=7
num_cat=0
split_feature=8 8 3 0 9 6
split_gain=1.16806 2.20804 1.97242 1.8652 1.72151 4.75566
threshold=0.81133443142745276 0.88433015783343849 1.0000000180025095e-35 70.500000000000014 0.98501846153462214 89.500000000000014
decision_type=2 2 2 2 2 2
left_child=-1 -2 3 -3 5 -5
right_child=1 2 -4 4 -6 -7
leaf_value=0.013966008552924023 -0.013058270159643793 0.018746459279388686 -0.0080758543304498762 0.0093406295519537028 0.013251107422957157 -0.020289783483742069
leaf_weight=15.750446036458014 28.083054214715958 21.856953829526901 34.202161625027657 33.76910363137722 24.867802157998085 22.607719913125038
leaf_count=15 43 31 49 35 29 39
internal_value=0.000955234 -0.000283834 0.00232895 0.00578056 0.0022924 -0.00254149
internal_weight=181.137 165.387 137.304 103.102 81.2446 56.3768
internal_count=241 226 183 134 103 74
is_linear=0
shrinkage=0.05


Tree=149
num_leaves=7
num_cat=0
split_feature=2 0 7 1 8 7
split_gain=1.37185 0.985632 1.09133 3.07163 2.25064 2.19628
threshold=1.0000000180025095e-35 79.500000000000014 18.500000000000004 1.0000000180025095e-35 0.92152411567520665 15.500000000000002
decision_type=2 2 2 2 2 2
left_child=1 2 3 5 -4 -1
right_child=-2 -3 4 -5 -6 -7
leaf_value=-0.021701093321821949 -0.011534761191256517 0.0090427968465999001 0.0029592474473466583 0.011388247537475707 -0.021788739241762608 0.0025027016954217145
leaf_weight=16.288556292653084 22.625278517603874 34.911118283867836 21.587841123342514 45.976589128375053 15.992621690034865 22.074626535177231
leaf_count=29 40 35 31 48 25 30
internal_value=-2.50692e-05 0.00163538 -0.000485693 0.00267204 -0.00757243 -0.00777395
internal_weight=179.457 156.831 121.92 84.3398 37.5805 38.3632
internal_count=238 198 163 107 56 59
is_linear=0
shrinkage=0.05


end of trees

feature_importances:
county_id_te=209
pcp_provider_id_te=170
enrollment_month=117
age=113
county_freq=111
pcp_freq=106
sex_male=35
dual=18
orec=12

parameters:
[boosting: gbdt]
[objective: tweedie]
[metric: tweedie]
[tree_learner: serial]
[device_type: cpu]
[data_sample_strategy: bagging]
[data: ]
[valid: ]
[num_iterations: 150]
[learning_rate: 0.05]
[num_leaves: 7]
[num_threads: 4]
[seed: 42]
[deterministic: 1]
[force_col_wise: 0]
[force_row_wise: 0]
[histogram_pool_size: -1]
[max_depth: -1]
[min_data_in_leaf: 25]
[min_sum_hessian_in_leaf: 0.001]
[bagging_fraction: 0.9]
[pos_bagging_fraction: 1]
[neg_bagging_fraction: 1]
[bagging_freq: 1]
[bagging_seed: 42]
[bagging_by_query: 0]
[feature_fraction: 0.9]
[feature_fraction_bynode: 1]
[feature_fraction_seed: 42]
[extra_trees: 0]
[extra_seed: 12879]
[early_stopping_round: 0]
[early_stopping_min_delta: 0]
[first_metric_only: 0]
[max_delta_step: 0]
[lambda_l1: 0]
[lambda_l2: 0]
[linear_lambda: 0]
[min_gain_to_split: 0]
[drop_rate: 0.1]
[max_drop: 50]
[skip_drop: 0.5]
[xgboost_dart_mode: 0]
[uniform_drop: 0]
[drop_seed: 17869]
[top_rate: 0.2]
[other_rate: 0.1]
[min_data_per_group: 100]
[max_cat_threshold: 32]
[cat_l2: 10]
[cat_smooth: 10]
[max_cat_to_onehot: 4]
[top_k: 20]
[monotone_constraints: ]
[monotone_constraints_method: basic]
[monotone_penalty: 0]
[feature_contri: ]
[forcedsplits_filename: ]
[refit_decay_rate: 0.9]
[cegb_tradeoff: 1]
[cegb_penalty_split: 0]
[cegb_penalty_feature_lazy: ]
[cegb_penalty_feature_coupled: ]
[path_smooth: 0]
[interaction_constraints: ]
[verbosity: -1]
[saved_feature_importance_type: 0]
[use_quantized_grad: 0]
[num_grad_quant_bins: 4]
[quant_train_renew_leaf: 0]
[stochastic_rounding: 1]
[linear_tree: 0]
[max_bin: 255]
[max_bin_by_feature: ]
[min_data_in_bin: 3]
[bin_construct_sample_cnt: 200000]
[data_random_seed: 175]
[is_enable_sparse: 1]
[enable_bundle: 1]
[use_missing: 1]
[zero_as_missing: 0]
[feature_pre_filter: 1]
[pre_partition: 0]
[two_round: 0]
[header: 0]
[label_column: ]
[weight_column: ]
[group_column: ]
[ignore_column: ]
[categorical_feature: ]
[forcedbins_filename: ]
[precise_float_parser: 0]
[parser_config_file: ]
[objective_seed: 16083]
[num_class: 1]
[is_unbalance: 0]
[scale_pos_weight: 1]
[sigmoid: 1]
[boost_from_average: 1]
[reg_sqrt: 0]
[alpha: 0.9]
[fair_c: 1]
[poisson_max_delta_step: 0.7]
[tweedie_variance_power: 1.5]
[lambdarank_truncation_level: 30]
[lambdarank_norm: 1]
[label_gain: ]
[lambdarank_position_bias_regularization: 0]
[eval_at: ]
[multi_error_top_k: 1]
[auc_mu_weights: ]
[num_machines: 1]
[local_listen_port: 12400]
[time_out: 120]
[machine_list_filename: ]
[machines: ]
[gpu_platform_id: -1]
[gpu_device_id: -1]
[gpu_device_id_list: ]
[gpu_use_dp: 0]
[num_gpu: 1]

end of parameters

pandas_categorical:[]
