tree
version=v4
num_class=1
num_tree_per_iteration=1
label_index=0
max_feature_idx=53
objective=tweedie
feature_names=cost_inpatient_6m_ratio claims_inpatient_6m cost_outpatient_6m_ratio claims_outpatient_6m cost_er_6m_ratio claims_er_6m cost_professional_6m_ratio claims_professional_6m cost_rx_6m_ratio claims_rx_6m cost_total_6m_ratio claims_total_6m months_enrolled_6m cost_inpatient_12m_ratio claims_inpatient_12m cost_outpatient_12m_ratio claims_outpatient_12m cost_er_12m_ratio claims_er_12m cost_professional_12m_ratio claims_professional_12m cost_rx_12m_ratio claims_rx_12m cost_total_12m_ratio claims_total_12m months_history_available has_any_claim hcc_01 hcc_02 hcc_03 hcc_04 hcc_05 hcc_06 hcc_07 hcc_08 hcc_09 hcc_10 hcc_11 hcc_12 hcc_13 hcc_14 hcc_15 hcc_count raf_score_base age sex_male dual orec esrd hospice_any_base county_freq pcp_freq county_id_te pcp_provider_id_te
feature_infos=[0:40.521441782182755] [0:6] [0:29.808226325575248] [0:6] [0:9.8882304272354329] [0:6] [0:24.718538426674577] [0:6] [0:14.274645425005572] [0:6] [0:119.2110823866736] [0:30] [1:6] [0:40.899906595104753] [0:12] [0:15.032538311863458] [0:12] [0:11.221276668001703] [0:12] [0:12.456655037928535] [0:12] [0:17.323471498690676] [0:12] [0:69.98649267224134] [0:60] [1:12] [0:1] [0:1] [0:1] [0:1] [0:1] [0:1] [0:1] [0:1] [0:1] [0:1] [0:1] [0:1] [0:1] [0:1] [0:1] [0:1] [0:11] [0.4022:7.8704999999999998] [65:100] [0:1] [0:1] [0:3] none none [74:110] [7:32] [0.76609677476395865:1.1103457586311509] [0.78006921404762164:1.1545656391868817]
tree_sizes=4299 4330 4011 4642 4331 4127 3909 4339 4021 4134 4225 3908 4026 4232 4127 4016 4027 4223 4227 4435 4231 4351 4350 4122 4453 4233 4230 4352 4449 4347 4451 4346 4038 4347 4357 4033 4146 4571 4240 4355 4144 4477 4244 4354 4370 4143 4357 4166 4064 4263 4249 4258 4255 4350 4140 4143 4253 4157 4472 4244 4585 4155 4489 4583 4267 4157 4470 4250 4150 4358 4370 4050 4343 4155 4379 4467 4150 4593 4146 4374 3836 4054 3931 4372 4369 4488 4489 4472 4060 4163 4365 4051 4271 4595 4164 4263 4489 4599 4583 4474 4161 4173 4487 4276 4266 4288 4283 4179 4285 3958 4181 4500 4371 4281 4498 4396 4606 4693 4387 4618 4490 4491 4266 4594 4391 4711 4394 4287 4168 4386 4594 4375 4588 4288 4259 4499 4177 4726 4490 4286 4394 4176 4287 4388 4491 4290 4281 4278 4268 4386 4379 4598 4382 4282 4294 4057 4163 4274 4272 4390 4297 4492 4499 4384 4397 4183 4174 4075 4381 4510 4408 3960 4393 4487 4506 4394 4387 4184 4171 4505 4733 4381 4378 4391 4500 4396 4061 4288 4515 4496 4386 4491 4718 4605 4293 4494 4624 4274

Tree=0
num_leaves=39
num_cat=0
split_feature=43 23 43 23 43 43 17 43 43 43 42 40 21 28 17 15 43 43 50 43 15 43 51 1 4 4 0 6 50 53 52 51 15 23 53 43 13 51
split_gain=2381.52 399.376 377.357 112.321 76.8166 66.4171 45.6761 34.9237 21.867 19.9827 14.2847 12.3678 12.364 10.2644 9.85682 9.19612 8.59282 8.30757 7.9247 7.76418 8.83523 6.89789 6.83955 5.26735 4.85554 4.25759 3.78714 3.63598 3.08346 2.28078 1.66472 1.37532 1.32827 1.24381 1.02586 0.383387 0.318331 0.10972
threshold=1.3199000000000003 3.8977077980185957 0.90955000000000008 1.469718711229022 2.2552500000000006 0.68820000000000014 0.037206134241239634 1.7233000000000003 1.8704500000000002 1.15805 2.5000000000000004 1.0000000180025095e-35 0.13525572614554038 1.0000000180025095e-35 0.085953113309654633 0.2534098189949428 0.55795000000000006 1.5574000000000001 89.500000000000014 1.0457000000000003 0.06409885060951924 0.80205000000000004 18.500000000000004 2.5000000000000004 0.03205547285869511 1.0000000180025095e-35 0.11116995236970482 0.085678568213221076 90.500000000000014 0.93700965917191315 0.90487736723273982 19.500000000000004 0.17403194647492318 0.025354997934557862 0.92218761480424283 0.50075000000000014 0.015873675790423532 18.500000000000004
decision_type=2 2 2 2 2 2 2 2 2 2 2 2 2 2 2 2 2 2 2 2 2 2 2 2 2 2 2 2 2 2 2 2 2 2 2 2 2 2
left_child=2 3 5 7 -3 16 13 12 17 11 15 23 27 19 -11 21 35 -5 -12 20 -4 28 -21 32 25 -23 30 -2 31 -30 37 -7 -8 -32 -35 -1 -37 -18
right_child=1 4 6 8 -6 10 9 -9 -10 14 18 -13 -14 -15 -16 -17 26 -19 -20 22 -22 24 -24 -25 -26 -27 -28 -29 29 -31 33 -33 -34 34 -36 36 -38 -39
leaf_value=-0.079656533050994988 -0.060737470782878576 -0.03621421626121879 -0.070528943588565415 -0.048191593150510054 -0.022583090182239259 -0.072917164489033751 -0.061741862062509319 -0.047225714297775119 -0.037933814876900292 -0.058552499177393323 -0.062026287856011192 -0.055648161892638 -0.051788315928106884 -0.060019900538280532 -0.052391777259619667 -0.065717134690000498 -0.076590790584031884 -0.042460689066487881 -0.069114348299833844 -0.066225690201331636 -0.064061830476311227 -0.068092287966915355 -0.060309174487513946 -0.058703683309331206 -0.066578692861988378 -0.072628427319952824 -0.072507743280968665 -0.05636791680172009 -0.072741558149223534 -0.069284156336828578 -0.076661953387864301 -0.075668947396424269 -0.064205805662327073 -0.072809701908689073 -0.075449570765695681 -0.079047169322555288 -0.077548147429573291 -0.077454496721578267
leaf_weight=78.624862909317017 116.37471204996109 200.09598678350449 121.79719877243042 120.78060632944107 234.14268016815186 113.9890553355217 97.916518986225128 157.81776732206345 194.44733756780624 111.81620109081268 87.36614191532135 111.31248319149017 94.115098416805267 112.02291601896286 172.07652360200882 90.437720894813538 71.945421755313873 145.57808262109756 77.842378854751587 100.9851576089859 100.72252732515335 90.738186478614807 102.99915993213654 96.989720344543457 104.75952672958374 133.36954116821289 124.09993135929108 86.743388712406158 112.68056398630142 89.223175942897797 69.63415515422821 81.139697790145874 136.96980875730515 81.087694466114044 73.004168689250946 70.494335889816284 77.74446302652359 82.283753573894501
leaf_count=109 124 130 150 103 98 145 106 132 132 115 95 109 86 118 159 104 96 110 94 117 113 108 109 100 122 169 157 86 143 108 93 107 154 103 96 97 105 111
internal_value=-0.0594202 -0.0416245 -0.0674932 -0.0476745 -0.0288643 -0.0724414 -0.0608057 -0.0533676 -0.0420526 -0.0581645 -0.0696981 -0.060308 -0.0566286 -0.0643717 -0.0548183 -0.0705748 -0.0761354 -0.0450594 -0.065366 -0.0655147 -0.0676016 -0.07118 -0.0632382 -0.0618709 -0.0694497 -0.0707918 -0.0749563 -0.0588714 -0.0726133 -0.0712137 -0.0757603 -0.0740614 -0.0631787 -0.0748701 -0.0740604 -0.0787447 -0.078261 -0.0770516
internal_weight=4326.17 1350.1 2976.07 915.857 434.239 1710.46 1265.61 455.051 460.806 727.081 981.546 443.189 297.233 538.527 283.893 816.337 728.919 266.359 165.209 426.504 222.52 725.9 203.984 331.876 328.867 224.108 502.055 203.118 397.032 201.904 377.955 195.129 234.886 223.726 154.092 226.864 148.239 154.229
internal_count=4513 1001 3512 773 228 2162 1350 428 345 743 1195 469 296 607 274 1006 967 213 189 489 263 902 226 360 399 277 656 210 503 251 499 252 260 292 199 311 202 207
is_linear=0
shrinkage=1


Tree=1
num_leaves=39
num_cat=0
split_feature=43 23 43 43 43 13 23 43 44 43 21 17 13 42 15 51 43 53 52 43 0 53 50 13 40 8 50 51 52 44 8 2 13 52 43 0 44 43
split_gain=2365.07 351.919 346.042 101.946 75.2365 44.3702 43.425 40.1755 34.2146 33.1127 25.2617 23.0051 13.3022 11.1781 8.96057 8.53397 8.31482 7.609 7.08767 6.68476 6.18948 5.26091 4.73697 4.68543 4.52667 4.48871 4.22127 4.32105 3.65051 3.27359 3.1605 6.13857 2.48281 1.94647 1.83895 1.37239 0.379218 0.0383473
threshold=1.3353500000000003 2.3164370068174018 0.81235000000000013 1.9313500000000003 1.0457000000000003 0.48748146215042804 5.8453445657721943 1.8244000000000002 71.500000000000014 0.67295000000000016 0.1262204234314484 0.046797758450499334 0.4181618264369617 2.5000000000000004 0.099076409028142506 20.500000000000004 0.55795000000000006 1.0240617235125469 0.90938961438577992 0.9043500000000001 0.22441724317435371 0.91870831532631092 88.500000000000014 0.20880845282320834 1.0000000180025095e-35 0.10814619100303886 92.500000000000014 18.500000000000004 0.9506428847742413 69.500000000000014 0.05181126449507515 0.0031514517586899164 0.031306618468090193 0.91706344704376541 0.74165000000000014 0.018304623684931881 70.500000000000014 0.5162500000000001
decision_type=2 2 2 2 2 2 2 2 2 2 2 2 2 2 2 2 2 2 2 2 2 2 2 2 2 2 2 2 2 2 2 2 2 2 2 2 2 2
left_child=2 5 9 18 11 7 -5 23 14 16 15 17 -12 22 -6 21 36 20 -3 -13 24 -10 34 -2 26 -21 27 -4 35 -24 31 -31 -30 -28 -11 -18 37 -1
right_child=1 3 4 6 8 -7 -8 -9 10 13 12 19 -14 -15 -16 -17 28 -19 -20 25 -22 -23 29 -25 -26 -27 33 -29 32 30 -32 -33 -34 -35 -36 -37 -38 -39
leaf_value=-0.02003497212390206 0.0014468759021343514 0.020966509193581361 -0.011257772860599702 0.026451612928444022 -0.0090513117285399899 0.015331105802470263 0.037103586591948921 0.015242576880916528 -0.0058150981126678138 -0.015945727143508611 0.010663385398689391 -0.0057367293054909427 0.0033994106965440567 -0.0064153680172284759 -0.0022779474948839765 0.0029112880958087422 -0.017881535266591524 -0.0034129732096897462 0.015679910140918268 0.0012764987612388047 -0.0051805736873329301 -0.00022700991204322059 -0.013796318759813736 0.0053971594462831835 -0.0062391386596985484 -0.0034075510910413606 -0.010660714541599193 -0.0063230350771359342 -0.015991563549019795 -0.0084848178843587325 -0.0077687857853332744 -0.014599587578161639 -0.012190802212864536 -0.014263221873097783 -0.012656542237172922 -0.015498714288108131 -0.018434339651091421 -0.019484626644976962
leaf_weight=66.192094445228577 147.13272166252136 144.23152226209641 95.700644433498383 213.72032046318054 84.114006042480469 222.90303015708923 187.51185894012451 101.4091756939888 86.428496360778809 106.06459760665894 103.11197978258133 136.75555801391602 181.77888250350952 94.022582232952118 129.36170881986618 101.43056303262711 124.53071069717407 76.649841666221619 122.30594259500504 102.48031258583069 96.713166952133179 89.495385587215424 103.04072862863541 167.64153653383255 79.476239204406738 111.46535336971283 77.835926651954651 89.725321412086487 74.338590860366821 83.367206335067749 81.824827194213867 88.148370087146759 113.08858925104141 78.734813928604126 76.250692129135132 127.83257353305817 98.059870302677155 65.975309669971466
leaf_count=93 150 98 119 125 101 173 76 79 99 141 89 157 179 109 140 101 170 85 94 105 110 94 133 159 92 123 96 104 99 100 97 115 143 102 97 169 135 92
internal_value=-7.58411e-05 0.018084 -0.00792382 0.0262851 -0.00316961 0.00951477 0.0314297 0.0063996 0.00055926 -0.0142054 0.00264982 -0.00622878 0.0060285 -0.011555 -0.0049468 -0.000820657 -0.0167082 -0.00816361 0.0185406 -0.00294706 -0.00886632 -0.00297235 -0.0124521 0.00355071 -0.00971207 -0.00116388 -0.0105191 -0.00886991 -0.0154061 -0.0113686 -0.0103812 -0.0116274 -0.0136983 -0.0124723 -0.0145701 -0.0166745 -0.0191955 -0.0197603
internal_weight=4330.85 1306.86 3023.99 667.77 1721.26 639.086 401.232 416.183 775.721 1302.74 562.245 945.537 284.891 632.719 213.476 277.354 670.018 594.836 266.537 350.701 518.186 175.924 538.696 314.774 421.473 213.946 341.997 185.426 439.79 356.381 253.34 171.516 187.427 156.571 182.315 252.363 230.227 132.167
internal_count=4543 954 3589 393 1896 561 201 388 803 1693 562 1093 268 792 241 294 901 708 192 385 623 193 683 309 513 228 421 223 581 445 312 215 242 198 238 339 320 185
is_linear=0
shrinkage=0.0161547


Tree=2
num_leaves=36
num_cat=0
split_feature=43 43 23 43 43 21 15 43 42 42 35 53 21 43 2 15 10 43 1 44 42 53 51 43 8 17 6 8 53 53 52 15 43 52 52
split_gain=2162.3 428.444 276.428 84.5466 74.4892 46.7318 36.5877 29.1885 19.6885 16.3103 22.5378 15.5209 15.1766 13.4721 13.3717 12.2746 9.65574 9.56185 9.32554 7.84611 6.6384 5.97174 5.5014 5.29906 3.50929 3.40271 2.81283 5.34519 3.28652 1.55222 1.46842 0.897415 0.781792 0.41033 0.251077
threshold=1.4083000000000003 0.91350000000000009 2.5792149631006027 1.9938000000000002 0.6856000000000001 0.1262204234314484 0.19471120086862137 1.1074500000000003 2.5000000000000004 2.5000000000000004 1.0000000180025095e-35 0.92218761480424283 0.071135353484054878 1.8244000000000002 0.16743514715670246 0.26564286367673012 0.54115547987586365 0.55795000000000006 2.5000000000000004 79.500000000000014 1.5000000000000002 0.92596810925254058 15.500000000000002 1.0622500000000004 0.024118210710665302 0.13335935392831597 0.010368787092996507 0.05181126449507515 0.94424917842281975 0.96437649594167552 0.90487736723273982 0.022235462198017159 0.49320000000000003 0.93604247666928198 0.9048394815803591
decision_type=2 2 2 2 2 2 2 2 2 2 2 2 2 2 2 2 2 2 2 2 2 2 2 2 2 2 2 2 2 2 2 2 2 2 2
left_child=1 4 6 -4 17 9 16 25 15 12 -11 -10 20 -8 -9 19 -2 32 -16 26 23 -14 -19 -3 33 -7 29 30 -29 31 -28 -6 -1 -24 -34
right_child=2 5 3 -5 8 7 13 14 11 10 -12 -13 21 -15 18 -17 -18 22 -20 -21 -22 -23 24 -25 -26 -27 27 28 -30 -31 -32 -33 34 -35 -36
leaf_value=-0.020550941785419548 0.0029693220646950279 -0.010708471732962296 0.019144916736764668 0.031734551058895132 -0.0088341638624274878 -0.0029934425926436826 0.01138085438801968 0.010584790861133052 -0.0097259050615879118 0.0044021125064159375 -0.0053358955056011792 -0.0001950334380009739 0.0020807950105500113 0.017615034711556017 0.00076764286295596127 -0.0047782415271622409 0.0097656934691829934 -0.011761982818495276 0.0070100456215783924 -0.0069753881398578726 -0.0037523811808690441 -0.0035717853306201758 -0.017734427324130626 -0.005707738955565503 -0.013907027557482002 0.0009605019478688355 -0.016500123222326579 -0.01252995261841394 -0.0081614524094901792 -0.012564975120719787 -0.013612983310573472 -0.011162049815859129 -0.019264311108179499 -0.016428528204372045 -0.017990138526563965
leaf_weight=65.517513275146484 131.67788231372833 111.2684240937233 234.44953203201294 342.68683964014053 103.64921045303345 142.99191045761108 211.26540625095367 109.52460491657257 85.109395325183868 150.98114478588104 105.27377784252167 93.665922045707703 92.762990713119507 158.20970690250397 127.91606259346008 83.49797511100769 93.14428299665451 102.18232941627502 122.04290550947189 94.810978174209595 142.52309489250183 102.86229109764099 131.19169479608536 109.94205540418625 138.43908590078354 94.236190497875214 73.367673277854919 120.61762380599976 71.636820614337921 75.862326264381409 123.13044947385788 74.126993417739868 65.213396728038788 120.44027328491211 105.90000206232071
leaf_count=94 130 138 164 166 126 157 177 94 104 147 120 99 94 115 131 95 81 130 112 112 159 114 181 126 181 97 99 154 86 97 160 93 92 163 147
internal_value=-7.42313e-05 -0.00706072 0.018657 0.0266203 -0.0124544 -0.000460107 0.0109236 0.00297546 -0.0095904 -0.0029736 0.000401577 -0.00473239 -0.00451985 0.0140503 0.00587792 -0.0106486 0.00578507 -0.0163816 0.00381551 -0.0113135 -0.00647132 -0.000891404 -0.0150987 -0.0082231 -0.0159728 -0.00142278 -0.0119538 -0.0128173 -0.0109022 -0.0106304 -0.014691 -0.00980482 -0.0190503 -0.0171094 -0.0184757
internal_weight=4312.12 3140.69 1171.43 577.136 1728.36 1412.33 594.297 596.712 999.475 815.614 256.255 178.775 559.359 369.475 359.484 820.7 224.822 728.884 249.959 737.202 363.734 195.625 492.253 221.21 390.071 237.228 642.391 388.753 192.254 253.639 196.498 177.776 236.631 251.632 171.113
internal_count=4535 3702 833 330 2213 1489 503 591 1225 898 267 203 631 292 337 1022 211 988 243 927 423 208 655 264 525 254 815 499 240 316 259 219 333 344 239
is_linear=0
shrinkage=0.0161547


Tree=3
num_leaves=42
num_cat=0
split_feature=43 43 13 23 43 17 43 43 43 43 42 43 44 2 17 19 53 52 15 23 43 10 19 13 44 19 52 15 0 2 51 15 50 19 2 43 52 44 43 43 19
split_gain=2255.94 416.401 293.867 82.0698 69.2301 61.0343 56.8695 27.59 22.7644 21.7633 17.5947 17.2936 15.0768 13.5572 13.5199 10.8444 10.5814 10.1162 10.0518 9.93747 9.73077 8.68331 8.11033 5.42657 4.87133 4.3288 3.73636 3.2781 2.57285 2.43229 2.31467 1.67304 1.33473 1.32708 0.95269 1.04853 0.912123 0.638514 0.564117 0.407823 0.293482
threshold=1.4083000000000003 0.90720000000000012 1.3443421771859139 1.5115993086744344 0.69495000000000007 0.045371408549968663 2.3890500000000006 1.2337000000000002 1.7233000000000003 1.8244000000000002 2.5000000000000004 0.97555000000000014 71.500000000000014 0.05622041053167904 0.17623362924978223 0.099646127813611693 0.94424917842281975 0.93604247666928198 0.26564286367673012 0.85939506257353704 0.55795000000000006 1.4881281485343265 0.14593095190519179 0.10667790177948989 79.500000000000014 0.51519971828577604 0.94569171602175783 0.051498759630716463 0.0073995384041206048 0.027378638044817855 16.500000000000004 0.07210424935638847 85.000000000000014 0.017627471796688856 0.06453086677048081 0.81505000000000016 0.94283579487430291 72.500000000000014 0.49320000000000003 0.60890000000000011 0.0093268952399923923
decision_type=2 2 2 2 2 2 2 2 2 2 2 2 2 2 2 2 2 2 2 2 2 2 2 2 2 2 2 2 2 2 2 2 2 2 2 2 2 2 2 2 2
left_child=1 4 3 9 20 11 -4 14 -5 22 18 27 23 17 16 -12 19 -14 24 -7 38 -9 -2 -13 28 -10 31 -3 36 -30 -28 37 -31 -32 -34 -36 -6 39 -1 -22 -40
right_child=2 5 6 8 10 7 -8 21 25 -11 15 12 13 -15 -16 -17 -18 -19 -20 -21 26 -23 -24 -25 -26 -27 30 -29 29 32 33 -33 34 -35 35 -37 -38 -39 40 -41 -42
leaf_value=-0.020334727045538521 0.001973513422180224 -0.011346825674123619 0.024174560129099975 0.012832394768937968 -0.0094439009604674225 0.0045939440735066348 0.036400803085158397 0.0093255959154631696 0.01878290024015071 0.013271068245126931 -0.0087479917586192561 -0.0095189393553007443 0.0049655965462113679 -0.0046028298027924915 0.0049728845298788399 -0.00045450047399739287 -0.004549481392519583 -0.0023694937690230699 -0.0051843807497392669 -0.002079160292806516 -0.01849030789171404 0.0032294759760459432 0.0079872869154824291 -0.0037868853601184774 -0.0077184786231505563 0.022784097218264649 -0.011151966367358863 -0.0067391382709898716 -0.015249601036643062 -0.013904218837563586 -0.016239733004399969 -0.014009578451459958 -0.0099710026264000773 -0.013291688739937541 -0.01338223882704364 -0.010704181201593289 -0.011716007592008516 -0.015839988825360047 -0.017849494992435284 -0.016770879350720618 -0.019214922721946581
leaf_weight=64.012119770050049 128.58504915237427 77.803920447826385 195.5960835814476 143.67203950881958 113.37713515758514 104.46182572841644 201.64340031147003 142.48624271154404 144.95119309425354 115.40790885686874 88.467380344867706 91.692388594150543 112.76341891288757 154.24689096212387 117.06637459993362 76.922509670257568 155.90952974557877 86.869389176368713 76.576418399810791 131.62127274274826 65.993159532546997 106.5984742641449 107.41487902402878 81.33776193857193 83.307679712772369 137.50332075357437 73.147481799125671 83.584630846977234 76.037239849567413 74.454358637332916 72.416054904460907 67.99309515953064 78.52951979637146 88.612189710140228 83.466442763805389 70.280726373195648 77.717126369476318 93.377351999282837 80.400397300720215 79.209484696388245 84.003030478954315
leaf_count=93 129 98 118 115 140 101 80 125 101 92 107 112 109 174 112 82 175 95 88 142 93 104 96 91 100 86 93 98 102 98 99 90 98 116 109 88 99 127 113 109 120
internal_value=5.21264e-07 -0.00719438 0.0190768 0.0133016 -0.0126943 -0.000850854 0.0303807 0.00231105 0.0180678 0.00752204 -0.00965058 -0.00433361 -0.00291644 -0.00100563 0.000155346 -0.00489071 -0.00128338 0.00177376 -0.0107235 0.000873549 -0.0162524 0.0067167 0.00471067 -0.00682442 -0.0113689 0.0207307 -0.0150714 -0.00896046 -0.0118989 -0.0126631 -0.013535 -0.0162451 -0.012022 -0.0146175 -0.0114186 -0.012158 -0.010368 -0.0168821 -0.0190481 -0.0175523 -0.0185472
internal_weight=4289.52 3114.74 1174.77 777.534 1668.3 1446.44 397.239 758.144 426.127 351.408 899.137 688.298 526.91 353.88 509.059 165.39 391.993 199.633 733.747 236.083 769.164 249.085 236 173.03 657.17 282.455 540.749 161.389 573.863 382.768 234.176 306.573 306.731 161.028 232.277 153.747 191.094 238.58 228.416 145.203 164.403
internal_count=4517 3700 817 619 2164 1536 198 759 302 317 1111 777 581 378 530 189 418 204 922 243 1053 229 225 203 834 187 727 196 734 495 308 419 393 215 295 197 239 329 326 202 233
is_linear=0
shrinkage=0.0161547


Tree=4
num_leaves=39
num_cat=0
split_feature=43 43 19 43 17 43 43 15 43 42 44 44 52 44 43 43 43 53 8 8 44 15 19 2 53 19 43 52 50 52 53 4 52 43 21 43 42 52
split_gain=2182.71 385.048 284.199 68.3731 67.3551 66.9345 44.8147 40.0217 29.4503 20.1647 17.6082 17.6555 16.9255 13.0443 11.3161 9.63337 7.25456 6.18602 5.95816 5.95767 5.68821 5.01724 4.90815 4.22297 3.96963 3.29467 3.24229 1.98837 1.98365 2.3971 1.89345 1.63424 1.55708 1.51582 1.43111 0.554466 0.412278 0.228811
threshold=1.4083000000000003 0.9043500000000001 0.78070307837369646 0.68820000000000014 0.053665859122183864 2.1972000000000005 2.3890500000000006 0.26111623407658235 1.2255500000000004 2.5000000000000004 71.500000000000014 76.500000000000014 0.93763497399644036 71.500000000000014 1.6473500000000001 0.55795000000000006 0.82555000000000012 0.94779950875236973 0.027208431462520808 0.009332448909004705 75.500000000000014 0.2109692075916112 0.42494553034057375 0.10466599822828866 0.91033197859443771 0.033030906508444514 1.0376500000000004 0.94893642848195381 90.500000000000014 0.9521794254509296 0.92218761480424283 0.0079226266570737707 0.93329330666766952 0.76450000000000007 0.054302667342220452 0.50075000000000014 1.0000000180025095e-35 0.9506428847742413
decision_type=2 2 2 2 2 2 2 2 2 2 2 2 2 2 2 2 2 2 2 2 2 2 2 2 2 2 2 2 2 2 2 2 2 2 2 2 2 2
left_child=1 3 5 15 10 7 -4 14 13 16 25 12 -12 -6 -2 35 21 24 27 -18 -10 28 -9 -21 -15 -3 -13 36 33 31 -29 -30 -20 -5 -27 -1 -17 -37
right_child=2 4 6 9 8 -7 -8 22 20 -11 11 26 -14 17 -16 18 19 -19 32 23 -22 -23 -24 -25 -26 34 -28 30 29 -31 -32 -33 -34 -35 -36 37 -38 -39
leaf_value=-0.020047040706943728 0.0027013377470766521 -0.010338702888055192 0.024591772790690272 -0.01452507229099783 -0.004064698584990336 0.021834190089181048 0.03524602157431389 0.012204502227117045 0.0050696207665486166 -0.0042497477825140196 0.003318099537242639 -0.0087830542819083649 -0.0041438767776036649 0.0018075375873467683 0.0092878583436056747 -0.018178156589922209 -0.0048722306734245288 -0.00098913456819637886 -0.013926584936120999 -0.012601546280695593 0.010195383971354771 -0.0077091102964593396 0.016046458317712706 -0.0077134353729385969 0.0062933244192841884 -0.0048801014774172711 -0.0045598639850472225 -0.012715787482152411 -0.010783530018146307 -0.0089267540540584594 -0.016428240173444419 -0.014113220083847895 -0.01070018241289898 -0.011677454996799659 -0.0078746241457366816 -0.018909293667901009 -0.016606214481351158 -0.017650922299466801
leaf_weight=73.52251523733139 146.05362462997437 84.244771122932434 231.8109684586525 133.32736003398895 124.54729598760605 169.99707651138306 185.46564269065857 182.70099002122879 117.81254678964615 158.37082493305206 169.57936334609985 82.415786564350128 149.05869752168655 120.67610311508179 127.50248527526855 66.834636032581329 84.38590282201767 111.20186758041382 75.522211134433746 88.454517543315887 108.56939256191254 70.540815770626068 165.28445643186569 96.384869456291199 89.791533470153809 81.04103821516037 111.80096846818924 69.16504043340683 76.443731129169464 74.365602850914001 74.442256271839142 77.436967492103577 80.803202986717224 76.935318470001221 85.688966751098633 83.133061051368713 124.94324696063995 69.016981422901154
leaf_count=108 144 105 136 179 139 108 75 147 111 180 169 100 168 122 110 95 98 118 101 115 93 85 121 116 84 93 126 91 97 92 103 103 103 99 102 120 174 98
internal_value=0.000134085 -0.00706485 0.0185389 -0.0123788 -0.000945925 0.0128516 0.0293272 0.0103948 0.00278196 -0.00950431 -0.00422856 -0.00251272 -0.000172609 0.000374197 0.00577127 -0.0161318 -0.0105736 0.00209289 -0.0148636 -0.00842889 0.00752786 -0.0117078 0.0140293 -0.0100526 0.0037213 -0.0077348 -0.00635197 -0.0160777 -0.0123511 -0.0113082 -0.0146402 -0.0124591 -0.0122589 -0.0134831 -0.0064191 -0.0188951 -0.017154 -0.0183385
internal_weight=4299.27 3090.46 1208.82 1654.03 1436.43 791.539 417.277 621.542 672.599 936.646 763.83 512.855 318.638 446.217 273.556 717.383 778.275 321.67 491.711 269.225 226.382 509.05 347.985 184.839 210.468 250.975 194.217 335.385 438.509 228.246 143.607 153.881 156.325 210.263 166.73 225.673 191.778 152.15
internal_count=4528 3687 841 2157 1530 630 211 522 667 1164 863 563 337 463 254 993 984 324 667 329 204 655 268 231 206 300 226 463 570 292 194 200 204 278 195 326 269 218
is_linear=0
shrinkage=0.0161547


Tree=5
num_leaves=37
num_cat=0
split_feature=43 43 13 19 17 43 43 43 19 42 43 43 23 15 35 44 43 4 6 17 18 0 52 45 42 51 44 53 50 53 43 10 52 43 15 43
split_gain=2066.72 345.304 281.144 82.9479 60.3973 38.1915 35.0266 30.1072 29.2468 16.3701 15.5891 14.2082 12.241 11.6633 11.2714 10.6218 9.36383 7.42353 6.36591 5.89607 4.85623 3.87813 3.55934 5.64657 3.54036 3.42707 3.38975 2.62741 2.66782 3.95304 1.50748 0.87919 0.480142 0.345936 0.309355 0.111069
threshold=1.3353500000000003 0.82555000000000012 1.6675097514231079 0.42494553034057375 0.053665859122183864 1.8244000000000002 0.6856000000000001 1.1074500000000003 0.10305941887090168 2.5000000000000004 1.9938000000000002 1.0727500000000003 0.49085286233079523 0.24991486285452294 1.0000000180025095e-35 76.500000000000014 0.55795000000000006 0.024980770491325192 0.18742663589863479 0.11626708842528705 4.5000000000000009 0.13705010658587019 0.97001380033895535 1.0000000180025095e-35 2.5000000000000004 15.500000000000002 73.500000000000014 1.0236856744094631 90.500000000000014 0.93317080725677648 0.76450000000000007 0.14381520438540316 0.97497258504563244 0.50075000000000014 0.011834172773362671 0.53025000000000011
decision_type=2 2 2 2 2 2 2 2 2 2 2 2 2 2 2 2 2 2 2 2 2 2 2 2 2 2 2 2 2 2 2 2 2 2 2 2
left_child=1 6 3 5 9 8 16 20 -2 11 -5 17 -13 24 -11 19 33 22 -10 -9 26 25 23 -3 27 -18 -6 28 30 -30 -8 32 34 -1 -27 -35
right_child=2 4 -4 10 7 -7 13 15 18 14 -12 12 -14 -15 -16 -17 21 -19 -20 -21 -22 -23 -24 -25 -26 31 -28 -29 29 -31 -32 -33 -34 35 -36 -37
leaf_value=-0.01994360153497704 -0.00038735673829043605 -0.010562815321189039 0.029297048921210385 0.015497367636605763 -0.0057117553247629654 0.01454163984388031 -0.014371637694406584 -0.00048525087397279534 0.011205848761909484 0.00081366825297508319 0.022293648229056977 -0.0061662611143327144 0.0017970834076339065 -0.0052714580797544866 -0.0060105522998343871 0.008302288491844164 -0.012657913867786986 -0.0051272050553189223 0.0064841849199726437 0.004996830063361591 0.00027175948084489347 -0.012182468049992682 -0.01213622412121031 -0.0054532767415179529 -0.0086331206090395768 -0.018194601712110754 -0.0018217776647423431 -0.015207773181447727 -0.012338920320236329 -0.0077038810502792756 -0.011389140286418428 -0.015004408903899129 -0.015881563916379106 -0.018146488353666657 -0.016781932334785071 -0.019024720417517606
leaf_weight=72.535678863525391 131.01235616207123 137.93553972244263 337.981998026371 205.1361768245697 110.83564525842667 198.66513794660568 118.90436327457428 102.42720878124237 144.38977599143982 157.16446971893311 154.35578513145447 137.32584178447723 79.562118589878082 80.007006883621216 105.60706382989883 120.34694886207581 74.531009078025818 140.48583883047104 153.99695837497711 102.37307071685791 126.04257029294968 99.61412250995636 98.313498437404633 95.539959371089935 75.545538008213043 81.864504098892212 123.71924805641174 73.434379756450653 128.18257963657379 76.785700619220734 70.420929670333862 75.130241513252258 68.331860363483429 75.229095637798309 79.978614568710327 75.097049534320831
leaf_count=108 137 174 167 151 128 150 161 107 120 164 94 160 81 93 123 107 99 163 139 97 132 131 127 112 92 118 134 100 168 94 91 103 95 109 113 110
internal_value=-0.000187678 -0.00768804 0.0165795 0.0122271 -0.00272663 0.00868498 -0.0138175 0.000928613 0.00597534 -0.00535975 0.0184155 -0.00666788 -0.00324503 -0.01103 -0.00192896 0.00449333 -0.0162913 -0.00823979 0.008769 0.00225507 -0.00228566 -0.0150196 -0.00955773 -0.00847195 -0.0118781 -0.0157636 -0.00365993 -0.0124022 -0.0118796 -0.0106025 -0.0132623 -0.0165218 -0.0170171 -0.0190273 -0.0174965 -0.0185852
internal_weight=4288.81 2963.27 1325.54 987.556 1637.68 628.064 1325.59 685.745 429.399 951.934 359.492 689.163 216.888 623.28 262.772 325.147 702.312 472.275 298.387 204.8 360.597 479.45 331.789 233.475 543.273 379.836 234.555 467.728 394.294 204.968 189.325 305.305 230.175 222.862 161.843 150.326
internal_count=4552 3594 958 791 1809 546 1785 705 396 1104 245 817 241 799 287 311 986 576 259 204 394 659 413 286 706 528 262 614 514 262 252 429 326 327 231 219
is_linear=0
shrinkage=0.0161547


Tree=6
num_leaves=35
num_cat=0
split_feature=43 19 43 43 43 19 43 19 14 43 44 42 43 52 43 15 53 53 19 10 53 40 0 8 10 44 51 52 53 53 21 43 52 13
split_gain=2086.73 327.948 309.138 90.1094 48.632 44.5936 38.9895 30.4207 29.6648 20.0868 20.0257 14.7968 14.6523 10.0514 9.62199 9.36912 9.13853 8.46375 8.38153 7.94523 6.69965 5.5692 4.69907 4.23351 3.39225 2.51832 2.31098 2.06108 1.78977 3.72 1.04613 0.646137 0.397265 0.226504
threshold=1.3199000000000003 0.40827302954257311 0.82555000000000012 2.1111500000000007 1.8244000000000002 0.12256416566541005 0.6856000000000001 0.10305941887090168 5.5000000000000009 0.94370000000000009 71.500000000000014 2.5000000000000004 1.0727500000000003 0.8944627222676973 0.55795000000000006 0.24991486285452294 0.9084263244515246 0.96074707155888317 0.036890666354150149 1.2584234335363818 0.9570324344241784 1.0000000180025095e-35 0.10105757879349291 0.16932570090902418 1.124607791591554 69.500000000000014 15.500000000000002 0.91329427876986824 0.97647157317789879 0.91784838779694733 0.013624207893990355 0.49320000000000003 0.94283579487430291 0.015873675790423532
decision_type=2 2 2 2 2 2 2 2 2 2 2 2 2 2 2 2 2 2 2 2 2 2 2 2 2 2 2 2 2 2 2 2 2 2
left_child=2 4 6 8 7 9 14 -2 -3 20 23 13 17 -11 31 21 -14 24 -15 -9 27 25 26 -7 -12 -8 -16 -4 29 -27 32 -1 -28 -33
right_child=1 3 5 -5 -6 10 15 19 -10 11 12 -13 16 18 22 -17 -18 -19 -20 -21 -22 -23 -24 -25 -26 28 30 -29 -30 -31 -32 33 -34 -35
leaf_value=-0.020264002856684889 -0.0005392916459115119 0.013463922359843771 -0.0084744450937369251 0.029610608857924166 0.015081252275210951 -0.0067292029196420588 -0.013857005443197352 0.010262262654133438 0.022517875351727917 -0.0095054790359819716 0.0030046604274055885 0.00050371492660536681 0.00025600032927418419 -0.0074948467189674458 -0.013330045717362446 -0.0049891595182089358 0.0060978933877384751 -0.0051571890875610144 -0.0013472575973790784 0.0048988189072342965 -0.0053614474062271102 -0.0073370044821157235 -0.012153789672933126 -0.0018932355795550559 -0.0014687357031410106 -0.012172310058377708 -0.018042973887535795 -0.011755306785702775 -0.013342183278984033 -0.0080276533702190456 -0.015271143633729126 -0.019017823406631554 -0.016394124829616115 -0.017774036021561256
leaf_weight=64.572373569011688 153.42251014709473 174.4010694026947 86.912383615970612 364.02154815196991 188.22723025083542 103.82239490747452 125.87490183115005 193.44685524702072 205.98786753416061 105.60214251279831 92.228886365890503 166.92072224617004 110.01556777954102 90.536095857620239 76.795908331871033 72.268792808055878 191.56592160463333 93.074785470962524 160.45055997371674 114.88972866535187 106.33432030677795 81.820857167243958 127.28774183988571 86.688328444957733 85.022774875164032 135.89029759168625 91.180574655532837 117.56710940599442 73.382328152656555 96.753661394119263 105.25818103551865 70.016924619674683 65.548973977565765 84.114678978919983
leaf_count=98 161 132 107 174 139 122 170 163 125 130 93 175 113 109 104 84 178 107 174 106 125 100 169 94 92 179 133 152 98 120 147 104 93 123
internal_value=0.00033413 0.0165444 -0.0075485 0.0238651 0.00816016 -0.00281657 -0.0134943 0.0053389 0.0183668 -0.00539733 7.58826e-06 -0.00346592 0.00151869 -0.00532412 -0.0161119 -0.0104353 0.0039668 -0.00121247 -0.00356482 0.00826378 -0.00865044 -0.0112015 -0.0148001 -0.00452869 0.000858895 -0.0119336 -0.0157944 -0.0103608 -0.0111425 -0.0104486 -0.0165168 -0.0189074 -0.0173534 -0.018339
internal_weight=4261.9 1394.4 2867.51 744.41 649.986 1596.74 1270.77 461.759 380.389 834.323 762.419 523.51 571.908 356.589 684.775 585.991 301.581 270.326 250.987 308.337 310.814 513.722 466.071 190.511 177.252 431.901 338.784 204.479 306.026 232.644 261.988 218.704 156.73 154.132
internal_count=4493 1000 3493 431 569 1771 1722 430 257 972 799 588 583 413 971 751 291 292 283 269 384 667 646 216 185 567 477 259 397 299 373 325 226 227
is_linear=0
shrinkage=0.0161547


Tree=7
num_leaves=39
num_cat=0
split_feature=43 43 19 43 17 43 43 0 13 43 42 35 42 21 53 44 51 40 42 8 43 18 43 15 17 21 52 44 13 21 53 43 51 52 13 43 43 51
split_gain=1791.12 318.968 285.982 86.7092 54.0981 40.8852 40.6504 24.3223 24.183 21.5958 19.8673 23.2852 18.9068 15.4369 12.285 8.62803 8.45839 7.98 7.23583 7.28932 6.94273 6.82548 6.66617 6.14265 5.39512 5.00702 4.49885 3.09536 4.04834 3.28689 2.45669 2.3992 1.78319 1.69602 1.34521 0.842152 0.43281 0.318921
threshold=1.3199000000000003 0.82555000000000012 0.40827302954257311 2.3890500000000006 0.051929945971781584 0.67295000000000016 1.8474000000000002 1.8199373020588305 0.23170110085339682 1.1074500000000003 2.5000000000000004 1.0000000180025095e-35 2.5000000000000004 0.099984458808039592 0.93532848418288028 77.500000000000014 16.500000000000004 1.0000000180025095e-35 1.0000000180025095e-35 0.0089767872401492997 0.57435000000000014 4.5000000000000009 1.0124500000000001 0.2021627663980273 0.10822731452881656 0.20657562387912573 0.96152879766598975 69.500000000000014 0.019490322374916245 0.038436063830967426 0.92818066549961431 0.97965000000000013 18.500000000000004 0.91132701556953777 0.079082620973198792 0.54375000000000007 0.49320000000000003 19.500000000000004
decision_type=2 2 2 2 2 2 2 2 2 2 2 2 2 2 2 2 2 2 2 2 2 2 2 2 2 2 2 2 2 2 2 2 2 2 2 2 2 2
left_child=1 5 6 7 10 20 8 14 30 17 13 -12 23 16 -4 24 -3 21 -18 -20 35 31 -21 27 -11 -10 34 33 -29 -30 -2 -6 -28 -7 37 36 -1 -22
right_child=2 4 3 -5 9 12 -8 -9 25 15 11 -13 -14 -15 -16 -17 18 -19 19 22 26 -23 -24 -25 -26 -27 32 28 29 -31 -32 -33 -34 -35 -36 -37 -38 -39
leaf_value=-0.020127153464712971 0.0022126009683323478 -0.01118951539514766 0.012711179330916674 0.030238823643017162 -0.0064990579502305374 -0.016328797381067069 0.01406233980711675 0.023920360157265116 0.0097413643089130173 -0.0006721742149907923 0.002653830122381825 -0.0074784226207506455 -0.0042631940652385087 -0.0012725992347086051 0.019009294539914581 0.0079528666686861909 -0.010492191053617782 0.0023139575197103314 -0.0022272799289117561 -0.0099273281680913854 -0.016589338927696699 0.00031947620722680653 -0.0039051975213444364 -0.0074390168950234205 0.0044491750715036004 0.0053478096050085001 -0.010718890467232629 -0.0083249557814805315 -0.014445583379694427 -0.01080042031618364 -0.0015242277429582971 -0.0028170037031276206 -0.014431204026381561 -0.012798510014617634 -0.014670742251465486 -0.017035391808971571 -0.018444012340890163 -0.018117519971983763
leaf_weight=60.468411087989807 91.30163186788559 140.29433470964432 162.93000376224518 239.62701791524887 107.56870204210281 66.480590522289276 173.07074439525604 138.7967923283577 160.61178338527679 97.301193416118622 152.21224874258041 96.859300911426544 103.7462278008461 115.63335049152374 160.39453703165054 96.803593099117279 95.162333250045776 93.724222004413605 117.58951514959335 110.71183973550797 81.933858752250671 99.050504386425018 84.647814691066742 73.664473354816437 119.74967443943024 117.00942385196686 66.808437466621399 76.048985719680786 125.147889316082 133.3441253900528 92.359584212303162 80.929182767868042 68.280161261558533 76.247341215610504 82.553717315196991 81.700557291507721 117.04825878143311 63.076540052890778
leaf_count=93 91 180 123 109 127 94 129 79 136 102 154 116 120 126 105 86 121 95 132 140 118 104 96 90 114 106 88 96 172 174 98 89 95 103 115 119 175 93
internal_value=-0.00021615 -0.00737795 0.0152469 0.0223529 -0.00259209 -0.0134073 0.00738601 0.0182638 0.00488109 0.000803731 -0.00517724 -0.00128641 -0.0105896 -0.00663664 0.0158355 0.00394211 -0.00776766 -0.00177971 -0.00659135 -0.00540517 -0.0163737 -0.00311401 -0.00731799 -0.0117809 0.00215334 0.00788961 -0.0149306 -0.0124511 -0.0116013 -0.0125652 0.000333424 -0.00491821 -0.0125953 -0.0144429 -0.0163169 -0.0183927 -0.0190173 -0.0172541
internal_weight=4220.89 2884.79 1336.1 701.748 1608.24 1276.55 634.353 462.121 461.282 695.127 913.111 249.072 654.68 664.039 323.325 313.854 548.406 381.273 408.112 312.949 621.87 287.548 195.36 550.933 217.051 277.621 362.653 477.269 334.541 258.492 183.661 188.498 135.089 142.728 227.564 259.217 177.517 145.01
internal_count=4503 3527 976 416 1782 1745 560 307 431 717 1065 270 849 795 228 302 669 415 489 368 896 320 236 729 216 242 509 639 442 346 189 216 183 197 326 387 268 211
is_linear=0
shrinkage=0.0161547


Tree=8
num_leaves=36
num_cat=0
split_feature=43 19 43 43 43 43 17 14 19 43 42 40 43 44 43 17 2 15 6 19 52 44 21 51 53 17 10 8 53 52 53 10 43 52 21
split_gain=1882.75 306.279 298.736 87.3276 62.4916 44.4014 40.3163 20.3405 18.7632 18.0681 14.9769 13.2311 9.95235 10.6029 9.70485 9.33952 8.48528 7.88427 6.17906 5.1449 4.47096 4.42477 3.28204 3.00055 2.9816 2.90972 2.46232 3.37014 3.62132 2.60252 1.53428 1.20571 0.528009 0.292732 0.248457
threshold=1.3199000000000003 0.40827302954257311 0.89735000000000009 2.1111500000000007 0.68820000000000014 1.7591000000000003 0.037206134241239634 5.5000000000000009 0.10305941887090168 1.15805 2.5000000000000004 1.0000000180025095e-35 0.94370000000000009 71.500000000000014 0.55795000000000006 0.085953113309654633 0.018050522329148975 0.20890564942646167 0.20243183077136254 0.12256416566541005 0.94893642848195381 75.500000000000014 0.031517386508646765 17.500000000000004 0.86529174444303814 0.11626708842528705 0.024498373571957489 0.048090571803225228 0.9504147512701473 0.9521794254509296 0.95436065970146455 0.14675019630609593 0.50075000000000014 0.9506428847742413 0.011941814013686497
decision_type=2 2 2 2 2 2 2 2 2 2 2 2 2 2 2 2 2 2 2 2 2 2 2 2 2 2 2 2 2 2 2 2 2 2 2
left_child=2 5 4 7 14 8 12 -3 -2 11 17 19 -4 22 32 -11 -15 24 -10 -8 31 -18 -14 -22 -6 -21 29 30 -29 -26 -28 34 -1 -34 -16
right_child=1 3 6 -5 10 -7 9 -9 18 15 -12 -13 13 16 20 -17 21 -19 -20 25 23 -23 -24 -25 26 -27 27 28 -30 -31 -32 -33 33 -35 -36
leaf_value=-0.01996156301304591 -0.00063553414677898913 0.013193023626568852 -0.0095336873237516669 0.028071151965791564 -0.014031089942163377 0.013056790269428818 -0.0061487780012584939 0.020481843864304572 0.0085136936484762303 3.330828330809343e-05 -0.004780491538140013 0.0033945584509506763 -0.0097999474984149237 0.0011102093513415741 -0.017346743889899263 0.0061056657062132187 -0.0018025863144099956 -0.0066281586674332175 0.0038227467267281288 -0.0032422326675960551 -0.010464644630213607 -0.0069025209110236017 -0.0051076586474530315 -0.014458433093984958 -0.0078060095619779338 0.00019857671379575455 -0.011831694121598653 -0.011957469656109561 -0.0070043338065451126 -0.011747490646105091 -0.014876234808354885 -0.014640464014096018 -0.018894801394650992 -0.017424853830757363 -0.016074775860621279
leaf_weight=70.036324501037598 141.69065910577774 188.25700211524963 108.78003203868866 353.86695390939713 81.448226869106293 222.70797371864319 93.80815851688385 212.93531757593155 170.78735947608948 106.06378620862961 148.69476407766342 115.34281349182129 79.321796298027039 116.21821457147598 104.84160625934601 175.43676024675369 83.92192667722702 120.29621469974518 128.35989356040955 146.60565990209579 81.683172821998596 94.269541442394257 76.343784809112549 123.05267518758774 120.61560392379761 114.02620333433151 108.48052126169205 88.658615469932556 68.119027554988861 68.576181828975677 71.781476497650146 102.34051549434662 80.69253009557724 62.929304540157318 64.877443790435791
leaf_count=109 149 140 137 170 112 169 110 132 147 110 173 114 100 122 155 161 92 145 120 163 108 112 89 173 151 119 145 118 84 91 100 144 123 94 94
internal_value=-4.64083e-05 0.0151846 -0.0075559 0.0222214 -0.0123154 0.00717738 -0.00186284 0.0170616 0.00420715 0.000581321 -0.00945249 -0.00135798 -0.00514858 -0.00408873 -0.0159504 0.00381772 -0.00228575 -0.0104068 0.00650087 -0.00290456 -0.0146683 -0.00450063 -0.00749869 -0.012865 -0.0111548 -0.00173688 -0.0107096 -0.0115375 -0.00980536 -0.00923467 -0.013044 -0.0160254 -0.0188115 -0.0182507 -0.0168605
internal_weight=4295.87 1418.61 2877.26 755.059 1567.12 663.546 1310.14 401.192 440.838 751.283 876.671 469.783 558.855 450.075 690.454 281.501 294.41 727.976 299.147 354.44 476.795 178.191 155.666 204.736 607.68 260.632 526.231 337.04 156.778 189.192 180.262 272.06 213.658 143.622 169.719
internal_count=4575 1027 3548 442 2119 585 1429 272 416 777 1119 506 652 515 1000 271 326 946 267 392 674 204 189 281 801 282 689 447 202 242 245 393 326 217 249
is_linear=0
shrinkage=0.0161547


Tree=9
num_leaves=37
num_cat=0
split_feature=23 19 19 42 42 42 42 23 44 8 13 44 53 44 42 52 18 2 21 35 13 44 53 52 21 2 6 42 53 50 21 21 13 53 52 50
split_gain=1413.45 247.046 222.713 71.9641 70.7864 59.9721 35.7345 31.8258 29.421 24.5053 22.5428 19.1677 17.5355 13.6151 11.5153 11.4101 11.1864 10.3312 10.1385 8.46892 8.45083 6.93318 5.62083 5.16267 4.87184 5.62303 6.69226 3.71695 3.67672 3.60103 6.32341 3.14873 3.08152 2.48644 1.43578 0.685604
threshold=1.4936952777048991 0.086865873695854759 0.78070307837369646 2.5000000000000004 3.5000000000000004 3.5000000000000004 2.5000000000000004 0.16067599506292313 71.500000000000014 0.13990995349614793 0.85719547698516274 68.500000000000014 0.89060886751271606 71.500000000000014 1.0000000180025095e-35 0.93329330666766952 4.5000000000000009 0.45515088420583716 0.14961286797516846 1.0000000180025095e-35 0.19959323575030888 69.500000000000014 0.93953718700532229 0.95797617263640888 0.026046861747180731 0.03493050841851085 0.077292929639976429 1.5000000000000002 1.004330693427212 93.500000000000014 0.0032316665349745618 0.019443600230185668 0.011086119450522574 0.9570324344241784 0.89894760290174602 89.500000000000014
decision_type=2 2 2 2 2 2 2 2 2 2 2 2 2 2 2 2 2 2 2 2 2 2 2 2 2 2 2 2 2 2 2 2 2 2 2 2
left_child=1 3 5 7 -4 16 8 19 20 15 -7 -9 -10 -5 -13 -8 23 -18 27 21 -3 34 -22 -2 -16 -26 -27 33 29 32 -31 -15 -23 -14 -1 -36
right_child=2 6 4 13 -6 10 9 11 12 -11 -12 14 18 31 24 -17 17 -19 -20 -21 22 28 -24 -25 25 26 -28 -29 -30 30 -32 -33 -34 -35 35 -37
leaf_value=-0.017601705558686748 0.0011680984255881071 -0.010801488703616741 0.015311713398154431 -0.007386800541682826 0.028086847876589157 0.0102255044857625 0.003149442689283325 -0.014507390448406893 0.0042512642582460906 -0.0020582006940407377 0.019140707621631371 -0.011440163441009892 -0.007455435893043507 -0.0030018270500235078 -0.00236990087901378 0.0099151799486057839 0.011225006977961527 0.0046697552662749685 0.0015458200815267459 -0.0089953410764043087 -0.0072999096001505649 -0.015820121117577184 -0.0016961195624242038 0.0060244910383015901 -0.0098671862456980453 -0.0025751001310646482 -0.0086312918095537115 -0.0015857349563243336 -0.016191677276842526 -0.0069151561285769403 -0.013454105573835064 0.0010018377641882502 -0.011898811501462754 -0.0033673772924894146 -0.016284665112804683 -0.014177963011996378
leaf_weight=109.84400123357773 142.23236531019211 87.187455952167511 185.3961433172226 122.75874471664429 290.64183586835861 143.00495064258575 132.56278723478317 120.02173489332199 163.77607816457748 132.80996561050415 153.43932008743286 132.07555264234543 79.990021884441376 86.478723287582397 80.361337244510651 127.73375850915909 127.86803239583969 123.19483256340027 137.15707927942276 94.417060792446136 101.32668775320053 92.316315829753876 86.667255997657776 95.474938929080963 104.70941811800003 109.03140699863434 84.53974837064743 109.54148077964783 73.576066434383392 73.241211891174316 81.589910387992859 125.89599770307541 120.6538907289505 75.453348457813263 78.826242446899414 82.517876386642456
leaf_count=164 142 114 131 150 140 116 130 168 162 142 99 175 97 98 93 111 103 112 139 122 123 132 95 87 135 124 106 119 106 92 113 131 164 85 115 117
internal_value=3.86568e-05 -0.00598196 0.0143929 -0.0098454 0.0231115 0.00910729 -0.000432378 -0.0114168 -0.00231161 0.00358847 0.01484 -0.00869814 -0.000204744 -0.00310402 -0.00733293 0.00646955 0.00563033 0.00800839 -0.0020195 -0.0135418 -0.00664445 -0.0141442 -0.0047165 0.00311866 -0.00590027 -0.00685141 -0.00522007 -0.00386492 -0.0128951 -0.0122356 -0.0103609 -0.00062845 -0.0135986 -0.00547106 -0.0161771 -0.0152072
internal_weight=4268.31 3007.06 1261.25 1772.86 476.038 785.214 1234.21 1437.72 841.099 393.107 296.444 630.739 565.918 335.133 510.717 260.297 488.77 251.063 402.142 806.983 275.181 712.566 187.994 237.707 378.642 298.281 193.571 264.985 441.377 367.801 154.831 212.375 212.97 155.443 271.188 161.344
internal_count=4552 3622 930 2305 271 659 1317 1926 934 383 215 801 602 379 633 241 444 215 440 1125 332 1003 218 229 458 365 230 301 607 501 205 229 296 182 396 232
is_linear=0
shrinkage=0.0161547


Tree=10
num_leaves=38
num_cat=0
split_feature=43 43 19 43 43 43 43 14 44 44 17 19 19 43 6 51 42 53 0 43 42 6 17 50 53 6 44 23 50 17 51 53 50 52 52 43 52
split_gain=1707.53 322.805 284.494 86.1028 54.3338 44.4486 29.1323 24.965 24.893 16.5658 20.5339 16.4803 13.4116 10.9956 9.77457 9.27715 8.64867 8.4936 9.66094 8.29041 7.95799 6.82154 6.69939 3.61662 3.20705 4.05905 3.01754 2.89179 2.89211 2.82524 2.15503 1.31359 1.09677 0.76537 0.705918 0.666461 0.179831
threshold=1.3199000000000003 0.80930000000000013 0.42494553034057375 2.3890500000000006 1.7233000000000003 0.97555000000000014 0.68820000000000014 5.5000000000000009 71.500000000000014 72.500000000000014 0.045371408549968663 0.12256416566541005 0.10305941887090168 1.1930000000000003 0.2153988499581389 17.500000000000004 2.5000000000000004 0.92300324210329154 0.060078843594870618 0.55795000000000006 2.5000000000000004 0.20243183077136254 0.025133596958338372 87.500000000000014 0.87158376087502654 0.057660518756494271 77.500000000000014 0.81262781210195401 97.000000000000014 0.039199879428952887 20.500000000000004 0.92681474553163901 90.500000000000014 0.9048394815803591 0.98655405670457841 0.50075000000000014 0.9506428847742413
decision_type=2 2 2 2 2 2 2 2 2 2 2 2 2 2 2 2 2 2 2 2 2 2 2 2 2 2 2 2 2 2 2 2 2 2 2 2 2
left_child=1 6 4 7 12 11 19 -4 16 -10 22 17 -2 26 -6 -13 29 23 -19 35 27 -14 -11 -3 -21 33 -12 28 30 -7 31 -8 -17 -26 -35 -1 -37
right_child=2 5 3 -5 14 8 20 -9 9 10 13 15 21 -15 -16 32 -18 18 -20 24 -22 -23 -24 -25 25 -27 -28 -29 -30 -31 -32 -33 -34 34 -36 36 -38
leaf_value=-0.01997460603281934 -0.00080312290449754194 -0.0073804973589968884 0.01296509970087501 0.029006530977800666 0.0099924632615740073 -0.0087470332077709007 -0.013574754769119414 0.020689930517877157 0.0070831928839078726 -0.0015677197657977698 -0.0013062586886003994 0.0013150549409845164 0.007784005607944137 0.0063628881825321332 0.016351288324000509 -0.0037011293443947753 -0.00053342342999982068 -0.0090160679782554549 -0.0023312768791619496 -0.011724038253107093 -0.0061247077001766797 0.0026290176764787107 -0.0073006069665626228 -0.011846703773510556 -0.017329646247240437 -0.012484503867280153 0.002550694311346901 -0.0088418773966550748 -0.0099317980007940804 -0.004686388243372093 -0.015460003127270722 -0.010717816716429998 -0.0063860199783135601 -0.014600019394555287 -0.01667354246177245 -0.018569622460147078 -0.017417368423113165
leaf_weight=68.320537328720093 135.02508443593979 75.570903062820435 189.74871790409088 266.88055151700974 138.99854719638824 86.626660108566284 89.553296029567719 257.14504021406174 105.69022792577744 153.70989972352982 119.6376451253891 97.956530392169952 146.86135369539261 129.38114786148071 115.5174149274826 81.740578353404999 90.943699419498444 110.99020957946777 114.7575010061264 74.522551536560059 78.626010954380035 123.18439829349518 81.351721167564392 126.56418007612228 118.85032427310944 94.881335139274597 94.952110528945923 74.347782850265503 93.236161887645721 92.425281345844269 79.583510398864746 79.097516357898712 77.214266002178192 85.215173602104187 86.184231996536255 75.889372646808624 66.168403506278992
leaf_count=109 143 94 138 119 112 109 125 153 98 169 127 103 127 117 80 93 97 141 131 103 94 117 97 168 179 131 94 94 123 105 114 106 92 123 127 118 101
internal_value=-8.01216e-05 -0.00730844 0.0146779 0.021746 0.00702922 -0.002689 -0.0138123 0.01741 -0.000436245 0.00120178 0.000128253 -0.00582971 0.00335394 0.00264311 0.0128785 -0.00259547 -0.00459036 -0.00777163 -0.00561789 -0.0160073 -0.0108379 0.0054325 -0.0035518 -0.010177 -0.0147916 -0.0153852 0.000400374 -0.0117291 -0.0123577 -0.00665096 -0.0132688 -0.0122348 -0.00500535 -0.0163334 -0.0156426 -0.0186635 -0.0180329
internal_weight=4177.35 2803.99 1373.36 713.774 659.587 1639.51 1164.48 446.894 954.718 684.723 579.033 684.794 405.071 343.971 254.516 256.911 269.996 427.883 225.748 670.032 494.444 270.046 235.062 202.135 459.654 385.131 214.59 415.818 341.47 179.052 248.234 168.651 158.955 290.25 171.399 210.378 142.058
internal_count=4471 3482 989 410 579 1835 1647 291 1013 702 604 822 387 338 192 288 311 534 272 991 656 244 266 262 663 560 221 562 468 214 345 231 185 429 250 328 219
is_linear=0
shrinkage=0.0161547


Tree=11
num_leaves=35
num_cat=0
split_feature=43 19 43 43 19 43 44 18 43 43 6 42 19 42 19 50 43 15 52 52 52 51 52 15 0 51 44 50 53 43 13 52 52 43
split_gain=1630.78 340.217 220.954 99.1663 46.0818 39.7766 29.0453 28.2146 24.5728 20.5962 15.2063 12.4561 11.7578 11.8221 11.3285 8.91055 7.74665 7.27535 7.01566 6.51687 10.8636 6.13984 5.91971 5.85503 5.00758 3.97697 3.4976 3.71147 3.0043 3.0011 1.75203 1.02926 0.806256 0.684203
threshold=1.2181000000000002 0.41600008783878101 0.82555000000000012 2.1111500000000007 0.10305941887090168 0.67295000000000016 71.500000000000014 5.5000000000000009 1.7591000000000003 0.94370000000000009 0.18742663589863479 2.5000000000000004 0.30264774058785771 2.5000000000000004 0.12256416566541005 92.500000000000014 0.54375000000000007 0.095991943514079955 0.90487736723273982 0.90075562754280647 0.95477616259028963 18.500000000000004 0.95477616259028963 0.2243035899754581 0.17513080686548949 19.500000000000004 69.500000000000014 94.500000000000014 0.87554313299711339 0.76450000000000007 0.020752147010926612 0.92152411567520665 0.90938961438577992 0.49320000000000003
decision_type=2 2 2 2 2 2 2 2 2 2 2 2 2 2 2 2 2 2 2 2 2 2 2 2 2 2 2 2 2 2 2 2 2 2
left_child=2 4 5 7 22 16 17 -3 10 14 -6 23 13 19 15 -8 33 25 -19 -11 -21 -12 -2 26 28 -4 31 29 -18 -28 -30 -7 -32 -1
right_child=1 3 6 -5 8 11 9 -9 -10 12 21 -13 -14 -15 -16 -17 24 18 -20 20 -22 -23 -24 -25 -26 -27 27 -29 30 -31 32 -33 -34 -35
leaf_value=-0.020283910802180036 -0.0018956658745239688 0.010821646065322798 -0.010692103243933559 0.026704540495612956 0.0090405986926459583 -0.015358905269879475 -0.0048738419328804884 0.019209588698135601 0.012936314455363428 -0.0064080557043759414 0.0054870133047103939 -0.0050098231243392031 0.0039657554907474831 0.0023775473684586293 -0.0016223145667622649 -0.012231425651441695 -0.012578335374564502 -0.0017270564231684424 -0.0074680728680247251 0.0028522928022000514 -0.0045890073004110866 -1.619521582691573e-05 0.0031228448024419389 -0.006826786401221017 -0.010653817302241724 -0.0061647276961086074 -0.0138865693198725 -0.0088571798809400255 -0.017902046699761212 -0.0098978148641167031 -0.016581763931447988 -0.012633732927460034 -0.014346102869069541 -0.018142829961593745
leaf_weight=59.613741934299469 166.0906947851181 207.25864046812057 137.36275190114975 350.45693171024323 202.2281539440155 67.464692294597626 102.74472278356552 211.40384411811829 186.26148974895477 106.11520373821259 110.34657514095306 101.20309799909592 139.57185846567154 148.75265771150589 126.91178047657013 73.820944964885712 70.388052344322205 101.24583595991135 123.08276468515396 87.54691344499588 123.32573843002319 101.64401406049728 97.261576294898987 70.772664368152618 64.031411647796631 80.199678122997284 122.70386064052582 137.73807346820831 109.96583294868469 82.207822859287262 73.003014028072357 77.969303727149963 99.441753387451172 112.37628495693207
leaf_count=97 178 159 179 166 172 98 123 131 138 125 100 120 134 150 140 99 100 112 148 89 142 102 96 87 87 98 174 180 169 109 110 109 144 176
internal_value=-0.000102281 0.0125498 -0.00804985 0.0203644 0.00559195 -0.0129478 -0.00352103 0.0150571 0.00806293 -0.00186912 0.00587151 -0.0102248 -0.000147116 -0.00137965 -0.00530381 -0.00795 -0.0160003 -0.00691834 -0.00487699 -0.00314279 -0.00149964 0.00284837 -4.22235e-05 -0.0111692 -0.0148101 -0.00902318 -0.0117988 -0.0109079 -0.0155644 -0.0122863 -0.0163086 -0.0138979 -0.0152926 -0.018885
internal_weight=4232.51 1632.95 2599.56 769.119 863.833 1248.88 1350.68 418.662 600.48 908.79 414.219 660.06 605.312 465.741 303.477 176.566 588.82 441.891 224.329 316.988 210.873 211.991 263.352 558.856 416.83 217.562 488.084 342.65 352.799 204.912 282.411 145.434 172.445 171.99
internal_count=4541 1242 3299 456 786 1760 1539 290 512 1002 374 877 640 506 362 222 883 537 260 356 231 202 274 757 610 277 670 463 523 283 423 207 254 273
is_linear=0
shrinkage=0.0161547


Tree=12
num_leaves=36
num_cat=0
split_feature=23 18 23 42 42 42 44 23 42 44 13 18 21 42 0 17 52 17 44 53 44 50 21 35 44 13 21 53 50 13 47 42 50 53 21
split_gain=1280.5 237.57 206.37 76.1388 66.5545 47.7723 40.8715 26.3599 22.938 20.8796 19.6544 18.9936 16.7329 16.1368 15.8196 15.1969 16.7718 15.1009 14.907 10.4734 9.02075 8.76616 7.96954 6.2054 5.91236 5.00586 4.51216 4.18296 3.50516 2.97837 1.92674 2.86815 2.72053 1.04512 0.736222
threshold=1.469718711229022 6.5000000000000009 0.45930900554766568 2.5000000000000004 4.5000000000000009 3.5000000000000004 70.500000000000014 0.1542157711281508 3.5000000000000004 68.500000000000014 0.97379549954760813 3.5000000000000004 0.3319035158088755 1.0000000180025095e-35 0.08257839580201469 0.057008531622242516 0.8854571507991148 0.075362458679401653 74.500000000000014 0.93953718700532229 75.500000000000014 89.500000000000014 0.024901769412288062 1.0000000180025095e-35 69.500000000000014 0.32141600964616163 0.04736786873082631 0.92681474553163901 97.000000000000014 0.025481926877273065 1.0000000180025095e-35 1.0000000180025095e-35 93.500000000000014 0.90393674469901764 0.037305631624262682
decision_type=2 2 2 2 2 2 2 2 2 2 2 2 2 2 2 2 2 2 2 2 2 2 2 2 2 2 2 2 2 2 2 2 2 2 2
left_child=2 5 3 7 -3 11 19 23 15 34 -7 -2 -13 -11 18 21 -17 -18 -5 -4 -14 -8 -15 24 29 -19 27 -24 -23 33 31 -26 -33 -1 -9
right_child=1 4 6 14 -6 10 8 9 -10 13 -12 12 20 22 -16 16 17 25 -20 -21 -22 28 26 -25 30 -27 -28 -29 -30 -31 -32 32 -34 -35 -36
leaf_value=-0.015126080856258276 0.0010943539916628308 0.017896714618614015 -0.0093221014183968078 -0.0080297773117565443 0.031210874708194884 0.0095519507298143565 0.00044411231404366204 -0.015646047479431085 0.0069182711858826358 -0.012387494079647088 0.017245779945644111 0.0039984646646652883 0.0072961285800249923 -0.00121846965317399 0.0028800701135744721 -0.0041644382637019764 0.0084278037804144373 0.0035104267961305335 0.00064135764279476897 -0.0027740393897476554 0.013577400164167542 -0.006302347836080688 -0.011176865466250043 -0.0091769866080282717 -0.015271582887605568 -0.001450885568479465 -0.0045322131325119322 -0.0060428609461185487 -0.0022254356372559871 -0.012776240500888896 -0.010735226565613673 -0.013466711150919871 -0.0095309607156221828 -0.017689417998810991 -0.013199976846477278
leaf_weight=66.287257432937622 152.06183916330338 219.63074457645416 141.8374330997467 138.93347036838531 176.90324312448502 165.29407119750977 154.89228588342667 64.51734846830368 139.95372021198273 116.56654506921768 182.12456870079041 176.78491985797882 115.04989522695541 86.818201541900635 102.33768159151077 91.330926120281219 113.43786454200745 110.56393033266068 82.445425868034363 115.78596758842468 123.95662826299667 128.14616215229034 81.019360899925232 92.839862585067749 107.9926078915596 102.07253122329712 130.00856631994247 84.728252232074738 96.464674353599548 69.03374969959259 119.28618967533112 122.29898035526276 73.309921383857727 111.05377650260925 63.933985710144043
leaf_count=99 152 139 180 173 72 133 164 95 126 161 116 164 98 100 105 102 103 110 88 132 90 153 108 123 159 108 156 104 107 99 163 174 98 172 90
internal_value=0.000142192 0.0133918 -0.00583495 -0.00942825 0.0238365 0.00886673 -0.0006806 -0.0110718 0.000886417 -0.00862007 0.0135852 0.0059799 0.00776662 -0.00712529 -0.00237241 -0.000172902 0.00195427 0.00366807 -0.00480049 -0.00637915 0.0105538 -0.00251252 -0.00552195 -0.0130909 -0.0136338 0.00112883 -0.00678522 -0.00855242 -0.00455142 -0.0156231 -0.0124749 -0.0131584 -0.0119917 -0.0167313 -0.0144286
internal_weight=4219.7 1311.81 2907.9 1713.41 396.534 915.272 1194.49 1389.69 936.862 627.592 347.419 567.853 415.791 499.141 323.717 796.908 417.405 326.074 221.379 257.623 239.007 379.503 382.574 762.102 669.262 212.636 295.756 165.748 224.611 246.375 422.888 303.602 195.609 177.341 128.451
internal_count=4516 964 3552 2267 211 753 1285 1901 973 814 249 504 352 629 366 847 423 321 261 312 188 424 468 1087 964 218 368 212 260 370 594 431 272 271 185
is_linear=0
shrinkage=0.0161547


Tree=13
num_leaves=38
num_cat=0
split_feature=43 43 13 43 43 17 43 19 43 21 42 44 50 43 50 42 8 43 44 13 13 43 8 53 15 52 13 21 23 10 10 53 4 43 43 21 52
split_gain=1627.7 275.272 257.062 57.926 48.0921 42.2134 35.8041 29.9971 24.9894 18.9762 13.1354 11.8648 9.50032 9.36607 9.30597 9.14092 8.80524 7.96276 7.15601 11.629 11.1989 5.52283 5.23717 4.86182 4.28165 3.73166 3.4056 2.55302 4.35164 2.34189 2.25332 2.1083 1.75303 1.09685 0.928304 0.252546 0.207082
threshold=1.3353500000000003 0.82555000000000012 1.3443421771859139 1.6857500000000003 2.3890500000000006 0.022489426358038637 0.6856000000000001 0.10305941887090168 1.1074500000000003 0.2781962713381963 2.5000000000000004 71.500000000000014 94.500000000000014 1.0124500000000001 92.500000000000014 2.5000000000000004 0.13990995349614793 0.55795000000000006 71.500000000000014 0.16476838131086069 0.60133709043679595 0.97555000000000014 0.0023259595989002465 0.9570324344241784 0.2243035899754581 0.94893642848195381 0.01526317569668012 0.038436063830967426 0.51476788789747141 0.14381520438540316 0.22069508434525564 0.90621699291432445 0.0042826737032430643 0.75095000000000012 0.50075000000000014 0.0095549439251079154 0.9506428847742413
decision_type=2 2 2 2 2 2 2 2 2 2 2 2 2 2 2 2 2 2 2 2 2 2 2 2 2 2 2 2 2 2 2 2 2 2 2 2 2
left_child=1 6 3 7 -4 10 17 -2 18 16 13 -10 -9 22 -13 24 -5 34 23 -20 21 -21 -3 -7 26 29 -8 33 -29 35 -24 -27 -33 -28 -1 -19 -36
right_child=2 5 4 9 -6 8 15 12 11 -11 -12 14 -14 -15 -16 -17 -18 25 19 20 -22 -23 30 -25 -26 31 27 28 -30 -31 -32 32 -34 -35 36 -37 -38
leaf_value=-0.019670329702060757 -0.0017956360531628127 -0.0070593744472316044 0.019486127587057384 0.012890880524794545 0.030038212573832986 -0.0071137075452097371 -0.0083424878505962939 0.0097307037846372842 -0.002533937284886665 0.016734731099798048 -0.0021368561453341205 0.0061263523340689425 0.0039525851740441244 -0.0046289768961869796 0.00077056027874765451 -0.0050835534425264896 0.0068484635801264486 -0.017327138457887897 0.0036612509277675915 -0.0068171565349014951 0.0017172522521797079 -0.0019221298958575122 -0.013972609551012949 -0.0021017569889529137 -0.0070013096979216647 -0.010252898683987512 -0.014873882887223836 -0.0084735412851375692 -0.013619149130014935 -0.013602194896158203 -0.0098703634117389312 -0.015685440848267545 -0.011866901003735386 -0.012214117710999221 -0.017902930083223252 -0.015980194624693789 -0.016622958568125883
leaf_weight=64.740149557590485 114.76737642288208 98.910160064697266 244.88587909936905 150.44889307022095 208.85091006755829 134.67380350828171 80.427749037742615 220.38739901781082 107.83970493078232 230.86310619115829 137.86910903453827 180.62757909297943 112.00148910284042 138.99394744634628 159.36863470077515 89.124706387519836 108.20559120178223 88.181456804275513 86.651888787746429 144.44450640678406 96.172496855258942 103.0772323012352 69.735880851745605 80.824987053871155 69.600978374481201 69.469845712184906 78.537158191204071 99.617883861064911 75.324494123458862 102.31221735477448 70.042635023593903 62.243773281574249 63.267258942127228 83.464975416660309 71.290919244289398 61.77881532907486 61.394439697265625
leaf_count=107 124 125 143 113 84 165 107 178 118 147 154 165 101 164 161 106 89 138 89 173 97 112 98 91 86 96 115 132 106 148 92 94 89 117 114 94 96
internal_value=4.99418e-05 -0.00698218 0.014363 0.00952843 0.0243432 -0.0025939 -0.0127668 0.00532507 -0.000797485 0.013368 -0.00640477 0.00213501 0.00778371 -0.00796272 0.0036159 -0.00984019 0.0103631 -0.0153822 -0.00283091 -0.00162758 -0.00296099 -0.00477869 -0.00990404 -0.00523393 -0.0107107 -0.0141893 -0.0113293 -0.0120423 -0.0106891 -0.0154866 -0.011917 -0.0125108 -0.0137606 -0.0135035 -0.0180845 -0.0167722 -0.0173107
internal_weight=4220.42 2830.01 1390.41 936.674 453.737 1609.23 1220.78 447.156 1093.68 489.518 515.552 447.836 332.389 377.683 339.996 576.098 258.654 644.679 645.845 430.346 343.694 247.522 238.689 215.499 486.973 447.253 417.372 336.945 174.942 252.272 139.779 194.981 125.511 162.002 197.426 149.96 132.685
internal_count=4528 3549 979 752 227 1804 1745 403 1171 349 633 444 279 479 326 769 202 976 727 471 382 285 315 256 663 659 577 470 238 380 190 279 183 232 317 232 210
is_linear=0
shrinkage=0.0161547


Tree=14
num_leaves=37
num_cat=0
split_feature=43 43 13 43 21 23 43 42 43 44 42 23 43 2 1 21 44 50 44 51 13 21 43 4 10 42 53 53 44 13 43 4 4 52 53 43
split_gain=1609.19 337.38 195.065 68.7943 48.9686 47.6159 31.2558 15.1414 14.7599 13.1938 11.6585 14.2432 9.40382 8.67458 8.22128 14.9316 7.44748 6.37496 9.97378 6.30742 5.46035 5.32374 5.29908 4.50231 4.43837 4.08825 3.69468 3.38899 3.38122 3.68231 1.23741 1.22619 1.224 0.994123 0.533306 0.384978
threshold=1.4215500000000001 0.82895000000000019 1.6675097514231079 1.1074500000000003 0.1262204234314484 1.5115993086744344 0.57435000000000014 3.5000000000000004 1.8244000000000002 70.500000000000014 2.5000000000000004 0.16067599506292313 0.68820000000000014 0.086603388741069418 2.5000000000000004 0.22939140072312295 71.500000000000014 93.500000000000014 75.500000000000014 15.500000000000002 0.2862098573023108 0.15553801980808599 0.9638000000000001 0.17941121755444689 0.39534875959570054 1.5000000000000002 0.92818066549961431 0.95436065970146455 68.500000000000014 0.019490322374916245 0.54375000000000007 0.024980770491325192 0.0076127119191784299 0.91329427876986824 0.92562677758408352 0.49320000000000003
decision_type=2 2 2 2 2 2 2 2 2 2 2 2 2 2 2 2 2 2 2 2 2 2 2 2 2 2 2 2 2 2 2 2 2 2 2 2
left_child=1 6 5 9 16 8 30 23 26 20 11 -11 19 -12 15 -6 -5 18 -13 -8 27 28 -19 -7 33 -18 -2 -3 -14 -30 35 32 -31 -21 -35 -1
right_child=2 3 -4 4 14 7 12 -9 -10 10 13 17 21 -15 -16 -17 25 22 -20 24 -22 -23 -24 -25 -26 -27 -28 -29 29 31 -32 -33 -34 34 -36 -37
leaf_value=-0.020145030003059627 0.0065552812356233616 -0.010784816281325754 0.025832495891573361 -0.0061334785762044335 0.00766395545725363 0.013965887955855622 -0.0095947737988373808 0.017500813577146918 0.011582315975610959 -0.010247253115059026 0.0025479602288877631 -0.0053196035047135522 -0.013850831985477862 -0.0037987985051955776 0.0090159115532849263 -0.00076694954327111002 -0.0036882460360824149 -0.0090892497847109791 0.00096658109367092138 -0.016961744411304089 -0.0039302396445852336 -0.0068781306126269237 -0.0031323979784771672 0.0098207367989127173 -0.011226152730486404 0.0005514466456257172 0.0024993067103846944 -0.0066339370486923413 -0.0075083677336249665 -0.011650986057797939 -0.016647562856291466 -0.012714941520870443 -0.0090016332091218901 -0.01381697319510165 -0.015884283448884793 -0.018495071919885836
leaf_weight=56.778988301753998 119.65054988861084 117.80139315128326 345.98325651884079 100.94897395372391 127.89670938253403 143.16816490888596 77.290027022361755 247.02962684631348 117.54082304239273 102.99746912717819 118.25150179862976 125.29502958059311 95.88420033454895 107.10349172353745 142.33049643039703 95.950746595859528 92.23891407251358 78.563532650470734 138.88170266151428 107.78825736045837 76.470605313777924 91.142026543617249 77.338658809661865 130.91482931375504 71.573158740997314 166.50108057260513 114.89327162504196 90.974067807197571 85.641121864318848 107.80169343948364 83.015831053256989 105.00223475694656 78.75779789686203 64.266764998435974 66.020774006843567 105.43798345327377
leaf_count=96 107 157 161 121 113 100 107 153 89 137 121 149 139 120 119 96 104 100 148 169 88 113 87 98 100 173 110 113 112 149 130 146 105 95 101 172
internal_value=-4.95652e-05 -0.00649058 0.0155669 -0.00199021 0.00182167 0.0114994 -0.0131093 0.0146002 0.00690996 -0.00466698 -0.00354024 -0.00486365 -0.0117835 -0.000468436 0.00598027 0.0040501 -0.00241195 -0.00354366 -0.00201486 -0.0137231 -0.00762335 -0.0104533 -0.00613422 0.011986 -0.0147536 -0.000959973 0.00456843 -0.00897607 -0.011142 -0.0104534 -0.0182517 -0.0113185 -0.0105325 -0.015814 -0.0148645 -0.0190726
internal_weight=4175.13 2955.95 1219.18 1759.54 725.867 873.197 1196.4 521.113 352.085 1033.68 748.431 523.076 951.168 225.355 366.178 223.847 359.689 420.079 264.177 386.939 285.246 564.229 155.902 274.083 309.649 258.74 234.544 208.775 473.087 377.203 245.233 291.562 186.559 238.076 130.288 162.217
internal_count=4498 3680 818 1946 726 657 1734 351 306 1220 862 621 1336 241 328 209 398 484 297 572 358 764 187 198 465 277 217 270 651 512 398 400 254 365 196 268
is_linear=0
shrinkage=0.0161547


Tree=15
num_leaves=36
num_cat=0
split_feature=43 43 13 43 2 43 10 17 43 44 17 42 42 44 43 44 43 42 19 13 50 52 8 51 53 8 53 51 6 50 0 43 43 13 43
split_gain=1480.06 365.199 172.345 68.4602 40.7237 35.7878 24.4923 24.142 17.7783 16.1385 14.2632 18.2201 10.5977 13.3199 11.3868 10.4485 9.95349 9.25666 8.23765 8.86302 6.70477 6.66547 5.49609 4.85135 4.79457 3.4108 3.26195 3.09553 2.91964 2.06619 2.39306 1.8511 1.19656 0.612549 0.30688
threshold=1.4967500000000002 0.82555000000000012 0.97379549954760813 1.1074500000000003 0.69258750941925318 0.67295000000000016 0.54115547987586365 0.045988086626169829 1.7591000000000003 68.500000000000014 0.055236198606022406 2.5000000000000004 1.5000000000000002 76.500000000000014 1.3058500000000002 71.500000000000014 0.57435000000000014 2.5000000000000004 0.031643127542053735 0.10182609154067078 89.500000000000014 0.90364972717805603 0.087741734953736869 15.500000000000002 0.94288056771151185 0.024118210710665302 0.99848380054458541 18.500000000000004 1.216177502379596 88.500000000000014 0.0063205777210034132 0.93275000000000008 0.54375000000000007 0.031306618468090193 0.50075000000000014
decision_type=2 2 2 2 2 2 2 2 2 2 2 2 2 2 2 2 2 2 2 2 2 2 2 2 2 2 2 2 2 2 2 2 2 2 2
left_child=1 5 6 9 -4 16 -2 15 -8 -3 11 18 -9 14 -14 -5 32 22 31 -20 -21 -17 26 -18 27 33 29 -12 -6 -7 -31 -11 34 -25 -1
right_child=2 3 4 7 28 17 8 12 -10 10 24 -13 13 -15 -16 21 23 -19 19 20 -22 -23 -24 25 -26 -27 -28 -29 -30 30 -32 -33 -34 -35 -36
leaf_value=-0.019667162198148021 0.0040653545844979303 -0.0093905133092284966 0.016054568412963332 -0.0062517733679454358 0.023965413385517113 -0.012810573909080044 0.0071581854597772511 0.0007462625603171278 0.014406228001490518 -0.011505336626215534 0.0030213345263849886 -9.8555175972576091e-05 1.270796404965127e-05 0.0095789685800042584 0.0070760519033871228 0.0038264757042228092 -0.0099317683446050551 -0.0052532281853655107 -0.00067594592173195124 -0.0030558888348420094 -0.0092136694610278607 -0.0017969840069895489 -0.0078031107240346953 -0.01700965327060287 -0.0028346591724758377 -0.012332795927076865 -0.014637114966549297 -0.001133527800130326 0.026774018877193245 -0.0081395916645670384 -0.011524902385993178 -0.0078082158103896229 -0.016381593913545534 -0.01501500794337093 -0.018238526271906301
leaf_weight=65.829849779605865 150.22617101669312 127.72137236595154 180.24518090486526 84.728941977024078 195.47262752056122 107.29708397388458 138.90917724370956 161.60996848344803 242.49522149562836 72.470012068748474 102.09061074256897 158.38857746124268 126.17472112178802 143.10188740491867 112.82541400194168 89.668527603149414 69.883790373802185 93.488398373126984 88.108864545822144 74.911141514778137 120.17491316795349 142.30541145801544 125.22389942407608 93.036292791366577 139.4047948718071 97.582257449626923 78.258679687976837 86.403988718986511 190.95343291759491 94.978559017181396 127.8492648601532 68.986887514591217 77.907327651977539 70.723262548446655 97.146081507205963
leaf_count=112 136 166 110 102 97 155 117 160 166 100 103 171 128 116 95 89 98 113 101 87 154 155 163 148 156 141 116 93 85 127 180 88 123 108 160
internal_value=8.36718e-05 -0.00562838 0.0161972 -0.00122101 0.0223956 -0.0126079 0.00959031 0.00214899 0.0117665 -0.00401269 -0.00325867 -0.00477462 0.00421424 0.00568102 0.00334712 -0.00139662 -0.0155297 -0.00994235 -0.00651872 -0.00492851 -0.00684914 0.00037674 -0.0107639 -0.0137126 -0.00056315 -0.0147236 -0.0116718 0.00111679 0.0253533 -0.0109688 -0.0100819 -0.00970229 -0.0180284 -0.0161482 -0.0188156
internal_weight=4196.58 3098.28 1098.3 1899.08 566.671 1199.2 531.631 860.415 381.404 1038.66 910.94 583.04 543.712 382.102 239 316.703 572.109 627.096 424.652 283.195 195.086 231.974 533.607 331.226 327.899 261.342 408.384 188.495 386.426 330.125 222.828 141.457 240.883 163.76 162.976
internal_count=4519 3808 711 2064 292 1744 419 845 283 1219 1053 701 499 339 223 346 890 854 530 342 241 244 741 495 352 397 578 196 182 462 307 188 395 256 272
is_linear=0
shrinkage=0.0161547


Tree=16
num_leaves=36
num_cat=0
split_feature=43 43 13 43 43 43 43 21 13 19 28 42 19 43 43 44 17 19 53 19 15 43 15 44 21 21 13 52 43 42 6 0 43 52 0
split_gain=1452.8 277.891 247.524 65.7901 48.3742 45.8373 39.4424 25.2926 24.279 15.4089 15.5201 11.6744 11.454 10.4061 9.43477 8.08976 6.77944 7.13064 5.93393 4.70796 4.18692 3.85026 3.51004 3.46325 3.54664 5.11465 3.37441 4.07183 3.26269 2.25696 2.23398 1.10389 0.633824 0.527681 0.16902
threshold=1.3353500000000003 0.82555000000000012 1.0825968984827787 2.0324500000000003 1.1074500000000003 1.8474000000000002 0.67295000000000016 0.13717220654982765 0.47442206046138041 0.12256416566541005 1.0000000180025095e-35 2.5000000000000004 0.23333997481418259 2.1972000000000005 0.55795000000000006 71.500000000000014 0.15170688160566809 0.1522129367109166 0.96130391013822181 0.10305941887090168 0.2243035899754581 1.2337000000000002 0.035580660415430836 69.500000000000014 0.0088805338988521242 0.038436063830967426 0.0055497738951853217 0.96487877779348297 0.9638000000000001 2.5000000000000004 0.27141972077331272 0.067968884968567359 0.49320000000000003 0.91132701556953777 0.0073995384041206048
decision_type=2 2 2 2 2 2 2 2 2 2 2 2 2 2 2 2 2 2 2 2 2 2 2 2 2 2 2 2 2 2 2 2 2 2 2
left_child=1 6 5 -4 9 8 14 15 19 10 18 20 -9 -7 32 -6 17 -11 22 -2 23 -17 -3 33 -25 -26 -16 31 -24 30 -19 -28 -1 -8 -34
right_child=2 4 3 -5 7 13 11 12 -10 16 -12 -13 -14 -15 26 21 -18 29 -20 -21 -22 -23 28 24 25 -27 27 -29 -30 -31 -32 -33 34 -35 -36
leaf_value=-0.020013368469420284 9.025170632355291e-05 -0.010919978568291163 0.015367613281443943 0.026311127987381343 -0.0058279676885285179 0.010133106618217286 -0.014467624499978949 0.0092609953052430298 0.0093129861119962513 0.0008088269088990757 -0.00096265986106441827 -0.004647911200200262 0.0024997630782045105 0.016450952834580191 -0.0171563522261311 -0.0018100861747647515 0.0016769167420084667 -0.0076519654501402213 -0.0047031865578927605 0.0040051314797111357 -0.0069215604594611273 0.0025769188724998507 -0.0090999501797879856 -0.0074839087742478551 -0.013946756640084103 -0.0091819983147125098 -0.015780666916507622 -0.010727947519383059 -0.0049971413526811405 -0.0023926412848786832 -0.0037763174421144964 -0.013361035716063355 -0.017458354303115493 -0.012445572845396076 -0.01861862080863937
leaf_weight=54.643876671791077 140.66040140390396 112.28673833608627 252.16110074520111 332.28655922412872 89.612644910812378 139.38443261384964 63.808187067508698 102.57560056447983 214.72486025094986 87.273765444755554 124.42605304718018 99.816413640975952 180.36637026071548 132.91841471195221 76.371878325939178 130.98320031166077 100.14859533309937 78.411999881267548 147.5885261297226 186.40441954135895 67.573139786720276 86.813668489456177 120.27327001094818 84.825731635093689 107.14911490678787 130.28024405241013 110.03532963991165 101.90672266483307 87.300147414207458 79.941506147384644 76.860000669956207 89.013307154178619 77.402384996414185 71.335141360759735 56.818057239055634
leaf_count=95 146 152 159 145 108 104 96 88 168 94 140 120 172 84 123 143 102 96 179 169 85 87 158 114 158 177 173 146 104 88 88 132 128 104 95
internal_value=0.000125703 -0.00659863 0.0135684 0.0215895 -0.00221117 0.00780996 -0.0125108 0.00146554 0.00509238 -0.00435068 -0.00603306 -0.00971218 0.00495093 0.013217 -0.0155991 -0.00174243 -0.00199461 -0.00313481 -0.00738271 0.00232146 -0.0106751 -6.14293e-05 -0.00861908 -0.0112296 -0.0103193 -0.0113323 -0.0141237 -0.0133541 -0.00737441 -0.00459806 -0.00573351 -0.0146986 -0.0185466 -0.0134003 -0.0179495
internal_weight=4194.38 2795.84 1398.54 584.448 1604.86 814.093 1190.98 590.351 541.79 1014.51 591.875 624.788 282.942 272.303 566.192 307.41 422.636 322.487 467.449 327.065 524.972 217.797 319.86 457.398 322.255 237.429 377.327 300.955 207.573 235.214 155.272 199.049 188.864 135.143 134.22
internal_count=4520 3545 975 304 1799 671 1746 598 483 1201 733 854 260 188 892 338 468 366 593 315 734 230 414 649 449 335 574 451 262 272 184 305 318 200 223
is_linear=0
shrinkage=0.0161547


Tree=17
num_leaves=38
num_cat=0
split_feature=43 43 19 2 43 43 17 43 44 43 19 43 42 6 44 2 43 50 50 17 0 51 50 50 19 15 2 4 50 51 43 14 21 13 43 50 13
split_gain=1388.9 260.077 223.897 63.9661 40.0902 37.423 37.4177 24.9464 20.8419 15.8708 15.2532 12.2662 11.7631 11.3487 11.3297 14.6119 9.28833 7.63612 9.42208 6.732 6.21194 5.77049 4.27829 7.19174 3.87192 3.78747 3.65984 2.8371 2.13443 3.5454 2.17848 1.71621 1.3838 1.13277 0.816226 0.489808 0.17512
threshold=1.3199000000000003 0.82555000000000012 0.42494553034057375 1.0980486479259108 1.8244000000000002 0.68820000000000014 0.037206134241239634 1.9938000000000002 71.500000000000014 0.97555000000000014 0.10305941887090168 0.94370000000000009 2.5000000000000004 0.20243183077136254 71.500000000000014 0.018050522329148975 0.55795000000000006 93.500000000000014 88.500000000000014 0.11626708842528705 0.073531076726805047 14.500000000000002 92.500000000000014 85.000000000000014 0.076847146048397416 0.2243035899754581 0.10466599822828866 0.056551061875605123 95.500000000000014 18.500000000000004 0.76450000000000007 1.5000000000000002 0.0123109368068303 0.060337482541778627 0.50075000000000014 87.500000000000014 0.015873675790423532
decision_type=2 2 2 2 2 2 2 2 2 2 2 2 2 2 2 2 2 2 2 2 2 2 2 2 2 2 2 2 2 2 2 2 2 2 2 2 2
left_child=1 5 4 7 10 16 11 -4 19 -10 -2 22 25 -12 20 -16 34 18 -11 27 -13 -18 23 -3 -17 28 32 -8 30 -30 31 -7 35 -34 -1 -23 -36
right_child=2 6 3 -5 -6 12 8 -9 9 17 13 14 -14 -15 15 24 21 -19 -20 -21 -22 26 -24 -25 -26 -27 -28 -29 29 -31 -32 -33 33 -35 36 -37 -38
leaf_value=-0.019570071046947291 -0.00066916212199328749 -0.0096479259652306193 0.011564378935059268 0.024979799526951684 0.012129879367138951 -0.014849081819157213 -0.0034788188436150704 0.019181812507797484 -0.0026835933706914339 0.0023902318106663804 0.0082529581176859507 -0.0098640607492170816 -0.0041668253872830371 0.0020471887336089532 0.0030225698647322221 -0.0068201053512805011 -0.0091573154525690717 0.00064143627924480111 0.0085711819291269479 -4.8821098544603744e-05 -0.003373325571137363 -0.01744697450674542 -0.010047130058617435 -0.0027069154575145972 -0.0020064490722273721 -0.0068631633479468998 -0.011043501024292144 -0.0076844076191960684 -0.0066521884379193456 -0.011888573588276675 -0.0099859779013279082 -0.011482789462982597 -0.012498764489004459 -0.015307259880641064 -0.017918637039996285 -0.015584177149271504 -0.016698764859501766
leaf_weight=61.731634438037872 145.87984019517899 72.958978235721588 227.6274202466011 297.35018932819366 212.54253876209259 70.801311910152435 78.705164194107056 221.25914800167084 158.46497404575348 151.4939888715744 183.14960837364197 82.881217896938324 97.214566588401794 132.57192820310593 115.42169910669327 86.263871669769287 61.737887620925903 172.19614136219025 111.90680879354477 81.096337854862213 71.829413712024689 59.472528100013733 114.83950936794281 83.591840326786041 88.192776322364807 69.71193265914917 66.412968993186951 89.426569819450378 67.048717319965363 67.934421062469482 106.14178717136383 89.471616744995117 64.295772850513458 89.861341297626495 59.914350032806396 96.790708899497986 63.011227250099182
leaf_count=108 154 97 159 137 152 107 92 119 179 148 152 110 116 123 120 105 87 174 98 85 85 97 155 100 98 88 95 110 89 97 148 129 97 139 101 154 104
internal_value=9.95636e-05 -0.0065989 0.0130723 0.0191685 0.0063242 -0.0122812 -0.00225665 0.0153191 4.92431e-05 0.00169423 0.003651 -0.00497256 -0.00928314 0.00564715 -0.00332051 -0.00143651 -0.0150151 0.00328683 0.00501623 -0.00387176 -0.00685053 -0.0137354 -0.00767893 -0.00594171 -0.00438667 -0.0103389 -0.0144854 -0.0057157 -0.0109425 -0.00928756 -0.0117811 -0.0129699 -0.0152218 -0.0141359 -0.0180545 -0.0162931 -0.0172933
internal_weight=4171.2 2750.82 1420.38 746.237 674.144 1191.55 1559.27 448.887 843.29 594.062 461.601 715.979 568.324 315.722 444.589 289.878 623.228 435.597 263.401 249.228 154.711 438.571 271.39 156.551 174.457 471.11 376.833 168.132 401.398 134.983 266.415 160.273 310.42 154.157 184.657 156.263 122.926
internal_count=4508 3512 996 415 581 1756 1756 278 886 599 429 870 774 275 518 323 982 420 246 287 195 669 352 197 203 658 582 202 570 186 384 236 487 236 313 251 205
is_linear=0
shrinkage=0.0161547


Tree=18
num_leaves=38
num_cat=0
split_feature=43 43 43 2 15 17 44 43 43 44 44 43 15 51 43 43 0 5 42 51 53 42 51 21 15 42 13 23 44 21 43 0 23 8 43 13 53
split_gain=1331.25 244.051 221.311 66.8453 59.0513 31.2125 30.991 29.4958 26.1986 19.5454 16.8566 14.9147 13.2752 12.3631 9.64297 9.23416 9.19174 12.7235 9.01464 8.5748 6.97036 6.65759 6.07896 5.53702 3.78847 3.64066 3.32801 2.94962 2.79926 2.51349 2.0884 1.84574 1.53912 0.925764 0.893247 0.208827 0.197615
threshold=1.2661500000000003 0.81235000000000013 2.0324500000000003 1.0980486479259108 0.93967961015045043 0.045988086626169829 71.500000000000014 0.67295000000000016 0.97555000000000014 72.500000000000014 80.500000000000014 1.7233000000000003 0.10346822988751085 18.500000000000004 0.9043500000000001 0.55795000000000006 0.18080931965490157 2.5000000000000004 2.5000000000000004 19.500000000000004 0.93757315545435072 2.5000000000000004 15.500000000000002 0.13044900522476713 0.2021627663980273 2.5000000000000004 0.031306618468090193 0.025354997934557862 75.500000000000014 0.039915661160627537 0.72460000000000013 0.083603575874534028 0.49085286233079523 0.030737037022073397 0.49320000000000003 0.015873675790423532 0.92218761480424283
decision_type=2 2 2 2 2 2 2 2 2 2 2 2 2 2 2 2 2 2 2 2 2 2 2 2 2 2 2 2 2 2 2 2 2 2 2 2 2
left_child=1 7 3 5 -4 19 12 15 13 -10 21 16 25 14 -8 34 -7 -18 24 -2 -14 23 -17 -11 27 31 36 -9 -15 30 -29 -3 -31 -28 -1 -36 -24
right_child=2 6 4 -5 -6 11 8 18 9 10 -12 -13 20 28 -16 22 17 -19 -20 -21 -22 -23 26 -25 -26 -27 33 29 -30 32 -32 -33 -34 -35 35 -37 -38
leaf_value=-0.019909427189060174 -0.0016914156873612737 -0.010831876545379416 0.015563678434068627 0.018287659777804794 0.026630469085115471 0.010173860499007526 -0.0048608437180191243 -0.008696860737810664 0.0078944730115917561 -0.0053660072900074979 0.0052992009749799809 0.011577218631687647 -0.0057591910268629445 -0.0091839309297777078 0.0019727787343986028 -0.0098478690055326772 0.0018439827482423959 0.00810040735461625 -0.0051407184798688598 0.0043538912637342457 -0.00032264327118256935 0.00095624358332088938 -0.016341365411107891 -0.00030205179165523931 -0.0072639412715668795 -0.005304669114196749 -0.014684896732548476 -0.015584722272269454 -0.005328766491293423 -0.0089871614011312641 -0.012026056499940504 -0.0075220777400841652 -0.012260654199086783 -0.012369736527100408 -0.018102386790541245 -0.016822567843793528 -0.017687667562970844
leaf_weight=53.143405616283417 128.21554613113403 121.2779688835144 270.2274284362793 135.32379180192947 235.48027211427689 119.70933270454407 108.48089677095413 83.722679197788239 94.234996378421783 146.41173774003983 115.06188863515854 203.73369866609573 133.28399509191513 88.842814862728119 107.0877793431282 81.83873188495636 169.92562109231949 169.39694482088089 85.220395863056183 117.21013903617859 114.35159093141556 146.92187923192978 59.44267350435257 91.607565224170685 66.7460977435112 69.196233153343201 85.317672431468964 68.644390285015106 110.02851831912994 79.120989382266998 115.36448276042938 68.980887413024902 71.23036527633667 95.563176929950714 63.584439694881439 69.795336246490479 54.578144729137421
leaf_count=95 136 168 167 78 97 95 133 117 86 173 109 143 161 115 114 118 157 136 104 111 125 149 97 94 86 84 134 107 134 110 169 89 103 142 109 117 91
internal_value=5.04787e-05 -0.00690619 0.011946 0.00769544 0.0207169 0.00611716 -0.00266634 -0.0125769 -0.00102852 0.00114575 -0.000126174 0.00793961 -0.00592421 -0.00414605 -0.00146611 -0.0151987 0.00632512 0.00496732 -0.00998623 0.0011957 -0.00324874 -0.00174786 -0.0137433 -0.00341702 -0.0108379 -0.00847781 -0.0148243 -0.0114085 -0.007051 -0.0120875 -0.0133536 -0.00963186 -0.010538 -0.0134617 -0.0181383 -0.0174327 -0.0169858
internal_weight=4198.3 2649.08 1549.22 1043.52 505.708 908.191 1515.77 1133.31 1008.68 594.238 500.003 662.766 507.091 414.44 215.569 563.264 459.032 339.323 570.049 245.426 247.636 384.941 376.74 238.019 484.829 259.455 294.902 418.083 198.871 334.36 184.009 190.259 150.351 180.881 186.523 133.38 114.021
internal_count=4553 3433 1120 856 264 778 1734 1699 1107 611 525 531 627 496 247 903 388 293 796 247 286 416 582 267 692 341 464 606 249 489 276 257 213 276 321 226 188
is_linear=0
shrinkage=0.0161547


Tree=19
num_leaves=40
num_cat=0
split_feature=43 43 43 19 19 43 43 17 51 8 52 43 43 50 43 13 15 17 19 44 3 3 51 52 44 0 13 8 15 15 0 10 51 44 52 43 15 23 13
split_gain=1419.9 241.895 209.015 82.5984 34.242 30.3018 27.4055 21.8093 14.3488 12.82 11.6434 11.4365 10.8589 10.999 8.94301 7.93434 7.99686 11.2304 7.20013 6.39154 5.33737 6.25493 4.32666 3.9613 3.91002 3.6581 3.46774 3.87243 2.68633 2.0748 1.9458 1.93414 1.82569 1.31086 1.2525 0.661922 0.517255 0.492427 0.281007
threshold=1.2661500000000003 2.3078500000000006 0.81235000000000013 0.42494553034057375 0.13631945524967976 0.6856000000000001 1.5726000000000002 0.045988086626169829 19.500000000000004 0.26946800075379757 0.90075562754280647 1.0663000000000002 0.94370000000000009 92.500000000000014 0.55795000000000006 0.047161658241427783 0.054662678449083145 0.047821679867780985 0.78070307837369646 74.500000000000014 2.5000000000000004 1.5000000000000002 17.500000000000004 0.9506428847742413 69.500000000000014 0.13992753481697745 0.021948282264261331 0.044908721098179068 0.24326046529252573 0.056707520218346109 0.25671726743912454 0.14381520438540316 17.500000000000004 72.500000000000014 0.93506636712040014 0.50075000000000014 0.0074856831206684205 0.24108311689449094 0.015873675790423532
decision_type=2 2 2 2 2 2 2 2 2 2 2 2 2 2 2 2 2 2 2 2 2 2 2 2 2 2 2 2 2 2 2 2 2 2 2 2 2 2 2
left_child=2 3 5 7 12 14 -5 8 -2 10 -9 22 13 19 35 -14 -17 25 -8 37 21 -13 -6 31 34 -18 -26 29 -24 -28 -29 36 -25 -15 -7 -1 -16 -4 -37
right_child=1 -3 4 6 11 24 18 9 -10 -11 -12 20 15 33 23 16 17 -19 -20 -21 -22 -23 28 32 26 -27 27 30 -30 -31 -32 -33 -34 -35 -36 38 -38 -39 -40
leaf_value=-0.019383103060267207 -0.0019127960659271253 0.023391123744378538 -0.0063830327108954634 0.0079348757389185419 -0.00039749790083470817 -0.013395049488721705 0.013852893136659633 0.0047879088533291612 0.005485903434450194 0.0031891775892756592 0.011175465026622731 0.0033333096439077999 -0.0075454158010196185 -0.0094136209976416162 -0.017354655976488033 0.0011721834366049992 -0.0044094305743721312 0.00071616097753050487 0.018617369488016164 -0.0014505034296939253 0.0050325776617560396 -0.0023312219547892391 -0.0061820523886486761 -0.010023908615314419 -0.0056870125461817404 -0.0089734484633822685 -0.013186981591134779 -0.0057373456595162719 -0.0023992601439866666 -0.0093774564886848141 -0.009572004655536509 -0.013277100307505094 -0.013313898021581519 -0.012471998455616877 -0.010365142630531692 -0.018178987253919393 -0.015435490890436471 -0.0083010604949946849 -0.016612382292281364
leaf_weight=62.31230354309082 145.03301048278809 374.27867722511292 72.374444305896759 144.58272647857666 142.66014289855957 74.809709012508392 157.21580898761749 112.3384822010994 129.477374792099 139.46266484260559 220.95936131477356 96.355681240558624 118.69373190402985 69.841098308563232 62.610273599624634 99.443352520465851 105.32853364944458 84.086520612239838 174.82519751787186 74.477566957473755 91.804423391819 107.77814298868179 88.445238173007965 75.213830828666687 74.389869630336761 81.134629189968109 79.479349613189697 69.284319758415222 109.83303242921829 70.322802364826202 68.8519007563591 93.74929004907608 106.13255280256271 76.783242881298065 67.94244396686554 55.254902422428131 88.393759310245514 67.523947954177856 65.070381820201874
leaf_count=112 153 174 94 110 155 112 101 98 119 123 171 94 151 95 105 108 125 88 95 87 85 115 108 109 98 102 118 91 122 97 92 143 164 108 97 96 143 88 110
internal_value=4.24401e-05 0.012026 -0.00732253 0.00855038 -0.00335807 -0.0126137 0.0138053 0.00519871 0.00157692 0.00730171 0.00902253 -0.000526094 -0.00548075 -0.00760558 -0.0150409 -0.0039111 -0.00274522 -0.0041851 0.0163615 -0.00527353 0.00179747 0.000342562 -0.00254298 -0.0137589 -0.0096885 -0.00639535 -0.00879632 -0.00959963 -0.00408664 -0.0113986 -0.00764867 -0.0150997 -0.0119494 -0.0110152 -0.011953 -0.0180317 -0.0162312 -0.0073088 -0.0173318
internal_weight=4198.55 1598.17 2600.38 1223.89 1486.56 1113.82 476.624 747.271 274.51 472.761 333.298 636.877 849.687 361 608.737 488.687 369.993 270.55 332.041 214.376 295.938 204.134 340.938 426.1 505.08 186.463 362.328 287.938 198.278 149.802 138.136 244.753 181.346 146.624 142.752 182.638 151.004 139.898 120.325
internal_count=4556 1144 3412 970 1725 1687 306 664 272 392 269 679 1046 472 982 574 423 315 196 269 294 209 385 664 705 227 496 398 230 215 183 391 273 203 209 318 248 182 206
is_linear=0
shrinkage=0.0161547


Tree=20
num_leaves=38
num_cat=0
split_feature=43 43 23 43 43 15 42 21 42 17 43 43 28 42 50 43 13 1 15 51 51 53 53 53 51 53 4 50 0 0 52 6 13 21 43 52 43
split_gain=1316.66 276.808 144.453 49.9881 38.4409 38.3518 38.151 25.0248 15.9384 15.4394 12.7791 10.0606 9.42897 9.15014 8.0368 10.8286 7.4742 14.4651 7.14757 6.46482 17.1366 6.14007 4.72307 4.61908 4.44203 4.18767 4.09838 3.75503 3.21305 3.04935 3.17683 2.63486 2.56583 2.08526 1.23293 0.768537 0.515704
threshold=1.4083000000000003 0.81235000000000013 3.8977077980185957 1.1074500000000003 0.6856000000000001 0.26564286367673012 4.5000000000000009 0.1262204234314484 3.5000000000000004 0.01908329555042038 1.6616000000000002 0.57435000000000014 1.0000000180025095e-35 2.5000000000000004 93.500000000000014 0.91350000000000009 0.39309643242248954 2.5000000000000004 0.44425731494740478 17.500000000000004 15.500000000000002 0.91733545063656108 0.93700965917191315 1.0236856744094631 15.500000000000002 0.89994874383492929 0.013476082415820477 88.500000000000014 0.19894143584633608 0.0063205777210034132 0.9506428847742413 0.11121715537621939 0.18116745956879596 0.015967911565552665 0.54375000000000007 0.91329427876986824 0.49320000000000003
decision_type=2 2 2 2 2 2 2 2 2 2 2 2 2 2 2 2 2 2 2 2 2 2 2 2 2 2 2 2 2 2 2 2 2 2 2 2 2
left_child=1 4 5 9 11 10 -4 25 18 12 -2 34 22 23 19 -16 -9 -18 -7 20 -11 -21 33 27 -13 -5 35 -6 -23 -29 -31 -17 -27 -3 36 -26 -1
right_child=2 3 6 7 13 8 -8 16 -10 14 -12 24 -14 -15 15 31 17 -19 -20 21 -22 28 -24 -25 26 32 -28 29 -30 30 -32 -33 -34 -35 -36 -37 -38
leaf_value=-0.019844918603226357 0.0022669317199486626 -0.011953800741397501 0.016662872664854032 0.00077956076583537461 -0.011525040696408423 0.012740001608249101 0.026303392462804623 0.0078591487499009762 0.015859508878760746 -0.0038692763920667376 0.0087096398338767714 -0.0099263240111598598 -0.0016056282552257971 -0.003843336743010177 -0.009746362207455183 -0.00069525832256500534 -0.0005796288383262371 0.0071746640303021027 0.0073317250388949401 -0.006564605839341096 0.005839026143091835 -0.0036900964625709927 -0.0058223478211487682 -0.013844099783287479 -0.016848058027534366 -0.0043192227442767489 -0.011617861628482551 -0.0053882833905519994 0.00066630864131557476 -0.01103548629810504 -0.0064943816343250227 -0.0046412719052694685 -0.00088535480723993406 -0.0082938018806894397 -0.016003062851188257 -0.014760987981853019 -0.017845075980306914
leaf_weight=50.042070865631104 151.3570294380188 74.888821184635162 209.20271837711334 118.16475868225098 119.7353949546814 128.04385638237 219.56021010875702 109.26407873630524 237.86297959089279 98.720933198928833 171.25150346755981 77.980013906955719 71.516445696353912 77.151154458522797 85.525156259536743 85.008724689483643 143.63367861509323 111.53320038318634 127.05328226089478 89.030683219432831 91.363507628440857 82.823268115520477 127.61424231529236 65.236741244792938 82.690203607082367 141.85172790288925 98.881566643714905 77.646192669868469 94.706019937992096 102.64349961280823 66.090803623199463 91.904316902160645 94.700309216976166 88.793744683265686 77.92462944984436 103.90461665391922 102.74346494674683
leaf_count=92 145 106 115 125 176 91 90 95 146 115 134 114 83 93 114 94 143 94 95 109 90 97 162 99 139 165 148 103 102 148 89 106 100 117 130 167 180
internal_value=0.000104811 -0.00585326 0.0140083 -0.00195049 -0.0122278 0.0100174 0.0215996 0.00135058 0.0128513 -0.00414474 0.00568694 -0.0150182 -0.00686162 -0.00896736 -0.00277394 -0.00502676 0.00432368 0.00280977 0.0100464 -0.00147922 0.00079699 -0.00310239 -0.00815202 -0.00988384 -0.0133434 -0.00170394 -0.0142768 -0.00917817 -0.0013661 -0.00803765 -0.0092568 -0.00274517 -0.00294452 -0.00996834 -0.0176567 -0.0156859 -0.0185001
internal_weight=4148.05 2903.71 1244.33 1801.04 1102.67 815.569 428.763 719.148 492.96 1081.9 322.609 594.167 362.813 508.504 719.083 262.438 364.431 255.167 255.097 456.644 190.084 266.56 291.297 431.353 363.456 354.717 285.476 366.116 177.529 246.38 168.734 176.913 236.552 163.683 230.71 186.595 152.786
internal_count=4511 3695 816 2017 1678 611 205 722 332 1295 279 970 468 708 827 314 332 237 186 513 205 308 385 615 568 390 454 516 199 340 237 200 265 223 402 306 272
is_linear=0
shrinkage=0.0161547


Tree=21
num_leaves=39
num_cat=0
split_feature=43 19 43 43 43 14 43 19 43 21 28 43 42 43 43 50 19 17 52 15 0 47 4 15 6 17 17 21 52 50 43 43 21 21 43 43 52 19
split_gain=1203.2 269.697 196.925 73.7134 34.7551 29.462 27.1024 26.183 17.1366 16.8138 14.7033 10.7335 10.6114 10.1952 9.22351 8.86305 8.71444 7.31215 5.88733 5.86094 7.27164 6.21391 5.76462 5.36065 4.45764 3.41236 2.49279 2.31275 2.30387 6.72721 2.29481 2.0713 1.44421 1.23568 1.17751 0.851016 0.352057 0.0236806
threshold=1.2181000000000002 0.42494553034057375 0.82555000000000012 2.7357000000000005 0.6856000000000001 6.5000000000000009 0.91350000000000009 0.1049482110754114 1.9613000000000003 0.13525572614554038 1.0000000180025095e-35 1.8704500000000002 2.5000000000000004 1.1201000000000001 0.55795000000000006 92.500000000000014 0.1547410387370558 0.13595155597943823 0.94893642848195381 0.073887813976713318 0.10105757879349291 1.0000000180025095e-35 0.031484918596005988 0.2243035899754581 0.015388653665163775 0.075362458679401653 0.14854517866437228 0.012943314594630807 0.89887477047811071 94.500000000000014 0.86675000000000013 1.0183000000000002 0.016767218534837283 0.034060512609522774 0.76775000000000015 0.49320000000000003 0.90938961438577992 0.0041468203974605183
decision_type=2 2 2 2 2 2 2 2 2 2 2 2 2 2 2 2 2 2 2 2 2 2 2 2 2 2 2 2 2 2 2 2 2 2 2 2 2 2
left_child=2 7 4 5 14 8 15 24 -3 10 19 16 23 26 35 22 -9 25 32 21 -21 31 -4 28 -2 -18 -11 -20 33 34 -17 -8 37 -6 -30 -1 -37 -16
right_child=1 3 6 -5 12 -7 9 11 -10 13 -12 -13 -14 -15 18 30 17 -19 27 20 -22 -23 -24 -25 -26 -27 -28 -29 29 -31 -32 -33 -34 -35 -36 36 -38 -39
leaf_value=-0.019595902965480947 0.0028248183695874737 0.0093255978367037494 -0.006632548377866916 0.026411420406622348 -0.014027766585807839 0.019268134450307235 -0.010154650078188132 0.0088642245953193324 0.016432565209869403 -0.0020585082575839079 0.001473519446593516 0.0099458736785467423 -0.0041059300775107147 0.0049563045577415499 -0.016804627048168284 -0.0077687980652110869 0.0040404579158583951 0.0071547458225630122 -0.0134069339215061 0.00077557069669504373 -0.0049973117869608246 -0.0024469909636432481 -0.0010026485340475994 -0.0058652156577341926 -0.0015581599219806649 0.00013692548700123844 0.001376721853232378 -0.0096518891805661196 -0.012810744113880706 -0.0062232975753254201 -0.011870541061101183 -0.0064650356471027872 -0.013957971584293623 -0.010988769400512913 -0.010105006069539828 -0.018175370801877845 -0.016488331406136512 -0.016330038449597954
leaf_weight=52.700434744358063 96.151051461696625 240.01902312040329 137.91037744283676 182.43628180027008 73.341119349002838 230.3639132976532 73.595892071723938 112.32440286874771 140.29955780506134 147.37649774551392 135.93755489587784 149.91895776987076 88.196984529495239 123.57849204540253 53.832555830478668 68.145006895065308 115.88107454776764 107.96759742498398 75.537855863571167 92.145261704921722 149.05826282501221 71.954600691795349 72.372815608978271 63.739619374275208 163.58499544858932 117.91162937879562 88.073095917701721 98.783252596855164 110.62875062227249 83.305988609790802 74.527118563652039 86.236694157123566 112.44246250391006 66.649562060832977 67.638570845127106 54.305585384368896 79.600932776927948 55.961638569831848
leaf_count=98 96 173 178 72 113 120 100 94 78 163 145 107 107 114 92 90 105 89 120 100 176 85 82 81 172 111 89 145 168 113 104 107 178 97 97 97 138 94
internal_value=-4.04798e-05 0.0105991 -0.0072135 0.0174008 -0.0121432 0.0147089 -0.00297146 0.00435351 0.0119474 -0.00157413 -0.00320901 0.00619795 -0.00924362 0.00119871 -0.0148952 -0.00680353 0.00496054 0.00367754 -0.0135015 -0.00455477 -0.00279194 -0.00638921 -0.00469492 -0.0102175 6.43641e-05 0.00207174 -0.000773514 -0.011279 -0.0109083 -0.0100131 -0.00991141 -0.00816394 -0.0152448 -0.0125809 -0.0117841 -0.0178569 -0.0171725 -0.0165627
internal_weight=4114.44 1656.86 2457.58 793.119 1136.67 610.682 1320.91 863.74 380.319 967.956 608.928 604.004 553.501 359.028 583.165 352.955 454.085 341.76 396.558 472.991 241.204 231.787 210.283 465.304 259.736 233.793 235.45 174.321 401.564 261.573 142.672 159.833 222.237 139.991 178.267 186.607 133.907 109.794
internal_count=4488 1217 3271 443 1738 371 1533 774 251 1079 713 506 776 366 962 454 399 305 629 568 276 292 260 669 268 216 252 265 588 378 194 207 364 210 265 333 235 186
is_linear=0
shrinkage=0.0161547


Tree=22
num_leaves=39
num_cat=0
split_feature=43 43 43 19 19 43 21 42 43 14 43 42 4 19 43 13 42 6 43 53 17 51 21 8 2 17 4 53 50 19 51 52 52 50 43 52 21 42
split_gain=1165.35 215.975 197.083 83.723 48.7143 31.7476 26.5294 25.9609 21.1132 19.9159 15.4779 13.0385 13.6459 11.8096 10.7104 10.6415 9.04579 8.88956 6.46074 8.89048 6.3964 6.44482 5.29197 5.11016 4.11166 5.62725 3.55948 3.45643 3.22467 3.15996 3.00419 2.7034 1.22224 1.0886 0.785352 0.776291 0.409279 0.184892
threshold=1.2181000000000002 1.9938000000000002 0.81235000000000013 1.195432795076506 0.42494553034057375 0.68820000000000014 0.13717220654982765 3.5000000000000004 1.7233000000000003 6.5000000000000009 1.1074500000000003 2.5000000000000004 0.014305748244729933 0.101805498143596 0.55795000000000006 0.048956222180666926 2.5000000000000004 0.1225571898374202 0.94370000000000009 0.93953718700532229 0.13335935392831597 17.500000000000004 0.21942028779404524 0.066098998744058085 0.11305338709651745 0.02470643053278614 0.019182435421178864 0.87214099586247185 90.500000000000014 0.075426188835405514 19.500000000000004 0.89894760290174602 0.90487736723273982 95.500000000000014 0.49320000000000003 1.0101644682439328 0.0123109368068303 1.0000000180025095e-35
decision_type=2 2 2 2 2 2 2 2 2 2 2 2 2 2 2 2 2 2 2 2 2 2 2 2 2 2 2 2 2 2 2 2 2 2 2 2 2 2
left_child=2 4 5 7 8 14 11 -3 13 -6 20 15 -13 26 34 30 28 -15 19 -17 21 -8 -19 27 25 -20 -2 -16 29 -7 -4 -30 36 -33 -1 -34 -29 -36
right_child=1 3 6 -5 9 16 10 -9 -10 -11 -12 12 -14 17 23 18 -18 22 24 -21 -22 -23 -24 -25 -26 -27 -28 32 31 -31 -32 33 35 -35 37 -37 -38 -39
leaf_value=-0.019639591105597456 0.0012697851384153003 0.0092956391596811204 -0.011283170931165203 0.027832211385863809 0.008255630325576099 -0.013303887639394356 -0.00023875190917988163 0.017947689080149598 0.0096997115959603069 0.015992370637128637 0.0042165689390058101 0.0021499794669707591 -0.0055124575716567351 0.0076823641085730634 -0.010588920467804262 -0.0095680161729690457 -0.0042136554582865929 0.0044061743911697265 0.0012088562514280445 -0.0029098893694642909 0.00090712944390510778 -0.0061858052141834661 -0.00029755359905791958 -0.0094879128528434671 -0.0056441117647702569 -0.0043799177995823071 -0.0029505663644121658 -0.017043548023713547 -0.01116079602792952 -0.0089250375935425487 -0.0068556750250757803 -0.0088734313598113086 -0.013160058163583793 -0.0060632227581754556 -0.017949893914235297 -0.015414307876629629 -0.015123575519684634 -0.016734840807669824
leaf_weight=50.326516389846802 134.36120843887329 156.42135775089264 94.055555522441864 175.90787136554718 243.97513282299042 116.89605575799942 79.663873076438904 214.78093844652176 134.59104150533676 134.81399518251419 155.85365337133408 128.95845264196396 114.51793342828751 134.24450689554214 61.157608270645142 125.63078081607819 81.309890151023865 160.00598967075348 91.038082540035248 89.713212549686432 122.67754083871841 117.99297219514847 102.34933519363403 77.163717091083527 106.93599194288254 97.236890375614166 85.241717040538788 58.967404663562775 81.783374190330505 68.044282495975494 69.585206806659698 72.686343550682068 112.4234966635704 71.224795043468475 58.359734952449799 61.773562967777252 56.968445837497711 74.286010324954987
leaf_count=95 140 108 133 65 178 181 87 115 102 78 145 137 136 113 94 172 99 145 101 110 127 143 97 113 128 115 94 102 120 96 92 103 179 96 105 101 94 131
internal_value=-9.62255e-05 0.0103211 -0.00709067 0.0186521 0.00628607 -0.0121915 -0.00305286 0.0143018 0.00390316 0.0110092 4.10566e-05 -0.00465831 -0.00145401 0.00263708 -0.0146495 -0.0058155 -0.00913655 0.00430125 -0.00466647 -0.00679421 -0.00199047 -0.0037889 0.00257117 -0.0132523 -0.00311437 -0.00167753 -0.000368399 -0.0140791 -0.0101113 -0.0116928 -0.00940046 -0.00881544 -0.0148149 -0.0074826 -0.0179213 -0.0139595 -0.0161001 -0.0172694
internal_weight=4173.92 1676.69 2497.23 547.11 1129.58 1103.37 1393.86 371.202 750.794 378.789 476.188 917.672 243.476 616.203 611.426 674.196 491.945 396.6 510.555 215.344 320.334 197.657 262.355 428.454 295.211 188.275 219.603 351.291 410.635 184.94 163.641 225.695 290.133 143.911 182.972 174.197 115.936 132.646
internal_count=4570 1235 3335 288 947 1709 1626 223 691 256 502 1124 273 589 1014 851 695 355 626 282 357 230 242 683 344 216 234 570 596 277 225 319 476 199 331 280 196 236
is_linear=0
shrinkage=0.0161547


Tree=23
num_leaves=37
num_cat=0
split_feature=43 43 19 43 43 43 44 2 17 42 42 17 43 15 44 43 44 43 21 19 13 0 2 10 43 0 8 14 52 52 43 0 44 43 21 43
split_gain=1153.01 224.36 173.244 62.7464 57.2497 28.0907 25.0967 22.3538 18.4943 15.9524 15.9236 13.873 10.8691 10.0852 9.58415 8.54579 6.19394 6.69492 5.86428 4.8468 6.55486 4.34056 4.12043 4.11397 3.75287 3.26278 3.12071 2.45832 2.33541 2.326 1.18842 1.11828 0.963568 0.958683 0.559732 0.273384
threshold=1.3199000000000003 0.89405000000000012 0.40827302954257311 2.7357000000000005 0.6856000000000001 1.8474000000000002 71.500000000000014 1.0980486479259108 0.037206134241239634 3.5000000000000004 2.5000000000000004 0.11626708842528705 0.57435000000000014 0.10486362529004521 80.500000000000014 1.0457000000000003 73.500000000000014 1.1459500000000002 0.11254891508153599 0.10305941887090168 0.3371739975137576 0.0073995384041206048 0.019250733310974436 0.39534875959570054 1.1517000000000002 0.37269543348935069 0.044908721098179068 1.5000000000000002 0.96152879766598975 0.91132701556953777 0.54375000000000007 0.22441724317435371 72.500000000000014 0.77480000000000016 0.19850442290454987 0.50075000000000014
decision_type=2 2 2 2 2 2 2 2 2 2 2 2 2 2 2 2 2 2 2 2 2 2 2 2 2 2 2 2 2 2 2 2 2 2 2 2
left_child=1 4 5 7 12 11 13 9 15 -4 18 19 30 27 16 22 -10 -18 21 -2 -21 29 -8 28 -17 -15 33 -3 32 -6 35 -28 -14 -23 -20 -1
right_child=2 6 3 -5 10 -7 8 -9 14 -11 -12 -13 23 25 -16 24 17 -19 34 20 -22 26 -24 -25 -26 -27 31 -29 -30 -31 -32 -33 -34 -35 -36 -37
leaf_value=-0.019178315918571446 -0.0005439602978335649 -0.0054273123310057065 0.0086399196113083627 0.024989037227338008 -0.0059980737774214454 0.010915033074462408 -0.002371480816984569 0.018432371627895201 0.0036435713195715016 0.014990511512181379 -0.0032970078033373669 0.007874322996449858 -0.016059395199218212 -0.00084021872726965259 0.0061701354665165357 0.0022222127472168985 -0.0027172359884709771 0.0022576192329731683 -0.0072110361240400435 0.0061268864814335803 0.00037488481239545968 -0.013948845484613365 -0.0071614251828190324 -0.0097151936215371139 -0.0025297804127136377 -0.0048779931110215953 -0.0080937925031630536 -0.0092712967271492489 -0.011964911767591856 -0.0095833169171837002 -0.015799492365561149 -0.01093989626245335 -0.013580922815179702 -0.011503418565038382 -0.0051840168565540851 -0.017764942962735068
leaf_weight=57.95411080121994 144.92546856403351 73.806817471981049 196.54142946004868 179.69698965549469 83.322359025478363 177.11282789707184 81.520161986351013 211.36764752864838 138.22389185428619 217.42271155118942 150.55098897218704 131.34106487035751 100.45687186717987 126.81668245792389 110.82341063022614 85.893195569515228 159.8863040804863 126.41326069831848 73.549067258834839 105.52199333906174 101.37714552879333 76.061043083667755 110.26041620969772 79.889932513237 87.612424910068512 88.798191905021667 79.933131694793701 105.45346599817276 102.96451765298843 109.00738841295242 73.225357413291931 65.593778312206268 69.092059075832367 92.982183516025543 68.816002726554871 93.075472772121429
leaf_count=110 152 95 137 71 114 124 97 109 134 126 180 105 171 141 101 91 177 120 97 91 94 120 140 118 98 102 112 140 162 157 126 95 113 137 86 169
internal_value=2.87666e-05 -0.00628669 0.011545 0.0165756 -0.0108281 0.00541151 -0.00146145 0.0141579 2.73761e-05 0.0119754 -0.00803064 0.0033941 -0.0147082 -0.00485716 0.00193962 -0.00277512 0.000835225 -0.000520629 -0.00912826 0.00172157 0.0033085 -0.00994191 -0.00512536 -0.0129389 -0.000177327 -0.00250312 -0.0111108 -0.00768861 -0.013884 -0.00803009 -0.0174884 -0.00937663 -0.0150494 -0.0126037 -0.00623122 -0.0183073
internal_weight=4137.29 2671.98 1465.31 805.029 1376.47 660.279 1295.51 625.332 900.633 413.964 799.816 483.166 576.658 394.875 535.347 365.286 424.523 286.3 649.265 351.825 206.899 506.9 191.781 352.403 173.506 215.615 314.57 179.26 272.513 192.33 224.255 145.527 169.549 169.043 142.365 151.03
internal_count=4512 3503 1009 443 2067 566 1436 372 958 263 1098 442 969 478 532 426 431 297 918 337 185 735 237 564 189 243 464 235 446 271 405 207 284 257 183 279
is_linear=0
shrinkage=0.0161547


Tree=24
num_leaves=40
num_cat=0
split_feature=43 13 43 43 43 13 15 43 13 13 44 53 10 43 53 53 43 4 51 53 8 43 50 10 2 13 8 15 13 52 53 15 53 51 43 52 52 45 44
split_gain=1124.46 200.185 174.057 66.7949 34.7055 29.3934 21.7685 19.3069 15.5336 17.5291 15.523 12.8912 12.2502 11.4992 8.85632 16.5515 8.81083 7.95106 7.02776 5.83945 4.25612 4.18325 3.7355 3.49379 6.09576 3.47344 3.02555 2.65661 2.65522 2.52672 2.35123 1.90475 1.83929 1.23837 0.732208 0.704771 0.643957 0.546284 0.310769
threshold=1.2255500000000004 1.6675097514231079 0.81235000000000013 1.5726000000000002 0.6856000000000001 0.5878556289926794 0.074722101984781839 1.8244000000000002 0.20658996938373539 0.60133709043679595 68.500000000000014 0.97905643911270845 0.75393248846616412 0.9043500000000001 0.94424917842281975 0.92562677758408352 0.55795000000000006 0.098020878896373842 17.500000000000004 0.94596968749959198 0.077250126059769345 1.0124500000000001 89.500000000000014 0.31523988882094017 0.11305338709651745 0.015873675790423532 0.072748276812860987 0.16659281952280028 0.2862098573023108 0.91132701556953777 0.92388871686912655 0.056707520218346109 0.90188601915518507 18.500000000000004 0.50075000000000014 0.93329330666766952 0.88624952560493575 1.0000000180025095e-35 70.500000000000014
decision_type=2 2 2 2 2 2 2 2 2 2 2 2 2 2 2 2 2 2 2 2 2 2 2 2 2 2 2 2 2 2 2 2 2 2 2 2 2 2 2
left_child=2 3 4 8 16 7 11 -5 30 12 -8 21 -10 28 15 18 34 26 -15 -7 29 22 -4 25 -25 -6 -16 -26 -12 36 -2 33 -31 -27 -1 -24 -18 -34 -36
right_child=1 -3 6 5 23 19 10 -9 9 -11 13 -13 -14 14 17 -17 20 -19 -20 -21 -22 -23 35 24 27 31 -28 -29 -30 32 -32 -33 37 -35 38 -37 -38 -39 -40
leaf_value=-0.019268030232418989 0.0011081399884993804 0.02025386745009353 -0.0065099895404996727 0.0019528563598177765 -0.007301945584436577 0.01480670393925276 -0.0079707526366953763 0.010272460656211358 0.010922865373276039 0.00041977170983433762 -0.0070002363743917476 -0.0014968827525762506 0.0040854171654069234 0.0021231858269802244 -0.0026047207421231828 0.0074275135394701163 -0.014909998204905673 0.001336687857184971 -0.0027956444661386246 0.010756973821698951 -0.0094439246660101422 -0.0052720482828138822 -0.011763591135508617 -0.0035364444078358893 -0.011632062761618052 -0.010742902088083291 -0.0070968644250827629 -0.0070609715044689346 -0.0028613310983075552 -0.010823319151251239 -0.0024988231602840936 -0.0091785575871032015 -0.015066616611912215 -0.013956589918253163 -0.017817085794900159 -0.0094364916638282233 -0.017139785600860137 -0.012924059178354439 -0.016120297553296751
leaf_weight=57.597220838069916 91.95887553691864 384.01652878522873 100.46443694829941 131.3237202167511 85.979629337787628 249.35020333528519 96.365803062915802 163.33810234069824 127.53276818990707 151.95410257577896 81.867779076099396 120.36061078310013 147.44569820165634 145.33561390638351 82.868959665298462 90.52568119764328 96.243407666683197 88.159623086452484 158.44620680809021 148.11965876817703 60.118609607219696 130.89446783065796 69.006801009178162 73.513353109359741 66.03558087348938 60.447019219398499 74.132126092910767 66.69061404466629 79.958192050457001 71.053376436233521 96.822051167488098 77.022908866405487 67.341555893421173 64.880190789699554 60.803686857223511 66.881747364997864 52.097812533378601 57.637849271297455 52.485703229904175
leaf_count=111 95 180 132 120 121 148 124 116 101 134 107 143 133 148 93 83 164 90 177 96 89 159 99 97 98 90 89 88 94 111 107 110 112 102 112 93 91 93 94
internal_value=-0.000134726 0.00999886 -0.00711766 0.00698773 -0.0120119 0.0104311 -0.00333746 0.00656461 0.00311695 0.00482321 -0.00184492 -0.00608515 0.00725657 -0.00110821 -0.000134672 0.00136441 -0.0147094 -0.00254574 -0.000442373 0.0132975 -0.01341 -0.00758889 -0.00887198 -0.00887371 -0.00726828 -0.0100221 -0.0047258 -0.00933524 -0.0049552 -0.0141024 -0.000741801 -0.0111779 -0.0128986 -0.0124066 -0.017785 -0.0106182 -0.0156931 -0.0140785 -0.017031
internal_weight=4147.08 1691.86 2455.22 1307.85 1069.95 692.132 1385.27 294.662 615.713 426.933 897.66 487.608 274.978 801.294 639.468 394.308 575.379 245.161 303.782 397.47 404.493 367.247 236.353 494.569 206.24 288.33 157.001 132.726 161.826 344.374 188.781 202.35 196.033 125.327 170.887 135.889 148.341 124.979 113.289
internal_count=4544 1230 3314 1050 1683 480 1631 236 570 368 1005 626 234 881 680 408 977 272 325 244 660 483 324 706 283 423 182 186 201 571 202 302 316 192 317 192 255 205 206
is_linear=0
shrinkage=0.0161547


Tree=25
num_leaves=38
num_cat=0
split_feature=43 43 43 0 19 43 17 43 44 0 8 53 43 44 44 43 0 50 52 40 15 51 53 53 21 53 17 15 43 2 19 50 13 43 13 50 52
split_gain=1052.37 190.873 178.915 58.0989 48.0009 31.608 21.547 21.4611 20.6902 14.5175 14.3826 18.7065 14.1521 13.6891 13.0294 10.068 8.80566 8.55828 7.6044 7.51176 6.81965 5.74324 5.28553 4.89394 6.69488 4.80254 4.31155 3.7787 2.87154 2.85165 2.76762 2.6451 1.45768 0.772199 0.632607 0.479142 0.2079
threshold=1.2181000000000002 2.1111500000000007 0.82555000000000012 1.4662943615770228 0.42494553034057375 0.67295000000000016 0.057008531622242516 0.97555000000000014 71.500000000000014 0.060078843594870618 0.26086875906379431 0.92772124363953157 1.5726000000000002 72.500000000000014 80.500000000000014 0.55795000000000006 0.11806426551661071 89.500000000000014 0.93088652918327819 1.0000000180025095e-35 0.24991486285452294 15.500000000000002 1.0236856744094631 0.97483812271844239 0.10767486395715585 0.94779950875236973 0.029442469025874423 0.080276170959631202 0.77910000000000013 0.039007563969057114 0.101805498143596 89.500000000000014 0.031306618468090193 0.50075000000000014 0.092205553623935316 91.500000000000014 0.9506428847742413
decision_type=2 2 2 2 2 2 2 2 2 2 2 2 2 2 2 2 2 2 2 2 2 2 2 2 2 2 2 2 2 2 2 2 2 2 2 2 2
left_child=2 4 5 -3 6 15 19 9 26 17 11 -8 -6 -10 23 33 -11 -4 -18 30 22 -17 25 24 -15 28 -9 32 29 31 -2 -7 35 -1 -27 -23 -35
right_child=1 3 7 -5 12 20 10 8 13 16 -12 -13 -14 14 -16 21 18 -19 -20 -21 -22 27 -24 -25 -26 34 -28 -29 -30 -31 -32 -33 -34 36 -36 -37 -38
leaf_value=-0.019388329208408335 -0.0018191648752025748 0.013616552756162501 -0.0053563520175906945 0.025348339021473723 0.006969600635365847 -0.012420962805357266 0.012144422884965943 -0.0083475274260174197 0.0063899992072645757 0.0014027359405292714 0.0020483996631150167 0.003966937808212145 0.013117613108194232 -0.0056220150612877173 0.0049221451771186593 -0.0089764714553959412 -0.0021177945081793928 -0.01168927244826036 -0.0073429611536939112 0.0046932169873031082 -0.0043645194736237156 -0.017484988111729046 -0.013966432179408794 0.0014186776655716257 -0.00030257872720970642 -0.0055007769804705309 -0.0035616082414885635 -0.010484251704059403 -0.0078190407519804807 -0.013607965172213361 0.0016662008050282757 -0.008029017515994526 -0.013756147628640704 -0.017678278113871296 -0.0077516664955972906 -0.015353256207854474 -0.016321304512694413
leaf_weight=55.165703952312469 151.00850838422775 251.78754431009293 112.86412155628204 195.85566532611847 156.27296096086502 61.259073376655579 161.89545100927353 77.872992038726807 90.386985957622528 82.086088418960571 132.4514587521553 132.96307080984116 260.75076925754547 133.03391832113266 89.53928929567337 71.599579572677612 153.82434713840485 109.93435972929001 137.80780094861984 105.68192982673645 67.782422363758087 54.009643912315369 69.286733686923981 81.05979996919632 115.22801023721695 68.961228787899017 133.06960588693619 59.044600784778595 91.64214038848877 82.400094270706177 98.072371065616608 86.066561818122864 107.79105025529861 66.537417054176331 61.775646686553955 56.097109198570251 52.88431054353714
leaf_count=108 163 147 145 75 118 95 119 104 85 94 118 116 157 160 86 109 179 158 176 98 85 97 109 84 119 96 154 91 129 128 93 124 178 124 86 98 96
internal_value=-0.0002218 0.00974791 -0.00698073 0.0187495 0.00638745 -0.011751 0.00402723 -0.00295101 -0.00107399 -0.00521718 0.00647047 0.00845688 0.0108137 0.000688293 -0.000542092 -0.014641 -0.00327129 -0.00848117 -0.00458689 0.00108435 -0.00918491 -0.0130549 -0.00981157 -0.00202776 -0.00315306 -0.00917483 -0.00532841 -0.0141093 -0.0102368 -0.0112013 -0.000446847 -0.00985522 -0.0150916 -0.0178076 -0.00656436 -0.0163989 -0.0170774
internal_weight=4075.75 1646.74 2429.01 447.643 1199.1 1112.3 782.073 1316.71 720.191 596.517 427.31 294.859 417.024 509.248 418.861 523.129 373.718 222.798 291.632 354.763 589.174 348.542 521.391 329.322 248.262 452.105 210.943 276.942 321.368 229.726 249.081 147.326 217.898 174.587 130.737 110.107 119.422
internal_count=4501 1204 3297 222 982 1753 707 1544 792 752 353 235 275 534 449 901 449 303 355 354 852 573 767 363 279 658 258 464 476 347 256 219 373 328 182 195 220
is_linear=0
shrinkage=0.0161547


Tree=26
num_leaves=38
num_cat=0
split_feature=43 19 43 43 43 44 15 23 43 17 8 53 43 44 8 0 43 4 40 13 43 6 50 44 44 51 51 53 13 21 15 44 44 43 6 51 43
split_gain=1094.58 187.964 178.65 59.6611 30.345 29.9983 28.2718 24.2725 12.4727 11.6566 12.8111 12.0739 11.3414 9.21657 9.49745 8.45289 8.16932 7.85523 7.76167 6.62409 6.50919 6.09764 5.72163 9.18131 5.34769 5.12306 4.53854 4.24181 3.94774 3.81497 3.1524 1.71625 2.27717 1.55033 1.2813 0.608368 0.51565
threshold=1.2730000000000004 0.81939383089870133 0.81235000000000013 1.5726000000000002 0.57435000000000014 78.500000000000014 0.13769641750957184 1.5115993086744344 0.94370000000000009 0.045988086626169829 0.29253801767659332 0.91607439194099449 0.68820000000000014 71.500000000000014 0.0054497137098725992 0.10666127061421189 1.0727500000000003 0.054923678136358102 1.0000000180025095e-35 0.97379549954760813 1.8474000000000002 0.12837462498323704 92.500000000000014 73.500000000000014 75.500000000000014 16.500000000000004 22.500000000000004 0.96437649594167552 0.10026948453143252 0.19850442290454987 0.088790784406992604 70.500000000000014 73.500000000000014 0.54375000000000007 0.052206164359994263 19.500000000000004 0.63040000000000007
decision_type=2 2 2 2 2 2 2 2 2 2 2 2 2 2 2 2 2 2 2 2 2 2 2 2 2 2 2 2 2 2 2 2 2 2 2 2 2
left_child=2 3 4 9 33 -3 8 20 22 -2 11 -11 25 28 -15 -16 18 -18 27 -9 -5 26 23 -4 -19 -6 31 29 -10 -8 36 -14 -33 35 -24 -1 -27
right_child=1 5 6 7 12 -7 16 19 13 10 -12 -13 21 14 15 -17 17 24 -20 -21 -22 -23 34 -25 -26 30 -28 -29 -30 -31 -32 32 -34 -35 -36 -37 -38
leaf_value=-0.017368405999998882 -0.0004451620028667494 0.015149126262079116 -0.0085867522927289414 0.0035993821262781346 -0.0094882418530121415 0.023563946979181176 -0.003936559701653514 0.010895013918866273 -0.0090125416278747893 0.010268087824411029 5.8032277116709926e-05 0.0029109143222596991 -0.010322845586368801 0.0024024016715344875 -0.0076318204683240376 -0.00096968289164814988 -0.0022916262673512945 0.00083493624486276243 0.0022424303754843768 0.015003818339227261 0.0089408127986860975 -0.005258410100963189 -0.01141383453196948 -0.0013757855958533018 0.0059306527744240447 -0.015458637464038293 -0.013234023446138771 -0.0063073679915543997 -0.0039573021800014263 0.00050741236555552416 -0.010339957408973716 -0.0056988200243935352 -0.0092962435376422927 -0.015204085107183164 -0.008263560195868833 -0.019628517135014862 -0.01380200457509858
leaf_weight=87.881636947393417 171.08329480886459 213.97339248657227 111.80229711532593 119.72151529788971 110.42838740348816 228.76895171403885 121.99402302503586 229.6119065284729 79.035036444664001 124.75554203987122 105.68877750635147 109.14146763086319 110.31450444459915 100.69954407215118 83.1070317029953 123.65348160266876 104.64094233512878 121.24148577451706 82.213803708553314 184.82298898696899 118.44623231887817 109.2273136973381 72.921459972858429 78.389380216598511 96.546733021736145 98.418853759765625 72.260213911533356 89.442690253257751 82.289541363716125 85.919516980648041 57.781510472297668 79.151142001152039 109.37935477495193 69.665087223052979 62.634728014469147 48.09015217423439 97.721183240413666
leaf_count=167 179 113 153 106 170 94 146 152 108 96 96 97 166 107 104 137 112 122 86 103 86 145 107 94 85 171 112 109 100 92 89 109 159 123 86 94 165
internal_value=9.46149e-05 0.0105388 -0.00649138 0.00712927 -0.0115986 0.0194971 -0.00290697 0.0103656 -0.00499408 0.00299348 0.00472586 0.00683507 -0.0102437 -0.00330683 -0.00166604 -0.00364752 -0.000544749 0.00134608 -0.00215093 0.0127274 0.0062558 -0.00861341 -0.0074222 -0.00561468 0.0030939 -0.012393 -0.00960088 -0.00336562 -0.00643393 -0.0021001 -0.0136563 -0.0087224 -0.00778593 -0.0171637 -0.00995823 -0.0181678 -0.0146333
internal_weight=4152.87 1606.01 2546.85 1163.27 1050.32 442.742 1496.53 652.603 794.533 510.669 339.586 233.897 844.682 468.785 307.46 206.761 701.999 322.429 379.57 414.435 238.168 480.333 325.748 190.192 217.788 364.35 371.105 297.356 161.325 207.914 253.922 298.845 188.53 205.637 135.556 135.972 196.14
internal_count=4540 1122 3418 915 1670 207 1748 447 996 468 289 193 1286 556 348 241 752 319 433 255 192 691 440 247 207 595 546 347 208 238 425 434 268 384 193 261 336
is_linear=0
shrinkage=0.0161547


Tree=27
num_leaves=39
num_cat=0
split_feature=43 43 19 43 43 42 19 43 17 43 2 8 42 8 40 53 50 43 43 52 50 21 44 51 43 4 4 13 13 50 13 53 43 52 19 52 19 0
split_gain=1074.16 202.467 185.603 63.5341 36.3476 34.547 30.6077 22.7401 16.0805 14.3638 12.9725 12.4568 11.8774 11.6349 11.5181 11.3606 9.65456 7.94175 7.73712 6.3388 6.22379 4.65536 3.77759 3.64951 3.52381 3.49818 3.13208 2.95245 3.13044 2.64246 2.60091 1.92154 1.3641 1.26441 0.695119 0.566532 0.187997 0.152864
threshold=1.2181000000000002 0.81235000000000013 0.78070307837369646 1.5726000000000002 2.1111500000000007 3.5000000000000004 0.12256416566541005 0.57845000000000013 0.045988086626169829 0.94370000000000009 0.20897619682137422 0.29253801767659332 1.5000000000000002 0.025837865544127151 1.0000000180025095e-35 0.91373624653663199 92.500000000000014 0.6856000000000001 0.9043500000000001 0.94174254378713262 85.000000000000014 0.14961286797516846 69.500000000000014 15.500000000000002 1.0622500000000004 0.014958394492634478 0.020019693502846266 0.019490322374916245 0.064716195302408311 94.500000000000014 0.44013408214364358 0.91870831532631092 0.50075000000000014 0.90938961438577992 0.0048914491521779473 0.93763497399644036 0.036313888489056562 1.0000000180025095e-35
decision_type=2 2 2 2 2 2 2 2 2 2 2 2 2 2 2 2 2 2 2 2 2 2 2 2 2 2 2 2 2 2 2 2 2 2 2 2 2 2
left_child=1 7 3 8 -4 10 9 32 26 16 -5 15 24 -14 18 -10 20 23 -8 30 -3 22 36 -9 -11 34 -2 -24 -29 -30 -20 -18 -1 -34 -25 -36 -19 -35
right_child=2 6 4 5 -6 -7 14 17 11 12 -12 -13 13 -15 -16 -17 31 21 19 -21 -22 -23 27 25 -26 -27 -28 28 29 -31 -32 -33 33 37 35 -37 -38 -39
leaf_value=-0.018935122902778774 0.0010090436741759159 -0.0082890805196191644 0.013424200011728756 0.0032628447464882206 0.022559154124865879 0.01455372210871593 -0.0052413396088279414 -0.0096366346063020657 0.010212421733390204 -0.0085017603598627599 0.0094893534226110111 0.00053154668823083922 0.002935835617708315 -0.0041353667612997148 0.003490468338499256 0.0036922402326169963 -0.012782228039826678 -0.012080548129333936 0.0031245432605825053 -0.0028096297037758264 -0.0024221722321785587 -0.0056343906414077251 -0.0063143868017721677 -0.016340559591402813 -0.0037329677012072522 -0.011020472318525414 -0.0029458085529722811 -0.013295997396490384 -0.010620366865857231 -0.0064969325268763589 -0.00048393561799548937 -0.0089268912431435116 -0.017765942156886892 -0.01551736305979679 -0.015348092320139371 -0.013106231508757414 -0.013387322072178614 -0.014260345270009304
leaf_weight=55.976495981216431 133.95099318027496 88.860103368759155 199.65648931264877 146.92489439249039 263.95925307273865 275.56054419279099 107.92361438274384 73.688293635845184 132.13838815689087 89.152576625347137 215.26571476459503 119.0129137635231 117.96845328807831 125.14684510231018 167.31110441684723 147.68531447649002 66.53037303686142 58.407276809215546 116.03241848945618 153.88037860393524 100.62366735935211 66.668936848640442 67.838210046291351 63.202206492424011 74.007161498069763 86.259320735931396 85.692724466323853 60.758725225925446 104.98406493663788 66.093294143676758 94.651736497879028 68.450118839740753 65.633237332105637 50.25465714931488 59.524273931980133 58.16147643327713 56.546226024627686 50.73855859041214
leaf_count=112 139 121 116 124 105 163 135 114 102 119 149 109 126 149 166 131 100 92 119 170 125 87 95 114 89 136 94 96 156 92 99 96 124 92 105 97 90 90
internal_value=0.000132111 -0.00681576 0.00988938 0.0066654 0.0186252 0.0102431 -0.00273209 -0.0121729 0.00297622 -0.00499106 0.00696353 0.00490929 -0.00296699 -0.00070416 -0.000152039 0.0067712 -0.00752548 -0.0109327 -0.00144187 -0.000317101 -0.00517351 -0.0095966 -0.0102337 -0.0128195 -0.0063387 -0.0136975 -0.000533919 -0.00927867 -0.0101461 -0.00902734 0.0015034 -0.0108271 -0.0167533 -0.0160203 -0.014974 -0.0142401 -0.0127234 -0.0148858
internal_weight=4135.12 2415.27 1719.85 1256.23 463.616 637.751 1370.54 1044.74 618.48 730.739 362.191 398.837 406.275 243.115 639.799 279.824 324.464 822.132 472.488 364.565 189.484 481.297 414.628 340.836 163.16 267.147 219.644 299.674 231.836 171.077 210.684 134.98 222.603 166.626 180.888 117.686 114.954 100.993
internal_count=4538 3306 1232 1011 221 436 1614 1692 575 925 273 342 483 275 689 233 442 1274 523 388 246 708 621 566 208 452 233 439 344 248 218 196 418 306 316 202 182 182
is_linear=0
shrinkage=0.0161547


Tree=28
num_leaves=40
num_cat=0
split_feature=43 43 43 19 14 43 17 19 43 18 44 8 52 50 10 53 17 43 4 43 51 44 53 44 6 44 44 2 50 18 43 51 4 15 8 8 52 43 51
split_gain=1009.24 194.962 169.734 70.1376 35.0949 31.5047 27.7435 23.0048 16.2807 15.865 14.7368 17.0455 11.9154 10.7102 10.0222 19.8943 9.39054 9.0194 7.43167 7.26004 5.65965 5.25664 4.55748 4.54872 4.54386 4.59851 6.04748 4.31139 4.0167 3.36812 3.18167 2.96797 2.94769 1.96723 1.37288 1.35299 0.704705 0.603241 0.0306014
threshold=1.2181000000000002 2.1972000000000005 0.81235000000000013 0.42494553034057375 6.5000000000000009 0.59175000000000011 0.10822731452881656 0.096437893419116599 0.97555000000000014 5.5000000000000009 71.500000000000014 0.0075266488638842033 0.89037596544823994 92.500000000000014 1.2876783759999115 0.92743360630228577 0.018759706206513061 0.6856000000000001 0.072712450150636668 1.1201000000000001 15.500000000000002 72.500000000000014 0.95448212008367206 73.500000000000014 0.12837462498323704 69.500000000000014 73.500000000000014 0.10134449512382113 100.50000000000001 4.5000000000000009 0.54375000000000007 18.500000000000004 0.013476082415820477 0.019169257380357418 0.015789313740134068 0.045419144697938979 0.94893642848195381 0.49320000000000003 18.500000000000004
decision_type=2 2 2 2 2 2 2 2 2 2 2 2 2 2 2 2 2 2 2 2 2 2 2 2 2 2 2 2 2 2 2 2 2 2 2 2 2 2 2
left_child=2 3 5 7 -3 30 8 23 13 -5 22 -12 -9 16 15 -14 31 20 27 29 -7 -18 -10 -2 25 -19 -27 -13 35 -8 37 -4 36 -32 -28 -15 -22 -1 -39
right_child=1 4 6 9 -6 17 19 12 10 -11 11 18 14 28 -16 -17 21 24 -20 -21 32 -23 -24 -25 -26 26 34 -29 -30 -31 33 -33 -34 -35 -36 -37 -38 38 -40
leaf_value=-0.019508325263743551 -0.0037986363149928757 0.014388068685806081 -0.009379897969145852 0.0082065154306468786 0.023507388590813458 -0.0079810230615289975 -0.002157045344874391 0.0015069294799910048 -0.008122439654064428 0.014050211909422454 0.0056452750788054335 -0.0019244342790658881 0.013051075819554081 -0.011788313948699111 0.003401098097350314 0.0038922379082449196 -0.0046381427706787869 -0.012295463936955324 0.001810865071909259 0.0051832846767527587 -0.015735324121052705 0.00099886124347396015 -0.0028094475491329874 0.0009168097152462769 -0.0054848947849068502 -0.0056619834154737307 -0.012189957638028749 -0.0067505154736994437 -0.0058202039849121565 0.0021544381725121593 -0.016514390562239332 -0.004760145161874548 -0.010798614264166716 -0.012395816561714701 -0.0090002456143968134 -0.008710079669908239 -0.013507864821204028 -0.016987598267844729 -0.01756624997914304
leaf_weight=46.801897376775742 87.645985305309296 222.31973546743393 74.407675743103027 232.2723730802536 218.24993574619293 67.090466558933258 106.76662790775299 162.24723500013351 103.56776827573776 253.64772993326187 94.720195829868317 113.41026079654694 130.07288807630539 74.10097724199295 149.77085959911346 118.08167695999146 79.157923102378845 99.790219783782959 81.767738044261932 96.632045924663544 76.91010245680809 94.96880578994751 71.034796237945557 136.58732610940933 102.20431637763977 126.18997693061829 67.645293474197388 84.156665623188019 83.826568424701691 84.877485930919647 60.178272992372513 70.850611090660095 78.960336089134216 60.891506016254425 73.454168021678925 74.959628760814667 71.550931751728058 48.97605949640274 46.492288410663605
leaf_count=96 98 122 104 162 83 102 119 147 136 146 94 128 94 109 129 103 100 158 83 87 139 106 85 138 138 176 104 101 111 86 111 92 125 103 108 101 122 94 90
internal_value=0.000151911 0.00964556 -0.00657009 0.00643403 0.0189056 -0.0115495 -0.0028885 0.00344638 -0.00405671 0.0112569 -0.00208573 -0.000276857 0.00519674 -0.00601478 0.0067012 0.00869294 -0.00409374 -0.00988818 -0.00228501 0.00157292 -0.0121042 -0.00156372 -0.00596092 -0.000926315 -0.00849748 -0.00933626 -0.00823147 -0.00398018 -0.00864933 -0.000247527 -0.0163679 -0.00712659 -0.0133205 -0.014443 -0.0105294 -0.0102403 -0.0146618 -0.0180059 -0.0172694
internal_weight=4127.24 1710.9 2416.34 1270.33 440.57 1027.14 1389.21 784.406 1100.93 485.92 548.657 374.055 560.173 552.272 397.925 248.155 319.385 763.796 279.335 288.276 294.512 174.127 174.603 224.233 469.284 367.08 267.289 197.567 232.887 191.644 263.34 145.258 227.421 121.07 141.099 149.061 148.461 142.27 95.4683
internal_count=4530 1222 3308 1017 205 1666 1642 709 1350 308 627 406 473 723 326 197 402 1172 312 292 488 206 221 236 684 546 388 229 321 205 494 196 386 214 212 210 261 280 184
is_linear=0
shrinkage=0.0161547


Tree=29
num_leaves=39
num_cat=0
split_feature=43 43 43 19 5 43 44 17 43 44 50 51 51 13 42 44 51 43 43 50 19 19 13 15 50 51 21 4 15 50 44 21 17 21 42 15 51 19
split_gain=903.626 185.576 180.329 51.6231 47.9158 30.3544 26.1389 23.6852 16.4404 21.9861 14.7317 12.2778 11.8481 11.8311 11.4897 11.4353 10.8836 10.2547 9.44778 9.26741 8.9284 8.43658 7.26772 5.73111 5.55029 5.2404 4.74984 5.36272 3.98028 3.57828 2.84705 2.75264 2.51623 1.64714 1.12882 0.715149 0.390547 0.270948
threshold=1.2255500000000004 1.9938000000000002 0.81235000000000013 1.195432795076506 3.5000000000000004 0.67295000000000016 71.500000000000014 0.044771214919517063 0.97555000000000014 72.500000000000014 95.500000000000014 18.500000000000004 19.500000000000004 0.89638595770512686 2.5000000000000004 80.500000000000014 18.500000000000004 0.55795000000000006 1.5132500000000002 89.500000000000014 0.12256416566541005 0.35453966275078097 0.2862098573023108 0.37744699046055369 90.500000000000014 15.500000000000002 0.11926398867954233 0.0097713201944637281 0.053902978974551687 90.500000000000014 69.500000000000014 0.060698202890351466 0.016219183108041945 0.038436063830967426 1.5000000000000002 0.0086711718414787826 19.500000000000004 0.0093268952399923923
decision_type=2 2 2 2 2 2 2 2 2 2 2 2 2 2 2 2 2 2 2 2 2 2 2 2 2 2 2 2 2 2 2 2 2 2 2 2 2 2
left_child=2 4 5 13 7 17 12 18 11 -10 16 20 22 -3 29 26 21 36 32 -13 -8 -9 34 -18 -14 -19 27 -11 35 33 -31 -32 -2 -7 -4 -27 37 -1
right_child=1 3 6 -5 -6 14 8 10 9 15 -12 19 24 -15 -16 -17 23 25 -20 -21 -22 -23 -24 -25 -26 28 -28 -29 -30 30 31 -33 -34 -35 -36 -37 -38 -39
leaf_value=-0.016176921801360211 -0.00030950567349751574 0.010116162827215574 -0.01069315521049786 0.023585507585917022 0.013042727101476269 -0.012761711111000598 -0.0038654475286763416 0.0062909119683698805 0.0081963013263043217 -0.00073766731604715363 0.0016991133066342067 -0.0026234485804648724 -0.0051494445459750286 0.015791102210766812 -0.0030645557043444938 0.0041368471088617399 0.0069532363530200531 -0.0089019942904654346 0.0039980279876594199 -0.0098453905418029002 0.0028371215862116987 0.012163812070754346 -0.0040752146821805375 0.0018841561483538911 0.00062967384091612067 -0.016469989451013446 0.00010028174756178061 -0.0061440113317256404 -0.011069610786630664 -0.01139086290333385 -0.0089367151749210651 -0.0048521304136358683 -0.0040858343411724419 -0.0098390382558631254 -0.0082095062150406833 -0.014352283518822015 -0.018638444093293859 -0.017862645256159739
leaf_weight=50.426691323518753 89.118185818195343 177.38855826854706 101.00109714269638 183.78399205207825 174.07751935720444 103.81483137607574 113.58560651540756 126.3998230099678 88.655170679092407 87.701594293117523 194.80652165412903 86.251599013805389 89.755343198776245 208.63874143362045 78.98456746339798 102.67591387033463 116.82633167505264 74.184704720973969 95.563206911087036 100.28994107246399 95.454305946826935 128.96651709079742 96.11787474155426 116.00663936138153 83.921413123607635 69.96711540222168 156.0378657579422 105.46114355325699 93.327014207839966 63.861101031303406 117.14155578613281 68.083208203315735 95.279042720794678 97.666308224201202 90.594172537326813 102.70525395870209 62.450798511505127 49.124606013298035
leaf_count=98 96 116 146 68 107 170 145 106 80 98 168 104 114 103 99 99 95 116 86 138 101 83 113 92 97 130 159 128 151 101 176 92 106 147 122 181 125 97
internal_value=5.62106e-06 0.00901376 -0.00632376 0.0165384 0.00524291 -0.0114463 -0.0025419 0.00383292 -0.000990816 0.00084065 0.00545499 -0.00349337 -0.0056889 0.0131833 -0.00874795 -0.00060248 0.0069537 -0.0142918 -0.000124348 -0.00650617 -0.00080484 0.00925688 -0.00770022 0.00442762 -0.00235695 -0.0126987 -0.00199599 -0.00368937 -0.0137576 -0.00974426 -0.00844947 -0.00743534 -0.00226076 -0.011345 -0.00951878 -0.0152104 -0.017637 -0.0170088
internal_weight=4136.1 1706.86 2429.24 569.811 1137.04 1031.74 1397.5 962.966 936.113 540.532 683.006 395.581 461.39 386.027 529.552 451.877 488.199 502.186 279.96 186.542 209.04 255.366 287.713 232.833 173.677 340.184 349.201 193.163 265.999 450.567 249.086 185.225 184.397 201.481 191.595 172.672 162.002 99.5513
internal_count=4553 1226 3327 287 939 1683 1644 832 1052 564 544 488 592 219 785 484 376 898 288 242 246 189 381 187 211 578 385 226 462 686 369 268 202 317 268 311 320 195
is_linear=0
shrinkage=0.0161547


Tree=30
num_leaves=40
num_cat=0
split_feature=43 19 43 43 43 14 43 43 44 44 51 43 19 21 13 21 19 19 51 44 43 43 42 10 21 4 8 17 52 53 50 14 53 43 43 53 51 52 52
split_gain=986.47 186.388 180.162 69.5998 33.0463 28.2055 23.1105 21.065 18.0101 20.2224 16.0297 13.8831 12.4927 12.885 11.0763 10.3693 9.74151 14.1993 11.5018 8.86983 8.56852 7.81842 7.29269 5.55386 12.3899 5.06735 4.62946 4.1617 4.01264 3.84956 2.98199 4.55247 2.56513 1.74222 1.32291 0.978239 0.509055 0.498351 0.204819
threshold=1.2255500000000004 0.40827302954257311 0.81235000000000013 2.7357000000000005 0.6856000000000001 6.5000000000000009 1.7233000000000003 0.97555000000000014 71.500000000000014 72.500000000000014 19.500000000000004 1.9613000000000003 0.101805498143596 0.21942028779404524 0.039019996241916856 0.13525572614554038 0.039363425535771789 0.12256416566541005 17.500000000000004 80.500000000000014 0.54375000000000007 1.5963500000000004 2.5000000000000004 0.1612110233438622 0.098191441985766695 0.011266150789101618 0.066098998744058085 0.025133596958338372 0.92152411567520665 1.0236856744094631 90.500000000000014 2.5000000000000004 0.87282678806284431 0.74165000000000014 0.57845000000000013 0.99848380054458541 19.500000000000004 0.91132701556953777 0.98408243548410612
decision_type=2 2 2 2 2 2 2 2 2 2 2 2 2 2 2 2 2 2 2 2 2 2 2 2 2 2 2 2 2 2 2 2 2 2 2 2 2 2 2
left_child=2 6 4 5 20 11 12 14 27 -10 -8 21 25 15 -4 -14 -16 28 -19 23 36 -3 29 -11 -25 -2 32 -9 -18 30 33 -32 -22 -6 -34 37 -1 -36 -39
right_child=1 3 7 -5 22 -7 10 8 9 19 -12 -13 13 -15 16 -17 17 18 -20 -21 26 -23 -24 24 -26 -27 -28 -29 -30 -31 31 -33 34 -35 35 -37 -38 38 -40
leaf_value=-0.016999903470399941 0.0018166539350939583 0.0048012039474942692 -0.0094174004314499637 0.023434705693427951 -0.012113855878860418 0.016635718077789539 0.0042654554860535468 -0.0077093044647408805 0.0076568919241871893 0.001436780447308742 0.012268678681358648 0.013632164119277748 0.0027601163885233406 -0.00047823212647560498 0.001391043674858306 0.009042764354740291 -0.0055234321059741739 0.0019184076393403756 -0.0050968190595574083 0.0036967064768892734 -0.010786149943770763 0.010356394342164029 -0.0038573121364999219 -0.0079684872628969887 -0.00045449556341564413 -0.0032688217200653293 -0.0095374496867620395 -0.0030605935969659991 -0.010062855322643361 -0.013100352938729271 -0.0054475970657776266 -0.01058192393595658 -0.016780396671100595 -0.0086618666753503094 -0.014492019714577538 -0.015913217614434431 -0.019046219380366648 -0.012047429178400688 -0.013454196628794079
leaf_weight=83.366233706474304 98.991145074367523 132.93299615383148 111.89887779951096 190.86557507514954 74.498454868793488 254.2464200258255 133.37797802686691 78.230878055095673 92.313332259654999 96.204491317272186 127.98205548524857 156.70632410049438 132.50110471248627 112.60911011695862 79.458383440971375 142.06687813997269 96.779763042926788 104.76401084661484 145.98548978567123 95.664411604404449 57.346545189619064 131.54619967937469 76.017102122306824 88.967957437038422 160.74006205797195 105.77240967750549 77.793860495090485 140.55465197563171 107.01024526357651 59.631558358669281 123.02502626180649 71.125058233737946 55.045906662940979 78.216276705265045 68.489035546779633 53.168701022863388 51.217866599559784 55.598927855491638 52.528082609176636
leaf_count=166 102 103 162 71 120 126 104 106 84 103 85 84 122 104 95 112 127 113 180 93 96 83 96 112 166 117 122 163 150 97 175 107 104 118 123 97 105 94 90
internal_value=0.000174568 0.00954234 -0.00643922 0.0148209 -0.0115415 0.0123867 0.00418342 -0.00265579 -0.000819185 0.000780508 0.00818445 0.00982187 0.00241684 0.00412355 -0.00479602 0.00601088 -0.00382761 -0.00473989 -0.00216583 -0.000657026 -0.0142314 0.00756423 -0.00844994 -0.00186108 -0.00313164 -0.000810293 -0.0130946 -0.00472283 -0.00790709 -0.00930879 -0.00865696 -0.00732851 -0.0139034 -0.0103458 -0.014531 -0.0139921 -0.0177787 -0.0134138 -0.0127308
internal_weight=4155.24 1719.6 2435.64 866.298 1037.07 675.432 853.301 1398.57 752.676 533.89 261.36 421.186 591.941 387.177 645.897 274.568 533.998 454.54 250.75 441.577 554.555 264.479 482.513 345.913 249.708 204.764 419.971 218.786 203.79 406.496 346.865 194.15 342.177 152.715 284.831 229.785 134.584 176.616 108.127
internal_count=4577 1213 3364 467 1710 396 746 1654 827 558 189 270 557 338 827 234 665 570 293 474 997 186 713 381 278 219 726 269 277 617 520 282 604 238 508 404 271 307 184
is_linear=0
shrinkage=0.0161547


Tree=31
num_leaves=39
num_cat=0
split_feature=43 43 19 42 43 43 43 43 53 44 51 17 51 50 43 0 2 42 50 51 19 19 42 50 21 4 21 8 23 50 47 21 53 19 21 19 43 19
split_gain=886.393 166.74 125.45 48.7097 30.3554 27.9925 27.6824 25.3954 15.5209 15.4238 12.9791 12.5544 11.124 10.8692 9.81666 9.62579 8.55902 7.75995 7.66567 6.52622 6.47966 6.20557 6.08437 5.95581 5.68052 5.53811 4.83026 4.58988 3.74391 2.96549 4.08483 2.21582 2.11202 1.7059 1.52097 1.20183 0.799733 0.361672
threshold=1.2661500000000003 0.81235000000000013 0.42494553034057375 3.5000000000000004 0.68820000000000014 2.3890500000000006 0.97555000000000014 1.7591000000000003 0.884119810504709 71.500000000000014 19.500000000000004 0.12233573608089669 22.500000000000004 93.500000000000014 0.54375000000000007 0.060078843594870618 0.078169298640677662 2.5000000000000004 88.500000000000014 14.500000000000002 0.10305941887090168 0.78070307837369646 2.5000000000000004 92.500000000000014 0.20046795098694506 0.00059893075023033317 0.11254891508153599 0.066098998744058085 0.14654864931405473 88.500000000000014 1.0000000180025095e-35 0.040464508721672302 0.93798213756044391 0.054652929297662974 0.0123109368068303 0.030648528939546515 0.50075000000000014 0.0015382949396340587
decision_type=2 2 2 2 2 2 2 2 2 2 2 2 2 2 2 2 2 2 2 2 2 2 2 2 2 2 2 2 2 2 2 2 2 2 2 2 2 2
left_child=1 4 7 21 14 -5 11 8 -2 22 -9 15 13 18 36 25 -17 29 -11 -16 -10 -4 32 -18 -22 28 -15 34 -3 33 31 -31 -8 -6 37 -36 -1 -21
right_child=2 6 3 5 17 -7 9 10 20 12 -12 -13 -14 26 19 16 23 -19 -20 27 24 -23 -24 -25 -26 -27 -28 -29 -30 30 -32 -33 -34 -35 35 -37 -38 -39
leaf_value=-0.019218861299292355 0.0074754391253691148 -0.0091553230130929242 0.0067850191559955947 0.013569493658588319 -0.012845625192314343 0.021588190073807821 -0.0076633405257384695 0.0052135663973250472 -0.0017170181637902293 0.0011294619660255764 0.012201535794512263 0.00081843747724397251 -0.0043125607192611671 -0.004162051875686551 -0.0075162756130083006 -9.9988405617492575e-05 -0.0036921476949157545 -0.0035919911244229274 0.0062888307962768349 -0.014521616767188831 0.0044648091070703978 0.011165918411555238 -0.0005417117970663585 -0.0088656296478950188 -0.00013905732320134209 -0.011789725169469308 0.0010694130569253312 -0.0095396865053308487 -0.0038161220510298417 -0.010940550679374427 -0.0045176727637260463 -0.0074753412664922336 -0.0039313817181425275 -0.0091416149510337129 -0.011230811508880778 -0.014270599759299056 -0.016652012203733045 -0.016124509139530507
leaf_weight=52.371488451957703 138.10151624679565 72.52137678861618 163.91902107000351 256.83417838811874 70.57420426607132 203.74274396896362 90.139080345630646 137.11561930179596 132.84701418876648 161.24204927682877 140.38426035642624 77.647917211055756 98.251401960849762 88.591369926929474 56.5673987865448 89.995604574680328 132.74861496686935 78.526309072971344 140.76469784975052 65.180309355258942 171.89735293388367 173.90728265047073 78.673278450965881 103.23432433605194 117.92429143190384 89.814654946327209 95.940827548503876 65.029213458299637 64.989237844944 101.83831036090851 61.3692906498909 91.363916099071503 70.5497145652771 60.068329632282257 55.363240361213684 87.732788145542145 80.164532989263535 84.186772286891937
leaf_count=111 116 104 114 144 117 79 118 103 143 165 91 84 111 104 88 108 163 99 132 120 149 98 88 141 108 134 95 103 83 161 86 132 86 91 95 154 159 157
internal_value=-0.000100206 -0.00621867 0.00911648 0.0136993 -0.0112605 0.0171167 -0.00271794 0.0047516 0.00277361 -0.000768325 0.00874871 -0.00526453 0.000645574 0.00164682 -0.0138397 -0.00611819 -0.00433882 -0.00822043 0.00353423 -0.0126149 0.00123735 0.00904023 -0.00422265 -0.00595537 0.00259156 -0.00866975 -0.00144214 -0.0134216 -0.00663195 -0.00916395 -0.00814856 -0.00930188 -0.00602484 -0.0111426 -0.0142848 -0.0130945 -0.0176663 -0.015425
internal_weight=4102.11 2465.44 1636.67 798.403 1010.34 460.577 1455.1 838.27 560.77 824.152 277.5 630.952 584.79 486.539 546.596 553.304 325.979 463.74 302.007 414.06 422.669 337.826 239.362 235.983 289.822 227.325 184.532 357.492 137.511 385.214 254.572 193.202 160.689 130.643 292.463 143.096 132.536 149.367
internal_count=4534 3389 1145 435 1673 223 1716 710 516 899 194 817 607 496 987 733 412 686 297 717 400 212 292 304 257 321 199 629 187 587 379 293 204 208 526 249 270 277
is_linear=0
shrinkage=0.0161547


Tree=32
num_leaves=36
num_cat=0
split_feature=23 19 42 15 42 44 2 44 53 42 42 44 13 53 17 23 17 52 8 53 50 21 8 15 2 50 23 13 17 4 13 42 15 42 51
split_gain=641.303 130.705 118.776 56.6618 54.3886 40.0886 23.105 18.5174 16.4108 15.3137 15.0918 13.0336 12.234 11.3683 10.9325 10.9023 10.18 16.5511 12.2048 11.6852 10.2496 9.67355 8.51148 7.89583 3.96596 3.41555 3.24836 4.41884 3.13082 3.01566 2.69113 2.52041 1.63221 0.985723 0.439765
threshold=1.469718711229022 0.075426188835405514 3.5000000000000004 0.86569386615274613 1.5000000000000002 70.500000000000014 1.0980486479259108 73.500000000000014 0.87917852264705443 3.5000000000000004 2.5000000000000004 68.500000000000014 0.85719547698516274 0.9570324344241784 0.018759706206513061 0.15735541155560154 0.056041241266796937 0.89037596544823994 0.16266733989248741 0.91373624653663199 92.500000000000014 0.093564089832255129 0.025232766149125466 0.45238830576360156 0.34743784825367013 97.000000000000014 0.11446368572336509 0.0030931346194737809 0.054431769288167252 0.036527133149621756 0.02926297606981965 1.0000000180025095e-35 0.010230316640695477 1.0000000180025095e-35 18.500000000000004
decision_type=2 2 2 2 2 2 2 2 2 2 2 2 2 2 2 2 2 2 2 2 2 2 2 2 2 2 2 2 2 2 2 2 2 2 2
left_child=1 4 6 12 11 13 7 24 -6 16 15 30 -4 28 26 32 20 -18 19 -19 21 -7 -12 -9 -2 -22 27 -13 -3 -16 34 -28 -10 -29 -1
right_child=2 5 3 -5 8 9 -8 23 10 -11 22 14 -14 -15 29 -17 17 18 -20 -21 25 -23 -24 -25 -26 -27 31 33 -30 -31 -32 -33 -34 -35 -36
leaf_value=-0.014333747801098596 0.0016339241858112212 -0.010700926677783534 0.006337261070259983 0.019145239812335953 -0.0094589050104386622 -0.0026260532096549841 0.010739947751885472 0.0080181443282616865 -0.0071022931326772338 0.0056135106954939337 -0.0023285500921404493 -0.0089925665655022826 0.012447411894452639 -0.0019499123064567426 -0.0028533792691348568 -0.0021425364201648257 -0.0036337011629192025 0.0098936943508680375 -0.00080993867891506084 0.0023229454826430703 -0.0064406396708678072 0.0041460946273017595 0.0038855872340830223 0.0033481147789048205 -0.0028525961137467856 -0.0023349513324274367 -0.011043350349660398 -0.01439690495561345 -0.0062878545966920021 -0.0076609611248714907 -0.011863116254795206 -0.0072224417648309612 -0.01072792306051277 -0.011945523601955268 -0.016309182683912404
leaf_weight=52.828216731548309 100.25458627939224 93.799221575260162 159.94756573438644 307.99357026815414 120.11313346028328 112.74063843488693 131.19561052322388 164.19457304477692 68.167626678943634 148.28863453865051 148.30996522307396 114.53458526730537 183.78179657459259 104.29250538349152 70.421197295188904 124.96302646398544 111.13175618648529 99.250414669513702 108.82001149654388 114.68549817800522 101.21611362695694 107.5677924156189 93.969907015562057 222.5438357591629 105.56026321649551 110.7286788225174 74.174715489149094 80.171446055173874 75.904132008552551 65.930146366357803 102.46414044499397 114.76104563474655 61.766210198402405 91.857077032327652 66.344404280185699
leaf_count=96 95 136 120 136 171 135 85 131 101 132 181 182 110 127 93 159 125 87 114 116 126 107 99 179 106 131 116 142 97 94 173 165 96 152 127
internal_value=0.000110337 -0.00440902 0.00911048 0.0141131 -0.00773457 -0.00066443 0.00460569 0.00324752 -0.00409996 0.000816523 -0.00280529 -0.0104264 0.00960418 -0.00614744 -0.00921056 -0.00554933 -4.75092e-06 0.00174332 0.00359474 0.00583521 -0.00175943 0.000680516 8.16456e-05 0.00533083 -0.000667165 -0.00429566 -0.0103669 -0.0114511 -0.00872707 -0.005178 -0.0137829 -0.0087225 -0.0088258 -0.013088 -0.0154335
internal_weight=4114.67 2739.2 1375.47 651.723 1450.78 1288.43 723.749 592.553 617.29 1014.43 497.177 833.487 343.729 273.996 611.85 254.897 866.141 433.888 322.756 213.936 432.253 220.308 242.28 386.738 205.815 211.945 475.499 286.563 169.703 136.351 221.637 188.936 129.934 172.029 119.173
internal_count=4542 3580 962 366 2147 1433 596 511 807 1073 636 1340 230 360 944 356 941 442 317 203 499 242 280 310 201 257 757 476 233 187 396 281 197 294 223
is_linear=0
shrinkage=0.0161547


Tree=33
num_leaves=39
num_cat=0
split_feature=43 43 23 42 44 43 43 43 43 44 17 51 19 13 43 17 51 44 52 2 50 51 2 44 13 13 44 52 43 51 5 43 4 43 52 44 52 51
split_gain=870.185 209.727 140.546 46.8059 30.3891 30.347 26.5887 22.8849 20.3272 13.9663 12.4265 11.1252 10.5014 9.72831 9.46961 9.24617 8.76316 7.22189 6.32027 5.92734 5.51873 4.11796 3.64209 3.85676 5.03208 3.62716 3.30477 3.62653 3.99186 3.29524 2.75955 2.27076 1.83174 1.77053 1.64859 1.15877 0.978244 0.537703
threshold=1.3353500000000003 0.81925000000000014 2.712827953800196 3.5000000000000004 71.500000000000014 0.57435000000000014 2.3890500000000006 1.7233000000000003 0.97005000000000008 72.500000000000014 0.045371408549968663 18.500000000000004 0.12256416566541005 0.47442206046138041 0.68820000000000014 0.11626708842528705 19.500000000000004 78.500000000000014 0.94893642848195381 0.10134449512382113 89.500000000000014 18.500000000000004 0.21597122625952422 69.500000000000014 0.021948282264261331 0.074386033892090073 68.500000000000014 0.92152411567520665 1.0084000000000002 17.500000000000004 1.5000000000000002 1.1459500000000002 0.0024618435883785434 0.54375000000000007 0.94893642848195381 73.500000000000014 0.93506636712040014 19.500000000000004
decision_type=2 2 2 2 2 2 2 2 2 2 2 2 2 2 2 2 2 2 2 2 2 2 2 2 2 2 2 2 2 2 2 2 2 2 2 2 2 2
left_child=1 5 7 -4 15 33 -5 13 11 -10 19 12 -6 30 18 26 -9 31 32 21 -13 -11 23 36 -25 -26 34 -28 -29 -20 -2 -12 -7 37 -3 -27 -16 -1
right_child=2 4 3 6 8 14 -8 16 9 10 17 20 -14 -15 22 -17 -18 -19 29 -21 -22 -23 -24 24 25 35 27 28 -30 -31 -32 -33 -34 -35 -36 -37 -38 -39
leaf_value=-0.016982753228545262 0.0023888298655619345 -0.0094963249598093748 0.0096222494806545798 0.014592091707516637 -0.0044897283447390213 -0.015445661259108798 0.022460677388861518 0.0060292740451357704 0.0064102985577133547 -0.0032304954716826173 -0.0014579148128362946 -0.0032144040943086977 0.0032156139092958057 0.0061425200226120488 -0.012646486682326086 7.048358658682307e-05 0.01119978415153575 0.0051212468988234283 -0.0064818587187292125 -0.00621521922073324 -0.0090556485609013578 0.001723505061180479 -0.0047554247419986468 -0.0040024164237259206 -0.012281215938991197 -0.0062093023272923693 -0.003019278416098991 -0.0094936668583538563 -0.0041379658911553114 -0.011270377466917643 -0.00093285157238484531 0.0017998538483436463 -0.012291410921669299 -0.014585847710268288 -0.0060630689084880621 -0.0089945995491936409 -0.0097291168717243779 -0.019066317744308562
leaf_weight=83.463612467050552 162.76791495084763 81.671290814876556 234.53670364618301 223.99819833040237 93.753029108047485 88.409797489643097 224.2959098815918 178.80917179584503 115.91580355167389 90.231568992137909 95.754198610782623 76.938472807407379 90.92806088924408 153.67020684480667 63.809513688087463 77.112847447395325 164.00836437940598 137.65234005451202 62.252583026885986 76.515983939170837 93.518937766551971 85.077563524246216 65.943828523159027 68.306606948375702 63.420923829078674 72.71371454000473 131.030013859272 70.248755872249603 75.198271930217743 94.340689569711685 108.96816056966782 133.94875925779343 105.24329334497452 67.233775794506073 65.994838833808899 84.027438461780548 56.605313897132874 52.755634963512421
leaf_count=172 155 115 139 116 123 166 81 129 106 105 103 95 95 120 105 81 107 123 96 93 130 91 88 96 103 103 163 100 91 161 106 124 181 127 88 125 89 112
internal_value=0.000100935 -0.00545735 0.0101369 0.0154697 -0.001783 -0.0111428 0.018529 0.00539692 -0.000269349 0.00126387 0.000300419 -0.00344294 -0.000695989 0.00289393 -0.00976489 -0.0050752 0.00850291 0.00219525 -0.01178 -0.00246371 -0.00641912 -0.000826318 -0.00827848 -0.00884667 -0.00783299 -0.00902145 -0.00601073 -0.00496859 -0.00672469 -0.00936673 0.00105681 0.000441817 -0.0137314 -0.0167309 -0.00796194 -0.00770247 -0.0112751 -0.0177897
internal_weight=4071.07 2620.02 1451.05 682.831 1591.49 1028.53 448.294 768.224 1090.23 735.096 619.18 355.139 184.681 425.406 825.074 501.256 342.818 367.355 350.246 251.825 170.457 175.309 474.827 408.884 288.469 220.162 424.143 276.477 145.447 156.593 271.736 229.703 193.653 203.453 147.666 156.741 120.415 136.219
internal_count=4503 3550 953 336 1826 1724 197 617 1188 745 639 443 218 381 1313 638 236 350 604 289 225 196 709 621 427 331 557 354 191 257 261 227 347 411 203 228 194 284
is_linear=0
shrinkage=0.0161547


Tree=34
num_leaves=39
num_cat=0
split_feature=43 43 43 23 43 17 6 42 35 44 51 42 43 50 43 43 51 13 43 52 4 51 44 53 13 51 23 17 50 52 8 44 44 19 21 43 50 52
split_gain=802.468 176.221 114.539 51.2326 27.6449 25.1799 13.5496 11.9365 13.119 11.5243 9.97233 9.12115 9.08626 10.3015 8.71128 8.46554 10.7173 7.55014 7.03716 8.11339 6.01574 4.54125 4.43044 3.89957 3.10102 3.03135 3.00017 2.94609 2.91846 2.32503 2.23429 2.21844 3.15476 2.1557 0.998724 0.980189 0.450308 0.210287
threshold=1.3199000000000003 0.81235000000000013 2.3078500000000006 1.469718711229022 0.67295000000000016 0.043999619544237069 1.1051649006987718 2.5000000000000004 1.0000000180025095e-35 71.500000000000014 22.500000000000004 2.5000000000000004 1.5574000000000001 89.500000000000014 0.55795000000000006 1.0663000000000002 17.500000000000004 0.20880845282320834 1.0124500000000001 0.89887477047811071 0.028943232576169872 15.500000000000002 78.500000000000014 1.0236856744094631 0.031306618468090193 19.500000000000004 1.2728393246934433 0.11626708842528705 88.500000000000014 0.95797617263640888 0.0050963077867658552 69.500000000000014 74.500000000000014 0.22653870274351187 0.037305631624262682 0.50075000000000014 91.500000000000014 0.9506428847742413
decision_type=2 2 2 2 2 2 2 2 2 2 2 2 2 2 2 2 2 2 2 2 2 2 2 2 2 2 2 2 2 2 2 2 2 2 2 2 2 2
left_child=1 4 3 10 14 7 12 18 -9 27 17 23 -5 -14 35 16 -11 -2 20 -20 25 -16 33 28 36 30 -18 -7 34 -26 -3 -30 -33 -17 -6 -1 -23 -37
right_child=2 5 -4 6 11 9 -8 8 -10 15 -12 -13 13 -15 21 22 26 -19 19 -21 -22 24 -24 -25 29 -27 -28 -29 31 -31 -32 32 -34 -35 -36 37 -38 -39
leaf_value=-0.018695770900625248 -0.0012798272273461056 -0.0073186445515459764 0.016937632268393163 0.0048866002034465023 -0.011996879047481188 -0.0048413145640614852 0.013954031162978872 0.0021416684203868358 -0.0057571391421160634 0.0031249855986378136 0.0071086756477083939 -0.0033332915984404443 0.0067855780171679177 0.012270003084492116 -0.0085869027161601941 0.0031408602513599334 -0.0057756269745359067 0.0034096142396676265 -0.0073523152030288306 -0.00093241197408804911 -0.0029519638170381075 -0.016423366940307622 0.0054930869038046721 -0.012963714344141697 -0.013212996716876363 -0.0060146278148000346 -0.00137774401133097 -0.00088349579461506904 -0.010072191216613935 -0.0090547291752604408 -0.01119262635353095 -0.0047159083577135875 -0.0089235006911173188 -8.0570391424633906e-06 -0.0090864153464136725 -0.016631907676266485 -0.014262928364998349 -0.015142844082888915
leaf_weight=50.823592394590378 157.91933798789978 69.468278467655182 384.14166641235352 139.90990602970123 65.141165226697922 134.35954910516739 147.37131345272064 134.36136150360107 92.759727001190186 94.585556507110596 101.35215801000595 82.20870453119278 165.99686574935913 193.64728492498398 71.956022530794144 105.90456736087799 86.368594110012054 207.11318176984787 79.926060855388641 143.81253015995026 78.22188001871109 52.333287477493286 102.80781203508377 61.622726649045944 98.812357693910599 112.58205842971802 76.194430112838745 77.334311127662659 69.043813467025757 54.416733264923096 88.159891724586487 99.458297431468964 87.34617006778717 122.20817750692368 58.31415981054306 53.115902721881866 48.523285686969757 46.346922069787979
leaf_count=111 160 98 171 107 110 166 78 145 115 97 84 105 110 115 116 101 107 176 103 166 100 102 89 103 175 156 84 83 111 89 131 142 133 118 90 109 92 92
internal_value=-8.78114e-05 -0.00551592 0.00933155 0.00670711 -0.0108372 -0.00218996 0.00964956 -0.00421775 -0.00108433 -0.000163365 0.00262561 -0.00827346 0.00837972 0.00973862 -0.0136528 0.00100013 -0.00119865 0.00138088 -0.00546154 -0.00322579 -0.00689719 -0.0121696 0.00270874 -0.00919453 -0.0131842 -0.00803927 -0.00371431 -0.00339548 -0.00858217 -0.0117363 -0.00948532 -0.00759783 -0.0066833 0.00145387 -0.0106221 -0.0168706 -0.015384 -0.015938
internal_weight=4095.97 2598.52 1497.45 1113.31 999.463 1599.05 646.925 799.292 227.121 799.763 466.385 523.135 499.554 359.644 476.328 588.069 257.149 365.033 572.171 223.739 348.432 326.042 330.921 440.926 254.086 270.21 162.563 211.694 379.304 153.229 157.628 255.848 186.804 228.113 123.455 150.286 100.857 99.4628
internal_count=4540 3539 1001 830 1680 1859 410 1014 260 845 420 794 332 225 886 596 288 336 754 269 485 574 308 689 458 385 191 249 586 264 229 386 275 219 200 312 194 201
is_linear=0
shrinkage=0.0161547


Tree=35
num_leaves=36
num_cat=0
split_feature=43 43 14 43 43 44 42 21 21 8 2 43 43 42 44 23 50 52 53 52 42 2 50 0 13 23 17 17 44 44 51 43 50 53 43
split_gain=757.63 151.595 135.975 57.3757 29.128 21.7614 18.9156 16.7977 12.3093 14.8954 10.366 9.92063 9.45025 7.89381 8.18829 7.65955 7.57959 7.28583 6.43222 6.39714 6.33941 5.80873 3.91926 3.91232 3.50202 6.00915 4.07259 2.94717 2.89856 4.05271 2.89669 2.23617 0.875859 1.24479 0.513027
threshold=1.2181000000000002 0.81235000000000013 6.5000000000000009 1.7233000000000003 0.67295000000000016 75.500000000000014 2.5000000000000004 0.13044900522476713 0.1435939228090132 0.1805238334491571 0.075864919470629552 1.4750000000000003 0.54375000000000007 1.0000000180025095e-35 79.500000000000014 0.84062468561912318 89.500000000000014 0.89037596544823994 0.94288056771151185 0.97954261554445587 2.5000000000000004 0.26400190549780261 88.500000000000014 0.10105757879349291 0.059034132164831464 0.29404285187328877 0.028977541069325121 0.019786507086783166 69.500000000000014 74.500000000000014 15.500000000000002 0.74165000000000014 83.500000000000014 0.90215595548100791 0.50075000000000014
decision_type=2 2 2 2 2 2 2 2 2 2 2 2 2 2 2 2 2 2 2 2 2 2 2 2 2 2 2 2 2 2 2 2 2 2 2
left_child=1 4 3 8 12 -5 7 13 17 -10 16 -11 34 27 24 -12 -8 -2 21 -19 22 -9 31 30 -15 -26 -27 -3 -24 -30 -14 -6 -32 -34 -1
right_child=2 6 -4 5 20 -7 10 18 9 11 15 -13 23 14 -16 -17 -18 19 -20 -21 -22 -23 28 -25 25 26 -28 -29 29 -31 32 -33 33 -35 -36
leaf_value=-0.018873200685919082 -0.0031778123468395097 -0.010963943365709015 0.016529797732540853 0.0062143271371703475 -0.012953850328089305 0.012651483558386753 -7.460778201971694e-05 0.003632982096100767 0.0085352005305653483 -0.00041181439689936476 -0.0058015509738631324 0.0057464902260149593 -0.010397248602409469 -0.007666529466457267 0.00073841387990734343 0.000380850561428621 0.0064371447866722487 0.0039329356921606294 -0.0037554065857555315 -0.0014367432689368555 -0.0040278858600140775 -0.0019571292052475977 -0.010560386011181765 -0.0097349727101570648 -0.00035097401302201878 -0.0086376013625642251 -0.0040598053434740987 -0.0063199855157628024 -0.0049437588541695089 -0.0094672103720125911 -0.016261945661465268 -0.0088698931184647643 -0.011873205701156969 -0.0150469753454758 -0.016764116721128788
leaf_weight=50.462301969528198 98.060255289077759 73.08561784029007 383.13864433765411 259.33054065704346 81.468976855278015 290.6806845664978 94.395179510116577 104.05628848075867 160.65739685297012 152.32270908355713 85.825731754302979 123.71353900432587 58.914222836494446 112.74658286571503 69.935603737831116 133.87674874067307 92.228584468364716 161.86289131641388 117.72594177722931 90.149310708045959 78.807559549808502 90.877902746200562 79.262006551027298 99.748792350292206 74.520035564899445 77.635520935058594 146.27499920129776 69.652076125144958 117.47274678945541 92.305544137954712 52.990457743406296 61.330075263977051 52.770056009292603 82.942906647920609 74.587833255529404
leaf_count=112 106 110 178 175 139 167 105 106 120 138 106 91 100 159 80 138 92 153 136 94 102 99 130 165 92 107 181 92 170 143 103 96 96 159 155
internal_value=-8.42783e-05 -0.00609578 0.00804528 0.0056135 -0.010916 0.00961636 -0.00256699 -0.00382992 0.00281518 0.00462437 0.000343839 0.00234821 -0.0138071 -0.00536159 -0.00437178 -0.00203428 0.00314347 0.000558335 -0.000773792 0.0020121 -0.00824136 0.00102688 -0.00901029 -0.0124362 -0.00524096 -0.00432458 -0.00564704 -0.00869782 -0.00792855 -0.00693414 -0.0135243 -0.0111999 -0.0145006 -0.0138129 -0.0176152
internal_weight=4045.82 2325.9 1719.92 1336.78 983.063 550.011 1342.84 936.511 786.766 436.694 406.326 276.036 472.417 623.85 481.113 219.702 186.624 350.072 312.66 252.012 510.647 194.934 431.839 347.366 411.177 298.431 223.911 142.738 289.04 209.778 247.618 142.799 188.703 135.713 125.05
internal_count=4495 3273 1222 1044 1670 342 1603 1162 702 349 441 229 890 821 619 244 197 353 341 247 780 205 678 623 539 380 288 202 443 313 458 235 358 255 267
is_linear=0
shrinkage=0.0161547


Tree=36
num_leaves=37
num_cat=0
split_feature=43 43 13 43 19 44 21 42 21 19 8 18 43 28 34 6 17 51 8 43 23 44 53 23 15 0 8 53 42 43 43 53 44 2 51 45
split_gain=762.424 200.401 99.0325 53.1438 29.5717 25.9452 18.0816 15.4816 15.382 12.5268 10.9588 10.3636 10.3509 9.84714 10.1081 8.5254 8.27943 6.41283 5.80128 4.83474 7.62632 4.251 3.68359 3.62378 3.06633 3.39729 4.79352 4.2092 2.86997 2.0448 1.38808 1.37972 0.98293 0.974665 0.749897 0.512473
threshold=1.4083000000000003 0.90720000000000012 1.6675097514231079 0.69495000000000007 0.40827302954257311 68.500000000000014 0.13717220654982765 2.5000000000000004 0.16986764060381235 0.10305941887090168 0.17671819021411042 5.5000000000000009 0.54375000000000007 1.0000000180025095e-35 1.0000000180025095e-35 0.72344095515008455 0.059656760917930492 18.500000000000004 0.07991291638558444 1.1201000000000001 1.8405440666985564 81.500000000000014 0.87158376087502654 0.29404285187328877 0.2534098189949428 0.0073995384041206048 0.04742321485827708 0.94596968749959198 1.5000000000000002 0.59175000000000011 0.80205000000000004 0.90393674469901764 75.500000000000014 0.028026950674235853 19.500000000000004 1.0000000180025095e-35
decision_type=2 2 2 2 2 2 2 2 2 2 2 2 2 2 2 2 2 2 2 2 2 2 2 2 2 2 2 2 2 2 2 2 2 2 2 2
left_child=1 3 4 12 9 -3 13 21 -8 -2 -11 19 34 14 16 -6 17 23 22 -10 -21 24 -14 -7 25 30 31 -28 -19 -24 -5 -27 33 35 -1 -31
right_child=2 5 -4 7 15 6 8 -9 11 10 -12 -13 18 -15 -16 -17 -18 28 -20 20 -22 -23 29 -25 -26 26 27 -29 -30 32 -32 -33 -34 -35 -36 -37
leaf_value=-0.016169273809762113 0.00064766683166138058 -0.0078939443698324962 0.017343005583820764 -0.0077533229039761301 0.012404874618206713 -0.0090610161587176569 0.0079615545844130779 -0.0017447716444751698 -0.0025268405635655682 0.0086904368872269509 0.0032693252492639263 0.0056494905235241226 -0.0089237328196350198 0.0020152274013810791 0.0024048591653646743 0.0076690435504150212 0.00094862230002105822 -0.0042980529635039599 -0.007461534079500314 0.0042954551775907452 -0.0019359443053045898 -0.003510693128576328 -0.015392115755826691 -0.004609049539685427 -0.0048247202861429637 -0.0094155885953624164 -0.0094610352659922139 -0.0043745198320624635 -0.00046575625367634789 -0.012976351837443613 -0.0048390400364578152 -0.012440293878727521 -0.010625921698886853 -0.011255061315767392 -0.018796066032112133 -0.015172715441890345
leaf_weight=76.551354199647903 133.74679177999496 112.88645052909851 366.4687762260437 104.93590781092644 266.66209030151367 81.102932095527649 105.05080813169479 147.2701718211174 141.68385833501816 226.73964691162109 170.49101340770721 100.9614719748497 59.232063859701157 167.39307194948196 94.959263205528259 157.96868544816971 94.667662441730499 100.61246633529663 67.602491974830627 108.48849034309387 97.158595263957977 61.860362708568573 88.705058574676514 115.90613621473312 71.571101069450378 63.519583225250244 109.15618342161179 69.484967768192291 103.42026656866074 62.192317843437195 71.862941861152649 103.46510773897171 55.458997011184692 50.615328580141068 45.056503564119339 50.024405151605606
leaf_count=162 128 152 156 163 150 111 92 179 157 166 135 87 101 176 101 96 98 126 106 97 93 84 173 139 92 100 166 95 117 113 101 170 96 87 99 95
internal_value=0.000102351 -0.00469639 0.0102033 -0.00913517 0.00746525 -0.000462451 0.000177256 -0.00647805 0.00239752 0.0049239 0.0063637 0.00109367 -0.0129772 -0.00144341 -0.00242358 0.0106431 -0.00334852 -0.00436288 -0.0118096 -0.000230612 0.00135141 -0.00754089 -0.0126122 -0.0064418 -0.0079606 -0.00839021 -0.00932194 -0.00748256 -0.00235554 -0.0133239 -0.00656876 -0.0112897 -0.0124834 -0.0131161 -0.0171425 -0.0139555
internal_weight=4104.93 2782.86 1322.08 1358.56 955.608 1424.29 1311.41 803.126 553.343 530.977 397.231 448.292 555.439 758.062 590.669 424.631 495.709 401.042 433.831 347.331 205.647 655.856 366.228 197.009 593.996 522.425 345.626 178.641 204.033 306.996 176.799 166.985 218.291 162.832 121.608 112.217
internal_count=4559 3728 831 2182 675 1546 1394 1150 526 429 301 434 1032 868 692 246 591 493 771 347 190 971 665 250 887 795 531 261 243 564 264 270 391 295 261 208
is_linear=0
shrinkage=0.0161547


Tree=37
num_leaves=41
num_cat=0
split_feature=43 43 43 19 43 19 42 42 19 14 19 43 19 6 23 42 50 40 50 44 17 17 43 44 53 15 0 8 21 43 52 19 53 52 17 21 6 50 43 44
split_gain=695.7 161.59 140.797 59.6039 40.0678 36.1597 16.9917 13.3686 13.2926 12.4677 10.8051 10.7421 9.34542 10.7711 8.87392 8.19718 6.89503 6.46644 5.72601 5.40878 5.05791 4.66191 4.61924 4.2952 4.22568 4.12786 4.21932 4.10647 4.05409 3.89644 3.86975 2.06846 2.00622 1.76005 1.54315 1.44194 1.40562 0.910248 0.845184 0.459465
threshold=1.2181000000000002 1.9938000000000002 0.6856000000000001 1.195432795076506 0.90720000000000012 0.45708533586813443 3.5000000000000004 2.5000000000000004 0.12256416566541005 5.5000000000000009 0.1007715317606151 0.55795000000000006 0.10305941887090168 0.21171464828636707 0.76911454887606057 2.5000000000000004 91.500000000000014 1.0000000180025095e-35 93.500000000000014 80.500000000000014 0.0082168250490086744 0.11626708842528705 1.0727500000000003 75.500000000000014 0.93757315545435072 0.2534098189949428 0.0073995384041206048 0.087741734953736869 0.0123109368068303 1.5246500000000001 0.90938961438577992 0.04581301702978928 0.96437649594167552 0.91706344704376541 0.029442469025874423 0.001534913449765019 0.35813275840245179 91.500000000000014 0.49320000000000003 70.500000000000014
decision_type=2 2 2 2 2 2 2 2 2 2 2 2 2 2 2 2 2 2 2 2 2 2 2 2 2 2 2 2 2 2 2 2 2 2 2 2 2 2 2 2
left_child=2 5 11 6 7 12 -3 19 15 -7 -9 38 18 16 -10 20 -14 28 -2 25 -6 23 24 -16 -22 26 32 31 35 -15 -30 37 33 -4 -33 -13 -23 -28 -1 -40
right_child=1 3 4 -5 8 9 -8 10 14 -11 -12 17 13 29 21 -17 -18 -19 -20 -21 22 36 -24 -25 -26 -27 27 -29 30 -31 -32 34 -34 -35 -36 -37 -38 -39 39 -41
leaf_value=-0.018916721801628917 -0.0030079447424965103 0.0071949433143354783 -0.0034766557248392315 0.022127456425949998 -0.0079635829567103241 0.0049234140614611063 0.013987521701322286 -0.0059437400146572419 0.0047630520669979951 0.010923208934644206 0.0023317750862416136 -0.013278401989522425 0.0076531172911535961 -0.00091250319235190139 -0.0044749927021965402 -0.00029583633913323289 0.0026579420469713222 -0.0065266888611958214 0.0020866542479651227 -0.0033058530413136206 -0.0077118086894072341 0.0024301502615189084 -0.00074067336380976298 0.00025199877738424359 -0.0023796238439991188 -0.004499597407443723 -0.010574883045726406 -0.0067775708656576967 -0.014156425114104355 0.0031725065353073434 -0.0092633964081145596 -0.013909120355541227 -0.008954621870295762 -0.0072658105915404253 -0.010292247301361235 -0.016733261311529302 -0.00032998250387604195 -0.0077637149764289114 -0.017168270120846905 -0.015120118111675285
leaf_weight=41.955430090427399 123.17005425691605 171.73974514007568 65.530111491680145 185.14096200466156 98.10187304019928 162.73998469114304 218.24412274360657 93.787128567695618 92.422307550907135 203.31087023019791 73.400591433048248 63.903904914855957 157.73320603370667 145.56129091978073 119.10062396526337 146.15386724472046 132.860704600811 50.50628536939621 108.10918521881104 74.936909794807434 86.204321324825287 93.744165420532227 91.252245903015137 86.674561262130737 70.514175176620483 80.753193318843842 57.723798751831055 103.68898141384125 69.605444401502609 104.81691467761993 107.06428456306458 61.156049489974976 57.700855940580368 62.508351445198059 61.98959618806839 62.227114707231522 99.003474235534668 62.722485303878784 63.005083918571472 52.321631550788879
leaf_count=96 136 109 94 64 138 115 107 125 94 116 81 121 123 138 139 164 115 83 108 102 117 92 105 90 87 104 95 150 128 84 179 101 90 95 96 123 101 98 135 108
internal_value=-0.00022794 0.00760008 -0.00593632 0.0145795 -0.00385265 0.00407373 0.0109962 -0.0064083 -0.00162783 0.0082558 -0.00231053 -0.0134414 0.00209141 0.00325339 0.000253028 -0.00350379 0.0053693 -0.011878 -0.000626525 -0.00740305 -0.00485857 -0.000792902 -0.00363017 -0.00248394 -0.00531264 -0.00790328 -0.00841895 -0.00947009 -0.0127706 0.000797622 -0.0111912 -0.0106162 -0.00645361 -0.00532652 -0.0120884 -0.0149829 0.00101243 -0.00911097 -0.0169533 -0.0162391
internal_weight=4063.09 1713.43 2349.66 575.125 1839.07 1138.3 389.984 855.898 983.172 366.051 167.188 510.589 772.251 540.972 490.945 492.226 290.594 353.307 231.279 688.71 346.073 398.523 247.971 205.775 156.718 613.773 533.02 347.281 302.801 250.378 176.67 243.592 185.739 128.038 123.146 126.131 192.748 120.446 157.282 115.327
internal_count=4546 1215 3331 280 2358 935 216 1231 1127 231 206 973 704 460 516 611 238 634 244 1025 447 422 309 229 204 923 819 540 551 222 307 390 279 189 197 244 193 193 339 243
is_linear=0
shrinkage=0.0161547


Tree=38
num_leaves=38
num_cat=0
split_feature=43 43 43 19 13 43 43 19 10 53 14 44 44 53 19 53 19 44 19 21 50 50 53 21 53 43 53 52 43 17 43 2 50 6 2 43 44
split_gain=760.533 161.36 132.396 39.3314 31.5035 26.4325 18.0155 15.7569 14.6807 20.604 12.913 12.0631 13.51 10.0465 9.10757 9.35959 10.971 8.58798 7.20747 6.92464 5.27399 4.72992 4.20126 6.17679 3.5609 3.79279 5.31249 4.03677 3.8667 2.79177 2.43578 1.92782 2.75969 0.999365 0.812608 0.74906 0.348508
threshold=1.2181000000000002 0.81235000000000013 2.1972000000000005 0.42494553034057375 1.548320710930071 0.59175000000000011 0.97555000000000014 0.098124648047158577 1.2876783759999115 0.92743360630228577 5.5000000000000009 71.500000000000014 72.500000000000014 0.93700965917191315 0.12256416566541005 0.92877763144566272 0.039363425535771789 80.500000000000014 0.19475227528157135 0.15771999556707822 94.500000000000014 87.500000000000014 0.97905643911270845 0.11926398867954233 1.0169052680246506 0.67295000000000016 0.95217034260364164 0.96152879766598975 0.77910000000000013 0.029442469025874423 0.55795000000000006 0.052530066721699395 89.500000000000014 0.046422896112455279 0.019250733310974436 0.50075000000000014 70.500000000000014
decision_type=2 2 2 2 2 2 2 2 2 2 2 2 2 2 2 2 2 2 2 2 2 2 2 2 2 2 2 2 2 2 2 2 2 2 2 2 2
left_child=1 5 3 7 -4 30 14 20 9 -9 -5 29 -13 -10 15 21 -17 22 -16 24 -2 -3 23 -14 25 27 28 34 31 -8 35 32 -27 -23 -7 -1 -37
right_child=2 6 4 10 -6 19 11 8 13 -11 -12 12 17 -15 18 16 -18 -19 -20 -21 -22 33 -24 -25 -26 26 -28 -29 -30 -31 -32 -33 -34 -35 -36 36 -38
leaf_value=-0.01863530763351582 -0.0023454840405617806 -0.005153906670882424 0.010907566050295397 0.0062058991799092246 0.019412002717889423 -0.014619479707054836 -0.0063879359620577902 0.010420715284714837 -0.0020489969644835078 0.0025976640050411333 0.011421360699837549 0.0062589739744277218 -0.005074457402856042 0.00473253015820615 0.0012068881363674624 0.00048987090199334438 -0.007381656687490498 0.0037231275191478503 -0.0044243599579918934 -0.0050898121308809103 0.0026696883680176775 -0.011766784439764949 0.0013264663381239569 -3.4639976009732264e-06 -0.01286562760566813 -0.01239099492526958 -0.0054329147212135252 -0.0084968105732161209 -0.0062842911313083791 -0.00253884568204669 -0.013576191285482509 -0.013104258910555616 -0.0078103559264654362 -0.0088688552525883601 -0.011911724056452605 -0.017073745450858713 -0.01518085550703834
leaf_weight=48.246363908052444 139.82853311300278 71.308359265327454 210.92310416698456 233.79573673009872 246.55274081230164 60.149516463279724 79.01424252986908 183.94495046138763 111.33024454116821 168.20456320047379 263.54715645313263 90.878193914890289 141.65274280309677 116.84747725725174 104.1541091799736 93.458419382572174 91.401036500930786 94.159996688365936 137.78501838445663 81.393739283084869 89.908721625804901 64.545988440513611 84.572900116443634 112.45026671886444 101.60308942198753 60.233990073204041 99.481442481279373 74.47437596321106 62.715079247951508 130.22927469015121 86.684089124202728 67.502495795488358 79.798145651817322 59.855359435081482 55.716724872589111 54.515369385480881 47.502928256988525
leaf_count=111 151 98 117 158 90 117 108 135 102 146 147 84 172 95 120 118 125 91 166 113 90 101 88 114 178 103 149 126 93 152 165 114 125 87 99 118 99
internal_value=7.51625e-06 -0.00604055 0.00801097 0.00539364 0.015491 -0.0110344 -0.00242993 0.00319815 0.00461575 0.00668403 0.00896963 -0.000713565 0.000596426 0.00142375 -0.00445083 -0.00600882 -0.00340209 -0.000592482 -0.00200012 -0.00953623 -0.000382773 -0.00847104 -0.00179232 -0.00283035 -0.0100832 -0.00957843 -0.00862458 -0.0114313 -0.00979946 -0.00399233 -0.0157327 -0.0108617 -0.00978069 -0.0103725 -0.0133174 -0.0169767 -0.0161924
internal_weight=4100.37 2335.48 1764.88 1307.41 457.476 980.017 1355.47 810.064 580.327 352.15 497.343 732.958 523.714 228.178 622.508 380.569 184.859 432.836 241.939 743.069 229.737 195.71 338.676 254.103 661.675 560.072 369.731 190.341 270.25 209.244 236.949 207.535 140.032 124.401 115.866 150.265 102.018
internal_count=4565 3334 1231 1024 207 1710 1624 719 478 281 305 809 549 197 815 529 243 465 286 1217 241 286 374 286 1104 926 584 342 435 260 493 342 228 188 216 328 217
is_linear=0
shrinkage=0.0161547


Tree=39
num_leaves=39
num_cat=0
split_feature=43 43 19 43 43 43 44 17 39 43 44 42 51 50 44 43 1 17 43 44 51 51 51 15 53 42 53 50 0 13 52 21 8 53 43 15 19 52
split_gain=686.457 154.056 125.387 31.9647 30.6132 29.492 18.0941 16.846 12.8009 12.4663 15.4917 10.1021 9.71314 11.8279 9.33368 9.13287 8.82078 8.81428 9.50267 8.94788 7.33727 6.81735 6.12033 5.87442 4.76203 4.74388 4.641 4.62385 4.81749 5.133 2.62054 2.57843 2.11242 1.86797 0.967332 0.51078 0.376369 0.245149
threshold=1.2255500000000004 0.81235000000000013 0.78070307837369646 2.1972000000000005 2.0324500000000003 0.67295000000000016 71.500000000000014 0.057008531622242516 1.0000000180025095e-35 0.97555000000000014 72.500000000000014 2.5000000000000004 18.500000000000004 89.500000000000014 80.500000000000014 0.5616000000000001 1.5000000000000002 0.11626708842528705 1.5726000000000002 75.500000000000014 19.500000000000004 19.500000000000004 15.500000000000002 0.15838088261438485 0.96130391013822181 2.5000000000000004 0.97796923476467079 88.500000000000014 0.0063205777210034132 0.18568290798751111 0.90698742374244279 0.054302667342220452 0.024118210710665302 0.91102016829210564 0.50075000000000014 0.0053296957368991447 0.0093268952399923923 0.92152411567520665
decision_type=2 2 2 2 2 2 2 2 2 2 2 2 2 2 2 2 2 2 2 2 2 2 2 2 2 2 2 2 2 2 2 2 2 2 2 2 2 2
left_child=1 5 3 7 -4 15 20 21 17 12 -11 26 16 -14 25 34 -8 19 -19 -9 23 31 -17 33 -22 30 27 -7 -29 -30 -12 -2 35 -3 -1 -24 -36 -37
right_child=2 6 4 -5 -6 11 9 8 -10 10 14 -13 13 -15 -16 22 -18 18 -20 -21 24 -23 32 -25 -26 -27 -28 28 29 -31 -32 -33 -34 -35 36 37 -38 -39
leaf_value=-0.018666117191869561 0.0011739898813792704 -0.0061394091027600376 0.0096553793743636134 0.011026647179415268 0.017722898990978328 -0.010603157026835895 0.0025283088606506093 -0.0010528344524178598 0.0098820118783472296 0.0067190753499236635 -0.00548087113802236 -0.0025680381832756368 -0.0010403288830044377 -0.0090638549145993577 0.0038727095222889671 -0.0077216034004797688 -0.0043236390214201788 0.0029924537708989423 0.0084268347182713602 0.0053193451606798657 -0.0047716743567433181 0.0036209066608291099 -0.015668756706406488 -0.003210097773660213 0.00071703639945844906 0.00072109952024987844 -0.011860850877779598 -0.0030988383921682354 -0.010710418607097738 -0.0044749707270425824 -0.0018278424443990882 -0.0024554395050667031 -0.011149837221751523 -0.0094239411427074534 -0.01497091121953382 -0.014496590975490335 -0.016894461889281648 -0.012893982932988286
leaf_weight=45.838854014873505 92.472416520118713 78.104368925094604 204.63291984796524 195.22069627046585 306.77432215213776 108.00014600157738 110.766257584095 124.37551957368851 133.49222350120544 94.032774806022644 81.454364597797394 80.429329454898834 84.77186131477356 110.38439208269119 99.425140380859375 71.305061757564545 87.974590420722961 152.60354965925217 186.72243332862854 106.97317969799042 83.265295803546906 158.74571454524994 48.099197536706924 101.84644031524658 81.758486092090607 128.93797385692596 99.710570484399796 72.033099502325058 86.205907881259918 57.390756368637085 138.19993579387665 114.13015496730804 88.81852912902832 107.22237855195999 57.399682879447937 46.770955234766006 49.386991053819656 53.294625759124756
leaf_count=107 95 109 116 108 118 181 130 112 92 86 97 103 102 157 95 118 109 125 121 85 110 147 98 121 96 132 169 105 144 81 157 115 156 155 122 93 106 100
internal_value=0.000163549 -0.00555952 0.00774481 0.00501539 0.0144948 -0.0105182 -0.00211349 0.00391815 0.00537854 -0.00083149 0.000757839 -0.00781643 -0.0030186 -0.0055786 -0.000493344 -0.0134712 -0.000504773 0.00432509 0.00598285 0.00189359 -0.00476695 0.0011034 -0.0118712 -0.00632688 -0.00205238 -0.00173863 -0.00881356 -0.00787469 -0.00650811 -0.00821832 -0.00318249 -0.000830958 -0.0131198 -0.0080397 -0.0167031 -0.0143007 -0.0158605 -0.013643
internal_weight=4128.97 2352.83 1776.14 1264.74 511.407 964.684 1388.14 1069.52 704.167 935.947 542.05 503.77 393.897 195.156 448.017 460.914 198.741 570.675 339.326 231.349 452.197 365.348 308.288 287.173 165.024 348.592 423.34 323.63 215.63 143.597 219.654 206.603 236.983 185.327 152.626 148.165 106.787 100.066
internal_count=4573 3339 1234 1000 234 1683 1656 892 535 1065 567 783 498 259 481 900 239 443 246 197 591 357 565 385 206 386 680 511 330 225 254 210 447 264 335 291 228 193
is_linear=0
shrinkage=0.0161547


Tree=40
num_leaves=37
num_cat=0
split_feature=19 19 18 42 42 42 2 44 0 19 23 8 0 15 53 53 51 21 23 42 17 14 17 53 8 44 53 52 10 0 53 42 46 44 17 45
split_gain=482.47 153.575 67.3166 43.4407 29.5151 23.9915 23.5782 16.1984 15.8169 27.4727 15.5662 14.7464 14.679 12.6379 10.4785 15.2986 10.3906 8.98436 8.41326 8.33812 7.99695 7.56762 12.9025 6.96338 6.95752 4.41515 4.27205 4.05412 3.88287 7.82497 3.48837 3.15286 2.66468 2.96456 2.91071 0.713241
threshold=0.3769602537048386 0.079240664416882281 6.5000000000000009 1.5000000000000002 2.5000000000000004 3.5000000000000004 1.0980486479259108 70.500000000000014 0.08257839580201469 0.037781598933224629 0.11446368572336509 0.13666274502772999 0.24694150236522591 0.31357177712175316 0.89060886751271606 0.86731865515938245 16.500000000000004 0.14620366251538663 4.0830180283067206 1.0000000180025095e-35 0.12863812637751021 1.5000000000000002 0.001713562872673369 0.94708392296360266 0.026754374972308956 75.500000000000014 0.92361816944801511 0.90487736723273982 0.38045099209021166 0.28324313594654837 0.90528059157376572 2.5000000000000004 1.0000000180025095e-35 67.500000000000014 0.00045695214246365724 1.0000000180025095e-35
decision_type=2 2 2 2 2 2 2 2 2 2 2 2 2 2 2 2 2 2 2 2 2 2 2 2 2 2 2 2 2 2 2 2 2 2 2 2
left_child=1 3 5 10 7 18 -4 23 21 -10 32 12 24 -13 15 -9 -16 28 20 27 -2 22 -5 -3 -6 30 -7 -12 -18 -30 -21 -23 33 -1 -35 -36
right_child=2 4 6 8 11 26 -8 14 9 -11 19 13 -14 -15 16 -17 17 -19 -20 25 -22 31 -24 -25 -26 -27 -28 -29 29 -31 -32 -33 -34 34 35 -37
leaf_value=-0.015405913606075936 0.0056556217582172013 -0.0079814869721171709 0.0102998404583851 -0.0078521048054177953 0.005782125215046929 0.0075769689462554229 0.018159887809144827 -0.0019796166265784146 0.0074302615518204579 -0.0047461817953486727 -0.013839252353087219 -0.003104801837441763 0.010526847649014577 0.0044573267296155157 -0.0054190596525371575 0.006763530571719893 -0.0050687747403439579 0.0024353674902404879 0.0072461181435864511 -0.0041504508209083413 0.00013091213978296909 -0.010408978924623081 -0.00045828213508633487 -0.002071192457492143 -0.00026718650325975395 -0.0024911422657906924 0.011347521120293646 -0.0084789787708135569 0.0026539030606047001 -0.0045087604793055446 -0.0088144452004668434 -0.0060304905981767064 -0.0093224809079901043 -0.009693199241668728 -0.014358439693932011 -0.012001279699768164
leaf_weight=75.267568796873093 106.30436640977859 120.85371059179306 193.13986134529114 117.68486192822456 108.78940132260323 156.93674951791763 205.65286493301392 97.942015767097473 75.528988748788834 134.41654974222183 56.355389267206192 132.70485734939575 103.10785722732544 102.00890827178955 136.87296804785728 111.90473333001137 86.450058490037918 180.35974621772766 115.00375074148178 66.801777690649033 191.64266109466553 93.104791045188904 129.22821611166 91.344454228878021 91.225669682025909 79.215866535902023 156.74191105365753 106.2440844476223 82.148302555084229 77.222014188766479 112.04912567138672 79.625266849994659 80.907714337110519 103.69753843545914 73.973313808441162 61.231319934129715
leaf_count=155 89 170 108 176 103 97 82 113 83 174 100 140 81 84 162 108 109 177 79 99 169 147 164 115 92 108 91 170 86 96 174 102 141 178 139 111
internal_value=1.32027e-05 -0.00340174 0.00902001 -0.00717368 0.000178002 0.00609303 0.0143532 -0.00148375 -0.00398573 -0.000365644 -0.00963414 0.00322166 0.0055755 0.000181774 -0.000398311 0.00268283 -0.00154664 -0.00030296 0.00353465 -0.00747149 0.00210207 -0.00579684 -0.00398236 -0.0054373 0.00302307 -0.00566616 0.00946107 -0.0103368 -0.00231209 -0.000816726 -0.00707242 -0.00839058 -0.0119369 -0.0126101 -0.0117293 -0.0132909
internal_weight=4093.69 2968.27 1125.42 1445.33 1522.93 726.629 398.793 985.098 629.589 209.946 815.744 537.837 303.123 234.714 772.9 209.847 563.053 426.18 412.951 420.666 297.947 419.643 246.913 212.198 200.015 258.067 313.679 162.599 245.82 159.37 178.851 172.73 395.077 314.17 238.902 135.205
internal_count=4572 3857 715 2221 1636 525 190 1136 846 257 1375 500 276 224 851 221 630 468 337 651 258 589 340 285 195 381 188 270 291 182 273 249 724 583 428 250
is_linear=0
shrinkage=0.0161547


Tree=41
num_leaves=40
num_cat=0
split_feature=43 43 42 43 43 19 14 17 40 44 43 13 19 42 51 52 52 50 5 43 40 13 17 53 52 53 51 53 19 6 50 43 52 19 51 44 6 43 19
split_gain=692.33 152.478 102.226 55.7746 27.9068 25.6801 23.7504 20.5416 11.9913 8.70091 8.54842 8.48896 8.31303 7.87687 10.0812 7.82947 6.13526 6.12914 6.10511 5.98081 5.72273 6.90916 4.85333 4.93067 4.8322 4.31258 4.22784 4.19776 4.17686 3.87714 2.54922 2.4625 1.77016 1.76861 1.61504 1.56027 1.11313 0.58458 0.434151
threshold=1.3199000000000003 0.82555000000000012 3.5000000000000004 2.1972000000000005 0.57435000000000014 0.19002187068628609 5.5000000000000009 0.022489426358038637 1.0000000180025095e-35 78.500000000000014 0.69495000000000007 0.16476838131086069 0.12256416566541005 1.5000000000000002 19.500000000000004 0.91706344704376541 0.95914581133341847 90.500000000000014 1.5000000000000002 1.0084000000000002 1.0000000180025095e-35 0.39309643242248954 0.096049042256999964 0.92681474553163901 0.94569171602175783 0.99083314081467899 18.500000000000004 0.94779950875236973 0.049435623136082053 0.18418269349846603 89.500000000000014 0.54375000000000007 0.93506636712040014 0.01388139465137225 18.500000000000004 72.500000000000014 0.010902816519397595 0.49320000000000003 0.020289018372558972
decision_type=2 2 2 2 2 2 2 2 2 2 2 2 2 2 2 2 2 2 2 2 2 2 2 2 2 2 2 2 2 2 2 2 2 2 2 2 2 2 2
left_child=1 4 5 6 31 18 -4 13 10 16 24 15 19 28 32 -9 -7 20 -2 -13 21 -14 29 -24 35 27 -10 30 36 -19 -12 37 -15 -26 -32 38 -3 -1 -6
right_child=2 7 3 -5 8 9 -8 11 26 -11 25 12 17 14 -16 -17 -18 22 -20 -21 -22 -23 23 -25 33 -27 -28 -29 -30 -31 34 -33 -34 -35 -36 -37 -38 -39 -40
leaf_value=-0.018712716792605742 0.0024138368656619422 -0.0073858431197577493 0.0055583019326588641 0.017697193445817615 -0.013702873228965207 0.0037174233877971994 0.013703602533110022 -0.0010800098210137761 -0.0014756580877860574 0.0095639877164166217 -0.010464860071781193 -0.0080512436172558363 0.0028459184157812872 -0.0071984150684354202 0.00089524177771124573 0.0052672779513331719 0.0079770844316250332 -0.0017538520872246322 -0.0026559394542758261 -0.0016224880296956741 0.0044169677259667589 -0.0026156373808785354 0.0021832896799920238 -0.0031618769460490547 -0.011659153420552407 -0.01156477002014869 -0.0071737106737707595 -0.0039591336585795157 -0.0038137527996263214 -0.0067382380819519319 -0.0054747221056133232 -0.013185926295119207 -0.0036743726518765228 -0.0078857529123889519 -0.0089098380604146748 -0.011622281578450794 -0.010310044885151739 -0.016308977255293559 -0.015861306145777253
leaf_weight=40.041887640953064 170.34523904323578 78.898077607154846 236.17859226465225 344.43568229675293 47.257618963718414 243.16790807247162 154.56262797117233 94.003964781761169 67.222683936357498 180.97260844707489 86.915271520614624 73.746034145355225 104.68804770708084 79.10467791557312 110.50058752298355 110.13997638225555 138.50545084476471 86.185981333255768 97.451947689056396 77.408048331737518 91.658594369888306 143.04898470640182 98.103663742542267 83.26374214887619 53.810517758131027 72.264169216156006 68.726611346006393 78.696160882711411 70.445707261562347 77.216164708137512 82.191036283969879 63.811812281608582 70.219283282756805 81.534120827913284 63.173162281513214 67.835260599851608 59.662863075733185 77.523197621107101 50.105355441570282
leaf_count=96 158 114 173 136 94 172 78 112 96 111 143 101 106 105 130 117 92 97 96 85 86 153 96 89 100 121 106 113 93 95 122 128 89 136 99 124 91 172 97
internal_value=0.000140541 -0.00511901 0.00857064 0.0129579 -0.0100069 0.00468666 0.00878028 -0.00187475 -0.00873816 0.00664654 -0.00960937 -0.000608627 -0.00133034 -0.00468193 -0.00280387 0.00234449 0.00526321 -0.00057284 0.000568935 -0.00475899 0.000968258 -0.000307708 -0.00208992 -0.000270616 -0.0116491 -0.00800981 -0.0043562 -0.00718372 -0.00701661 -0.00410924 -0.0082762 -0.0157409 -0.00554124 -0.00938599 -0.00696757 -0.0135032 -0.00864497 -0.0171277 -0.0148137
internal_weight=4075.02 2509.4 1565.62 735.177 1001.11 830.443 390.741 1508.29 819.732 562.646 683.783 1039.46 835.319 468.831 259.825 204.144 381.673 684.165 267.797 151.154 339.396 247.737 344.77 181.367 300.543 383.24 135.949 310.976 209.007 163.402 232.279 181.377 149.324 135.345 145.364 165.198 138.561 117.565 97.363
internal_count=4522 3506 1016 387 1747 629 251 1759 1351 375 1149 1137 908 622 324 229 264 722 254 186 345 259 377 185 551 598 202 477 298 192 364 396 194 236 221 315 205 268 191
is_linear=0
shrinkage=0.0161547


Tree=42
num_leaves=38
num_cat=0
split_feature=43 43 2 43 42 23 28 43 43 42 43 2 0 1 2 51 43 14 42 23 21 0 52 50 52 19 43 53 51 2 43 0 52 43 19 23 19
split_gain=623.029 184.205 91.4526 48.6711 24.8007 23.0421 24.2855 14.7514 10.2888 10.1038 9.95514 9.51676 9.3156 10.2062 7.97897 6.99998 7.20333 6.65591 9.82679 6.19237 5.21703 4.23161 3.81665 3.37805 7.93271 5.46288 4.38174 2.88709 2.73362 2.36145 2.25181 1.54828 1.168 0.783763 0.669146 0.483071 0.348044
threshold=1.4083000000000003 0.89405000000000012 1.130775906436434 0.68820000000000014 3.5000000000000004 0.51476788789747141 1.0000000180025095e-35 2.1972000000000005 1.1074500000000003 2.5000000000000004 0.55795000000000006 0.20184015611810177 0.14649812344453239 2.5000000000000004 0.36496844143472312 19.500000000000004 0.96725000000000005 1.5000000000000002 1.5000000000000002 1.2081350729723677 0.18696525115980872 0.13705010658587019 0.91132701556953777 90.500000000000014 0.89894760290174602 0.047528188180929527 0.76450000000000007 0.90188601915518507 19.500000000000004 0.074041535008383522 1.0572000000000001 0.050411828423373189 0.88624952560493575 0.50075000000000014 0.041096337438982868 0.092397362887525827 0.0093268952399923923
decision_type=2 2 2 2 2 2 2 2 2 2 2 2 2 2 2 2 2 2 2 2 2 2 2 2 2 2 2 2 2 2 2 2 2 2 2 2 2
left_child=1 3 4 10 11 6 17 -6 15 20 33 28 -10 19 -13 16 -7 18 -3 -14 23 22 32 26 -25 -26 34 -24 -2 30 -19 -28 -12 -1 -5 -29 -35
right_child=2 5 -4 9 7 8 -8 -9 12 -11 21 14 13 -15 -16 -17 -18 29 -20 -21 -22 -23 27 24 25 -27 31 35 -30 -31 -32 -33 -34 36 -36 -37 -38
leaf_value=-0.018284047032797492 0.00049547006177208682 -0.0068791362151657412 0.016127352835526024 -0.013115758490915777 0.0070018240924685886 0.0041183002860372062 0.0031750228989879392 0.01311923118990142 0.0063656802696114073 -0.0024827289122890794 -0.013364213135617085 0.0091925295330372372 0.0016893217286664986 0.004289928907871856 0.0041115570998950229 -0.0039912600489619178 -0.0015410326813931625 -0.010140256659691867 0.0011848425585682574 -0.0035089808567761341 -0.0034520656776754208 -0.0082091570244055886 -0.0080660119378055499 -0.010514736133136414 -0.0021299449218475305 -0.0075786446645188486 -0.0055309533543880084 -0.013571096853167066 0.0039172478293750023 -0.0048823768456462647 -0.0061448663075184314 -0.0090441638865498952 -0.016644490645648286 -0.014756353138056608 -0.010521559659389978 -0.011333617255945732 -0.016724212883337804
leaf_weight=46.54716020822525 143.75130581855774 72.706105768680573 344.29912269115448 51.800176501274109 257.1253998875618 93.670756459236145 119.41809129714966 171.47816717624664 121.74742645025253 139.07557880878448 74.516096979379654 132.71369975805283 121.12277048826218 171.09302151203156 205.63899326324463 134.8979817032814 157.19525003433228 70.120384931564331 86.188692152500153 118.13189733028412 79.298736751079559 79.456039875745773 61.804677397012711 96.139555037021637 96.888883113861084 95.211125373840332 62.384231328964233 52.589840441942215 105.75589853525162 106.02423238754272 77.504789352416992 68.886516660451889 45.702787160873413 47.890296697616577 51.994382470846176 48.319133043289185 45.970878809690475
leaf_count=112 126 102 145 94 172 98 129 79 105 175 148 92 118 147 140 159 174 102 98 119 103 132 108 156 140 144 93 103 87 136 97 104 94 105 88 88 102
internal_value=2.12919e-05 -0.00447882 0.00893147 -0.00903804 0.00649406 -0.00056534 -0.0032405 0.00944931 0.0009851 -0.00640759 -0.0129182 0.00433941 0.00244143 0.00127714 0.00610449 -0.00102366 0.000572103 -0.00509759 -0.00250502 -0.000877338 -0.00731342 -0.0115033 -0.0124284 -0.00789855 -0.00672642 -0.0048305 -0.00933581 -0.0108156 0.00194582 -0.00672166 -0.00804263 -0.00737457 -0.0146113 -0.0165701 -0.0118162 -0.0124997 -0.0157202
internal_weight=4055.06 2694.3 1360.76 1244.48 1016.46 1449.82 531.962 428.604 917.859 741.679 502.797 587.86 532.095 410.348 338.353 385.764 250.866 412.544 158.895 239.255 602.604 362.389 282.933 523.305 288.24 192.1 235.065 162.714 249.507 253.649 147.625 131.271 120.219 140.408 103.795 100.909 93.8612
internal_count=4514 3673 841 2089 696 1584 664 251 920 1097 992 445 489 384 232 431 272 535 200 237 922 673 541 819 440 284 379 299 213 335 199 197 242 319 182 191 207
is_linear=0
shrinkage=0.0161547


Tree=43
num_leaves=39
num_cat=0
split_feature=43 19 43 17 43 2 43 43 21 44 53 19 43 15 21 51 13 52 52 17 53 53 28 17 51 43 53 53 51 0 0 21 51 13 13 52 43 13
split_gain=658.515 122.081 120.925 29.6328 22.3501 22.3365 20.182 19.296 12.1178 10.7106 9.28144 9.2013 8.34462 8.17304 7.38349 7.27358 6.24172 5.77129 8.05917 5.11155 4.95737 6.34866 8.02203 6.27876 5.02022 4.64781 3.94888 6.41732 3.73288 2.52779 2.41767 2.75707 2.21401 2.08559 1.89277 1.84409 1.0197 0.2801
threshold=1.2255500000000004 0.78070307837369646 0.76450000000000007 0.045371408549968663 2.1972000000000005 1.0980486479259108 0.97555000000000014 0.55795000000000006 0.1262204234314484 79.500000000000014 1.0623865742566692 0.42494553034057375 1.1201000000000001 0.33417329761575337 0.15771999556707822 19.500000000000004 0.53213383754682109 0.90698742374244279 0.9506428847742413 0.084286046394433184 1.0021588248511275 0.91393653174282852 1.0000000180025095e-35 0.049521403859559644 19.500000000000004 0.67295000000000016 0.93953718700532229 0.99271926063360916 16.500000000000004 0.031477332024910626 0.22241694997234848 0.039032028910196873 18.500000000000004 0.031306618468090193 0.13729501695985871 0.93506636712040014 0.50075000000000014 0.017590211914267191
decision_type=2 2 2 2 2 2 2 2 2 2 2 2 2 2 2 2 2 2 2 2 2 2 2 2 2 2 2 2 2 2 2 2 2 2 2 2 2 2
left_child=2 3 7 15 9 -3 10 36 17 11 13 16 -10 20 25 -2 19 32 -19 -5 21 30 23 24 -23 28 29 -28 -9 -27 31 -4 -8 -30 -20 -35 -1 -38
right_child=1 5 6 4 -6 -7 8 14 12 -11 -12 -13 -14 -15 -16 -17 -18 18 34 -21 -22 22 -24 -25 -26 26 27 -29 33 -31 -32 -33 -34 35 -36 -37 37 -39
leaf_value=-0.018310951821398507 -0.0019131179186922761 0.010052438066737616 -0.006820187900888639 0.0013058149696159509 0.011025750597969338 0.017030604219347184 -0.0073418058942935367 -0.0090374997684869729 -0.0013433556151035541 0.0082583969007061098 0.00088042126874820592 0.0066591601541335105 0.0039485445861969001 -0.00069513797182480495 -0.004132415869656912 0.003013023819044839 -0.00068201538644850667 0.0023005527910822236 -0.0052263874454135315 0.0058008563410815728 -0.010382304306669232 -0.0097649363758300963 0.00084305703358863657 -0.0013774266090365455 -0.0038734693368357598 -0.0085420001802892463 -0.0029152598836426433 -0.010531741643611647 -0.014928876632813608 -0.012556837428074594 -0.0051287175514086519 -0.010776233406390331 -0.003520853591694809 -0.01360751406673911 -0.0018293189380421898 -0.0095883233105316778 -0.016258357726694744 -0.014505133618886307
leaf_weight=47.971742182970047 169.1624253988266 204.57742691040039 112.62359243631363 122.48062437772751 190.87717282772064 288.56962078809738 81.150492429733276 89.926805824041367 164.54193913936615 182.50584828853607 64.315592020750046 192.48915243148804 147.452372610569 80.886993765830994 54.401728600263596 145.50679105520248 122.24929642677307 91.384807646274567 91.460663199424744 143.2239653468132 64.801447302103043 89.55973094701767 68.239148795604706 67.493822872638702 65.24454864859581 84.711694449186325 59.952312678098679 55.68440118432045 84.589916914701462 79.180579334497452 82.834288537502289 77.689739555120468 77.250557720661163 60.005675762891769 80.460703909397125 59.169237464666367 49.928824067115784 45.410838216543198
leaf_count=117 177 104 169 110 100 115 106 159 177 126 79 128 136 93 78 134 104 100 117 115 97 136 81 83 92 140 90 96 177 138 111 117 95 117 93 105 113 99
internal_value=-0.000102032 0.0073152 -0.00583718 0.0046636 0.00608179 0.0141358 -0.00317556 -0.0110414 -0.00125604 0.00484489 -0.00499587 0.0037716 0.00115766 -0.00552864 -0.0098201 0.000364789 0.00233889 -0.00304178 -0.00157597 0.0037288 -0.00615072 -0.00566426 -0.00400192 -0.00548919 -0.00728189 -0.0103599 -0.00886883 -0.00658295 -0.011779 -0.0104817 -0.00743243 -0.00843513 -0.00547837 -0.012989 -0.00363653 -0.011612 -0.0163899 -0.0154233
internal_weight=4039.97 1761.64 2278.32 1268.5 953.826 493.147 1507.39 770.934 733.702 762.949 773.689 580.443 311.994 709.373 627.622 314.669 387.954 421.707 263.306 265.705 628.486 563.685 290.537 222.298 154.804 573.221 279.529 115.637 293.692 163.892 273.148 190.313 158.401 203.765 171.921 119.175 143.311 95.3397
internal_count=4524 1213 3311 994 683 219 1882 1429 824 583 1058 457 313 979 1100 311 329 511 310 225 886 789 392 311 228 1022 464 186 558 278 397 286 201 399 210 222 329 212
is_linear=0
shrinkage=0.0161547


Tree=44
num_leaves=39
num_cat=0
split_feature=43 19 43 43 2 42 21 43 50 43 19 21 42 51 23 50 40 43 2 8 19 19 15 52 50 15 13 51 2 43 52 52 52 43 15 43 51 19
split_gain=661.893 147.373 82.7798 46.5249 30.3558 29.8621 16.2336 15.6347 14.3913 11.7325 10.3693 9.79656 8.24582 8.48244 8.87123 9.18164 6.57109 6.02899 5.99556 5.46504 3.87689 5.29175 4.6185 4.01742 4.53732 3.51925 8.88928 3.15755 3.94281 2.50268 2.34119 1.69547 1.80191 1.52979 1.37545 0.699452 0.361597 0.257343
threshold=1.1074500000000003 0.78070307837369646 0.70185000000000008 1.5963500000000004 1.0980486479259108 3.5000000000000004 0.13717220654982765 0.82555000000000012 95.500000000000014 0.55795000000000006 0.12256416566541005 0.22939140072312295 1.0000000180025095e-35 16.500000000000004 0.29404285187328877 90.500000000000014 1.0000000180025095e-35 1.2181000000000002 0.24627914217979549 0.066098998744058085 0.067695579263603728 0.1134350115685288 0.23402760832744454 0.88232740654921848 89.500000000000014 0.12761416107522799 0.10667790177948989 19.500000000000004 0.11922013361104329 1.1650000000000003 0.90487736723273982 1.0101644682439328 0.94893642848195381 0.95495000000000008 0.29948056169701193 0.50075000000000014 19.500000000000004 0.0093268952399923923
decision_type=2 2 2 2 2 2 2 2 2 2 2 2 2 2 2 2 2 2 2 2 2 2 2 2 2 2 2 2 2 2 2 2 2 2 2 2 2 2
left_child=2 3 9 6 -3 18 17 20 11 35 12 -8 -9 -14 15 -15 19 29 -5 30 23 -22 -23 -4 -25 26 -19 28 -12 -2 36 32 -32 -16 -30 -1 -11 -37
right_child=1 4 7 5 -6 -7 8 10 -10 16 27 -13 13 14 33 -17 -18 25 -20 -21 21 22 -24 24 -26 -27 -28 -29 34 -31 31 -33 -34 -35 -36 37 -38 -39
leaf_value=-0.018111601655395656 -0.0013252690451544945 0.009111466622185373 -0.0051557347227846034 0.0016455875449362658 0.016899845080569558 0.011007860990961986 0.008209394114714396 -0.0095857610936027349 -0.001134972047070157 -0.013828653353220671 0.0017221147418134491 0.0027711348317194587 -0.0079253608130793445 -0.0042578721686455066 -0.0077307427527645647 0.0028439815162187992 -0.0059166748129245413 -0.0014220951043661292 0.0059161389299072368 -0.0075515532530655355 -0.001996280443639151 -0.010636267003099329 -0.0044507554202552306 -0.012962520528719445 -0.0078019217000883682 -0.0018740765243133357 0.0053944826077864366 -0.0037830208346175936 -0.0035518131303847711 -0.0053910875866391046 -0.012709085806422571 -0.013737113478409746 -0.0085959001528930837 -0.0043513007675266297 -0.00071292227816460892 -0.014811600546308064 -0.015750964281942101 -0.016504861085396394
leaf_weight=42.151599049568176 80.802128374576569 230.23218017816544 62.277650415897369 161.73740637302399 301.79798877239227 280.92243927717209 155.66988945007324 91.32477343082428 128.31883579492569 59.530176162719727 102.88482463359833 194.40651440620422 120.78045105934143 93.502000272274017 68.634273529052734 96.58387291431427 58.989809840917587 104.87581032514572 182.71933197975159 65.482385039329529 67.462833642959595 64.224071234464645 61.832383215427399 74.96939679980278 109.26743867993355 101.15189838409424 95.289772748947144 137.66882318258286 96.778308033943176 77.314958214759827 49.802209973335266 62.138597995042801 62.902344554662704 71.244677901268005 82.515075743198395 49.848863303661346 44.722467184066772 44.188302427530289
leaf_count=104 93 122 97 131 122 157 125 139 119 119 112 162 170 125 97 116 99 116 123 108 96 103 83 132 174 101 90 163 116 95 96 120 112 89 89 112 94 100
internal_value=-0.000111635 0.00618548 -0.00690667 0.00368599 0.0135295 0.0070989 0.00141015 -0.00483699 0.00349302 -0.0122824 -0.00368314 0.00518939 -0.00515927 -0.00426242 -0.00292164 -0.000649374 -0.0108988 -0.000758687 0.00391093 -0.0117517 -0.00735933 -0.00564791 -0.00760219 -0.00870284 -0.00990187 0.000581875 0.00182297 -0.00177729 -0.000798736 -0.00331334 -0.0127372 -0.0115947 -0.0104134 -0.00600949 -0.00224529 -0.0163824 -0.0146533 -0.0156073
internal_weight=4036.95 2095.24 1941.71 1563.21 532.03 625.379 937.83 1401.95 478.395 539.757 961.917 350.076 542.07 450.745 329.965 190.086 403.568 459.435 344.457 344.578 440.034 193.519 126.056 246.514 184.237 301.317 200.166 419.847 282.178 158.117 279.096 174.843 112.705 139.879 179.293 136.189 104.253 94.0372
internal_count=4521 1556 2965 1312 244 411 901 1901 406 1064 1216 287 736 597 427 241 748 495 254 649 685 282 186 403 306 307 206 480 317 188 541 328 208 186 205 316 213 212
is_linear=0
shrinkage=0.0161547


Tree=45
num_leaves=37
num_cat=0
split_feature=43 43 43 18 44 43 43 19 21 21 42 53 43 19 44 18 30 44 51 19 8 15 21 53 53 51 53 52 53 53 0 5 43 43 19 15
split_gain=600.339 123.107 105.994 38.3267 37.4355 21.1574 16.7074 13.6065 11.799 28.1866 10.8544 10.6583 10.2982 8.5922 7.59028 7.42449 6.93096 4.79059 4.75199 4.58525 4.32147 4.2642 7.55279 3.61792 3.481 3.35207 2.62001 2.13094 2.12325 7.89475 1.30034 2.86716 0.821945 0.712142 0.42613 0.381867
threshold=1.1074500000000003 2.0324500000000003 0.68820000000000014 5.5000000000000009 78.500000000000014 0.90720000000000012 1.5132500000000002 0.70875963751853488 0.1262204234314484 0.22939140072312295 2.5000000000000004 0.94288056771151185 0.55795000000000006 0.19002187068628609 79.500000000000014 4.5000000000000009 1.0000000180025095e-35 71.500000000000014 22.500000000000004 0.12256416566541005 0.024118210710665302 0.13027721193811101 0.04281066261402864 0.94932786211795017 0.89994874383492929 15.500000000000002 0.90528059157376572 0.93329330666766952 0.93953718700532229 0.98420471254065933 0.025496058989522657 1.5000000000000002 0.50075000000000014 0.64990000000000014 0.0093268952399923923 0.012303152925375293
decision_type=2 2 2 2 2 2 2 2 2 2 2 2 2 2 2 2 2 2 2 2 2 2 2 2 2 2 2 2 2 2 2 2 2 2 2 2
left_child=2 3 12 6 -3 10 8 -5 17 -10 14 -12 32 -8 18 16 19 -2 25 23 26 22 -19 24 -7 -4 -14 -22 30 -30 -27 -32 -1 35 -34 -28
right_child=1 4 5 7 -6 15 13 -9 9 -11 11 -13 20 -15 -16 -17 -18 21 -20 -21 27 -23 -24 -25 -26 28 33 -29 29 -31 31 -33 34 -35 -36 -37
leaf_value=-0.018370815379578392 -0.0039143245407623119 0.0086161469123075332 -0.0092746690393525327 0.0054150729881832409 0.016843336130706932 -0.0047580441738439777 0.0019925277647950801 0.012022222064741567 0.0069467842290745234 -0.0015448191568111749 -0.0060663384296139227 0.0025900089713248014 -0.010467117350509026 0.0068458982810574564 -0.0023785610636778347 0.0016980070760144982 0.00024201711517236372 -0.0015419479024668065 -0.01080405388412699 -0.0016977961352687186 -0.011165112342381151 -0.0026802130425310042 0.0048573226263023701 -0.0028796850915627278 -0.0096719859486527181 -0.0055188392548544199 -0.016073694337505336 -0.0069501251752973484 -0.00063125727768534258 -0.0081075213442817172 -0.010739242860313556 -0.0058448418151548238 -0.014672720174904536 -0.012521337088845147 -0.016803668339856699 -0.013937031700805631
leaf_weight=43.45984947681427 105.47156798839569 311.03613555431366 113.21055853366852 167.62994909286499 269.31293618679047 93.424821466207504 151.49392193555832 158.02188432216644 216.62258225679398 192.81874936819077 79.259189486503601 69.821271002292633 83.589747697114944 256.16165715456009 86.007529765367508 114.05730748176575 143.90727537870407 101.57011789083481 96.030303597450256 159.06875860691071 59.709738820791245 95.675245404243469 91.489327371120453 106.79132550954819 62.986710846424103 78.543908983469009 42.35757115483284 65.794823825359344 69.327578872442245 78.711436122655869 59.509513586759567 65.743563443422318 50.706306129693985 47.875136107206345 47.368716180324554 45.041869610548019
leaf_count=109 127 165 181 123 107 125 133 81 179 176 107 80 159 173 120 119 164 114 160 180 110 100 88 136 90 122 91 110 95 123 99 96 115 94 109 91
internal_value=0.00012884 0.00609479 -0.00630836 0.00370113 0.012434 -0.00415444 0.00237841 0.00862118 0.00102714 0.00294782 -0.00594198 -0.00201217 -0.012853 0.00504228 -0.00684736 -0.00206225 -0.00281976 -0.000967774 -0.00753238 -0.0038632 -0.0113452 0.000108568 0.00149062 -0.00517187 -0.00673688 -0.00685679 -0.0127156 -0.00895544 -0.00607879 -0.00460634 -0.00714838 -0.00817024 -0.0165214 -0.014105 -0.0157019 -0.0149726
internal_weight=4079.61 2117.3 1962.3 1536.96 580.349 1476.4 1211.3 325.652 803.648 409.441 796.165 149.08 485.904 407.656 647.084 680.236 566.179 394.206 561.077 422.272 344.369 288.735 193.059 263.203 156.412 465.047 218.864 125.505 351.836 148.039 203.797 125.253 141.535 135.275 98.075 87.3994
internal_count=4551 1566 2985 1294 272 1997 1090 204 784 355 1183 187 988 306 996 814 695 429 876 531 655 302 202 351 215 716 435 220 535 218 317 195 333 276 224 182
is_linear=0
shrinkage=0.0161547


Tree=46
num_leaves=39
num_cat=0
split_feature=43 43 43 13 2 43 44 43 43 13 44 40 21 30 43 0 50 52 52 43 45 0 44 50 18 13 0 21 18 4 15 43 23 6 50 4 51 50
split_gain=600.209 123.628 98.1652 39.3381 27.0179 25.0915 16.9081 13.1663 10.8439 10.3226 9.66644 8.05446 7.81593 8.17572 7.72664 7.22659 6.58658 12.6038 5.76472 5.54908 4.70654 4.53421 4.28311 4.44937 4.15308 4.0091 3.80241 3.59185 3.37554 2.9391 1.88085 1.79473 1.75097 1.57121 1.19974 0.868227 0.728513 0.449535
threshold=1.2661500000000003 0.81235000000000013 1.9938000000000002 1.151456404228451 1.0980486479259108 0.67295000000000016 68.500000000000014 1.0457000000000003 1.5246500000000001 0.048956222180666926 78.500000000000014 1.0000000180025095e-35 0.1262204234314484 1.0000000180025095e-35 0.54375000000000007 0.33167004360268643 92.500000000000014 0.89784060897868379 0.93506636712040014 0.92140000000000011 1.0000000180025095e-35 0.14918765899979305 69.500000000000014 94.500000000000014 2.5000000000000004 0.43103135328416403 0.079321294206020229 0.039915661160627537 3.5000000000000004 0.14384902594702065 0.055513095962189986 0.61235000000000006 0.47746958493048025 0.10666026300301852 90.500000000000014 0.0018772887854218649 19.500000000000004 94.500000000000014
decision_type=2 2 2 2 2 2 2 2 2 2 2 2 2 2 2 2 2 2 2 2 2 2 2 2 2 2 2 2 2 2 2 2 2 2 2 2 2 2
left_child=1 5 4 -4 8 14 32 9 10 34 21 22 13 27 36 -10 19 -18 30 20 -11 -2 35 24 -24 -14 31 -9 -19 -23 37 -20 -3 -21 -8 -7 -1 -16
right_child=2 6 3 -5 -6 11 7 12 15 16 -12 -13 25 -15 18 -17 17 28 26 33 -22 29 23 -25 -26 -27 -28 -29 -30 -31 -32 -33 -34 -35 -36 -37 -38 -39
leaf_value=-0.015470708305366209 0.0025926721746374697 -0.009093762704876435 0.0074976625278609741 0.01577978701136817 0.010720411556255537 -0.0095712682914675957 -0.0058991274459626077 -0.0061973286907939362 0.0073335937122194494 0.0034713246047980936 0.0055713958051228285 -0.0028577213424168806 0.0046510542638994326 0.0024221038193111802 -0.013943796843268824 0.0031392506706284643 0.00072925035319287553 -0.008619672649864376 -0.0091494910956369715 -0.0045291105997612201 -0.0018433077942655001 -0.0026545517499814461 -0.011118770756434903 -0.004927194238936723 -0.006043604486556527 0.0005416492266514545 -0.0060619859941054297 -0.0018245006300345789 -0.0040504623333004917 0.0010485934046547442 -0.011063782591810907 -0.013288959744561868 -0.0056241089953356655 -0.0013378986422877073 -0.0089991806918008222 -0.012395853314003558 -0.018182557253664865 -0.015980176973800327
leaf_weight=66.910951644182205 139.90645563602448 82.994217425584793 254.99074584245682 362.35245895385742 145.98720479011536 54.006715506315231 68.775397598743439 80.508072435855865 202.26999771595001 98.165085911750793 120.38438713550568 82.312073707580566 97.080628573894501 84.94419276714325 64.144002676010132 228.08833688497543 87.574239552021027 104.55324810743332 55.029664069414139 85.575531899929047 78.071665644645691 132.98203110694885 101.02005922794342 117.05555239319801 72.120786547660828 171.24405914545059 57.090496987104416 125.34742474555969 70.745991766452789 96.538270890712738 49.099284082651138 54.312481433153152 69.951048374176025 76.044540226459503 61.904609560966492 59.899259001016617 42.13097819685936 50.614201992750168
leaf_count=158 133 126 152 138 77 94 98 104 153 112 98 118 89 90 135 163 105 148 105 106 98 128 174 177 111 167 96 142 87 81 91 107 90 85 95 108 104 109
internal_value=-0.000142776 -0.00538336 0.00723242 0.0123589 0.00426401 -0.00999138 -0.00242811 -0.00182621 0.00323968 -0.00325286 0.00159584 -0.00746377 4.00514e-05 -0.00179466 -0.0127899 0.00511061 -0.00235775 -0.00427546 -0.0115589 -0.000865657 0.00111698 0.000300339 -0.00840198 -0.00735999 -0.00900474 0.00202844 -0.00944125 -0.00353467 -0.00677566 -0.00109698 -0.0137098 -0.0112056 -0.00750688 -0.0030276 -0.00736766 -0.0110566 -0.0165185 -0.0148419
internal_weight=4052.73 2369.23 1683.5 617.343 1066.16 925.747 1443.48 1290.53 920.169 731.41 489.811 486.414 559.124 290.8 439.332 430.358 600.73 262.873 330.29 337.857 176.237 369.427 404.102 290.196 173.141 268.325 166.433 205.855 175.299 229.52 163.857 109.342 152.945 161.62 130.68 113.906 109.042 114.758
internal_count=4552 3429 1123 290 833 1687 1742 1526 756 934 440 782 592 336 905 316 741 340 643 401 210 342 664 462 285 256 308 246 235 209 335 212 216 191 193 202 262 244
is_linear=0
shrinkage=0.0161547


Tree=47
num_leaves=37
num_cat=0
split_feature=43 43 15 43 21 21 43 18 15 34 28 43 43 52 44 23 52 0 6 53 51 17 15 51 42 53 21 19 21 23 44 8 8 43 42 52
split_gain=568.584 184.703 62.7977 37.6149 26.2723 18.7686 12.5786 12.2261 11.3677 9.87053 9.90892 9.66294 8.41458 7.37717 7.19036 7.01897 5.44483 4.99062 4.96073 4.92019 4.91478 4.77561 4.252 4.03942 3.98909 4.05445 4.23343 3.79859 2.66746 3.67025 2.26611 1.97522 1.76111 0.805389 0.700278 0.55101
threshold=1.5246500000000001 0.89405000000000012 0.89188108796104826 0.6856000000000001 0.13717220654982765 0.16986764060381235 2.1972000000000005 5.5000000000000009 0.24991486285452294 1.0000000180025095e-35 1.0000000180025095e-35 0.54375000000000007 1.2181000000000002 0.94283579487430291 77.500000000000014 1.469718711229022 0.93329330666766952 0.81963046880216373 0.16404356882597212 0.86204487283962339 19.500000000000004 0.17623362924978223 0.082746941431825524 16.500000000000004 2.5000000000000004 0.99729100681811744 0.003863495252285127 0.29218994229003159 0.039915661160627537 0.51476788789747141 73.500000000000014 0.017776931246296871 0.030737037022073397 0.50075000000000014 1.0000000180025095e-35 0.93329330666766952
decision_type=2 2 2 2 2 2 2 2 2 2 2 2 2 2 2 2 2 2 2 2 2 2 2 2 2 2 2 2 2 2 2 2 2 2 2 2
left_child=1 3 6 11 9 -6 15 14 19 10 12 33 18 32 17 16 -2 27 20 -5 30 -17 -12 -15 25 26 -21 -7 35 -30 -3 -25 34 -1 -13 -28
right_child=2 4 -4 8 5 7 -8 -9 -10 -11 22 13 -14 23 -16 21 -18 -19 -20 24 -22 -23 -24 31 -26 -27 28 -29 29 -31 -32 -33 -34 -35 -36 -37
leaf_value=-0.018314481999190783 0.00046146573130783047 -0.0093916333615853588 0.014221542588360246 -0.011464019980774334 0.0076168366913873017 -0.002776343860576241 0.0096802207091178875 0.0045348947135041449 -0.0015696336209780632 0.0017624707515053184 0.0024357182608931581 -0.015746045184754993 -0.0010103101819480659 -0.0048026697542311409 0.0025181676267106655 0.008781779609673206 0.0055256039144268698 -0.0050371981196184398 -0.0019001799465281056 -0.0028547657413026807 -0.0038520747482843395 0.0046284825491400951 -0.0023729011154096031 -0.01208419960906917 -0.0038366309489772585 -0.010320304788734138 -0.010320335118418933 0.0014925566287406005 -0.0037225366367613102 -0.0083784556084859248 -0.0058267447517831366 -0.0077600398271101632 -0.010979199621458892 -0.015458982968185618 -0.013329902644966521 -0.0081890589568742352
leaf_weight=41.961057931184769 114.00418245792389 109.01436233520508 436.18398678302765 66.844432175159454 121.71622997522354 109.36717087030411 223.37821733951569 157.04354441165924 104.59842622280121 133.88889735937119 102.84831285476685 48.808611243963242 170.8631032705307 51.753075242042542 128.17007315158844 147.1862501502037 107.80098497867584 98.402600884437561 89.577844083309174 63.21303391456604 136.45926111936569 141.91263592243195 89.971890270709991 65.097293496131897 96.408477187156677 100.51653829216957 62.459155589342117 108.23362082242966 84.052425414323807 93.158851653337479 81.197310566902161 47.819605678319931 65.910469055175781 66.836287409067154 87.299261480569839 64.195132404565811
leaf_count=108 99 159 179 112 106 115 118 127 131 145 113 107 181 87 114 93 85 103 106 96 178 92 100 131 127 169 107 100 126 144 106 84 123 157 181 106
internal_value=-0.000112175 -0.00400815 0.00936655 -0.00879139 -0.000469335 0.00183178 0.00648255 0.000660594 -0.00650204 -0.00228977 -0.00298541 -0.0123324 -0.00402892 -0.011078 -0.000709218 0.00508446 0.00292272 -0.00201824 -0.00526801 -0.00731986 -0.00619152 0.00674301 0.000191967 -0.00854001 -0.00682871 -0.00744561 -0.00665844 -0.000653013 -0.00744972 -0.00617012 -0.00786986 -0.0102529 -0.0131467 -0.0165603 -0.0141963 -0.00924009
internal_weight=4018.15 2847.69 1170.47 1210.93 1636.75 722.933 734.282 601.217 735.446 913.821 779.932 475.486 587.112 366.688 444.173 510.904 221.805 316.003 416.249 630.848 326.671 289.099 192.82 164.67 564.004 467.595 367.079 217.601 303.866 177.211 190.212 112.917 202.018 108.797 136.108 126.654
internal_count=4515 3849 666 2096 1753 665 487 559 1118 1088 943 978 730 713 432 369 184 318 549 987 443 185 213 302 875 748 579 215 483 270 265 215 411 265 288 213
is_linear=0
shrinkage=0.0161547


Tree=48
num_leaves=36
num_cat=0
split_feature=23 19 42 42 15 19 42 15 42 8 17 53 15 28 52 45 50 2 13 52 19 52 42 35 21 53 15 47 53 42 52 8 15 45 52
split_gain=404.026 93.3195 72.1002 43.1167 38.0282 17.5414 16.5007 15.2504 14.6768 21.6913 14.2631 16.9548 9.80854 8.87661 8.6059 9.16573 8.02192 8.55404 7.86273 6.9465 6.08854 5.27248 5.1318 4.68794 3.76709 2.78476 2.3294 2.57095 2.11091 2.78073 1.86626 1.02548 1.7746 0.887273 0.472987
threshold=1.4936952777048991 0.082638819874649036 3.5000000000000004 2.5000000000000004 0.93967961015045043 0.78070307837369646 1.0000000180025095e-35 0.033737871735280048 2.5000000000000004 0.13990995349614793 0.054431769288167252 0.88645365796038089 0.041425697780058925 1.0000000180025095e-35 0.93604247666928198 1.0000000180025095e-35 94.500000000000014 0.50641204996423272 0.85719547698516274 0.93329330666766952 0.1504792233159627 0.91329427876986824 1.5000000000000002 1.0000000180025095e-35 0.054302667342220452 0.95549470138030268 0.06805255148960429 1.0000000180025095e-35 0.89261421228038274 1.5000000000000002 0.96487877779348297 0.0089767872401492997 0.0043633187218381402 1.0000000180025095e-35 0.9506428847742413
decision_type=2 2 2 2 2 2 2 2 2 2 2 2 2 2 2 2 2 2 2 2 2 2 2 2 2 2 2 2 2 2 2 2 2 2 2
left_child=1 3 5 6 18 16 26 23 10 19 14 -12 -9 21 15 -3 17 -2 -4 -10 -13 -5 -22 30 28 -16 27 33 -14 -30 31 32 -8 34 -1
right_child=2 8 4 13 -6 -7 7 12 9 -11 11 20 24 -15 25 -17 -18 -19 -20 -21 22 -23 -24 -25 -26 -27 -28 -29 29 -31 -32 -33 -34 -35 -36
leaf_value=-0.014358216743297398 0.0053439557810384519 0.0012155895202213282 0.0045246374154659418 -0.0067572436144024113 0.015015240111639868 0.0073441499461811286 -0.011347712958979711 0.0012313564345689269 0.0024325863034295697 -0.002874415666168576 0.0057854404046412192 -0.0048400015307089456 -0.0091896794198229204 0.0019447776532179222 -0.0080953121681919069 -0.0056677058572439593 -0.0012760090139111238 0.00043527628826240056 0.0093151326491335371 0.0077500202942526073 -0.0022936840954464605 -0.0010995492806863054 0.0025954263547038879 -0.0051446823636115838 -0.0031800564248336957 -0.003883428600344407 -0.0079041817808747725 -0.0089963324553709052 -0.0076848026769046974 -0.0031406166823929591 -0.007862243737182719 -0.012057437040525294 -0.0078430006444857245 -0.011260107375024003 -0.012225647884729575
leaf_weight=61.745223432779312 211.02147972583771 122.26667591929436 152.24877947568893 75.120468109846115 309.78427255153656 224.32286047935486 81.029596120119095 68.2106052339077 131.97823438048363 140.81751441955566 114.06102445721626 97.230058461427689 66.148324638605118 138.97372871637344 107.81604138016701 85.995290070772171 145.69289565086365 165.16445577144623 216.6572123169899 124.68907782435417 119.54192638397217 100.49210089445114 105.45393097400665 74.336927980184555 116.65226417779922 66.072752118110657 57.396576076745987 78.324508816003799 80.42043074965477 62.421707630157471 105.19540446996689 72.093538850545883 70.518047541379929 90.210698872804642 48.431487381458282
leaf_count=123 170 144 110 102 125 136 152 93 128 149 115 123 105 157 152 117 139 145 124 108 133 122 102 118 158 84 91 145 126 89 180 130 123 174 93
internal_value=8.85685e-05 -0.0036257 0.00703189 -0.00639683 0.0108423 0.00356624 -0.00786579 -0.00659985 -0.000326282 0.00222052 -0.00156317 0.000432757 -0.00433895 -0.00110568 -0.00384184 -0.00162665 0.00194236 0.0031888 0.00733808 0.0050158 -0.00146198 -0.0035197 -2.19339e-06 -0.00880849 -0.00550573 -0.00649492 -0.0108678 -0.0114781 -0.00680385 -0.005699 -0.00963673 -0.0104714 -0.0097169 -0.0124481 -0.0134208
internal_weight=4088.54 2663.64 1424.89 1447.72 678.69 746.202 1133.14 797.027 1215.92 397.485 818.438 436.287 393.853 314.586 382.151 208.262 521.879 376.186 368.906 256.667 322.226 175.613 224.996 403.174 325.643 173.889 336.108 278.712 208.99 142.842 328.837 223.641 151.548 200.387 110.177
internal_count=4585 3636 949 2281 359 590 1900 1274 1355 385 970 473 571 381 497 261 454 315 234 236 358 224 235 703 478 236 626 535 320 215 585 405 275 390 216
is_linear=0
shrinkage=0.0161547


Tree=49
num_leaves=38
num_cat=0
split_feature=43 43 43 19 43 44 13 13 19 17 51 42 43 42 43 53 13 17 43 43 51 2 50 15 43 53 8 2 21 17 43 50 17 15 45 53 53
split_gain=500.679 129.559 78.3068 39.0655 25.9516 18.2573 12.9229 13.3195 13.6466 12.794 15.8208 12.5262 9.54282 9.1351 9.0405 7.32972 7.3006 10.6739 5.79083 5.32512 5.45307 4.73929 4.68227 4.23253 3.57982 3.04559 2.65085 2.5772 1.99608 1.71772 1.64144 1.50764 1.49596 0.585701 0.817078 0.462635 1.27284
threshold=1.2661500000000003 0.81235000000000013 2.7357000000000005 0.42494553034057375 0.57435000000000014 68.500000000000014 0.048956222180666926 0.072112635382365758 0.12256416566541005 0.073531878045879309 19.500000000000004 3.5000000000000004 1.7591000000000003 2.5000000000000004 0.99250000000000005 0.91784838779694733 0.24185506398520853 0.17623362924978223 0.94705000000000006 0.69495000000000007 15.500000000000002 0.10134449512382113 95.500000000000014 0.76020232254939779 1.0727500000000003 0.89060886751271606 0.066098998744058085 0.061328528228860507 0.038436063830967426 0.028977541069325121 0.50075000000000014 90.500000000000014 0.020229059911516061 0.010230316640695477 1.0000000180025095e-35 0.96539899205807367 0.90188601915518507
decision_type=2 2 2 2 2 2 2 2 2 2 2 2 2 2 2 2 2 2 2 2 2 2 2 2 2 2 2 2 2 2 2 2 2 2 2 2 2
left_child=1 4 3 9 30 29 14 -8 18 10 27 23 15 19 -7 -11 -10 24 -9 20 -6 -20 25 -5 31 -21 33 -2 -27 -3 -1 -18 -24 -22 -35 36 -32
right_child=2 5 -4 11 13 6 7 8 16 12 -12 -13 -14 -15 -16 -17 17 -19 21 22 26 -23 32 -25 -26 28 -28 -29 -30 -31 35 -33 -34 34 -36 -37 -38
leaf_value=-0.018123880033281681 -0.0040823944808225975 -0.0087826539273676493 0.015298192686141547 0.0076819817835651919 -0.0063861071829867727 -0.0083165172937225661 0.0058760662450116899 -0.0063196934261619759 0.0042349904857878744 0.0058128469803836805 0.0043831933646643426 0.010213766443697852 0.0081833134178253622 -0.0037894131284234131 -0.0010936677219578238 0.0002990300349892599 -0.0017659500612872319 0.0034925130139445743 -0.00033602584480115063 -0.0061600035683003571 -0.013711583182960315 -0.0050144339600827247 -0.0032583459143141224 0.0038857934160536917 3.7397490099018797e-05 -0.01202930778320362 -0.0083701101796605139 -0.00054718733969316995 -0.0083507181131428406 -0.0053834445470554186 -0.013103422425380255 -0.0044092598427720869 -0.0069037806891048895 -0.01312660104042363 -0.010531188491086269 -0.012981182507003253 -0.017120283422093728
leaf_weight=41.982115268707275 94.353436589241028 74.128852933645248 237.25047695636749 152.66941714286804 65.98541322350502 102.03474539518356 79.758360534906387 123.37122923135757 109.21495187282562 124.11462378501892 181.15163749456406 361.98603361845016 148.32419735193253 102.39875748753548 81.22601592540741 127.60978853702545 117.96546030044556 140.52255237102509 156.29710990190506 69.806312739849091 66.74626699090004 88.508961915969849 62.168146938085556 153.92955112457275 177.74668312072754 78.599835097789764 51.7382772564888 125.26434433460236 75.447898149490356 81.398185223340988 41.236909002065659 107.74434792995453 55.698103249073029 63.933392643928528 62.700661957263947 39.447610437870026 41.112311244010925
leaf_count=110 100 114 91 96 114 158 90 176 114 96 156 181 94 148 98 113 136 131 180 114 142 110 96 91 178 145 90 119 123 108 92 132 87 129 123 89 97
internal_value=2.13787e-05 -0.0048007 0.00668641 0.00529594 -0.00953971 -0.00177611 -0.00114311 -0.000482042 -0.000978543 0.00288916 0.000849096 0.00817874 0.00493291 -0.00827551 -0.00511516 0.00301766 0.000423388 -0.000341869 -0.00346575 -0.00897918 -0.0105083 -0.00202749 -0.00758704 0.00577609 -0.00167737 -0.0089592 -0.011618 -0.002066 -0.0102276 -0.00700361 -0.0153692 -0.00302775 -0.00498101 -0.012487 -0.0118415 -0.0144197 -0.0151088
internal_weight=4065.57 2358.92 1706.65 1469.4 919.002 1439.92 1284.39 1101.13 1021.37 800.818 400.769 668.585 400.049 755.223 183.261 251.724 653.194 543.979 368.177 652.824 311.104 244.806 341.72 306.599 403.456 223.854 245.119 219.618 154.048 155.527 163.779 225.71 117.866 193.38 126.634 121.797 82.3492
internal_count=4561 3424 1137 1046 1699 1725 1503 1247 1157 678 375 368 303 1311 256 209 691 577 466 1163 598 290 565 187 446 382 484 219 268 222 388 268 183 394 252 278 189
is_linear=0
shrinkage=0.0161547


Tree=50
num_leaves=38
num_cat=0
split_feature=43 43 43 42 13 43 5 13 13 23 43 17 43 53 23 4 53 13 6 52 43 52 0 6 51 50 51 50 51 45 2 4 4 13 43 23 51
split_gain=513.895 136.699 74.9621 31.187 23.9084 22.1297 14.0147 12.0324 11.5185 13.3505 11.4662 10.7354 8.36587 6.68794 6.03061 11.0106 6.96384 6.29046 5.50687 5.69924 4.87043 4.56028 4.3329 10.937 3.77072 3.16876 2.90786 2.59248 2.24804 1.97023 1.86996 4.59359 1.63157 1.31503 1.30637 0.86647 0.642159
threshold=1.2181000000000002 0.81235000000000013 2.0324500000000003 3.5000000000000004 0.20658996938373539 0.57435000000000014 3.5000000000000004 0.30295894034614096 0.039019996241916856 0.18462150794106316 1.5132500000000002 0.17623362924978223 0.99250000000000005 0.94077431892277918 0.46510396816244864 0.0074376632263180465 1.0021588248511275 0.1974959811910896 0.048509061833725609 1.0197462719059629 0.6856000000000001 0.8854571507991148 0.092359132334971575 0.085678568213221076 19.500000000000004 93.500000000000014 15.500000000000002 88.500000000000014 18.500000000000004 1.0000000180025095e-35 0.13879352193887434 0.10793267903755403 0.038603536383566582 0.02433788448930899 0.54870000000000008 0.56778118397250288 19.500000000000004
decision_type=2 2 2 2 2 2 2 2 2 2 2 2 2 2 2 2 2 2 2 2 2 2 2 2 2 2 2 2 2 2 2 2 2 2 2 2 2
left_child=1 5 4 -4 25 34 7 -6 12 -10 24 14 -3 -12 22 -16 17 -17 20 28 26 -19 -11 -24 -9 -2 -7 -22 32 -29 -23 -32 -20 -28 36 -30 -1
right_child=2 8 3 -5 6 18 -8 10 9 11 13 -13 -14 -15 15 16 -18 21 19 -21 27 30 23 -25 -26 -27 33 29 35 -31 31 -33 -34 -35 -36 -37 -38
leaf_value=-0.015208695612462785 -0.0018093116651661841 -0.0085139968314533812 0.0062602968164260928 0.014177608637766724 0.0087726335611473787 -0.0082406284668001852 0.0094200750557163638 0.002587583414926133 0.004783611439117515 -0.0067350307389396295 0.0073355565531308909 0.0024554111503598758 -0.0012614829414526975 0.0026164139217962814 0.0032532065855544702 0.0024189210963197964 -0.0069814032488203425 0.00039604271708625587 -0.0076847030879190256 -0.0026957816050584326 -0.010486344067099827 -0.0056050403501875217 0.0017639892874737816 -0.0068690590859306049 -0.0012329855466576246 0.0018537506559019102 -0.014217080100785361 -0.0052826640310817763 -0.0078828018206252778 -0.0089213826851677145 -0.00074501325002409994 -0.0055561385563255355 -0.011512520344362445 -0.011271979026582194 -0.012995177521451877 -0.0050413007152217693 -0.017669859310161507
leaf_weight=72.632030963897705 137.42855167388916 105.12550169229507 199.91554546356201 370.43419408798218 139.44322043657303 50.209233790636063 186.931944668293 180.57578521966934 90.058681398630142 115.0575857758522 208.25655537843704 141.37193143367767 68.590665578842163 125.66323757171631 106.8909175992012 80.763836801052094 75.152795732021332 103.41393750905991 54.38747227191925 63.632506459951401 87.679098904132843 82.797922074794769 75.994240403175354 77.205250382423401 107.58133494853973 111.74329948425293 76.920688986778259 81.647982686758041 58.765625506639481 74.059844255447388 124.61786079406738 88.623360693454742 62.404695063829422 81.479069262742996 48.544561445713043 53.506183713674545 44.690216571092606
leaf_count=178 146 165 115 151 110 91 109 150 106 161 133 136 86 88 115 90 95 116 91 95 155 102 92 108 94 109 168 129 101 125 142 106 107 163 105 81 114
internal_value=6.70358e-05 -0.00506097 0.00658221 0.0114025 0.00428662 -0.00988766 0.00545654 0.00448361 -0.00177048 -0.00119042 0.00352219 -0.00169235 -0.00565039 0.00555961 -0.00232251 -0.0014948 -0.00240864 -0.00169301 -0.00869909 -0.00697277 -0.009817 -0.00252439 -0.00436593 -0.00258666 0.0011612 -0.000166579 -0.0116283 -0.00826449 -0.00816089 -0.00701336 -0.00354457 -0.00274452 -0.00972999 -0.0127022 -0.015224 -0.00652861 -0.0161462
internal_weight=4014.2 2246.22 1767.97 570.35 1197.62 910.559 948.452 761.52 1335.66 1161.95 622.077 1071.89 173.716 333.92 930.518 662.261 555.37 480.217 744.692 292.696 451.996 399.453 268.257 153.199 288.157 249.172 208.609 243.387 229.064 155.708 296.039 213.241 116.792 158.4 165.867 112.272 117.322
internal_count=4528 3323 1205 266 939 1703 684 575 1620 1369 465 1263 251 221 1127 766 651 556 1306 475 831 466 361 200 244 255 422 409 380 254 350 248 198 331 397 182 292
is_linear=0
shrinkage=0.0161547


Tree=51
num_leaves=38
num_cat=0
split_feature=43 43 43 44 43 18 44 44 43 13 17 43 19 32 44 43 45 44 52 52 42 52 51 53 53 51 46 52 43 43 51 43 44 43 43 19 4
split_gain=490.312 106.894 74.9874 37.9771 29.9488 20.4991 19.0717 18.246 14.4435 17.4996 16.2484 11.7415 10.1089 13.0785 9.2007 8.57452 6.5134 5.74993 5.50854 14.5368 4.96639 4.00094 3.83086 3.24285 6.3337 3.08588 2.9438 2.85078 2.72053 2.66204 1.9817 1.81454 1.60041 1.06211 0.779605 0.558361 0.538329
threshold=1.2255500000000004 0.69495000000000007 1.9938000000000002 78.500000000000014 0.97555000000000014 5.5000000000000009 71.500000000000014 72.500000000000014 1.5132500000000002 0.63092193698145749 0.057008531622242516 0.55795000000000006 0.12256416566541005 1.0000000180025095e-35 80.500000000000014 0.9043500000000001 1.0000000180025095e-35 75.500000000000014 0.90487736723273982 0.9506428847742413 1.5000000000000002 0.94569171602175783 16.500000000000004 0.9870734555289622 0.92300324210329154 19.500000000000004 1.0000000180025095e-35 0.90698742374244279 0.83895000000000008 0.78585000000000005 17.500000000000004 0.63040000000000007 72.500000000000014 0.82895000000000019 0.50075000000000014 0.0093268952399923923 0.0035441652235946703
decision_type=2 2 2 2 2 2 2 2 2 2 2 2 2 2 2 2 2 2 2 2 2 2 2 2 2 2 2 2 2 2 2 2 2 2 2 2 2
left_child=1 11 5 -4 12 8 25 -8 9 10 27 34 13 23 18 17 -10 20 -9 -20 -14 32 -23 24 26 -6 30 -2 -25 -26 -3 -24 36 -32 -1 -36 -13
right_child=2 4 3 -5 6 -7 7 14 16 -11 -12 21 15 -15 -16 -17 -18 -19 19 -21 -22 22 31 28 29 -27 -28 -29 -30 -31 33 -33 -34 -35 35 -37 -38
leaf_value=-0.017695940495233799 0.0016036493668011768 -0.006956360921059097 0.0072611300332477797 0.015278410289577733 -0.0063044147937490877 0.0077145465893958508 0.0077893794560953402 -0.0041243867864870784 0.0069684035807909732 -0.0052089353508878939 0.0060877958235554634 -0.013910496217083282 -0.0088802126704546694 0.00079349697418653535 0.0041349959086637552 0.00094819687823548878 0.0027110047156432625 -0.00059956058747282371 0.0052491802216815724 -0.0032309526626322312 -0.0032592008796195927 -0.00474465612147844 -0.012370075191376003 -0.011320033986443467 -0.0012727622363846085 -0.0021894770525100796 -0.0044735077587516273 -0.0020433273838985199 -0.0065330008998766348 -0.0053036594465079891 -0.0085024244287172802 -0.0081329654571767624 -0.0099643610192928587 -0.011571508161095596 -0.013736137109926194 -0.016329549935757783 -0.011708984404469379
leaf_weight=39.729054033756256 100.37047946453094 113.04307216405869 336.61487966775894 284.52705943584442 129.27746838331223 290.81543296575546 86.774170756340027 131.55262923240662 217.78718388080597 96.64801436662674 178.44466882944107 60.878666698932648 82.433936178684235 66.027810037136078 95.992122173309326 116.07977283000946 164.70556825399399 71.717428684234619 85.972933113574982 136.53694051504135 81.655410766601562 54.817630916833878 47.074152141809464 66.850204974412918 67.378153115510941 75.242710053920746 60.158953785896301 126.35391110181808 57.74597442150116 117.01023879647255 62.446604192256927 59.992408454418182 86.94456934928894 55.653775185346603 45.752166658639908 41.153540551662445 55.334187805652618
leaf_count=106 102 179 178 113 172 174 78 153 156 87 145 133 126 87 92 128 126 90 84 158 107 92 96 119 101 93 91 137 83 169 106 110 168 90 109 100 110
internal_value=9.90464e-05 -0.00492344 0.00639363 0.0109336 -0.00306262 0.0039939 -0.000592633 0.00100668 0.00277032 0.000967839 0.00244123 -0.0115827 -0.004861 -0.00603076 -0.000301083 -0.00264601 0.00513512 -0.00441532 -0.00150378 4.55846e-05 -0.00608304 -0.0101123 -0.00821771 -0.00678138 -0.0061737 -0.00479053 -0.00765677 -0.000428817 -0.00910141 -0.00383071 -0.00848527 -0.0099959 -0.0116221 -0.0099487 -0.0158212 -0.0149642 -0.0128623
internal_weight=4047.49 2251.23 1796.27 621.142 1759.55 1175.13 741.349 536.829 884.31 501.817 405.169 491.676 1018.2 666.315 450.055 351.887 382.493 235.807 354.063 222.51 164.089 365.042 161.884 600.287 475.691 204.52 291.302 226.724 124.596 184.388 231.143 107.067 203.157 118.1 126.635 86.9057 116.213
internal_count=4548 3330 1218 291 2306 927 830 565 753 471 384 1024 1476 1025 487 451 282 323 395 242 233 709 298 938 736 265 466 239 202 270 375 206 411 196 315 209 243
is_linear=0
shrinkage=0.0161547


Tree=52
num_leaves=38
num_cat=0
split_feature=23 42 13 15 42 0 44 42 8 19 23 44 17 53 0 44 44 52 47 52 6 0 19 35 0 52 52 19 53 44 19 52 44 22 50 13 15
split_gain=360.626 70.8115 66.9674 58.5105 22.8614 14.9085 13.6149 12.5151 12.4268 15.9661 10.2099 9.88286 9.7041 8.47162 7.91225 11.4194 7.80134 7.13348 6.0835 5.81785 5.49914 5.17676 5.06186 4.91228 4.66088 3.27808 3.02528 2.64004 2.38795 2.90499 2.22203 2.08971 2.04257 1.71462 3.44692 2.15064 1.16974
threshold=1.469718711229022 2.5000000000000004 2.1029644178733125 0.073887813976713318 3.5000000000000004 0.74752326461195517 68.500000000000014 1.0000000180025095e-35 0.14215026977384268 0.082638819874649036 0.1542157711281508 69.500000000000014 0.056041241266796937 0.88645365796038089 0.08257839580201469 74.500000000000014 73.500000000000014 0.93329330666766952 1.0000000180025095e-35 0.92152411567520665 0.08317152157473981 0.060078843594870618 0.1049482110754114 1.0000000180025095e-35 0.78614668835453683 1.0344386104535139 0.93088652918327819 0.18664843688935637 0.88897016076531321 68.500000000000014 0.0069872617018217177 0.97497258504563244 67.500000000000014 1.5000000000000002 88.500000000000014 0.0095808183264582663 0.032184574801058817
decision_type=2 2 2 2 2 2 2 2 2 2 2 2 2 2 2 2 2 2 2 2 2 2 2 2 2 2 2 2 2 2 2 2 2 2 2 2 2
left_child=1 3 4 7 16 -6 -5 28 9 14 23 -12 19 -14 15 -3 26 -11 24 22 21 -13 -8 32 -18 31 -2 -15 -1 -30 -31 -21 -9 34 -34 -36 -32
right_child=2 8 -4 6 5 -7 12 10 -10 17 11 20 13 27 -16 -17 18 -19 -20 25 -22 -23 -24 -25 -26 -27 -28 -29 29 30 36 -33 33 -35 35 -37 -38
leaf_value=-0.0082900631028856621 0.0020835976427528813 -0.005586073487335942 0.012836707731654044 -0.0076549844975092023 0.0035293996640337675 0.0095723599527755554 -0.0041035906035057461 -0.012242424221577878 -0.0032250898288447754 0.0023242224602032556 -0.010070149167944445 -0.0039721748152634203 0.0043180777343387973 -0.002589020505546112 0.0034152708961427873 0.0022654370631724759 0.0046448055502364659 0.0076922693578076158 0.0067299700985197488 -0.0046188712855500186 -0.0069087655491064433 0.001732170799492723 0.00099174828498268326 -0.0045826616189080446 0.00042365982436513893 -0.0020241890818543154 -0.001575734167229574 0.0005571272183730612 -0.014516811679447406 -0.0076089874165483394 -0.013510382996839838 -0.0082957140246035701 -0.010929258376469917 -0.011176302838677222 -0.0083327973418129489 -0.0041125376155085585 -0.010147349558095485
leaf_weight=81.360968232154846 121.26381903886795 119.2073318362236 335.54060018062592 108.37514120340347 168.15685683488846 290.79233467578888 89.637990713119507 52.511309504508972 152.96272745728493 134.87800347805023 64.074115216732025 90.538428276777267 101.69342049956322 149.72449159622192 87.706508189439774 81.3224977850914 139.87642562389374 123.99976778030396 139.60306918621063 95.946143716573715 64.507052510976791 76.684507310390472 117.683001101017 69.398262530565262 133.34467840194702 71.428962558507919 114.75711452960968 130.08150032162666 61.304374665021896 51.280042439699173 49.822391420602798 69.604705035686493 69.029717803001404 58.303045392036438 70.538760244846344 56.95930689573288 58.901347994804382
leaf_count=151 105 165 145 170 113 160 123 111 163 130 113 131 104 174 97 92 108 107 99 127 94 98 132 113 113 88 112 134 135 96 99 99 126 107 125 92 102
internal_value=3.44599e-05 -0.00354946 0.00651398 -0.00516085 0.00459888 0.00735825 -0.00227147 -0.00792864 0.000845449 0.00198349 -0.00670095 -0.00445465 -0.00156496 0.000324908 -0.000631872 -0.00240199 0.00264709 0.00489546 0.00398648 -0.00318769 -0.00290195 -0.0013563 -0.00121129 -0.00846467 0.00258469 -0.00491675 0.000304373 -0.00112638 -0.0106566 -0.0115267 -0.010381 -0.00616477 -0.00934123 -0.0087434 -0.00802164 -0.00644741 -0.0116885
internal_weight=4052.8 2609.47 1443.33 1909.39 1107.79 458.949 934.175 975.214 700.077 547.114 672.545 295.804 825.8 381.499 288.236 200.53 648.845 258.878 412.824 444.301 231.73 167.223 207.321 376.74 273.221 236.98 236.021 279.806 302.669 221.308 160.004 165.551 307.342 254.831 196.528 127.498 108.724
internal_count=4553 3598 955 2844 810 273 1151 1693 754 591 1110 436 981 412 354 257 537 237 320 569 323 229 255 674 221 314 217 308 583 432 297 226 561 450 343 217 201
is_linear=0
shrinkage=0.0161547


Tree=53
num_leaves=39
num_cat=0
split_feature=43 43 43 19 42 43 18 44 23 44 19 51 43 44 51 50 53 8 53 43 0 17 43 52 51 13 44 44 44 53 50 44 52 23 43 52 8 43
split_gain=451.531 103.589 73.9191 30.3276 22.5316 22.3379 14.4399 12.8821 12.5948 11.6273 11.1986 10.2226 10.0938 23.2774 10.6351 8.80505 8.1402 8.12393 7.6999 7.04021 6.60349 6.25952 4.98923 6.01049 4.82617 4.06254 3.98213 3.6976 3.25678 3.19426 3.62032 4.276 2.87609 2.36299 1.7711 1.32985 1.24089 0.846961
threshold=1.2181000000000002 0.81235000000000013 2.1972000000000005 0.10305941887090168 4.5000000000000009 0.57435000000000014 5.5000000000000009 71.500000000000014 0.85939506257353704 77.500000000000014 0.27183017949219901 19.500000000000004 0.97965000000000013 72.500000000000014 18.500000000000004 89.500000000000014 0.96130391013822181 0.25198597168771847 0.97905643911270845 0.9043500000000001 1.1520227610144074 0.14555151127640173 0.69495000000000007 0.96152879766598975 17.500000000000004 0.10826369490910241 73.500000000000014 69.500000000000014 72.500000000000014 0.98272433948956606 88.500000000000014 74.500000000000014 0.93506636712040014 0.64240193596005979 0.50075000000000014 0.90938961438577992 0.082664614958756627 0.6352000000000001
decision_type=2 2 2 2 2 2 2 2 2 2 2 2 2 2 2 2 2 2 2 2 2 2 2 2 2 2 2 2 2 2 2 2 2 2 2 2 2 2
left_child=1 5 3 26 -4 34 8 11 -5 10 -10 25 14 -14 19 -16 -13 18 33 -9 -8 -12 23 28 -25 -3 -2 32 37 30 -29 -32 -24 -15 -1 -36 -27 -7
right_child=2 7 4 6 -6 22 20 12 9 -11 21 16 13 17 15 -17 -18 -19 -20 -21 -22 -23 27 24 -26 36 -28 29 -30 -31 31 -33 -34 -35 35 -37 -38 -39
leaf_value=-0.017516887661089227 -0.0033524501974638984 -0.0090068189113355693 0.0080626949349753337 0.008404543685705446 0.015128596405736097 -0.014589529186864873 0.0056477832570649396 -0.0032779350462237553 -0.0029236862239647703 0.00584539135253312 0.0055103465866341806 -0.0047124733998887983 0.0081728457549236459 -0.0052772015406690673 -0.0018116197084060257 -0.0087808827326958626 0.0024942312188966213 0.0032396408482743889 0.0020225141172214747 0.0027547395481653256 0.010115818284038266 0.00055158322497490158 -0.011863467581482072 -0.0028421852786316274 -0.0093502335383608831 -0.0032337042709272364 0.00073201757414045659 -0.0078812964857104956 -0.0089140525359492143 -0.0089480590276604429 -0.0010985193461345289 -0.0065668060249646403 -0.0065588803407438025 -0.0020313053162751755 -0.015749161123220841 -0.012268518424022977 -0.0060041822044798335 -0.011742372142664737
leaf_weight=41.174375414848328 104.67117339372635 93.125338941812515 243.40179735422134 136.68605780601501 228.19105589389801 50.949294745922089 166.7430756688118 101.35923534631729 116.47871083021164 230.73706012964249 135.73397767543793 82.854749649763107 87.488227188587189 122.3304922580719 87.188535273075104 103.438332259655 80.785382926464081 91.150631189346313 82.163792490959167 100.58467823266983 178.99295884370804 130.12186151742935 55.748427867889404 50.812130570411682 71.697094947099686 73.722505450248718 153.86266416311264 71.713751673698425 89.629842758178711 65.4338338971138 85.796244710683823 66.049151420593262 51.147954225540161 112.23095732927322 47.152418285608292 72.994765311479568 98.647338032722473 58.66192090511322
leaf_count=112 117 146 120 108 83 112 108 135 107 160 100 115 78 155 110 152 95 85 86 114 90 95 102 84 138 97 154 119 171 109 123 104 86 120 115 167 129 117
internal_value=3.67532e-05 -0.0048987 0.00597358 0.00405517 0.0114817 -0.00919363 0.00522969 -0.00203242 0.00397022 0.00298157 0.00125327 -0.00433059 -0.000921728 0.000611596 -0.00285655 -0.0055933 -0.00115469 -0.00101027 -0.00223336 -0.000273167 0.00796095 0.0030833 -0.0079726 -0.00946673 -0.00665094 -0.00628809 -0.000921638 -0.00675827 -0.0111981 -0.00580874 -0.00488988 -0.00347709 -0.00932532 -0.00372413 -0.0146254 -0.0136345 -0.00481925 -0.0130658
internal_weight=4021.65 2196.03 1825.62 1354.03 471.593 878.961 1095.49 1317.07 749.758 613.072 382.335 429.135 887.935 495.364 392.571 190.627 163.64 407.876 316.725 201.944 345.736 265.856 717.64 321.75 122.509 265.495 258.534 395.889 199.241 288.993 223.559 151.845 106.896 234.561 161.322 120.147 172.37 109.611
internal_count=4518 3276 1242 1039 203 1659 768 1617 570 462 302 582 1035 524 511 262 210 446 361 249 198 195 1265 622 222 372 271 643 400 455 346 227 188 275 394 282 226 229
is_linear=0
shrinkage=0.0161547


Tree=54
num_leaves=37
num_cat=0
split_feature=43 43 42 13 43 19 42 43 17 17 40 43 43 53 44 52 4 28 53 53 44 8 15 10 21 15 0 53 8 19 21 51 43 53 52 52
split_gain=409.522 89.0868 87.7379 43.7152 20.5884 19.5044 12.8074 10.4272 9.99904 9.68922 12.3778 10.7274 9.39875 8.93775 7.51895 6.87646 5.85196 5.38065 8.67759 6.28887 5.17213 4.92693 4.17 7.14791 3.8648 6.80409 3.62594 4.36768 3.016 2.20074 1.17042 1.26761 1.15905 1.13242 0.995601 0.253315
threshold=1.1201000000000001 0.6856000000000001 3.5000000000000004 1.2523675638007543 0.9043500000000001 0.10305941887090168 2.5000000000000004 1.2337000000000002 0.10948280110602851 0.037206134241239634 1.0000000180025095e-35 0.94370000000000009 0.55795000000000006 0.92361816944801511 80.500000000000014 0.93506636712040014 0.0029836239243478902 1.0000000180025095e-35 0.95920522467349889 0.89060886751271606 74.500000000000014 0.025837865544127151 0.2534098189949428 0.027676952948497539 0.23322376845421167 0.1887630140796315 0.10105757879349291 0.90788641924338964 0.084138916233804192 0.047528188180929527 0.0123109368068303 18.500000000000004 0.50075000000000014 0.96130391013822181 0.93763497399644036 0.9506428847742413
decision_type=2 2 2 2 2 2 2 2 2 2 2 2 2 2 2 2 2 2 2 2 2 2 2 2 2 2 2 2 2 2 2 2 2 2 2 2
left_child=1 12 5 8 6 16 14 -7 -4 11 24 -6 32 -8 22 30 -2 18 19 -9 -18 -13 23 33 25 -11 27 -17 29 34 -14 -32 -1 -3 -25 -34
right_child=2 4 3 -5 9 7 13 17 -10 10 -12 21 15 -15 -16 26 20 -19 -20 -21 -22 -23 -24 28 -26 -27 -28 -29 -30 -31 31 -33 35 -35 -36 -37
leaf_value=-0.017815272407777385 0.0017065039004952667 -0.0039137731123362364 0.0027337155427424949 0.013119020758954703 -0.0088548732078144836 -0.00026095900065898882 -0.0049581258860264838 0.0058869480842266755 0.0077146854712633554 -7.6731982828912569e-05 0.0054174477943714034 0.00019913356981108757 -0.0143005261590777 0.003013765830961608 -0.0013879087332660212 -0.0059906226167282311 -0.0057851149692816073 0.001892799033784255 0.007331130193290715 0.0015656549661933947 -0.00038265186763828676 -0.0042827594157584283 -0.0034203946034990266 -0.010005157632103091 0.0016398015765460463 -0.0061484475524581812 -0.0043231650713476295 -0.01225187213550295 -0.0066672697149249005 -0.011864087497150075 -0.0096345309224585424 -0.013409461858393213 -0.015215705573875459 -0.0067218127427354874 -0.0068919243401739201 -0.013475384779721281
leaf_weight=37.264154642820358 102.22854483127594 112.32522901892662 183.03721368312836 379.22456729412079 74.770590722560883 168.22274613380432 73.980278313159943 150.19239920377731 247.26610577106476 116.70292741060257 93.397997379302979 136.50034981966019 65.16701728105545 72.841371893882751 71.606354236602783 51.893086940050125 93.380853414535522 203.56392079591751 237.63834768533707 211.88150703907013 91.62430876493454 120.53373456001282 75.147807061672211 56.037615269422531 79.082442700862885 82.01750373840332 50.417254626750946 66.125393271446228 97.937048763036728 97.929383248090744 47.574491858482361 45.338543713092804 47.461825281381607 56.248529940843582 51.394160628318787 40.412996739149094
leaf_count=103 108 178 150 152 112 171 101 105 152 136 91 169 148 85 101 96 110 148 159 158 96 157 100 101 80 100 84 137 153 170 93 95 119 93 88 97
internal_value=-1.6545e-05 -0.00538909 0.00497116 0.00912014 -0.00345928 0.00230283 -0.00529244 0.00339627 0.00559594 -0.00146328 0.000329803 -0.00346927 -0.0116635 -0.0010031 -0.00631045 -0.0102208 -0.00139547 0.00416217 0.00493248 0.00335818 -0.00310953 -0.00190261 -0.00695483 -0.0075177 -0.00138068 -0.0025827 -0.00794958 -0.00949878 -0.009 -0.0101125 -0.0126407 -0.0114766 -0.0154278 -0.00485074 -0.00851582 -0.0144153
internal_weight=3988.37 1920.11 2068.26 809.528 1468.45 1258.73 765.448 971.499 430.303 703.006 371.201 331.805 451.655 146.822 618.626 326.516 287.234 803.276 599.712 362.074 185.005 257.034 547.02 471.872 277.803 198.72 168.436 118.018 303.298 205.361 158.08 92.913 125.139 168.574 107.432 87.8748
internal_count=4496 2987 1509 454 2015 1055 1170 741 302 845 407 438 972 186 984 653 314 570 422 263 206 326 883 783 316 236 317 233 512 359 336 188 319 271 189 216
is_linear=0
shrinkage=0.0161547


Tree=55
num_leaves=37
num_cat=0
split_feature=23 13 13 44 18 42 42 0 21 42 8 0 2 0 53 0 6 53 50 53 44 46 53 21 19 10 21 53 44 42 19 10 53 44 44 23
split_gain=307.757 76.5594 54.5262 29.1622 18.9657 16.5506 12.757 12.7152 12.3966 11.2991 10.6422 10.6293 11.055 14.8448 8.88538 8.26472 10.6912 7.9264 7.32909 7.59524 6.41936 7.04467 6.10198 4.98372 7.72745 4.95535 4.87673 4.2752 2.99841 2.67516 1.80018 1.38099 1.53081 0.897816 0.744787 0.129182
threshold=1.469718711229022 0.048956222180666926 2.1029644178733125 68.500000000000014 5.5000000000000009 2.5000000000000004 1.5000000000000002 0.81963046880216373 0.053465505485628569 1.0000000180025095e-35 0.13990995349614793 0.24694150236522591 0.075864919470629552 0.038069193275099368 0.96028247476621365 0.53089813466494939 0.097526400442006153 0.88934586804758931 94.500000000000014 0.89948629697811733 69.500000000000014 1.0000000180025095e-35 0.93700965917191315 0.13717220654982765 0.08794914785557871 0.77010314153841108 0.024901769412288062 0.92993034478275372 71.500000000000014 2.5000000000000004 0.066353542500597926 0.084794710360733425 0.94779950875236973 73.500000000000014 67.500000000000014 0.030575946015710741
decision_type=2 2 2 2 2 2 2 2 2 2 2 2 2 2 2 2 2 2 2 2 2 2 2 2 2 2 2 2 2 2 2 2 2 2 2 2
left_child=1 6 4 14 18 8 20 -6 9 -5 11 12 13 -7 30 16 23 -18 19 -2 34 31 -21 24 -10 -19 -11 -28 -8 -30 -3 32 33 -22 35 -1
right_child=2 3 -4 5 7 10 28 -9 15 26 -12 -13 -14 -15 -16 -17 17 25 -20 22 21 -23 -24 -25 -26 -27 27 -29 29 -31 -32 -33 -34 -35 -36 -37
leaf_value=-0.014373273488073917 0.00043290830525799978 -0.012044948846513583 0.011660323504939873 -0.0095477338604878313 0.0033021954564380501 -0.001001587776450106 -0.0075811529154775131 0.0091036910779077364 -0.00053757649587789095 -0.00023035128006619778 -0.0026461069821081119 0.0073131632239614025 -0.0035522696117946625 0.0075914752809879346 -0.003245198405529566 -0.0055748044282964756 0.0052426664265858708 0.003074604865382323 -0.00022739213893802624 0.00777116325423567 -0.006672691240058929 -0.0037136711529128976 0.003191633352890552 0.000698175004573656 -0.0064376095426707299 -0.0017487974896858974 -0.0067038616583698883 -0.0019915129256435761 -0.0061125027336357916 -0.0018354920544041118 -0.0083225154488618582 -0.012435667897799955 -0.011611139410917713 -0.0096337770517501437 -0.011418734164565493 -0.013097317084028658
leaf_weight=43.152751296758652 144.49397397041321 57.428699523210526 326.58329552412033 91.352897524833679 161.82356870174408 109.22731566429138 100.305140376091 252.32082778215408 105.41909739375114 103.95574137568474 140.04250177741051 92.982148319482803 93.449762135744095 100.96158000826836 85.731136918067932 92.447731554508209 105.21045196056366 85.510824143886566 192.2686356306076 120.37227594852448 52.948606610298157 60.99469929933548 205.67523837089539 89.723247826099396 128.61120700836182 158.83909019827843 109.19571760296822 93.064867854118347 76.752293139696121 75.913355082273483 82.770789623260498 46.057934910058975 49.175567299127579 53.95247557759285 61.835914105176926 39.811825454235077
leaf_count=102 122 110 141 157 114 122 170 140 142 145 146 79 103 95 128 112 110 95 165 86 95 102 163 98 170 180 162 127 122 95 132 88 98 104 127 89
internal_value=-0.000212581 -0.00351723 0.00587814 -0.0018892 0.00412471 -0.00116451 -0.00826147 0.0068368 -0.00224714 -0.00456155 0.00118233 0.00253411 0.00107064 0.00312598 -0.00734208 -0.00104554 -0.000423664 0.00153541 0.00243011 0.003516 -0.0100289 -0.0085256 0.00488233 -0.0025389 -0.00377994 -6.08366e-05 -0.00307403 -0.0045356 -0.00541136 -0.00398575 -0.0098473 -0.00997762 -0.00925225 -0.00816714 -0.0127607 -0.013761
internal_weight=3990.36 2586.83 1403.54 1925.92 1076.95 1699.99 660.901 414.144 1163.33 397.569 536.663 396.621 303.639 210.189 225.931 765.762 673.314 349.56 662.81 470.541 407.93 263.129 326.048 323.754 234.03 244.35 306.216 202.261 252.971 152.666 140.199 202.135 156.077 106.901 144.8 82.9646
internal_count=4536 3605 931 2413 790 2043 1192 254 1498 591 545 399 320 217 370 907 795 385 536 371 805 487 249 410 312 275 434 289 387 217 242 385 297 199 318 191
is_linear=0
shrinkage=0.0161547


Tree=56
num_leaves=38
num_cat=0
split_feature=43 43 43 43 15 19 13 43 44 43 13 53 42 16 51 40 52 4 50 44 52 50 13 4 50 53 44 53 15 52 2 21 52 53 13 44 43
split_gain=404.851 97.7943 78.6933 23.4007 20.2687 20.1045 12.8899 11.92 11.079 11.0086 10.8764 8.13081 15.1397 8.08686 7.98336 10.129 11.2659 10.6334 7.45417 7.07134 5.22648 4.78385 4.72685 4.077 3.84655 3.32681 3.69248 3.27265 3.17924 2.84368 1.92685 1.85746 1.82857 1.6854 0.791923 0.658627 0.344103
threshold=1.2181000000000002 0.69495000000000007 2.2552500000000006 0.9043500000000001 0.97013882411448804 0.10305941887090168 0.050011628769491251 1.5246500000000001 69.500000000000014 0.54375000000000007 0.5705636434275223 0.91733545063656108 2.5000000000000004 3.5000000000000004 22.500000000000004 1.0000000180025095e-35 0.93506636712040014 0.032594295464278951 88.500000000000014 78.500000000000014 0.94569171602175783 94.500000000000014 0.30655597161441656 0.031091985234457036 86.500000000000014 0.99899457155407623 71.500000000000014 0.86204487283962339 0.082746941431825524 0.91706344704376541 0.027378638044817855 0.0123109368068303 0.93329330666766952 0.92596810925254058 0.11014445271930405 67.500000000000014 0.61965000000000015
decision_type=2 2 2 2 2 2 2 2 2 2 2 2 2 2 2 2 2 2 2 2 2 2 2 2 2 2 2 2 2 2 2 2 2 2 2 2 2
left_child=1 9 5 11 -4 28 32 10 -8 35 13 22 19 -7 15 16 17 -10 -9 25 31 -20 27 -18 -22 26 -13 -3 -2 -29 -31 36 -5 -26 -33 -1 -11
right_child=2 3 4 6 -6 7 8 18 14 20 -12 12 -14 -15 -16 -17 23 -19 21 -21 24 -23 -24 -25 33 -27 -28 29 -30 30 -32 34 -34 -35 -36 -37 -38
leaf_value=-0.017668694694382699 0.00078428416757848722 -0.011117464388692122 0.0077712053216376789 -0.0079382477396431825 0.014563844777820887 0.0017572679052283817 -0.0050643243522528322 0.0037137392032563351 0.0056626436571477357 -0.014619400778690403 -0.00031929413268104407 -0.0025746875181827927 0.002323738113048918 0.007465898610328172 -0.0038962415842166446 0.0043476240566398417 -0.0060224797000438595 -0.0010085628056695423 0.0090509310089443348 -0.00057779702480477099 -0.010951526285021131 0.0054997735550169789 -0.0031968330509925965 -0.0012847840510478944 -0.003887087263081004 -0.008925196367232123 -0.0073331970251883042 -0.0047832170968928828 -0.0030140252455836971 -0.010769933206939463 -0.0066151149559678882 -0.0093632015241136551 -0.0040733924146858277 -0.0080248775386136013 -0.01205345928604773 -0.014985084196953774 -0.01255234990173428
leaf_weight=37.757648229598999 163.35877519845963 64.769744515419006 220.58330601453781 67.700423091650009 238.7029618024826 125.70100653171539 124.47344881296158 245.23655498027802 109.38049870729446 41.683812618255615 199.47629654407501 80.334195047616959 88.117101669311523 133.58326423168182 107.76035702228546 161.12461686134338 82.835461139678955 145.02810472249985 200.51598829030991 68.09160104393959 65.382527977228165 195.54705584049225 68.388804316520691 110.82024955749512 51.796234995126724 90.588486343622208 90.500325828790665 89.236025184392929 88.756006121635437 56.143815219402313 60.5425965487957 71.332915037870407 60.496476769447327 50.970494210720062 47.618094623088837 64.876075714826584 42.392826408147812
leaf_count=104 170 114 114 100 80 113 166 159 112 99 158 123 103 105 127 158 106 159 116 94 131 122 92 121 92 153 143 140 92 98 97 145 84 97 93 168 93
internal_value=-0.00013169 -0.00478837 0.00552417 -0.00300406 0.0113015 0.00356181 -0.0013425 0.00450483 -0.000615466 -0.0112895 0.0025166 -0.00513312 -0.00362423 0.00469835 0.000156924 0.000873895 -0.000375263 0.00185966 0.00592713 -0.00521481 -0.00999468 0.00729763 -0.00699154 -0.00331131 -0.00788827 -0.00642259 -0.00509553 -0.00795026 -0.000552896 -0.00695406 -0.00861421 -0.0117392 -0.00611441 -0.00593936 -0.0104402 -0.0159724 -0.0135772
internal_weight=4011.6 2200.14 1811.46 1726.33 459.286 1352.17 969.62 1100.06 841.423 473.811 458.761 756.713 417.632 259.284 716.949 609.189 448.064 254.409 641.3 329.515 371.177 396.063 339.081 193.656 168.149 261.423 170.835 270.692 252.115 205.922 116.686 203.028 128.197 102.767 118.951 102.634 84.0766
internal_count=4541 3312 1229 2290 194 1035 1133 773 949 1022 376 1157 616 218 783 656 498 271 397 513 750 238 541 227 320 419 266 449 262 335 195 430 184 189 238 272 192
is_linear=0
shrinkage=0.0161547


Tree=57
num_leaves=37
num_cat=0
split_feature=43 43 2 43 43 42 6 44 43 40 50 44 51 53 6 42 21 50 40 53 53 30 53 53 8 42 44 17 4 43 53 6 50 17 43 10
split_gain=424.229 115.391 55.2858 29.5545 23.339 16.0935 11.3576 10.2067 9.58612 8.40626 11.4553 10.217 7.80951 10.7844 9.68857 12.0377 24.6613 6.88153 6.57936 5.89488 9.62952 4.78371 3.73517 3.45236 3.39604 3.04059 5.01935 3.03865 4.59982 2.93455 2.88392 2.47709 1.32109 1.96441 1.03208 0.493999
threshold=1.3199000000000003 0.69495000000000007 1.0980486479259108 0.91725000000000012 1.8704500000000002 3.5000000000000004 0.053011664213537639 71.500000000000014 0.54375000000000007 1.0000000180025095e-35 90.500000000000014 69.500000000000014 21.500000000000004 0.88005717887098256 0.13976652683622057 2.5000000000000004 0.071135353484054878 93.500000000000014 1.0000000180025095e-35 0.88750185791739888 0.93532848418288028 1.0000000180025095e-35 0.86859958090822242 0.93700965917191315 0.07991291638558444 1.0000000180025095e-35 75.500000000000014 0.020850203877266788 0.05747940120613565 0.79880000000000007 1.0065020884069211 0.039856717513529157 83.500000000000014 0.0029736721794532944 0.50075000000000014 0.14201699101247836
decision_type=2 2 2 2 2 2 2 2 2 2 2 2 2 2 2 2 2 2 2 2 2 2 2 2 2 2 2 2 2 2 2 2 2 2 2 2
left_child=1 8 4 9 6 -6 -2 21 34 11 -11 29 13 -9 15 16 -15 -16 24 -8 -21 27 -13 -14 30 -24 31 -5 -29 -3 32 -27 -10 -34 -1 -35
right_child=2 3 -4 7 5 -7 19 12 18 10 -12 22 23 14 17 -17 -18 -19 -20 20 -22 -23 25 -25 -26 26 -28 28 -30 -31 -32 -33 33 35 -36 -37
leaf_value=-0.017670656364007453 -0.00052257509256386104 -0.01122338544271655 0.012286175136355736 -0.0069428024711792827 0.0044434278790226236 0.010335099555119366 0.0071045237949787874 -0.0029082018225148245 -0.012783106797692423 0.0032585618847820698 -0.0058193806198743592 -0.0077409591375741816 -0.00066248624397646924 -0.0041992175481667627 0.0019452596644105489 0.0086385140360134127 0.0072217934190898754 -0.0038038073598627171 -0.0046808887815068785 0.00028319260994546494 0.0053732878806754354 0.00022086684379339828 -0.0061253541423067735 -0.0051697005905067305 -0.0068850973325103315 -0.0063915738617570626 -0.00030724395992728161 -0.00033780058299581511 -0.0057722184970391043 -0.0068000124819544627 -0.015176869530100657 -0.0027025585091009735 -0.0078175543579219742 -0.012520710089386149 -0.014307171389379137 -0.010192065563488777
leaf_weight=37.827232837677002 161.90090143680573 80.517624109983444 364.5782835483551 75.062753051519394 211.89971894025803 282.04828989505768 147.77157956361771 138.02380508184433 61.794669836759567 74.15097638964653 71.024361580610275 71.231056034564972 98.509163081645966 94.430614173412323 135.98796814680099 100.32375848293304 103.33285462856293 90.494675517082214 52.788795530796051 161.85041379928589 242.05932819843292 84.499997615814209 103.79247510433197 80.668821394443512 48.06804558634758 95.26125293970108 117.7544164955616 82.561929881572723 80.066343367099762 76.167557954788208 47.115636944770813 94.751598298549652 64.292681127786636 52.526263833045959 64.244216442108154 43.434570640325546
leaf_count=108 153 151 149 113 132 133 102 155 134 91 106 112 108 122 131 90 96 99 95 132 180 99 166 94 85 150 161 99 98 118 108 132 133 112 164 86
internal_value=0.000238631 -0.00400493 0.00677279 -0.00226887 0.00510819 0.00780762 0.00323961 -0.00063538 -0.0111707 -0.00469201 -0.00118265 -0.00548872 0.000300526 0.00110968 0.00216686 0.00408056 0.00176834 -0.00035187 -0.00996164 0.0043437 0.00333364 -0.00308057 -0.00432544 -0.00269171 -0.0108404 -0.0037343 -0.00292793 -0.00425424 -0.00301331 -0.0090731 -0.0115467 -0.00455201 -0.0107765 -0.0100027 -0.0155537 -0.0114667
internal_weight=3992.81 2420.71 1572.11 1948.61 1207.53 493.948 713.582 1163.96 472.092 784.651 145.175 639.476 841.772 662.594 524.57 298.087 197.763 226.483 370.021 551.681 403.91 322.191 482.791 179.178 317.232 411.56 307.767 237.691 162.628 156.685 269.164 190.013 222.048 160.254 102.071 95.9608
internal_count=4497 3516 981 2491 832 265 567 1304 1025 1187 197 990 895 693 538 308 218 230 753 414 312 409 721 202 658 609 443 310 197 269 573 282 465 331 272 198
is_linear=0
shrinkage=0.0161547


Tree=58
num_leaves=40
num_cat=0
split_feature=43 43 43 44 43 43 43 2 8 32 29 13 44 51 42 14 30 17 13 43 0 13 40 19 17 4 2 52 52 6 51 19 43 8 0 44 43 2 19
split_gain=375.314 92.5516 87.3328 27.7054 23.5531 17.2894 10.8716 10.7889 11.0762 9.73041 8.21195 5.84512 5.59988 5.99301 5.42306 5.0371 4.7225 7.7046 5.76334 5.51795 6.62041 4.53241 4.26398 3.63379 4.17936 2.89265 2.62696 2.59082 2.41287 2.06303 3.04875 2.71206 2.63177 1.40491 2.83791 1.4032 0.847377 0.302077 0.263615
threshold=1.1074500000000003 2.1111500000000007 0.6856000000000001 78.500000000000014 1.5246500000000001 0.90720000000000012 0.55795000000000006 0.20546961648053877 0.38814698088676941 1.0000000180025095e-35 1.0000000180025095e-35 0.13729501695985871 80.500000000000014 17.500000000000004 2.5000000000000004 1.5000000000000002 1.0000000180025095e-35 0.13335935392831597 0.22587073726261639 1.0304000000000002 0.083603575874534028 0.56031261744858507 1.0000000180025095e-35 0.0037078214856700333 0.11412782353226357 0.098020878896373842 0.14038229759320095 0.94283579487430291 1.0101644682439328 0.1352306589022402 22.500000000000004 0.036890666354150149 0.79175000000000006 0.052437836349556032 0.050411828423373189 72.500000000000014 0.50075000000000014 0.011452663716936703 0.0093268952399923923
decision_type=2 2 2 2 2 2 2 2 2 2 2 2 2 2 2 2 2 2 2 2 2 2 2 2 2 2 2 2 2 2 2 2 2 2 2 2 2 2 2
left_child=2 4 6 -3 10 9 36 -6 -9 14 11 15 13 25 23 -2 17 19 -18 20 -7 26 27 -4 29 -13 -15 35 -29 30 31 32 -25 34 -33 37 -1 -8 -38
right_child=1 3 5 -5 7 16 22 8 -10 -11 -12 12 -14 21 -16 -17 18 -19 -20 -21 -22 -23 -24 24 -26 -27 -28 28 -30 -31 -32 33 -34 -35 -36 -37 38 -39 -40
leaf_value=-0.017741956952405314 0.00083479877868964053 0.0069101086740034241 -0.0025448161512188184 0.014245936273796984 0.002169091032414049 -0.0045525701053090823 -0.012524367314572019 0.0091327184098726252 0.0038701490260745872 0.00077607530433176735 0.0049900546473549004 -0.0037937365218064069 0.0044598555706462147 0.0051332409714153699 -0.0023320162402676132 -0.0045598782443538747 0.0039114120413696659 0.0024821146862844673 -0.0019627963990339462 -0.0059278238332095608 0.00045674708489179761 -0.0006687032185986292 -0.0053628841888018319 -0.0073463857736678368 -0.0026544571420412991 0.00015623339044150018 0.0014388667390490611 -0.0068393788868849866 -0.011431959694508848 -0.0051911746744149907 -0.011007037551781142 -0.007046694001282469 -0.0025548846585396932 -0.0063120654979610781 -0.01209441823082804 -0.010243411635959647 -0.013957676186858418 -0.01437634678152896 -0.015759987105983968
leaf_weight=37.057709932327271 82.998643636703491 279.15601170063019 64.421454936265945 259.02982985973358 220.19746625423431 128.02917185425758 46.655720412731171 215.82013589143753 202.12749999761581 69.721946895122528 119.09765666723251 94.40278548002243 112.03589743375778 101.82112836837769 114.71056890487671 99.105236291885376 83.720664858818054 75.633015930652618 90.93209171295166 126.76502102613449 148.96798270940781 118.88126903772354 44.072172492742538 66.129954010248184 61.683405578136444 99.256989121437073 99.137690007686615 63.235593020915985 56.557157307863235 109.96360537409782 61.11186158657074 63.756700992584229 54.629143834114075 60.224016815423965 53.423918902873993 58.919857919216156 44.563739240169525 45.304065525531769 40.360900968313217
leaf_count=107 93 139 103 95 176 177 107 131 117 92 99 99 91 91 149 121 94 75 102 164 178 103 82 119 82 88 94 120 116 166 111 106 84 96 96 122 114 100 104
internal_value=-2.02923e-05 0.00466203 -0.00528465 0.0104409 0.00267461 -0.00335819 -0.0116094 0.00506298 0.00658764 -0.00498284 0.00103 0.000446032 0.00118755 0.000473593 -0.00554833 -0.00210111 -0.00142122 -0.00224978 0.000853035 -0.00313616 -0.00185858 0.00183161 -0.0100227 -0.00616804 -0.00660768 -0.00176925 0.00331072 -0.0107814 -0.00900765 -0.00712735 -0.00771995 -0.00704623 -0.0051788 -0.00831739 -0.00934801 -0.0121897 -0.0157037 -0.0134367 -0.0148142
internal_weight=3973.62 2103.07 1870.55 538.186 1564.88 1433.82 436.727 638.145 417.948 779.777 926.737 807.64 625.536 513.5 710.055 182.104 654.048 479.395 174.653 403.762 276.997 319.84 314.745 595.344 530.923 193.66 200.959 270.672 119.793 469.239 359.276 298.164 120.759 177.405 117.181 150.88 121.982 91.9598 84.9246
internal_count=4503 1537 2966 234 1303 1994 972 424 248 1204 879 780 566 475 1112 214 790 594 196 519 355 288 647 963 860 187 185 565 236 778 612 501 203 298 202 329 325 207 218
is_linear=0
shrinkage=0.0161547


Tree=59
num_leaves=38
num_cat=0
split_feature=43 14 43 43 43 43 44 43 21 15 44 51 40 53 40 6 52 52 15 1 19 21 44 52 10 51 10 23 17 50 21 53 52 43 52 52 51
split_gain=397.482 93.0986 79.1883 37.3225 19.087 15.032 12.4754 10.92 10.5746 9.38718 8.45112 13.9136 8.04752 7.45673 9.33253 6.93526 6.05057 15.1317 5.7017 5.28023 5.11229 7.95238 5.00838 3.60439 3.79284 3.22435 4.36866 3.73746 3.11024 2.70641 2.60325 1.67292 1.45608 1.18112 1.1098 0.874517 0.587994
threshold=1.1074500000000003 6.5000000000000009 0.70185000000000008 1.7233000000000003 2.2552500000000006 0.91350000000000009 70.500000000000014 0.57435000000000014 0.1262204234314484 0.38297281279669471 79.500000000000014 18.500000000000004 1.0000000180025095e-35 0.91607439194099449 1.0000000180025095e-35 0.21171464828636707 0.95914581133341847 0.91706344704376541 0.099076409028142506 2.5000000000000004 0.12969275918345952 0.045252122150058624 70.500000000000014 0.93329330666766952 0.22625170661897701 15.500000000000002 0.1770911913747899 0.1505412463175039 0.056041241266796937 92.500000000000014 0.06681386496843407 0.92596810925254058 0.88329258711693448 0.50075000000000014 0.93088652918327819 0.9506428847742413 19.500000000000004
decision_type=2 2 2 2 2 2 2 2 2 2 2 2 2 2 2 2 2 2 2 2 2 2 2 2 2 2 2 2 2 2 2 2 2 2 2 2 2
left_child=2 3 7 6 -3 13 -2 33 20 15 11 -5 23 22 25 -10 17 18 -7 -11 21 -8 34 36 31 -15 27 -27 -18 -24 -28 -25 -20 -1 -4 -35 -9
right_child=1 4 5 10 -6 16 8 12 9 19 -12 -13 -14 14 -16 -17 28 -19 32 -21 -22 -23 29 24 -26 26 30 -29 -30 -31 -32 -33 -34 35 -36 -37 -38
leaf_value=-0.016855721952345252 -0.0028955382771847036 0.0081533376640392369 -0.0080313647353559246 0.0019600373239426153 0.014842373409077151 -0.0051454186089218302 -0.001427244304319665 -0.011297619078705206 0.008093018251853365 -0.00053942146527280683 0.009411464145885548 0.0078774929272957296 -0.0033364045134905776 -0.0077899518245336365 0.0015393427115498732 0.0030702747278144467 -0.0052042280937371552 0.0040007752706520553 -0.0020927616322675537 0.003941245257164298 -0.0030077052902202158 0.0039927138816599804 -0.0036457599291039671 -0.0086387753915929035 -0.005289990833146959 -0.0042181151735228772 -0.0082189799885314819 0.0014681056617738028 -0.0013052827787351936 -0.007387377827353726 -0.0039676160915809505 -0.012942282680322438 0.00095762680243241408 -0.014806402727575966 -0.011354741478497422 -0.011950773913968015 -0.013474667971779248
leaf_weight=38.342515170574188 148.8020396232605 221.32896161079407 55.115877509117126 188.52415359020233 224.00447022914886 120.57149863243103 146.0231654047966 78.684141725301743 144.07701236009598 156.2222997546196 178.63002812862396 230.46545040607452 51.795627474784851 66.706401884555817 79.479146301746368 142.89986163377762 132.07678550481796 140.52051228284836 78.963869094848633 122.42897146940231 103.05125415325165 136.86792308092117 115.76055148243904 53.451646506786346 57.624827146530151 63.68658247590065 60.976314038038254 57.315732806921005 89.628862023353577 89.425274848937988 98.001822292804718 42.173502653837204 84.585010707378387 65.102100878953934 50.023156434297562 49.092295110225677 55.014025807380676
leaf_count=111 165 118 92 121 74 166 165 165 110 130 91 133 90 105 102 120 178 153 93 86 103 132 172 106 100 104 102 79 99 143 138 91 92 166 90 117 124
internal_value=0.000192039 0.00494361 -0.00524207 0.00321936 0.0115179 -0.00326278 0.0014543 -0.0108133 0.0021345 0.00354122 0.00646929 0.00521494 -0.00919711 -0.00484065 -0.00345354 0.00559195 -0.00146485 -0.000335464 -0.00248008 0.00142922 7.28501e-05 0.00119503 -0.00674554 -0.010255 -0.00856387 -0.00459818 -0.00383773 -0.0015247 -0.003628 -0.00527645 -0.00559823 -0.0105367 -0.000515147 -0.0144025 -0.00961256 -0.0135788 -0.0121934
internal_weight=4017.44 2143.33 1874.12 1697.99 445.333 1382.84 1100.37 491.281 951.57 565.628 597.62 418.99 338.744 736.491 426.166 286.977 646.347 424.641 284.12 278.651 385.942 282.891 310.325 286.948 153.25 346.687 279.98 121.002 221.706 205.186 158.978 95.6251 163.549 152.537 105.139 114.194 133.698
internal_count=4526 1548 2978 1356 192 1908 1011 1070 846 446 345 254 676 1127 630 230 781 504 351 216 400 297 497 586 297 528 423 183 277 315 240 197 185 394 182 283 289
is_linear=0
shrinkage=0.0161547


Tree=60
num_leaves=41
num_cat=0
split_feature=43 43 2 43 42 43 40 15 51 0 34 44 50 19 42 40 6 53 23 43 44 53 8 23 21 51 50 53 53 53 21 51 10 19 43 23 4 53 53 21
split_gain=370.818 136.991 42.9747 24.1284 21.3115 17.3351 11.6236 9.55973 9.13763 8.86102 8.72304 12.6725 8.55607 8.31013 7.93359 7.67837 8.25146 7.18833 6.42452 6.23501 5.96148 4.73278 4.62976 4.1783 4.49979 3.743 3.69336 3.58965 3.20763 3.16164 3.0538 3.20914 2.60142 1.83043 1.52125 1.46079 1.01801 0.944663 1.04434 0.898392
threshold=1.5132500000000002 0.81235000000000013 1.0980486479259108 0.57435000000000014 3.5000000000000004 1.0457000000000003 1.0000000180025095e-35 0.033737871735280048 17.500000000000004 0.81963046880216373 1.0000000180025095e-35 71.500000000000014 92.500000000000014 0.047528188180929527 1.5000000000000002 1.0000000180025095e-35 0.050978040197953219 0.95549470138030268 0.48503590777430744 0.69495000000000007 69.500000000000014 0.96437649594167552 0.13990995349614793 1.331941749364461 0.071908589416978599 18.500000000000004 90.500000000000014 0.95920522467349889 0.98272433948956606 0.9317047654699846 0.0123109368068303 16.500000000000004 1.2876783759999115 0.16921403700573062 0.50075000000000014 0.35362224382835111 0.014958394492634478 0.96539899205807367 0.90188601915518507 0.0035997754398424567
decision_type=2 2 2 2 2 2 2 2 2 2 2 2 2 2 2 2 2 2 2 2 2 2 2 2 2 2 2 2 2 2 2 2 2 2 2 2 2 2 2 2
left_child=1 3 4 34 14 6 7 25 -8 -6 11 27 17 -9 -2 19 -17 33 -15 30 -21 26 -16 24 -14 -3 -20 -7 29 35 39 -32 -12 -13 -1 -22 -33 38 -36 -5
right_child=2 5 -4 15 9 10 8 13 -10 -11 32 12 23 18 22 16 -18 -19 21 20 28 -23 -24 -25 -26 -27 -28 -29 -30 -31 31 36 -34 -35 37 -37 -38 -39 -40 -41
leaf_value=-0.017192585735757014 0.0065346910915209605 -0.010559887025205331 0.012564685195421864 -0.010797399987258722 0.0062486364145721554 -0.0053236029224248945 0.0050750301001140077 0.0020156819180874685 -0.0022204764269285319 0.011090783399086498 0.0016670904725501988 0.0057327295525500159 -0.0024927024935939572 -0.0069846193168611606 0.0041274952976618484 -0.007486416850302143 0.0011167319837949228 -0.0005860999209891791 0.0011434424854553245 -0.010168957833033114 -0.0073764533959720163 -0.005346591332761743 0.00022993891494998918 -0.0038114186817219398 0.0021813027397793862 -0.0050266095654155109 -0.0030206010640590883 -0.00104088755274075 -0.0086549032176234213 -0.00115450000017728 -0.0052199247534599974 -0.011577345826927885 0.0051843127821109766 0.0028703334151378656 -0.012581073046485777 -0.0038539750758423211 -0.0085392082422138266 -0.011366791748601128 -0.016302259262955116 -0.013874310660718222
leaf_weight=37.676003485918045 138.28114956617355 59.471563816070557 323.05413389205933 58.223164916038513 223.30055469274521 131.68855047225952 79.79206371307373 83.089248597621918 102.18027853965759 176.65680742263794 115.03941017389297 110.30319464206696 94.475033521652222 107.55346089601517 139.98941314220428 63.524311780929565 53.681254863739014 124.41454684734344 102.10665434598923 87.643738567829132 64.093047827482224 100.22918981313705 184.18620085716248 100.49544674158096 124.7130805850029 68.829350292682648 122.01908260583878 83.43635356426239 55.145198047161102 59.578849315643311 51.981990575790405 57.472457557916641 104.94195187091827 123.67333179712296 38.804682314395905 59.015524208545685 57.659694880247116 37.986784636974335 39.941239416599274 43.094865083694458
leaf_count=111 93 100 125 127 132 159 88 108 128 78 112 105 109 160 105 113 76 121 117 165 112 129 127 95 119 103 155 91 96 88 93 123 83 105 95 90 110 93 104 99
internal_value=-3.55379e-05 -0.00323798 0.00753917 -0.00858173 0.00565664 -0.000851987 -0.00262626 -0.00364595 0.000978491 0.00838736 0.000463392 -0.000246299 0.000837535 -0.002663 0.00329497 -0.00732486 -0.00354609 0.00255141 -0.00356308 -0.00807058 -0.00656739 -0.00242852 0.00191303 -0.00108386 0.000166701 -0.00759146 -0.00112356 -0.00366255 -0.00524017 -0.00420942 -0.00989322 -0.00855157 0.00334498 0.00421975 -0.0143701 -0.00568786 -0.0100558 -0.0134592 -0.0144685 -0.0121061
internal_weight=3989.44 2803.97 1185.47 865.523 862.414 1938.45 825.271 643.299 181.972 399.957 1113.18 893.2 678.075 514.998 462.457 711.114 117.206 358.391 431.908 593.909 325.476 324.355 324.176 319.684 219.188 128.301 224.126 215.125 237.833 182.687 268.432 167.114 219.981 233.977 154.409 123.109 115.132 116.733 78.7459 101.318
internal_count=4542 3882 660 1695 535 2187 1088 872 216 210 1099 904 654 669 325 1292 189 331 561 1103 551 401 232 323 228 203 272 250 386 290 552 326 195 210 403 202 233 292 199 226
is_linear=0
shrinkage=0.0161547


Tree=61
num_leaves=37
num_cat=0
split_feature=43 43 43 19 43 44 13 52 43 17 44 42 17 13 51 30 17 42 53 0 44 13 45 18 13 15 4 53 53 21 43 53 52 44 43 52
split_gain=342.457 75.9449 72.8154 34.9243 15.0909 10.3727 9.12263 17.0643 8.82753 8.31167 8.25724 7.8859 7.31804 9.04235 7.06206 6.71273 10.8926 6.49508 5.30533 6.54216 6.84882 6.66932 4.66176 3.88216 6.14513 5.87347 3.61153 3.40304 5.61774 3.18024 2.79052 1.54919 1.38672 1.36383 1.12522 0.411677
threshold=1.1074500000000003 1.5726000000000002 0.6856000000000001 1.195432795076506 0.82555000000000012 79.500000000000014 0.5878556289926794 0.94174254378713262 0.55795000000000006 0.29411142108489868 68.500000000000014 3.5000000000000004 0.085953113309654633 0.60133709043679595 14.500000000000002 1.0000000180025095e-35 0.1247411966427687 2.5000000000000004 1.0240617235125469 0.081016412843946908 76.500000000000014 0.1974959811910896 1.0000000180025095e-35 3.5000000000000004 0.065962096574116211 0.10087885548395856 0.00059893075023033317 0.97589690608743151 0.94779950875236973 0.013624207893990355 0.76450000000000007 0.88750185791739888 0.90938961438577992 72.500000000000014 0.50075000000000014 0.9506428847742413
decision_type=2 2 2 2 2 2 2 2 2 2 2 2 2 2 2 2 2 2 2 2 2 2 2 2 2 2 2 2 2 2 2 2 2 2 2 2
left_child=2 5 8 6 17 12 7 -3 34 11 -6 -8 23 -14 -10 16 18 27 19 26 21 -21 -17 24 -2 -26 -12 28 30 33 31 -4 -31 -16 -1 -36
right_child=1 3 4 -5 10 -7 9 -9 14 -11 15 -13 13 -15 29 22 -18 -19 -20 20 -22 -23 -24 -25 25 -27 -28 -29 -30 32 -32 -33 -34 -35 35 -37
leaf_value=-0.017150513810025421 -0.0038180172522679695 -0.00017767626847390433 -0.0064654320699291589 0.012419177164396073 -0.0063212748884391053 0.0043832826928608369 0.0059515028189374083 0.0075404636683311585 -0.003983199643766552 0.0043604719409338268 -0.0041048731584848921 0.010822547432157031 0.0050184874069214621 -0.00016616916653573702 -0.013990800719389268 0.0029950735712590804 0.0024412987261877546 -0.0017593072387411368 0.00095043748714321167 0.0025364083533406887 -0.0062330201584424481 -0.0035373980556416326 -0.0019503613608462744 -0.0036627656573759671 0.0040573629460124239 -0.00098261968179324112 -0.0084993592380517291 -0.0093704381125463091 -0.0013309000276529315 -0.010947064666076218 -0.004851786319651317 -0.0099223384245114166 -0.0077495629254340668 -0.010340359856000386 -0.014733788681576543 -0.012456799732621237
leaf_weight=34.540546715259552 88.623507499694824 159.77493590116501 60.98025307059288 264.4917699098587 110.38969030976295 209.85317516326904 168.67830145359039 140.49762940406799 50.554793775081635 206.02229595184326 101.43165776133537 178.55156886577606 154.4287371635437 203.43914347887039 70.686904847621918 118.81533449888229 100.2701615691185 89.04659229516983 65.286022424697876 89.902201175689697 82.328182488679886 99.283044040203094 85.568453937768936 110.09524542093277 104.22146886587143 143.33516597747803 94.069605499505997 88.989412218332291 59.529657661914825 58.659623622894287 101.78197678923607 75.993372082710266 89.258064270019531 42.931937694549561 44.904854267835617 38.478766798973083
leaf_count=103 109 127 106 97 165 172 101 95 91 102 143 85 129 167 169 133 103 118 81 111 107 125 101 116 108 145 143 161 90 124 165 141 171 95 120 97
internal_value=-2.90255e-05 0.0043864 -0.00510743 0.00729008 -0.00334776 0.00118486 0.00570066 0.00343364 -0.0109332 0.00693106 -0.00216839 0.00845628 0.00035018 0.00207114 -0.00951045 -0.00162065 -0.00244302 -0.00569338 -0.00336309 -0.00396609 -0.00234363 -0.000651081 0.00092459 -0.00102985 -0.000167606 0.00113922 -0.00621937 -0.00659795 -0.00577081 -0.0105789 -0.00687783 -0.00838333 -0.00901759 -0.0126114 -0.0146987 -0.013683
internal_weight=3985.69 2132.01 1853.68 1118.02 1423.67 1014 853.525 300.273 430.015 553.252 947.344 347.23 804.143 357.868 312.091 836.955 632.571 476.321 532.301 467.015 271.513 189.185 204.384 446.275 336.18 247.557 195.501 387.275 298.285 261.537 238.756 136.974 147.918 113.619 117.924 83.3836
internal_count=4516 1553 2963 607 1993 946 510 222 970 288 1212 186 774 296 650 1047 813 781 710 629 343 236 234 478 362 253 286 663 502 559 412 247 295 264 320 217
is_linear=0
shrinkage=0.0161547


Tree=62
num_leaves=40
num_cat=0
split_feature=43 43 14 43 43 42 47 42 44 13 17 43 6 19 51 52 53 17 40 14 52 51 23 53 10 15 53 17 15 13 8 19 2 53 19 23 51 44 6
split_gain=363.647 85.4718 59.9234 25.1135 22.0454 11.9439 11.3989 16.1505 10.6312 10.5439 10.453 9.01196 8.33522 7.52061 7.02583 6.86631 6.26474 6.00221 14.2779 8.28758 6.3011 5.57649 5.31536 3.8729 4.23973 5.79256 4.94123 3.85636 3.13345 3.01046 2.43873 1.92747 1.87871 1.68744 1.65902 1.24393 0.936201 0.774415 0.336691
threshold=1.2181000000000002 0.6856000000000001 6.5000000000000009 0.9043500000000001 1.5132500000000002 2.5000000000000004 1.0000000180025095e-35 3.5000000000000004 68.500000000000014 0.63092193698145749 0.045988086626169829 0.54375000000000007 0.19904107198343921 0.089376746698184906 23.500000000000004 0.94893642848195381 0.92743360630228577 0.037206134241239634 1.0000000180025095e-35 1.5000000000000002 0.94174254378713262 16.500000000000004 0.47746958493048025 0.98420471254065933 0.027676952948497539 0.2534098189949428 0.91393653174282852 0.10948280110602851 0.070749730024317822 0.10667790177948989 0.044908721098179068 0.042489657114721649 0.061328528228860507 0.91849161929856604 0.029848761213535743 0.21543272686368092 19.500000000000004 69.500000000000014 0.0072033982734763698
decision_type=2 2 2 2 2 2 2 2 2 2 2 2 2 2 2 2 2 2 2 2 2 2 2 2 2 2 2 2 2 2 2 2 2 2 2 2 2 2 2
left_child=1 11 4 5 9 23 7 16 -5 10 29 36 -12 -7 17 28 -6 19 20 -10 27 -17 32 24 26 30 -3 -19 37 -2 31 -26 -21 -32 -23 -25 -1 -13 -39
right_child=2 3 -4 8 6 13 -8 -9 14 -11 12 15 -14 -15 -16 21 -18 18 -20 22 -22 34 -24 35 25 -27 -28 -29 -30 -31 33 -33 -34 -35 -36 -37 -38 38 -40
leaf_value=-0.013857810989655345 -0.0023506358055460997 -0.0054117268832980367 0.010789676053362349 -0.0061600337209002966 0.0066380170704553459 -0.0043378757880955165 0.0027886331028968794 0.0098899467017914463 0.0018451795192179828 -0.0026219899070157918 0.007476844532141611 -0.014236310906938549 0.0014663435952370074 0.003061446343614055 -0.004352068878336183 -0.0023664690942071936 0.0021195587741537443 -0.00065170191673388778 0.0059481624166784434 -0.0072999998753411751 -0.0031753011131514506 -0.011160859045202087 -8.8854778354412512e-05 -0.010216682638228966 -0.0070012942812903182 -0.0015070390653047245 0.00079094984726730351 0.0038355408994893746 -0.0078256167603884281 0.0016998033736749024 -0.007229969784207744 -0.011019281953042448 -0.0034714770507766122 -0.0036857971640114869 -0.0069390727766655844 -0.0070497906897308256 -0.017139720512509591 -0.012830572825057771 -0.010745263316598693
leaf_weight=60.405747145414352 88.973374903202057 80.55349126458168 432.74928116798401 93.305596679449081 164.54735291004181 73.236804962158203 262.51996076107025 254.47001719474792 118.16364568471909 128.30100762844086 138.24712806940079 56.197337120771408 106.67655140161514 70.219618201255798 105.1457810997963 48.167267173528671 155.99834102392197 112.25806856155396 124.80817699432373 68.844457447528839 133.5001814365387 49.488286465406418 75.912085831165314 53.884953290224075 68.079939603805542 56.549603819847107 57.402692884206772 90.098427832126617 44.020917296409607 103.70546215772629 84.649377137422562 57.451555371284485 65.062290787696838 59.844288438558578 47.711031824350357 81.065179347991943 36.324352115392685 39.630752176046371 41.226480513811111
leaf_count=166 102 135 181 134 108 103 170 131 144 107 108 137 93 80 129 85 114 126 114 97 151 111 87 101 121 74 85 85 85 104 142 104 86 90 91 130 105 93 90
internal_value=0.000252476 -0.00425156 0.00553413 -0.00265972 0.00391359 -0.00490324 0.00557789 0.00685131 -0.000971142 0.00145044 0.00264444 -0.0107594 0.00485897 -0.000716026 -0.000429458 -0.0094761 0.00443904 9.35204e-05 0.0012827 -0.00157673 -0.000451043 -0.00686119 -0.00350384 -0.00590524 -0.00520538 -0.00620848 -0.00283083 0.00134623 -0.0115753 -0.000170569 -0.00719307 -0.00884019 -0.00543981 -0.0057621 -0.00908856 -0.00831432 -0.0150902 -0.0127797 -0.0117673
internal_weight=3989.4 2153.21 1836.19 1730.04 1403.44 742.938 837.536 575.016 987.099 565.904 437.603 423.172 244.924 143.456 893.793 326.442 320.546 788.647 460.665 327.982 335.857 145.367 209.819 599.481 464.531 326.575 137.956 202.356 181.075 192.679 270.025 125.531 133.907 144.494 97.1993 134.95 96.7301 137.055 80.8572
internal_count=4499 3281 1218 2318 1037 1165 523 353 1153 514 407 963 201 183 1019 692 222 890 476 414 362 287 270 982 751 531 220 211 405 206 457 225 183 232 202 231 271 320 183
is_linear=0
shrinkage=0.0161547


Tree=63
num_leaves=41
num_cat=0
split_feature=43 43 43 44 5 43 21 43 50 4 4 19 53 51 19 17 50 15 50 40 53 15 17 42 53 28 8 19 15 52 0 52 43 19 17 52 4 43 19 52
split_gain=344.097 80.6765 67.882 36.2448 24.1088 12.4261 12.3137 11.1276 8.72623 11.9671 7.86915 7.79345 11.0104 9.02009 8.06958 7.69309 9.37849 7.05803 7.024 6.76562 6.6598 5.92468 9.15696 5.68931 3.80675 3.71904 3.5916 3.1139 3.57751 2.58317 2.55695 1.83937 1.87528 1.48068 2.74377 1.00175 1.04308 0.901779 0.886184 0.662587
threshold=1.1074500000000003 1.9938000000000002 0.69495000000000007 78.500000000000014 3.5000000000000004 0.82555000000000012 0.048211709098202951 0.55795000000000006 95.500000000000014 0.011548034843387274 0.0031249350702378964 0.12256416566541005 1.0240617235125469 19.500000000000004 0.051637553956974294 0.071261354987528489 89.500000000000014 0.46109766258107737 103.00000000000001 1.0000000180025095e-35 0.94194275686243867 0.17194531771262136 0.12233573608089669 2.5000000000000004 1.0236856744094631 1.0000000180025095e-35 0.07991291638558444 0.01285446067662919 0.14560712002950763 0.91132701556953777 0.45315195138534492 0.88890035761821551 0.94705000000000006 0.0061611541181918967 0.013074221874308376 0.9521794254509296 0.015432683805622413 0.50075000000000014 0.021507013038635697 0.9506428847742413
decision_type=2 2 2 2 2 2 2 2 2 2 2 2 2 2 2 2 2 2 2 2 2 2 2 2 2 2 2 2 2 2 2 2 2 2 2 2 2 2 2 2
left_child=2 4 7 -3 6 23 10 37 9 -8 -2 12 13 25 -15 -11 17 -17 -10 26 21 -13 -23 24 27 31 29 -4 35 38 -22 -7 -33 -31 -35 36 -29 -1 -9 -39
right_child=1 3 5 -5 -6 11 8 19 18 15 -12 20 -14 14 -16 16 -18 -19 -20 -21 30 22 -24 -25 -26 -27 -28 28 -30 33 -32 32 -34 34 -36 -37 -38 39 -40 -41
leaf_value=-0.016729641310107578 0.0013793691984183534 0.005542126575026899 -0.0024101251800245482 0.013237333494384071 0.007761732145632267 -0.0096399154427242208 0.007804529415651607 -0.011436094524879885 -0.0020495012455191189 -0.00046786311616900216 -0.0048231224707341322 0.0044272217263681864 0.0023120423938445727 0.0015432890669141693 -0.0053307986176669179 0.0038429901853476419 0.0061493453220112749 -0.001161341107514581 0.0028335143375375431 -0.0035910080189467089 -0.0012672958570628719 -0.0045243756274634429 0.0030011433316516401 -0.0014364144477202602 -0.010273324988884034 -0.0030024534469683716 -0.005786045289126204 -0.0072114191338991766 -0.0036360943540945743 -0.01171284482600623 -0.0052927638003955032 -0.0081594980518723687 -0.0044321110356585758 -0.0057997257016474289 -0.011154507997815519 -0.0061404840488456965 -0.010406023387184861 -0.015087401742726525 -0.014604900801921778 -0.012106704406718037
leaf_weight=38.216099590063095 102.26327764987946 326.46796631813049 64.129999995231628 312.77142786979675 195.93242907524109 63.937775731086731 127.41877162456512 55.263706415891647 176.12460976839066 178.68479907512665 111.67861437797546 89.825168669223785 73.45853915810585 96.905838131904602 82.51834100484848 165.93630182743073 199.64854753017426 132.10822796821594 136.43154579401016 52.715311050415039 92.149933218955994 83.211017847061157 85.609338879585266 77.116336464881897 52.850171089172363 67.802973628044128 46.779782623052597 58.261666744947433 83.124539107084274 46.79628986120224 74.450851023197174 72.020958989858627 68.947512924671173 54.907093703746796 45.805477529764175 65.590534627437592 49.197570860385895 41.876745223999023 39.490012437105179 36.363120824098587
leaf_count=116 111 168 106 117 114 99 100 130 161 176 134 98 91 127 117 131 141 98 111 95 107 104 85 102 100 89 84 103 125 105 91 116 94 109 93 115 91 115 92 93
internal_value=0.000112265 0.0044892 -0.00498535 0.00930729 0.00247121 -0.00322013 0.001692 -0.010383 0.0023724 0.00326304 -0.00185836 -0.00217321 -0.00348876 -0.00443122 -0.00161815 0.0024075 0.00343982 0.00162482 8.19473e-05 -0.00891339 -0.000547231 0.00107531 -0.000708161 -0.00543092 -0.00625643 -0.00628203 -0.00988409 -0.00559364 -0.0063906 -0.0106754 -0.0030662 -0.00736724 -0.00633644 -0.00933843 -0.00823516 -0.00771372 -0.00867399 -0.0146956 -0.0127567 -0.0137021
internal_weight=4024.79 2165.47 1859.32 639.239 1526.23 1401.11 1330.29 458.214 1116.35 803.797 213.942 950.838 525.592 452.133 179.424 676.378 497.693 298.045 312.556 341.758 425.246 258.646 168.82 450.271 373.154 272.709 289.042 320.304 256.174 242.263 166.601 204.906 140.968 147.509 100.713 173.05 107.459 116.456 94.7537 78.2399
internal_count=4554 1562 2992 285 1277 1960 1163 1032 918 646 245 1218 733 642 244 546 370 229 272 708 485 287 189 742 640 398 613 540 434 529 198 309 210 307 202 309 194 324 222 208
is_linear=0
shrinkage=0.0161547


Tree=64
num_leaves=38
num_cat=0
split_feature=23 13 18 2 44 25 42 50 42 23 0 42 42 10 13 42 53 42 17 53 19 15 53 8 17 17 14 50 17 13 44 21 53 50 15 21 52
split_gain=240.093 64.8867 47.6476 32.4282 31.7205 19.9427 17.8861 15.6786 11.9117 11.0113 8.81127 8.723 6.82056 7.76742 9.47188 6.58123 5.56178 5.33939 4.75983 9.14174 7.7876 4.74361 4.67059 4.61273 4.19007 7.77436 8.30214 5.23433 3.44076 5.69775 2.75693 3.16102 3.06852 2.07642 1.85565 1.7747 1.44798
threshold=1.469718711229022 0.048956222180666926 5.5000000000000009 1.0980486479259108 68.500000000000014 7.5000000000000009 3.5000000000000004 95.500000000000014 3.5000000000000004 0.55890488736487265 0.53089813466494939 2.5000000000000004 3.5000000000000004 1.2876783759999115 0.91843586382332287 1.5000000000000002 0.94596968749959198 1.0000000180025095e-35 0.056041241266796937 0.88897016076531321 0.19002187068628609 0.06805255148960429 0.9317047654699846 0.099463882080314411 0.02470643053278614 0.010916901402574727 2.5000000000000004 92.500000000000014 0.0014251972378553199 0.025481926877273065 69.500000000000014 0.003863495252285127 0.88645365796038089 92.500000000000014 0.018397753415531824 0.070209905900101885 0.89887477047811071
decision_type=2 2 2 2 2 2 2 2 2 2 2 2 2 2 2 2 2 2 2 2 2 2 2 2 2 2 2 2 2 2 2 2 2 2 2 2 2
left_child=1 5 7 8 16 -1 9 12 -4 11 18 17 13 -2 -15 30 35 21 22 -20 -21 -6 -11 -8 25 -19 -27 -26 -17 -30 32 33 -7 -32 -33 -3 -34
right_child=2 4 3 -5 6 15 23 -9 -10 10 -12 -13 -14 14 -16 28 -18 24 19 20 -22 -23 -24 -25 27 26 -28 -29 29 -31 31 34 36 -35 -36 -37 -38
leaf_value=0.0025844734891109235 0.0058022081849800995 -0.01099656520211066 0.0026245675344812309 0.012513752229500942 -0.0095916210729164782 -0.0074633400135558185 0.0056649677958135643 -0.0013840760929694417 0.0080976171655981477 -0.0029984036706797424 -0.0037766947775753701 0.00080294366705800202 0.0061232628608372261 -0.0020772153222469603 0.0042329901638192523 -0.0085873255998197093 -0.0040948831048025222 -0.0053898259469066945 0.0059330769501225889 -0.0020835221080152482 0.0033228942634330929 -0.0031754013637861852 0.0012916045089170502 0.0010971942547505259 -0.0022733617434936046 0.0034364809282616589 -0.0038403954604118787 -0.0080984626004194562 -0.00065903871073377525 -0.0073025478478648499 -0.0083726748099708925 -0.011925597056184494 -0.015170585409458641 -0.00386644520625486 -0.0079257853591342166 -0.0071359944675409639 -0.011199501734347216
leaf_weight=48.738475024700165 126.60601949691772 74.487123787403107 200.85300195217133 286.90337145328522 67.097869247198105 39.653093338012695 122.74369034171104 197.56700053811073 214.73213130235672 135.42391487956047 134.28382459282875 138.88791847229004 220.39474529027939 132.0896954536438 117.12646192312241 80.373904198408127 87.235546141862869 91.877471894025803 106.73752042651176 152.72931811213493 127.64257702231407 54.493202537298203 129.62259763479233 108.8721621632576 88.874146312475204 99.640192449092865 69.425699353218079 73.595076024532318 60.228511333465576 76.460902035236359 60.329621940851212 68.816818624734879 39.685214221477509 47.853923499584198 54.04095670580864 53.320793688297272 60.486806273460388
leaf_count=64 100 142 143 108 125 84 112 167 107 167 158 159 132 130 85 140 141 148 103 170 119 83 142 100 120 126 101 111 89 120 120 145 100 88 100 83 140
internal_value=0.00013341 -0.00287744 0.00527197 0.00833638 -0.00139341 -0.00734581 -0.000654745 0.00256001 0.00545248 -0.00131204 -8.35875e-06 -0.00281121 0.00386696 0.00254379 0.000888451 -0.00816902 -0.00723955 -0.00373223 0.00076757 0.00190956 0.000377812 -0.00671608 -0.000900349 0.00351786 -0.00287536 -0.0016073 0.000448284 -0.00491201 -0.0059349 -0.00437526 -0.00947661 -0.00839306 -0.011267 -0.00637939 -0.0101662 -0.00938596 -0.0127727
internal_weight=4049.93 2553.66 1496.27 702.489 1916.99 636.668 1701.95 793.784 415.585 1470.33 786.44 683.892 596.217 375.822 249.216 587.93 215.043 545.004 652.156 387.109 280.372 121.591 265.047 231.616 423.413 260.943 169.066 162.469 217.063 136.689 370.866 231.041 139.825 108.184 122.858 127.808 100.172
internal_count=4572 3600 972 358 2410 1190 2044 614 250 1832 859 973 447 315 215 1126 366 814 701 392 289 208 309 212 606 375 227 231 349 209 777 453 324 208 245 225 240
is_linear=0
shrinkage=0.0161547


Tree=65
num_leaves=37
num_cat=0
split_feature=43 43 43 19 2 44 21 13 18 50 2 15 43 52 53 6 28 8 51 53 40 53 21 43 53 52 10 52 15 52 2 2 44 43 19 23
split_gain=307.057 114.95 39.4636 36.2363 19.8167 16.3057 10.1628 9.04785 12.9411 8.2913 13.682 8.0226 7.94752 7.37655 9.38083 18.782 9.03517 5.91544 5.3193 5.25926 8.46377 4.97109 5.20745 4.96251 5.80849 4.20956 3.55831 3.20841 2.91886 2.1921 2.07691 1.44498 0.893869 0.736233 0.469419 0.293342
threshold=0.91350000000000009 1.5963500000000004 0.67295000000000016 1.4228054403493351 0.20897619682137422 68.500000000000014 0.13717220654982765 0.31407280672950522 3.5000000000000004 94.500000000000014 0.32004713154640446 0.33417329761575337 0.55795000000000006 0.98655405670457841 0.89163288659541295 0.069196958919875748 1.0000000180025095e-35 0.32129754693909979 16.500000000000004 0.91733545063656108 1.0000000180025095e-35 0.93700965917191315 0.064650115162013674 0.82895000000000019 0.98272433948956606 0.89887477047811071 0.15341877959672803 1.049249220009026 0.073887813976713318 0.91706344704376541 0.027378638044817855 0.021858359705450161 73.500000000000014 0.50075000000000014 0.0093268952399923923 0.092397362887525827
decision_type=2 2 2 2 2 2 2 2 2 2 2 2 2 2 2 2 2 2 2 2 2 2 2 2 2 2 2 2 2 2 2 2 2 2 2 2
left_child=2 5 12 4 -3 -2 13 -8 -9 10 -10 19 33 14 15 -7 21 -6 -14 29 23 -16 -23 24 26 -19 -21 -15 32 31 -31 -4 35 -1 -35 -20
right_child=1 3 11 -5 17 6 7 8 9 -11 -12 -13 18 27 16 -17 -18 25 28 20 -22 22 -24 -25 -26 -27 -28 -29 -30 30 -32 -33 -34 34 -36 -37
leaf_value=-0.016500244795236544 -0.0058105669471932185 0.0016480242908408862 -0.0034073205339154077 0.012670680090082622 0.0089717514712682103 -0.0015495970153295772 0.006374467468512059 -0.0024621167902386331 0.0079025887912962615 -0.00062342560550081088 0.0013317728230556318 0.00014621687032032415 -0.0061514617255105418 -0.0046524262675416463 -0.0049830307708818794 0.0091235499790942656 0.0033076917573002466 0.007555512010630973 -0.013963731457260096 -0.0017592187957057839 0.00062352918140955334 0.0014257538982799449 -0.0038161685455844574 -0.002656355567987941 -0.0098767518043022095 0.0041990326991316511 -0.0073883975615382878 -0.00061297624781106919 -0.0074278995063690586 -0.0097318563056369798 -0.0063767945066962629 -0.0068115516703930847 -0.010306204133898307 -0.012532150326354087 -0.014992514926918965 -0.012153999059710874
leaf_weight=35.964115798473358 105.9699784219265 248.48346602916718 61.34494960308075 233.565544962883 248.6542090177536 89.544402182102203 109.5193430185318 170.80995696783066 141.89696133136749 137.87122708559036 198.23826068639755 78.284074246883392 83.648226022720337 131.91738018393517 111.86374136805534 82.83051323890686 100.84824073314667 184.87898421287537 50.172726571559906 62.422400116920471 80.353391617536545 119.43629476428032 84.414920508861542 123.05385562777519 88.699845671653748 206.35593885183334 55.239094942808151 83.984202414751053 43.349096089601517 89.189902037382126 104.65152388811111 69.300929874181747 42.901582151651382 41.815295487642288 39.218531042337418 43.763067871332169
leaf_count=111 147 180 101 80 136 107 95 168 109 124 162 96 163 163 142 77 103 90 126 103 109 139 97 174 166 109 94 97 84 160 173 111 96 112 107 100
internal_value=7.73161e-05 0.00300974 -0.00678109 0.00700855 0.00551989 0.000321884 0.000737612 0.00207953 0.00135455 0.00271839 0.00407297 -0.00476989 -0.0110721 -0.000526771 0.000409636 0.00357912 -0.000901905 0.00702343 -0.00951808 -0.00529403 -0.00407738 -0.00224657 -0.00074493 -0.00522406 -0.00675519 0.00578514 -0.00440198 -0.00308111 -0.011081 -0.00683045 -0.00792052 -0.00521309 -0.0122382 -0.0145766 -0.0137229 -0.0131206
internal_weight=3984.46 2791.08 1193.37 1121.94 888.373 1669.15 1563.18 758.336 648.816 478.006 340.135 812.54 380.833 804.84 588.938 172.375 416.563 639.889 263.835 734.256 409.769 315.715 203.851 329.415 206.361 391.235 117.661 215.902 180.186 324.487 193.841 130.646 136.837 116.998 81.0338 93.9358
internal_count=4511 2325 2186 595 515 1730 1583 658 563 395 271 1287 899 925 665 184 481 335 569 1191 646 378 236 537 363 199 197 260 406 545 333 212 322 330 219 226
is_linear=0
shrinkage=0.0161547


Tree=66
num_leaves=40
num_cat=0
split_feature=43 43 43 15 19 43 43 15 0 8 13 40 22 21 15 23 4 19 53 18 8 43 43 2 14 4 19 13 8 51 52 53 53 13 19 8 16 43 19
split_gain=335.239 62.8412 55.7276 22.9057 21.3723 12.5993 10.3858 10.2066 8.58761 11.9034 11.1317 8.29379 6.70043 6.58598 15.1453 13.3425 6.44145 6.27584 4.98866 4.94372 4.70105 4.65309 4.02143 5.97398 8.36489 7.58147 6.42839 5.16854 3.34768 3.78233 3.16305 2.91702 2.5658 2.40306 2.86368 2.6751 1.91245 1.08316 0.622603
threshold=1.1074500000000003 2.0324500000000003 0.69495000000000007 1.2907442592021972 0.098124648047158577 0.97555000000000014 0.54375000000000007 0.24631162049260127 0.81963046880216373 0.66666390686913857 0.26466008734873359 1.0000000180025095e-35 2.5000000000000004 0.1752992404570711 0.44425731494740478 1.4936952777048991 0.0028264015294660388 0.029300221305821789 0.85794445683935427 4.5000000000000009 0.07991291638558444 2.3890500000000006 0.82895000000000019 0.036808692821685779 2.5000000000000004 0.00059893075023033317 0.12969275918345952 0.017590211914267191 0.045419144697938979 18.500000000000004 0.9048394815803591 0.90528059157376572 0.92361816944801511 0.061554606297319306 0.1134350115685288 0.044908721098179068 1.5000000000000002 0.50075000000000014 0.01480489519785729
decision_type=2 2 2 2 2 2 2 2 2 2 2 2 2 2 2 2 2 2 2 2 2 2 2 2 2 2 2 2 2 2 2 2 2 2 2 2 2 2 2
left_child=2 4 6 21 12 7 37 18 10 -10 -6 20 17 -12 15 -15 -7 -2 -4 28 30 -3 27 25 -25 -24 -26 -20 -18 -30 38 -32 -9 -29 35 -35 -33 -1 -8
right_child=1 3 5 -5 8 16 11 32 9 -11 13 -13 -14 14 -16 -17 19 -19 22 -21 -22 -23 23 24 26 -27 -28 33 29 -31 31 36 -34 34 -36 -37 -38 -39 -40
leaf_value=-0.017208190827746515 -0.0024904349475547535 0.0045141641773589602 -0.0099052129426472589 0.013029065092352486 0.0060100058220658127 0.0026059272485175798 -0.011719939654434356 0.0012678392738408157 0.007605952200825483 0.0022563876580244005 -0.00098533903869058004 -0.0028613125289408551 -0.0045782744460841204 0.0014085881321296288 -0.00083522041968420483 0.008952531324734803 -0.0060024755570711342 0.0030373865821204452 -0.0021078229469536579 0.0013611057489692703 -0.0051493848799544547 0.0080370771931897664 -0.0035186314784151451 0.0016125266805020269 -0.0083014393310781847 -0.010799569981735703 -0.0011761442586217575 -0.0097904206858423302 -0.0042051622087140323 0.00053761961604400382 -0.0068258727526386582 -0.013263097435395828 -0.0028072850508356582 -0.0070444043399999438 -0.009036716047405571 -0.002642215375978584 -0.0087579455395354767 -0.013569060767938665 -0.014374918114597585
leaf_weight=34.860486775636673 101.1370148062706 182.19138252735138 57.134842991828918 208.47805678844452 184.4815462231636 90.86743950843811 44.346687257289886 77.552638977766037 253.74679201841354 189.70374697446823 193.21103656291962 51.808590650558472 102.57283300161362 120.08051711320877 188.97946172952652 124.74546414613724 82.184607774019241 114.03484225273132 65.119007170200348 76.69055163860321 47.040037214756012 211.34671938419342 101.64879450201988 92.544471949338913 65.746773898601532 58.978607147932053 66.433617115020752 68.484135448932648 96.904302358627319 80.201058447360992 68.909197956323624 52.589271426200867 83.991434842348099 78.652823209762573 68.443740785121918 66.46902796626091 46.188100665807724 55.05474191904068 48.001510143280029
leaf_count=110 119 102 99 67 155 106 108 92 160 119 178 95 120 105 144 83 110 115 106 79 85 96 149 119 101 98 82 130 118 92 141 123 105 138 116 105 96 152 116
internal_value=-2.44891e-05 0.00426112 -0.00512615 0.00869964 0.00256208 -0.00351596 -0.0100703 -0.00455072 0.00350969 0.00531746 0.00252182 -0.0088402 -0.00118055 0.00149552 0.00260046 0.00525243 -0.00121007 0.00043915 -0.0053076 -0.00224212 -0.00984894 0.00640612 -0.004949 -0.00381289 -0.00211235 -0.00619202 -0.00472028 -0.00621007 -0.00330785 -0.00205742 -0.0106991 -0.00937687 -0.000850936 -0.00715719 -0.00631279 -0.0050281 -0.0111565 -0.01498 -0.0131
internal_weight=4001.56 2174.71 1826.85 602.016 1572.69 1378.05 448.799 951.2 1254.95 443.451 811.498 358.883 317.745 627.016 433.805 244.826 426.848 215.172 789.656 335.981 307.075 393.538 732.521 385.352 224.725 160.627 132.18 347.169 259.29 177.105 260.035 167.687 161.544 282.05 213.566 145.122 98.7774 89.9152 92.3482
internal_count=4534 1563 2971 265 1298 1945 1026 1440 944 279 665 764 354 510 332 188 505 234 1243 399 669 198 1144 549 302 247 183 595 320 210 584 360 197 489 359 243 219 262 224
is_linear=0
shrinkage=0.0161547


Tree=67
num_leaves=38
num_cat=0
split_feature=43 43 43 13 43 17 2 21 19 19 47 23 13 43 53 53 21 51 43 51 10 21 43 13 52 51 42 53 53 52 52 52 17 43 50 43 13
split_gain=299.998 94.278 46.2564 21.9054 19.8206 17.0193 7.73837 8.31615 6.84629 6.82964 6.59493 7.06524 17.4588 6.0948 6.88054 9.52892 5.58547 5.5367 5.45706 5.4253 5.18621 4.81851 4.74502 4.69997 4.61245 4.43127 4.33193 4.05667 5.00709 2.28748 2.04846 1.9899 1.8905 1.86207 0.906504 0.664802 0.339634
threshold=1.3199000000000003 0.80205000000000004 2.7357000000000005 0.49488053978058283 0.57435000000000014 0.043999619544237069 1.0980486479259108 0.4821016802572009 0.40827302954257311 0.06527436965418483 1.5000000000000002 0.22051142071578267 0.048956222180666926 1.15805 0.94424917842281975 0.87710060212051622 0.1262204234314484 19.500000000000004 0.94370000000000009 19.500000000000004 1.5398694939623201 0.16986764060381235 1.1411500000000003 0.30655597161441656 0.91706344704376541 19.500000000000004 1.5000000000000002 0.98420471254065933 0.93757315545435072 0.9048394815803591 0.94569171602175783 0.96487877779348297 0.02470643053278614 0.54375000000000007 91.500000000000014 0.50075000000000014 0.036185073448171449
decision_type=2 2 2 2 2 2 2 2 2 2 2 2 2 2 2 2 2 2 2 2 2 2 2 2 2 2 2 2 2 2 2 2 2 2 2 2 2
left_child=1 4 3 17 33 10 7 8 -5 19 11 12 25 14 15 -7 -16 23 24 27 -15 -17 32 -2 -13 -3 30 28 31 -21 -11 36 -20 35 -31 -1 -6
right_child=2 5 -4 6 9 13 -8 -9 -10 26 -12 18 -14 20 16 21 -18 -19 22 29 -22 -23 -24 -25 -26 -27 -28 -29 -30 34 -32 -33 -34 -35 -36 -37 -38
leaf_value=-0.016610188163598154 0.0015865079229056712 -0.005594629820097047 0.011961266408824512 0.0038780981017813181 -0.0074938628571489469 -0.0037086109880137218 0.0083168398127005001 0.0023856847975453539 0.0080368594026290867 -0.0083179703109089731 -0.0078824842739204995 -0.0034873380050772411 0.0047812393499792327 0.0040709186995972939 0.00024483243525646466 0.0046800293827178015 -0.0052392598233923834 0.0034566464168558331 0.0005870203647137406 -0.01274647504295533 -0.00036901567437445221 5.4200895536099103e-05 -0.0055456914001138294 -0.002786143841694472 -0.0093515269456232834 -0.00067475596615694121 -0.0019784630307340297 -0.01093664248635853 -0.0011563774981897615 -0.010355837384260319 -0.0043701629368331106 -0.004590413649684026 -0.0027892964531493823 -0.011134497307890066 -0.0073808190041020792 -0.013813443309217318 -0.0093822608416779252
leaf_weight=35.983623564243317 176.53556948900223 113.43264204263687 237.31049120426178 183.93035238981247 49.044102102518082 92.272311478853226 229.07448351383209 228.86281460523605 235.67493897676468 75.281335115432739 68.302475124597549 66.355443358421326 99.697202175855637 161.53139239549637 79.658038198947906 120.13240200281143 123.78060680627823 213.91282248497009 88.826108336448669 65.972700506448746 119.41671335697174 115.04499262571335 95.326879620552063 100.76970142126083 74.084974378347397 82.543780893087387 90.854407370090485 46.878918349742889 48.816141158342361 55.468226671218872 63.013237446546555 53.642676472663879 84.407245814800262 54.630931973457336 51.589861750602722 57.827625751495361 50.396242827177048
leaf_count=114 161 173 85 130 97 112 102 128 128 139 100 95 121 142 95 129 149 174 107 147 108 123 116 85 119 113 138 99 86 116 106 99 107 133 101 162 99
internal_value=-1.99405e-05 -0.00365546 0.00537699 0.00423543 -0.00817859 -0.00137394 0.00576446 0.00486282 0.0062139 -0.00696387 -0.0030896 -0.00262503 -0.000722534 0.000259603 -0.000758652 0.000690966 -0.00309192 0.00150389 -0.00400038 -0.00818348 0.00218373 0.00241715 -0.00265098 -2.46589e-06 -0.00658081 -0.00352242 -0.00471884 -0.00665553 -0.0056615 -0.0103803 -0.00651917 -0.00709813 -0.00105808 -0.0135055 -0.00892222 -0.0148862 -0.0084509
internal_weight=3990.28 2384.21 1606.07 1368.76 799.4 1584.81 877.543 648.468 419.605 650.958 772.977 704.674 295.674 811.836 530.888 327.45 203.439 491.218 409.001 421.809 280.948 235.177 268.56 277.305 140.44 195.976 229.149 248.778 201.899 173.031 138.295 153.083 173.233 148.442 107.058 93.8112 99.4403
internal_count=4538 3545 993 908 1636 1909 488 386 258 1227 1051 951 407 858 608 364 244 420 544 844 250 252 330 246 214 286 383 480 381 364 245 295 214 409 217 276 196
is_linear=0
shrinkage=0.0161547


Tree=68
num_leaves=37
num_cat=0
split_feature=43 43 43 43 43 17 8 43 29 44 50 23 0 44 42 8 13 17 8 42 6 8 52 43 8 53 50 15 53 19 17 19 43 45 51 43
split_gain=298.12 56.6134 52.5096 18.0818 13.3432 11.1261 10.5278 9.26203 9.22518 7.74067 7.23816 9.10041 7.41543 7.54954 6.44091 5.07895 5.05764 5.05231 8.35436 6.66295 6.87221 6.84134 5.35714 5.01859 4.89787 5.1003 4.62132 4.54218 3.52045 2.80102 2.73882 4.89531 1.56143 1.345 0.886191 0.473117
threshold=1.1074500000000003 0.67295000000000016 2.1972000000000005 1.4967500000000002 0.82555000000000012 0.11626708842528705 0.46454273302499388 0.54375000000000007 1.0000000180025095e-35 68.500000000000014 92.500000000000014 0.49731170651595707 0.12378626165312541 74.500000000000014 2.5000000000000004 0.37963126300653577 0.27446232483442878 0.055236198606022406 0.085750634782887428 2.5000000000000004 0.029167806121648723 0.0023259595989002465 0.90698742374244279 1.2730000000000004 0.066098998744058085 0.8741897193403555 93.500000000000014 0.24991486285452294 0.99899457155407623 0.11480948764384555 0.013859603300445798 0.0045596021242197571 0.57845000000000013 1.0000000180025095e-35 19.500000000000004 0.62400000000000011
decision_type=2 2 2 2 2 2 2 2 2 2 2 2 2 2 2 2 2 2 2 2 2 2 2 2 2 2 2 2 2 2 2 2 2 2 2 2
left_child=1 7 3 8 14 16 -4 34 10 -6 11 -2 -12 -14 27 -7 -5 19 -19 20 21 -11 -20 -13 25 -9 -22 28 29 30 31 -3 -27 35 -1 -34
right_child=2 4 6 5 9 15 -8 24 -10 17 12 23 13 -15 -16 -17 -18 18 22 -21 26 -23 -24 -25 -26 32 -28 -29 -30 -31 -32 -33 33 -35 -36 -37
leaf_value=-0.013697134186003219 -0.0023430317984506808 -0.003150092514495979 0.0059291927539832211 0.0041807620012776804 -0.0063321983627215835 0.0074307019262799378 0.010676054549401478 -0.0051506082620050037 0.0051390428959746546 -0.0038713357558281579 0.0019178646699998284 0.0051464123581249407 -0.006406936076743152 -0.00054733486051420559 -0.0016276572854700528 0.0041534622352343261 -1.797758564013745e-05 0.0033407217031081187 0.00099523501029401447 0.00013831340458763061 8.5544079249995109e-05 -0.010718304556151722 -0.0043285316952918615 0.001183152647534806 -0.0047366312339100882 -0.013958372434338385 -0.0047652738913522971 -0.002003729077423588 -0.010658242781269978 -0.0096094203156186792 -0.003478670168876727 -0.009439108080440262 -0.01310247181685548 -0.0087796400437213235 -0.017000838248063564 -0.010595439189549773
leaf_weight=59.727382272481918 105.01134145259857 52.01795756816864 219.84455358982086 139.18169236183167 110.72427096962929 257.59296983480453 273.7860894203186 45.13629949092865 124.45357584953308 103.27650207281113 123.95428031682968 162.25010716915131 97.507628500461578 139.4475120306015 87.251659601926804 236.91846150159836 162.0323498249054 113.16066831350327 83.913447916507721 147.7434429526329 120.45334678888321 60.331965714693069 119.68266826868057 171.53876596689224 56.577725052833557 41.591590881347656 89.218856573104858 51.729252874851227 61.013696134090424 56.556608527898788 94.248057037591934 85.216267198324203 39.768160611391068 69.545345723628998 32.840570420026779 38.822332590818405
leaf_count=174 127 91 109 116 170 148 96 93 103 150 127 142 105 128 119 126 123 121 91 173 154 100 143 140 105 107 128 73 123 102 160 166 94 154 101 88
internal_value=-6.51277e-05 -0.00490756 0.00391762 0.00258463 -0.00343467 0.00436972 0.00856198 -0.0104175 0.00104762 -0.00231787 0.000410894 0.00180473 -0.00128376 -0.00295858 -0.0056052 0.00586059 0.00192213 -0.00178732 -0.000178365 -0.00276549 -0.00391481 -0.00639621 -0.00213431 0.00310964 -0.00900353 -0.0100314 -0.00197856 -0.00647113 -0.00713319 -0.0063865 -0.00559907 -0.00705529 -0.0111926 -0.010416 -0.0148692 -0.011864
internal_weight=4034.07 1820.55 2213.52 1719.89 1436.54 795.725 493.631 384.009 924.163 948.505 799.71 438.8 360.909 236.955 488.033 494.511 301.214 837.781 316.757 521.024 373.281 163.608 203.596 333.789 291.441 234.864 209.672 400.782 349.053 288.039 231.482 137.234 189.727 148.136 92.568 78.5905
internal_count=4570 2980 1590 1385 2064 513 205 916 872 1230 769 409 360 233 834 274 239 1060 355 705 532 250 234 282 641 536 282 715 642 519 417 257 443 336 275 182
is_linear=0
shrinkage=0.0161547


Tree=69
num_leaves=39
num_cat=0
split_feature=43 43 2 43 13 44 38 53 53 50 50 43 51 43 14 44 8 51 43 6 52 42 53 15 10 45 44 52 50 6 8 53 42 44 43 43 51 44
split_gain=302.831 90.1194 46.9334 21.3983 18.0519 15.8449 9.00865 8.42734 19.5318 13.4796 14.4417 11.1979 8.22108 7.81489 7.08329 7.0803 7.01988 6.69273 6.05536 5.51658 5.3745 5.10503 4.46821 4.42082 4.13376 3.65694 3.63988 3.62313 2.83911 3.20967 2.28243 1.6971 3.17811 1.51704 1.47944 1.03936 0.53195 0.482855
threshold=1.3199000000000003 0.81235000000000013 1.0980486479259108 0.55795000000000006 0.22268495070559621 71.500000000000014 1.0000000180025095e-35 0.88005717887098256 0.89079568334213299 92.500000000000014 83.500000000000014 1.0457000000000003 19.500000000000004 0.94370000000000009 3.5000000000000004 77.500000000000014 0.27370244989015369 19.500000000000004 0.67295000000000016 0.099961429649210856 0.9506428847742413 2.5000000000000004 0.93757315545435072 0.46109766258107737 0.97335745151502329 1.0000000180025095e-35 75.500000000000014 1.0197462719059629 90.500000000000014 0.04710849033129208 0.0046456288298064525 0.89875697301968915 1.5000000000000002 73.500000000000014 0.75095000000000012 0.50075000000000014 18.500000000000004 70.500000000000014
decision_type=2 2 2 2 2 2 2 2 2 2 2 2 2 2 2 2 2 2 2 2 2 2 2 2 2 2 2 2 2 2 2 2 2 2 2 2 2 2
left_child=1 3 4 35 26 17 12 14 -9 10 21 -12 15 -11 -7 23 -14 24 20 -15 33 -10 -19 -6 31 -22 -2 28 29 -20 -30 -3 -33 36 -32 -1 -5 -37
right_child=2 5 -4 18 6 7 -8 8 9 13 11 -13 16 19 -16 -17 -18 22 27 -21 25 -23 -24 -25 -26 -27 -28 -29 30 -31 34 32 -34 -35 -36 37 -38 -39
leaf_value=-0.017276173765352423 -0.0019718547682499705 -0.0046021892735708565 0.010237572140874665 -0.01115531922040117 0.0042572354970040246 -0.0057880600667954991 0.0010436131814000531 0.007495446385143603 -0.0040558218760173457 -0.0070054901753074609 0.00098823679347540341 0.0079649988956953799 0.0091283952128573716 0.00099546157594045765 0.00019454138186508478 0.0065506491548340809 0.004816727055731343 -0.0044493430135366056 -0.01039884190623493 -0.0037157885779220078 -0.0088091599384519589 0.0012316554565773459 0.00078080116695830126 0.00042259323240839133 -0.0020215401612053785 -0.0030609634839473903 0.0021075791238937972 -0.0028350530145779306 -0.0030871957564650738 -0.0057526613036787393 -0.0084906067834142306 -0.010067212813648342 -0.005218412288494287 -0.0088186024971545051 -0.004958801676967866 -0.015070700948961551 -0.013598251140392354 -0.012438332359782787
leaf_weight=32.424858272075653 134.27132886648178 78.139550656080246 388.29263985157013 48.191073834896088 172.29634666442871 121.55343118309975 147.96253007650375 89.575007200241089 114.35088235139847 87.940961539745331 137.45728525519371 106.59726125001907 207.89454871416092 125.7980515062809 89.807018429040909 176.34931409358978 187.35537719726562 73.528355598449707 83.197246551513672 133.90681773424149 71.282185316085815 81.70226114988327 101.44011807441711 144.06514346599579 70.737004101276398 48.560724705457687 99.28911942243576 82.152115881443024 74.628107696771622 72.719513177871704 59.817632228136063 68.479196906089783 72.760743111371994 48.805983930826187 64.145377635955811 37.646163702011108 44.96831277012825 35.17892661690712
leaf_count=106 134 115 151 112 126 159 95 87 142 133 164 91 125 138 92 103 107 103 164 147 149 83 123 87 84 93 89 134 125 123 108 110 101 107 107 109 112 96
internal_value=3.21109e-05 -0.00368821 0.00532271 -0.00807983 0.00381941 -0.00141656 0.00473412 -0.000350297 0.00034733 -0.000465478 0.00141268 0.00403552 0.00534908 -0.00284316 -0.00324605 0.00395686 0.00708459 -0.00391251 -0.0070566 -0.00143371 -0.00899917 -0.00185234 -0.0014171 0.00251101 -0.00541748 -0.00647997 -0.000237642 -0.0058919 -0.00660028 -0.00823187 -0.00531929 -0.00651247 -0.00756932 -0.0111258 -0.00666305 -0.0148703 -0.0123345 -0.0137991
internal_weight=4015.27 2357.49 1657.78 803.718 1269.48 1553.77 1035.92 1088.69 877.329 787.754 440.108 244.055 887.961 347.646 211.36 492.711 395.25 465.085 698.468 259.705 261.808 196.053 174.968 316.361 290.116 119.843 233.56 436.66 354.508 155.917 198.591 219.379 141.24 141.965 123.963 105.25 93.1594 72.8251
internal_count=4534 3517 1017 1645 866 1872 643 1236 985 898 480 255 548 418 251 316 232 636 1334 285 573 225 226 213 410 242 223 761 627 287 340 326 211 331 215 311 224 205
is_linear=0
shrinkage=0.0161547


Tree=70
num_leaves=39
num_cat=0
split_feature=43 43 43 42 43 40 43 42 44 43 2 52 19 50 21 23 50 52 53 44 15 19 8 13 21 52 52 15 15 0 8 0 13 53 19 51 8 13
split_gain=259.618 63.2328 61.0132 26.4128 12.3663 10.127 9.24051 8.20535 7.93474 7.04158 6.91559 7.37569 6.46301 5.48278 6.28919 9.05024 5.35437 9.45643 8.5751 5.21654 4.42549 4.17505 8.36211 4.1623 4.94743 2.68202 4.0207 2.54836 2.30895 3.23791 3.28927 3.87734 1.75559 1.67924 1.47546 1.16934 0.475715 0.314943
threshold=1.1074500000000003 0.70185000000000008 1.5963500000000004 3.5000000000000004 2.1972000000000005 1.0000000180025095e-35 0.90720000000000012 2.5000000000000004 70.500000000000014 0.57435000000000014 0.20897619682137422 0.93088652918327819 0.099646127813611693 92.500000000000014 0.14191791561726769 1.9110178688590149 103.00000000000001 0.90075562754280647 0.90528059157376572 78.500000000000014 0.13918642115047616 0.079240664416882281 0.12195633976097693 0.52047076714613427 0.11926398867954233 0.96152879766598975 1.0101644682439328 0.092540261187596798 0.2534098189949428 0.0073995384041206048 0.048869478910730589 0.23798583320559721 0.079082620973198792 0.91393653174282852 0.046596354340916302 19.500000000000004 0.0023259595989002465 0.015873675790423532
decision_type=2 2 2 2 2 2 2 2 2 2 2 2 2 2 2 2 2 2 2 2 2 2 2 2 2 2 2 2 2 2 2 2 2 2 2 2 2 2
left_child=1 5 8 10 -5 9 7 19 -2 35 -4 -12 -9 14 27 -16 17 20 -19 28 -8 -20 -23 24 -15 32 -27 -10 29 33 34 -32 36 -3 -31 37 -11 -1
right_child=2 6 3 4 -6 -7 16 12 13 25 11 -13 -14 23 15 -17 -18 18 21 -21 -22 22 -24 -25 -26 26 -28 -29 -30 30 31 -33 -34 -35 -36 -37 -38 -39
leaf_value=-0.013651765256210049 -0.0025620985634791996 -0.0060354919963392945 0.0010980919223087661 0.006002256645907064 0.010743943990640371 -0.0038231129642066247 -0.0073922156491101829 -0.0039156811388354482 0.0023110018819677055 -0.010787939467868438 0.0028121255786686594 0.0075383547346704995 0.0028685127931099329 -0.00045969416189009234 0.0069549075703587782 0.0011369330899528799 0.0023051735318813014 0.0024356018176314984 -0.0056868105237904646 -0.0016588443925626565 -0.0021658761672574637 0.0023349132294468002 -0.0050016904505057278 -0.0021718804494794937 0.0040986522653733955 -0.0035725436709789426 -0.010078842811582767 -0.0013722123910822946 -0.00283111881715142 -0.0075870119360058859 -0.002859757040990478 -0.0083879080016382324 -0.0083416362594845427 -0.0023761255455965794 -0.011009073253096243 -0.015749563301862547 -0.012970994344322853 -0.011611072872594313
leaf_weight=38.832543075084686 151.48476058244705 62.609627574682236 178.6025218963623 254.70857512950897 328.87481999397278 63.594638288021088 99.889302313327789 78.60435277223587 94.5186408162117 56.763385027647018 185.16417413949966 161.18792796134949 68.655338704586029 164.85132795572281 145.90969467163086 133.73046380281448 85.081439107656479 146.83113718032837 74.880590587854385 98.271996349096298 73.318378210067749 87.144106090068817 75.818273425102234 141.76904737949371 99.731616497039795 44.744618445634842 55.574414819478989 101.84952694177628 61.038859695196152 80.549568891525269 71.685452491044998 61.532594114542007 60.904376924037933 68.567245006561279 55.562886476516724 51.170873701572418 48.146422833204269 40.135862290859222
leaf_count=112 167 110 134 138 118 124 144 111 100 134 109 88 78 176 112 99 99 168 108 147 85 96 92 121 84 84 119 101 83 151 115 104 124 112 104 151 116 110
internal_value=-0.000129023 -0.00463369 0.00367657 0.00630935 0.00867441 -0.00980737 -0.00287137 -0.00414585 0.000853575 -0.0107677 0.00368016 0.00501165 -0.000752758 0.00143998 0.00261656 0.00417262 -0.0014698 -0.00204552 -0.000634187 -0.0050384 -0.00517992 -0.0025293 -0.00107844 6.17164e-05 0.00125852 -0.00926185 -0.00717688 0.000400643 -0.00575798 -0.00620404 -0.00721775 -0.00541318 -0.0105233 -0.00412271 -0.00898394 -0.0138473 -0.0117898 -0.0126146
internal_weight=3952.29 1809.91 2142.38 1108.54 583.583 459.867 1350.04 707.078 1033.85 396.272 524.955 346.352 147.26 882.36 476.008 279.64 642.963 557.882 384.674 559.818 173.208 237.843 162.962 406.352 264.583 266.133 100.319 196.368 461.546 400.507 269.331 133.218 165.814 131.177 136.112 130.139 104.91 78.9684
internal_count=4528 2981 1547 587 256 1074 1907 1115 960 950 331 197 189 793 412 211 792 693 464 926 229 296 188 381 260 577 203 201 779 696 474 219 374 222 255 373 250 222
is_linear=0
shrinkage=0.0161547


Tree=71
num_leaves=36
num_cat=0
split_feature=43 43 2 43 17 19 23 8 6 5 44 42 40 23 13 53 43 51 52 53 53 13 24 50 50 53 44 53 51 43 21 6 52 52 23
split_gain=261.241 77.1868 44.628 20.5657 14.2022 9.49041 12.4552 9.15588 13.9785 10.9511 8.36446 8.31212 6.90531 6.63988 13.6461 8.17046 5.78796 6.71547 5.7623 4.68181 10.9115 4.58906 4.26795 3.53809 4.32839 3.53537 2.74662 2.544 2.00107 1.5579 1.53147 1.52037 1.16104 0.844007 0.111436
threshold=1.3199000000000003 0.82555000000000012 1.0980486479259108 0.57435000000000014 0.045371408549968663 0.40827302954257311 2.8579471664485046 0.16932570090902418 0.056793603673924893 1.5000000000000002 69.500000000000014 1.0000000180025095e-35 1.0000000180025095e-35 0.29404285187328877 0.039019996241916856 0.92993034478275372 0.6856000000000001 14.500000000000002 0.94174254378713262 0.99899457155407623 0.95920522467349889 0.2818060246408372 19.500000000000004 88.500000000000014 92.500000000000014 0.92877763144566272 72.500000000000014 0.92681474553163901 17.500000000000004 0.50075000000000014 0.0088805338988521242 0.2153988499581389 0.93506636712040014 0.91132701556953777 0.25770202333910536
decision_type=2 2 2 2 2 2 2 2 2 2 2 2 2 2 2 2 2 2 2 2 2 2 2 2 2 2 2 2 2 2 2 2 2 2 2
left_child=1 3 5 29 11 7 -7 8 -2 -10 -6 -3 18 14 25 -16 17 -5 22 20 23 27 -12 -18 -25 -13 30 -15 -26 -1 -19 -20 -28 -31 -32
right_child=2 4 -4 16 10 6 -8 -9 9 -11 12 13 -14 21 15 -17 19 26 31 -21 -22 -23 -24 24 28 -27 32 -29 -30 33 34 -33 -34 -35 -36
leaf_value=-0.016178741009935969 -4.7537771237840372e-05 -0.0071184176749874472 0.0097771927873131874 -0.0023089157012001326 -0.0044591470331666015 0.0081794903036012112 0.0030822986634707916 -0.00048987804765318317 0.0092344394730206492 0.0027912802578567535 -0.0010087596799182848 -0.0069445334902031169 0.0036186983575410337 -0.0035748303475793409 -0.0010359882391035766 0.0059139406237144303 -0.008462554780944341 -0.013452515226277396 -0.00091730146980932852 -0.0087890943295107112 0.0011281106428588715 -0.00059567244861150493 0.002917937715144538 -0.0010259015037447148 -0.0042281202880543036 -0.0017920056395300699 -0.0092632138489354959 -0.0070531093792545064 -0.0080358192442463901 -0.013897029142291786 -0.0090866836023983186 -0.0037420182240665255 -0.005688164341861506 -0.010961332220007107 -0.010274335577858985
leaf_weight=33.624958485364914 179.1838007569313 107.55724868178368 375.07998085021973 41.594439566135406 88.987302601337433 202.18685352802277 328.17860335111618 228.84845632314682 126.98895341157913 150.34956669807434 124.14394342899323 70.44511690735817 170.49056631326675 120.24365016818047 90.266401380300522 86.399350374937057 92.972063928842545 42.516096651554108 103.42271932959557 79.916473627090454 72.80054959654808 77.571537435054779 172.76991182565689 60.268217623233795 70.220183670520782 68.591747045516968 43.692870050668716 100.94588243961334 73.953999251127243 43.800818800926208 41.40783217549324 95.781238377094269 51.829123228788376 61.362990379333496 41.065805166959763
leaf_count=111 164 169 147 76 115 110 169 180 89 118 135 108 160 161 120 98 169 108 113 149 108 90 168 95 115 93 98 137 129 124 95 104 104 162 87
internal_value=-0.00014018 -0.00358737 0.00490583 -0.00746288 -0.00135529 0.00340291 0.00502546 0.00214732 0.00346932 0.0057415 0.00019291 -0.00297548 0.000813925 -0.00225029 -0.000616655 0.00236291 -0.00635431 -0.00826276 -0.000149933 -0.00524304 -0.00447757 -0.00397656 0.00127613 -0.00584972 -0.00466151 -0.00440261 -0.00938581 -0.00516224 -0.00618128 -0.0131519 -0.010962 -0.00227548 -0.00732343 -0.0121841 -0.00967805
internal_weight=3919.46 2328.64 1590.82 851.026 1477.62 1215.74 530.365 685.371 456.522 277.339 755.596 722.021 666.608 614.464 315.703 176.666 712.238 262.106 496.118 450.131 370.215 298.761 296.914 297.414 204.442 139.037 220.512 221.19 144.174 138.789 124.99 199.204 95.522 105.164 82.4736
internal_count=4478 3501 977 1730 1771 830 279 551 371 207 795 976 680 807 419 218 1333 568 520 765 616 388 303 508 339 201 492 298 244 397 290 217 202 286 182
is_linear=0
shrinkage=0.0161547


Tree=72
num_leaves=39
num_cat=0
split_feature=43 43 43 5 44 42 21 43 43 17 17 15 13 0 0 52 44 4 15 15 51 51 6 14 53 53 10 23 4 44 0 21 43 52 53 51 43 51
split_gain=280.64 62.6876 60.829 22.4525 21.9074 14.8299 22.1635 10.3275 9.67529 9.11144 9.35985 8.62115 10.9424 7.57185 12.6678 5.88598 5.52272 5.28429 6.7094 4.78862 4.57676 9.3795 4.9826 7.90319 3.24516 2.56186 2.17892 3.49337 2.49089 2.07351 2.04457 2.00639 1.79618 1.41717 1.11135 1.05486 0.848404 0.760502
threshold=1.1074500000000003 1.9938000000000002 0.6856000000000001 3.5000000000000004 78.500000000000014 2.5000000000000004 0.038436063830967426 0.55795000000000006 0.90955000000000008 0.084286046394433184 0.2642675368152993 0.074722101984781839 0.19525642870571222 0.21814194643371548 0.74752326461195517 0.94283579487430291 81.500000000000014 0.0013383772427488802 0.2534098189949428 0.24326046529252573 21.500000000000004 19.500000000000004 0.16146207152208183 2.5000000000000004 0.90188601915518507 0.94596968749959198 0.26393725977291888 0.12616057280595336 0.039432704955490352 69.500000000000014 0.039308499065824988 0.0123109368068303 1.00465 0.94283579487430291 0.96437649594167552 18.500000000000004 0.78585000000000005 17.500000000000004
decision_type=2 2 2 2 2 2 2 2 2 2 2 2 2 2 2 2 2 2 2 2 2 2 2 2 2 2 2 2 2 2 2 2 2 2 2 2 2 2
left_child=2 3 7 9 -3 8 -7 34 16 20 13 32 -13 -11 -15 31 17 29 26 33 21 22 23 -2 -17 -14 27 -19 -28 -4 -26 -9 -10 -8 37 -33 -31 -1
right_child=1 4 5 -5 -6 6 19 15 11 10 -12 12 25 14 -16 24 -18 18 -20 -21 -22 -23 -24 -25 30 -27 28 -29 -30 36 -32 35 -34 -35 -36 -37 -38 -39
leaf_value=-0.013566715118176967 0.0009935317727982145 0.0054808416167790221 -0.0059293903932826743 0.0071625764439201128 0.01130132560965646 0.0055536180215681923 -0.0032391989757986892 -0.012669406668178109 -0.0068317444678906618 0.0072866111600207017 -0.0003889986527022308 0.0045491300431938914 -0.00096068767122329602 0.00017240744692463333 0.0063890308333827261 -0.0025831431062585388 -0.00048917990355624541 -0.0063509991119760998 -0.0021806524440063191 0.00014699454415103934 -0.0024117241384835064 0.0049106825247118282 0.0023927050794740686 -0.0045948665048537556 -0.010261184202789221 -0.0046583993842025124 -0.0049026475264519337 -0.012128430766808836 -0.0085481533042848588 -0.0035031796121167236 -0.0052980446114133618 -0.0074731105022813136 -0.0032044862091017033 -0.006415951563002344 -0.011764750632355768 -0.010879018317181246 -0.00076396000548291322 -0.016807494821678627
leaf_weight=35.373504459857941 143.90466219186783 358.69335579872131 54.587389260530472 213.49003714323044 318.70840883255005 122.2132121026516 79.52313756942749 65.613569289445877 80.365580052137375 132.66996949911118 171.99023294448853 83.338572114706039 126.82010579109192 205.65939676761627 146.46737557649612 48.59898179769516 59.663849711418152 48.941429674625397 68.760040789842606 83.027628123760223 142.37627780437469 115.42729604244232 120.14201867580414 122.06099456548691 43.655498921871185 79.581897079944611 97.070296853780746 61.805801838636398 98.599979966878891 58.516386985778809 42.995344877243042 52.818921536207199 64.001055151224136 67.97440642118454 33.472224742174149 43.093990653753281 59.526383996009827 40.57151535153389
leaf_count=105 154 176 100 122 117 142 100 169 125 94 120 97 145 169 99 92 88 94 93 89 146 105 110 133 100 99 164 120 170 100 83 111 87 91 97 99 90 128
internal_value=0.000252119 0.00413444 -0.00447346 0.002307 0.0082193 -0.0028708 -7.8859e-06 -0.00997483 -0.00384034 0.00151003 0.0028488 -0.00199851 -0.000391525 0.00399746 0.00275822 -0.00841076 -0.00515654 -0.00566488 -0.00674114 -0.00295632 0.00014449 0.000870151 -0.00033777 -0.00157118 -0.00592449 -0.00238641 -0.00776452 -0.00957527 -0.00673965 -0.00332583 -0.00779852 -0.0104926 -0.0052237 -0.00470321 -0.0142171 -0.0090034 -0.00212185 -0.015298
internal_weight=3992.1 2191.59 1800.51 1514.19 677.402 1394.32 352.738 406.194 1041.58 1300.7 656.787 434.107 289.741 484.797 352.127 296.776 607.472 547.808 375.178 230.525 643.911 501.535 386.108 265.966 135.25 206.402 306.418 110.747 195.67 172.63 86.6508 161.526 144.367 147.498 109.417 95.9129 118.043 75.945
internal_count=4523 1545 2978 1252 293 1994 422 984 1572 1130 482 553 341 362 268 654 1019 931 641 280 648 502 397 287 275 244 548 214 334 290 183 379 212 191 330 210 190 233
is_linear=0
shrinkage=0.0161547


Tree=73
num_leaves=37
num_cat=0
split_feature=43 43 19 14 17 34 21 40 50 43 52 44 52 51 53 44 43 44 51 13 13 17 51 10 52 6 10 4 0 17 52 53 52 44 53 13
split_gain=268.945 66.5298 55.3446 21.4906 14.237 12.2777 11.2737 10.4461 12.987 10.1201 6.90116 8.48353 5.63619 5.55166 5.40821 4.95994 5.64584 4.09037 7.52634 3.20228 5.97578 3.07457 3.07126 2.84457 2.82508 2.65016 5.08493 2.21449 1.8139 1.70324 1.5696 1.36094 1.21856 1.15296 0.88247 0.249353
threshold=1.2181000000000002 0.69495000000000007 0.40827302954257311 6.5000000000000009 0.022489426358038637 1.0000000180025095e-35 0.4462358993040359 1.0000000180025095e-35 93.500000000000014 0.57435000000000014 0.8854571507991148 77.500000000000014 0.96152879766598975 19.500000000000004 0.92772124363953157 80.500000000000014 0.90955000000000008 72.500000000000014 18.500000000000004 0.018603604612194704 0.059034132164831464 0.052814341985685472 17.500000000000004 0.38630350477604608 0.92888845476246418 0.084525531541826113 0.24104120643775681 0.092124820795961418 0.31952008536708243 0.00045695214246365724 0.83785415924405127 0.96539899205807367 0.95477616259028963 72.500000000000014 0.88831549063524962 0.028102835665740959
decision_type=2 2 2 2 2 2 2 2 2 2 2 2 2 2 2 2 2 2 2 2 2 2 2 2 2 2 2 2 2 2 2 2 2 2 2 2
left_child=1 9 10 6 5 19 -4 15 -9 31 30 13 23 14 -12 16 21 18 -18 29 32 24 -14 33 -6 26 -22 -23 -19 -3 -2 34 -21 35 -1 -11
right_child=2 4 3 -5 7 -7 -8 8 -10 12 11 -13 22 -15 -16 -17 17 28 -20 20 25 27 -24 -25 -26 -27 -28 -29 -30 -31 -32 -33 -34 -35 -36 -37
leaf_value=-0.01256462886503003 0.00039760040158424764 -0.0048530386571714445 0.0074934748126632839 0.0098167752717912039 -0.0041298446971936957 0.0012979037267956772 0.0028383588243457952 0.004257393983058794 -0.0035420576695143384 -0.011406749291869935 0.001829907035045082 0.0049226091203973428 -0.0023243977244916145 0.0030605242988124251 -0.0028084753136201337 0.00079066140981459861 -0.0030027194477456887 -0.0046442193900064523 0.0032617615299891487 -0.010282942454817194 -0.0059024509612141474 -0.0013671797791374326 -0.0076321359497800775 -0.0064577902122157065 -0.0091752908632736201 -0.0073428602001328327 -0.0001589377617595825 -0.0055086111979093409 -0.0017192021611481968 -0.0013002830836836528 -0.002265775235074523 -0.011006782235122789 -0.0071463070511848794 -0.0093195288718212841 -0.015809142726565504 -0.013195078055506399
leaf_weight=34.853892177343369 110.63913780450821 95.63883912563324 244.87468379735947 405.01612508296967 54.86242613196373 78.850986331701279 304.72440159320831 152.62371638417244 87.749436050653458 38.837746411561966 129.08393293619156 211.21637713909149 48.840521275997162 197.03346544504166 133.39620006084442 107.15817320346832 109.75058746337891 122.15848070383072 92.012613475322723 82.05251869559288 105.0932734310627 75.437167882919312 68.150229662656784 45.4212586581707 61.347858071327209 75.341020286083221 65.176584273576736 60.895845144987106 101.13783848285675 55.741509139537811 120.79054313898087 38.919212013483047 53.333136171102524 55.137528121471405 58.762436866760254 42.740320950746536
leaf_count=100 99 153 135 157 90 105 164 162 108 98 114 160 89 160 124 121 134 149 100 148 164 107 144 88 107 118 92 89 110 87 108 109 94 125 180 103
internal_value=-0.000181066 -0.00418811 0.00428187 0.00699322 -0.00269991 -0.00465136 0.00491245 -0.00153637 0.00141016 -0.00982964 0.00141288 0.00224283 -0.00818316 0.00101106 -0.000527386 -0.0024389 -0.00294963 -0.001813 -0.000145849 -0.00553251 -0.00632227 -0.00486271 -0.0054163 -0.00996037 -0.00679336 -0.00482017 -0.00370393 -0.00321703 -0.00331939 -0.00354484 -0.0009925 -0.0135457 -0.00904731 -0.011124 -0.0146012 -0.0123437
internal_weight=3924.8 2068.03 1856.77 954.615 1636.36 611.228 549.599 1025.13 240.373 431.663 902.16 670.73 299.128 459.514 262.48 784.761 677.603 425.06 201.763 532.377 380.997 252.543 116.991 182.137 116.21 245.611 170.27 136.333 223.296 151.38 231.43 132.536 135.386 136.716 93.6163 81.5781
internal_count=4495 3274 1221 456 2238 961 299 1277 270 1036 765 558 647 398 238 1007 886 493 234 856 616 393 233 414 197 374 256 196 259 240 207 389 242 326 280 201
is_linear=0
shrinkage=0.0161547


Tree=74
num_leaves=39
num_cat=0
split_feature=43 43 43 43 17 44 53 44 10 50 44 42 17 19 43 42 2 15 53 2 4 43 53 53 51 0 15 43 51 2 50 50 43 4 4 53 53 52
split_gain=244.353 75.7056 44.5554 20.1335 19.6779 10.7587 9.98267 7.69121 7.43156 8.85107 7.25742 6.66495 7.28825 9.47278 6.43164 6.39845 10.4345 9.88577 9.22323 7.87086 6.13828 5.24053 5.23708 10.1006 3.96131 3.45123 3.07083 3.04375 2.65838 2.36676 2.27073 3.21823 2.11288 1.82148 1.72628 1.17917 1.52502 0.638479
threshold=1.2730000000000004 0.82555000000000012 2.7357000000000005 0.57435000000000014 0.043999619544237069 68.500000000000014 0.86317561980973323 83.500000000000014 7.4730704772324987 97.000000000000014 79.500000000000014 4.5000000000000009 0.23131708716911975 0.3325897902590354 0.68820000000000014 2.5000000000000004 0.075864919470629552 0.074722101984781839 0.94779950875236973 0.21204162046500066 0.00059893075023033317 1.0922500000000002 0.99899457155407623 0.9504147512701473 19.500000000000004 0.23084380830580095 0.0081382502408920941 0.97555000000000014 15.500000000000002 0.075864919470629552 88.500000000000014 93.500000000000014 0.50075000000000014 0.013476082415820477 0.013476082415820477 0.96539899205807367 0.90188601915518507 0.92152411567520665
decision_type=2 2 2 2 2 2 2 2 2 2 2 2 2 2 2 2 2 2 2 2 2 2 2 2 2 2 2 2 2 2 2 2 2 2 2 2 2 2
left_child=1 3 4 32 24 29 -7 15 9 10 11 12 13 -6 26 17 -17 20 19 -19 -8 -18 23 30 -2 -20 -5 -22 -28 -3 -16 -32 -1 -33 37 36 -34 -30
right_child=2 5 -4 14 8 6 7 -9 -10 -11 -12 -13 -14 -15 22 16 21 18 25 -21 27 -23 -24 -25 -26 -27 28 -29 34 -31 31 33 35 -35 -36 -37 -38 -39
leaf_value=-0.016316896166248002 -0.002093945318547211 -0.0033543622166442265 0.011142679404259696 -0.011205755099781316 0.0015299943508420249 -0.0049131574620977182 -0.00062455384295764587 0.0045083424415683837 0.0078346579269606524 0.0013882124784971887 0.0072757066558422128 0.006995234480257467 -9.9115093724131309e-05 0.0067054503010640061 -0.0077220120232935107 0.0048201151827989936 -0.0035723353788983821 0.0044204381022777666 -0.0050843820009438736 -0.0012676780874814977 -0.0084975034135051919 0.0018469791823454884 -0.0085749099206611223 0.0005708599089065743 0.001852727010470795 -0.00073111525441721251 -0.0036268222364372127 -0.0038611476861713776 -0.011104797291527515 -0.0075767980541848294 -0.0020915855168959704 -0.0044320048368693184 -0.010405242756835013 -0.0086545290897512492 -0.0062550754113198763 -0.0092274993360280336 -0.015133917097945595 -0.0083490635952669142
leaf_weight=32.774430394172668 148.28649824857712 77.633539974689484 239.01268029212952 60.080361515283585 175.90585607290268 121.39527207612991 89.181277930736542 89.451443731784821 152.03230047225952 256.11861425638199 228.78926062583923 144.39395552873611 138.47237133979797 194.17680549621582 87.853735208511353 137.43441408872604 99.751908838748932 153.3407541513443 82.582124888896942 108.34387212991714 68.16246435046196 87.342130124568939 80.148204892873764 93.386699140071869 120.14584255218506 111.96423375606537 45.898577958345413 80.708240836858749 38.869931131601334 62.562458783388138 78.777870804071426 57.42756175994873 34.741650819778442 49.764949947595596 77.626614421606064 35.605502724647522 36.497715145349503 50.381784737110138
leaf_count=112 149 117 82 148 142 160 124 88 63 173 127 76 82 118 160 142 118 168 105 119 115 83 151 140 110 126 86 110 97 92 128 97 94 88 156 96 107 111
internal_value=0.000215817 -0.00335698 0.00464807 -0.00711424 0.00365193 -0.000998613 -0.0005152 -3.34633e-05 0.00448007 0.00403185 0.00479975 0.0039322 0.00306251 0.00424548 -0.00602583 -0.000432233 0.00144031 -0.00130751 8.49358e-05 0.00206542 -0.00397617 -0.00104241 -0.00483357 -0.00401698 -0.000327481 -0.00257901 -0.00798057 -0.00598397 -0.00706989 -0.00523862 -0.00558165 -0.00457052 -0.0127287 -0.00639234 -0.00801688 -0.0116281 -0.0128279 -0.00954921
internal_weight=4027.02 2229.69 1797.33 859.836 1558.32 1369.85 1229.66 1108.26 1289.89 1137.86 881.738 652.949 508.555 370.083 720.216 1018.81 324.528 694.283 456.231 261.685 238.052 187.094 447.359 367.211 268.432 194.546 272.857 148.871 212.777 140.196 273.824 185.97 139.619 107.193 166.878 106.845 71.2394 89.2517
internal_count=4560 3438 1122 1771 1040 1667 1458 1298 781 718 545 418 342 260 1362 1210 343 867 518 287 349 201 764 613 259 231 598 225 450 209 473 313 409 185 364 297 201 208
is_linear=0
shrinkage=0.0161547


Tree=75
num_leaves=40
num_cat=0
split_feature=43 43 19 0 44 43 50 23 44 43 4 43 13 13 17 53 51 17 53 17 23 35 43 23 8 4 52 43 50 52 50 53 43 4 44 21 44 21 44
split_gain=231.678 53.2808 52.1209 20.8758 15.0158 10.6005 10.3386 11.3121 9.3682 9.24949 7.87804 7.722 7.15451 12.3294 7.14215 9.44176 7.3666 7.07329 6.13695 5.94855 7.00932 5.8839 5.22884 5.44575 3.89314 5.32267 3.57448 2.75053 2.71508 2.44207 2.57609 3.22023 2.44105 1.70181 1.39144 1.33464 1.27809 1.92437 0.546135
threshold=1.1074500000000003 0.68820000000000014 0.42494553034057375 2.5069677747996084 79.500000000000014 0.90155000000000007 95.500000000000014 2.8579471664485046 70.500000000000014 0.54375000000000007 0.055739453722722092 1.9938000000000002 0.13729501695985871 0.24467332541308931 0.01908329555042038 0.88475694926211446 19.500000000000004 0.014724494932526663 1.0651862347444736 0.11626708842528705 0.97639715571553298 1.0000000180025095e-35 0.71045000000000014 0.95000007802733666 0.10814619100303886 0.11965489806364013 0.93329330666766952 0.76450000000000007 89.500000000000014 0.93506636712040014 86.500000000000014 0.92218761480424283 0.80520000000000014 0.015432683805622413 71.500000000000014 0.041080370928748881 68.500000000000014 0.011941814013686497 71.500000000000014
decision_type=2 2 2 2 2 2 2 2 2 2 2 2 2 2 2 2 2 2 2 2 2 2 2 2 2 2 2 2 2 2 2 2 2 2 2 2 2 2 2
left_child=1 9 4 6 8 18 7 -4 -2 38 -6 -9 17 -14 16 -16 -7 -10 22 20 -15 29 -3 27 26 -26 -17 33 35 36 -31 -32 -30 -24 -34 -29 -11 -38 -1
right_child=2 5 3 -5 10 14 -8 11 12 21 -12 -13 13 19 15 24 -18 -19 -20 -21 -22 -23 23 -25 25 -27 -28 28 32 30 31 -33 34 -35 -36 -37 37 -39 -40
leaf_value=-0.015333191894426182 -0.0035998901272036492 -0.00062010919058783976 0.0091571979013391758 0.010206800730426483 0.001822289418019348 -0.0065966367488483474 0.0015195404117251544 0.0018728012014757969 0.0011320800612999113 -0.01312571718891856 0.0076287045483089426 0.006537375444051619 0.005788717706111648 0.0021654281009636624 0.0032213413458338841 -0.0024263689626835825 -0.00025776963759654075 -0.0054279106582293653 0.0007441945420489115 0.0026764955895067131 -0.0030484720582625875 -0.0025349022574503526 -0.0065929023448913901 -0.0022436307946391162 -0.0063509060675072835 -0.0005277855329855446 0.0022737513178054543 -0.002054432365203843 -0.0038178869746306014 -0.010419379705708449 -0.0029693701170442196 -0.0090189465639845083 -0.0058072954632045785 -0.010330122320987184 -0.0091680744329445379 -0.0052621674599523131 -0.012553585708773261 -0.0078365339651343853 -0.012695017940240911
leaf_weight=51.637620270252228 145.42550486326218 72.171713262796402 184.90415304899216 246.51545989513397 124.40237820148468 118.20027077198029 189.02047044038773 180.56606376171112 88.417048215866089 40.130365997552872 119.61886358261108 190.16200065612793 145.41272205114365 108.90468913316727 135.44527953863144 85.853228569030762 80.383802980184555 83.3170565366745 58.209244877099991 182.9529846906662 176.09503597021103 40.24961069226265 87.768487900495529 125.92763394117355 86.921264946460724 77.481952667236328 83.100959777832031 75.710957795381546 61.824582725763321 56.530469983816147 45.294046074151993 46.57744488120079 56.708482503890991 49.865398794412613 74.238712728023529 61.223721981048584 37.123786866664886 57.576092779636383 33.936659246683121
leaf_count=168 163 119 104 93 108 176 107 114 94 105 83 76 126 96 150 106 108 90 86 135 153 79 162 170 112 85 94 120 104 128 90 104 94 99 126 94 97 127 103
internal_value=-0.000155867 -0.00443868 0.00340391 0.00613204 0.00110171 -0.00293152 0.00478311 0.00589334 0.000166328 -0.00956393 0.00466859 0.00426546 0.000863952 0.00167996 -0.00146304 -0.000375356 -0.00403076 -0.00205051 -0.00428583 0.000403197 -0.00105613 -0.0083145 -0.00472583 -0.0052253 -0.00183672 -0.00360651 -0.000114591 -0.00602872 -0.00522799 -0.00913583 -0.00770601 -0.00603641 -0.00646354 -0.00794691 -0.00771264 -0.00348862 -0.0107096 -0.00968569 -0.014287
internal_weight=3965.81 1800.09 2165.71 991.168 1174.55 1391.04 744.653 555.632 930.525 409.056 244.021 370.728 785.1 613.365 667.387 468.803 198.584 171.734 723.649 467.953 285 323.482 665.44 593.268 333.357 164.403 168.954 467.34 329.706 283.232 148.402 91.8715 192.772 137.634 130.947 136.935 134.83 94.6999 85.5743
internal_count=4548 3006 1542 494 1048 2005 401 294 857 1001 191 190 694 510 831 547 284 184 1174 384 249 730 1088 969 397 197 200 799 538 651 322 194 324 261 220 214 329 224 271
is_linear=0
shrinkage=0.0161547


Tree=76
num_leaves=37
num_cat=0
split_feature=43 43 2 43 44 8 50 47 50 43 6 17 8 17 21 21 51 50 52 51 13 47 51 43 17 2 6 13 21 50 19 43 51 50 51 6
split_gain=233.897 86.055 34.6693 15.3481 13.9822 10.9108 10.0522 10.7673 8.03043 10.747 8.3093 10.2294 8.1977 9.89205 7.69654 7.68642 6.84881 6.24799 6.76966 5.27638 4.79873 4.18474 4.46595 5.35015 3.89413 3.63543 3.4323 3.05037 2.88364 1.99729 1.97958 1.52666 1.20695 0.77359 0.751863 0.387783
threshold=1.3353500000000003 0.77910000000000013 1.0231586930646304 0.57435000000000014 71.500000000000014 0.034234091879296914 95.500000000000014 1.0000000180025095e-35 93.500000000000014 0.91725000000000012 0.20743582967200189 0.059656760917930492 0.0089767872401492997 0.018759706206513061 0.1726395227831877 0.2530702216102157 19.500000000000004 88.500000000000014 0.93506636712040014 19.500000000000004 0.26170969676908906 1.0000000180025095e-35 17.500000000000004 0.65310000000000012 0.015002926922062053 0.074845485759439848 0.37840384817664235 0.10826369490910241 0.041080370928748881 90.500000000000014 0.26295426572813929 0.54375000000000007 17.500000000000004 92.500000000000014 19.500000000000004 0.011939304984228611
decision_type=2 2 2 2 2 2 2 2 2 2 2 2 2 2 2 2 2 2 2 2 2 2 2 2 2 2 2 2 2 2 2 2 2 2 2 2
left_child=1 3 5 31 16 -2 7 15 12 -10 11 -11 24 -14 19 -7 27 20 -19 21 -15 22 23 -5 -6 29 -8 -3 -18 -21 -22 34 33 -29 -1 -25
right_child=2 4 -4 14 8 6 26 -9 9 10 -12 -13 13 17 -16 -17 28 18 -20 25 30 -23 -24 35 -26 -27 -28 32 -30 -31 -32 -33 -34 -35 -36 -37
leaf_value=-0.013169915172014652 -0.0001805431330057414 -0.0071033609802325258 0.0088428086520782375 -0.002180159925269945 0.0017031546206226929 0.0038528146517302973 -0.00040969566453215962 0.0020988705066642558 -0.0063396632567511981 -0.0012484693150420828 -0.004212871631298399 0.0059398567203947771 -0.0051133054337971443 0.0022356124981194186 -0.00084322276063550068 0.0078951817555417553 0.0014218974870148515 0.0063773286508136138 0.00027042075237748703 -0.012763409945799557 -0.0040453599064622847 -0.0092445823942513602 -0.0014870723661868555 -0.0077880965489596455 0.0068150298004774987 -0.0060078732691176999 0.003212242883727841 -0.0016612811631068422 -0.0025642931396233164 -0.0090321961167842326 -0.00060118997132724229 -0.010742525278717937 -0.0053482047388081176 -0.0040614821872120462 -0.01632251112124572 -0.0098854177405128234
leaf_weight=49.655802339315414 187.06745058298111 106.34448355436325 410.30111753940582 48.339315116405487 82.730292469263077 200.68323767185211 135.54396307468414 226.10560482740402 109.02395334839821 149.17006063461304 107.11616331338882 79.040217876434326 86.208061069250107 92.17815950512886 49.8018419444561 316.14514744281769 75.625070095062256 87.883416712284088 102.7669563293457 70.751805543899536 87.056230068206787 79.427383333444595 67.95491960644722 46.884482443332672 73.391930282115936 57.343988656997681 137.5963117480278 69.746377527713776 126.72357475757599 79.521285474300385 87.149380624294281 45.717518389225006 80.59845045208931 70.433168262243271 32.772167503833771 45.174753248691559
leaf_count=156 162 175 160 95 107 150 105 148 174 179 115 71 121 101 75 159 107 84 111 165 97 165 125 92 76 107 78 90 162 173 86 120 109 97 109 90
internal_value=5.28974e-05 -0.00320269 0.0047877 -0.00807941 -0.00124014 0.00340481 0.00406491 0.00503919 -0.000235344 -0.00193358 -0.000501044 0.00124119 0.000843654 -9.39707e-05 -0.00689696 0.00632554 -0.00341061 0.000852801 0.0030855 -0.00750554 -0.000745137 -0.00608945 -0.00488666 -0.00653212 0.00410621 -0.0094684 0.00141488 -0.00485565 -0.00107451 -0.0107889 -0.00232235 -0.0131102 -0.00377297 -0.00286726 -0.0144233 -0.00881728
internal_weight=3959.97 2346.53 1613.44 673.345 1673.19 1203.14 1016.07 742.934 1143.71 444.35 335.326 228.21 699.364 543.242 545.2 516.828 529.471 457.034 190.65 495.398 266.384 287.781 208.353 140.399 156.122 207.617 273.14 327.122 202.349 150.273 174.206 128.145 220.778 140.18 82.428 92.0592
internal_count=4496 3534 962 1472 2062 802 640 457 1322 539 365 250 783 600 1087 309 740 479 195 1012 284 567 402 277 183 445 183 471 269 338 183 385 296 187 265 182
is_linear=0
shrinkage=0.0161547


Tree=77
num_leaves=41
num_cat=0
split_feature=23 19 42 42 44 53 19 44 6 53 17 50 52 2 44 52 23 23 8 4 35 34 15 40 44 4 6 15 23 52 52 52 53 11 53 53 2 8 53 15
split_gain=157.871 51.4904 37.399 19.7525 12.903 12.5365 12.5265 11.0155 10.6178 13.2928 10.5135 13.8851 8.98095 7.88023 10.2042 7.34413 7.0495 7.23708 6.94624 11.772 5.76131 5.38484 4.64076 3.30309 4.87006 2.6568 2.46053 2.41886 2.20545 3.4831 2.14209 2.06083 2.021 2.01428 1.99609 2.87485 1.75111 1.60386 1.00068 0.814125
threshold=1.8159398363850732 0.075426188835405514 3.5000000000000004 1.0000000180025095e-35 70.500000000000014 0.96728781578133327 0.81939383089870133 68.500000000000014 0.27141972077331272 0.93317080725677648 0.056041241266796937 92.500000000000014 0.93992717176033358 1.0980486479259108 74.500000000000014 0.94569171602175783 0.12853483891945408 0.17957670978518117 0.14215026977384268 0.038603536383566582 1.0000000180025095e-35 1.0000000180025095e-35 0.31357177712175316 1.0000000180025095e-35 71.500000000000014 0.012054193093733744 0.35813275840245179 0.57386746753591666 0.025354997934557862 0.94174254378713262 0.92152411567520665 0.92352379592465705 0.89994874383492929 4.5000000000000009 0.9504147512701473 0.98501846153462214 0.02394343260383705 0.027208431462520808 0.93266686799190668 0.021204905704016546
decision_type=2 2 2 2 2 2 2 2 2 2 2 2 2 2 2 2 2 2 2 2 2 2 2 2 2 2 2 2 2 2 2 2 2 2 2 2 2 2 2 2
left_child=1 3 13 32 5 30 27 15 9 10 11 -6 -12 14 -2 38 21 -18 19 37 23 28 26 24 -19 -26 -10 -4 29 -9 -3 -16 33 -1 39 -36 -30 -11 -5 -34
right_child=2 4 6 7 8 -7 -8 16 22 18 12 -13 -14 -15 31 -17 17 20 -20 -21 -22 -23 -24 -25 25 -27 -28 -29 36 -31 -32 -33 34 -35 35 -37 -38 -39 -40 -41
leaf_value=-0.0043368864724030566 -0.0023336754534616574 -0.0040613639130855309 0.0062200970939517717 -0.011924130373232479 0.0043804672355239951 0.0011993815736789336 0.0091912717556794157 -0.001535946389326146 -0.0054580393595053522 -0.0005376915854662475 0.0029619481199784992 -0.0035013385739841559 0.0092440044970876142 0.0048400213883666885 0.0012108153211104677 -0.0032574786541466182 0.0021549704357828607 -0.0013090153331407018 -0.004905501667739412 0.0047199317667525609 0.00083959270176813775 -0.00014807288197118959 0.00095150292352426879 -0.00080607592567523022 -0.0044622296661482458 -0.0091386879075395899 -0.0019179982137824791 0.00339182257074396 -0.0082474891867225352 -0.0069710569659012433 -0.007586540604080305 0.0039453073054915491 -0.012909607052666227 -0.0090646379714848409 -0.0048424658125616939 -0.010262877420785769 -0.0044425224040599729 -0.0034657078866342037 -0.0086197308743442124 -0.00967556196287735
leaf_weight=50.434427529573441 180.94281685352325 87.762307047843933 158.81568467617035 48.083768546581268 129.33109211921692 102.94207066297531 371.55542433261871 67.419079273939133 86.51749312877655 99.115811973810196 140.75644388794899 106.25148344039917 102.7408019900322 158.41015636920929 145.5100604891777 65.438023328781128 108.0168422460556 63.652898371219635 83.246627002954483 105.35459354519844 92.189278304576874 57.808000028133392 93.932118117809296 67.931980192661285 63.82608425617218 62.998135417699814 125.66675472259521 156.86124563217163 93.867574512958527 56.608835071325302 92.295034229755402 142.23273515701294 41.88518562912941 44.068463653326035 44.302286624908447 60.282818704843521 47.557884573936462 96.215923398733139 47.587659358978271 39.444441735744476
leaf_count=106 160 122 96 114 139 130 140 107 97 108 136 136 86 92 102 125 150 92 94 98 117 89 83 89 95 99 132 86 177 102 143 102 108 92 88 135 82 110 99 81
internal_value=-7.03817e-06 -0.0022593 0.00457781 -0.0047009 -0.000202274 -0.00329742 0.00718092 -0.00358153 0.000546937 0.00146383 0.00325866 0.000825648 0.00561259 0.00172507 0.000672254 -0.00742795 -0.00278895 -0.00150111 -0.000775786 0.000367547 -0.00262753 -0.00461603 -0.00203801 -0.00386445 -0.00495519 -0.00678519 -0.00336144 0.00481472 -0.00558902 -0.00401664 -0.00586832 0.00256249 -0.00846512 -0.00654153 -0.00944291 -0.00796679 -0.00696797 -0.00197997 -0.0102805 -0.0113411
internal_weight=3989.86 2675.53 1314.33 1223.4 1452.13 282.999 687.232 942.986 1169.13 863.013 479.08 235.583 243.497 627.096 468.686 161.109 781.877 458.615 383.933 300.686 350.598 323.261 306.116 258.409 190.477 126.824 212.184 315.677 265.453 124.028 180.057 287.743 280.418 94.5029 185.915 104.585 141.425 195.332 95.6714 81.3296
internal_count=4539 3761 778 2147 1614 395 322 1537 1219 907 497 275 222 456 364 338 1199 642 410 316 492 557 312 375 286 194 229 182 468 209 265 204 610 198 412 223 259 218 213 189
is_linear=0
shrinkage=0.0161547


Tree=78
num_leaves=37
num_cat=0
split_feature=43 0 43 43 44 42 32 15 0 21 52 8 52 6 43 42 3 13 13 42 53 47 2 42 43 52 53 53 51 43 4 52 13 17 53 51
split_gain=234.423 69.4969 27.7493 27.2318 14.1303 13.2172 11.4699 9.9828 7.3313 7.04428 13.2349 12.9345 9.7113 8.43823 8.18436 7.75623 6.90543 6.47782 5.82526 4.39511 4.298 3.88071 3.70324 3.55006 3.21393 3.17289 2.93605 3.95259 2.87731 1.76152 1.54173 1.50163 1.0597 1.4601 0.706157 0.403168
threshold=0.91350000000000009 2.5069677747996084 1.5726000000000002 0.67295000000000016 68.500000000000014 3.5000000000000004 1.0000000180025095e-35 0.24991486285452294 0.13705010658587019 0.13717220654982765 0.98655405670457841 0.29253801767659332 0.8944627222676973 0.11499462907449562 1.1459500000000002 2.5000000000000004 2.5000000000000004 0.061554606297319306 1.3060578765479185 2.5000000000000004 0.87282678806284431 1.0000000180025095e-35 0.20897619682137422 1.5000000000000002 0.57435000000000014 1.0439406477264483 0.98059331993112975 0.94779950875236973 17.500000000000004 0.77910000000000013 0.0020172490649708395 0.93088652918327819 0.022742906771117656 0.012791140972860373 0.96437649594167552 17.500000000000004
decision_type=2 2 2 2 2 2 2 2 2 2 2 2 2 2 2 2 2 2 2 2 2 2 2 2 2 2 2 2 2 2 2 2 2 2 2 2
left_child=3 2 4 8 -2 22 7 19 20 10 12 14 23 17 -11 -16 -13 -14 -7 21 -1 26 -4 -6 34 -12 27 28 29 -5 -30 -23 -26 -34 35 -22
right_child=1 -3 5 6 9 18 -8 -9 -10 11 25 16 13 -15 15 -17 -18 -19 -20 -21 24 31 -24 -25 32 -27 -28 -29 30 -31 -32 -33 33 -35 -36 -37
leaf_value=-0.0062768792056269989 -0.005186471934737839 0.010505375423237819 0.00023666883138053713 -0.011534954883687247 -0.003754819010433094 0.0044815297606734215 0.0020482796845760114 -0.00028683331837947844 -0.0047222518614840414 0.00076388383237286403 -0.0051984875157150192 -0.0033662344831061303 0.0010028552520837042 -0.00097476040919934148 0.0081473676523896553 0.0027234716081244773 0.0017312144029965817 0.0064941630418302813 0.008129417877689003 -0.0025531626982850312 -0.013399112748980761 -0.0018334908583805033 0.0032505667802824618 0.00029625833800424176 -0.011685310872894579 -0.0011485991748719487 -0.0096098221793007258 -0.0027805778972804229 -0.0036437664695905146 -0.0072277519707115261 -0.0071758790054181508 -0.0055343277808074945 -0.0068707415614745479 -0.011144260429055712 -0.011918201024917394 -0.015893505268738763
leaf_weight=47.264822334051132 102.76047894358635 271.71056938171387 163.73534786701202 49.076203912496567 93.822965264320374 267.87005943059921 68.415801078081131 105.12883302569389 64.461401790380478 135.07040566205978 122.46160903573036 121.82449424266815 86.675429701805115 101.94401651620865 147.40878516435623 129.03634184598923 161.03445965051651 158.73542281985283 199.19986367225647 97.9998439848423 31.731693714857101 57.393046766519547 303.81610101461411 141.73937627673149 58.872670233249664 85.897553831338882 90.594031423330307 65.412106275558472 54.717188060283661 50.052259773015976 78.546236038208008 57.059224367141724 44.873245358467102 38.996736258268356 35.544996649026871 36.20455738902092
leaf_count=111 146 105 126 103 121 149 94 137 130 140 153 122 107 111 109 98 134 159 74 136 98 96 179 157 151 101 178 107 96 87 142 99 103 90 107 118
internal_value=0.000230199 0.00274256 0.00190657 -0.00597057 0.000606997 0.00411522 -0.00426732 -0.00487936 -0.0096554 0.00100772 -3.43346e-05 0.0021952 0.00121477 0.00293189 0.00402317 0.00561565 -0.000464205 0.00455472 0.00603731 -0.0056829 -0.0107389 -0.00629285 0.00219511 -0.00131726 -0.0115954 -0.00352889 -0.00706324 -0.00628855 -0.00727595 -0.00936015 -0.00572561 -0.00367851 -0.010024 -0.00885778 -0.0137631 -0.0147284
internal_weight=3927.09 2794.74 2523.03 1132.34 1588.41 934.621 774.395 705.979 357.95 1485.65 791.276 694.374 582.917 347.355 411.516 276.445 282.859 245.411 467.07 600.85 293.489 502.85 467.551 235.562 246.224 208.359 388.398 297.804 232.392 99.1285 133.263 114.452 142.743 83.87 103.481 67.9363
internal_count=4474 2291 2186 2183 1658 528 1275 1181 908 1512 909 603 655 377 347 207 256 266 223 1044 778 908 305 278 667 254 713 535 428 190 238 195 344 193 323 216
is_linear=0
shrinkage=0.0161547


Tree=79
num_leaves=39
num_cat=0
split_feature=43 43 43 42 43 44 51 43 32 23 1 23 15 8 53 44 35 42 0 21 21 53 53 0 50 51 53 10 21 6 43 43 17 43 53 17 53 44
split_gain=191.533 84.6137 20.7415 20.478 15.5301 12.7435 9.36104 7.90178 7.61972 7.22596 6.86489 10.8631 6.60091 6.33321 7.73073 9.00183 14.3467 11.5216 5.78488 5.14669 4.3696 4.11537 6.80057 5.77488 3.34244 3.24538 3.08482 3.05946 2.86227 2.02491 2.01071 1.82235 1.38986 1.16025 1.03197 1.62077 0.883626 0.627379
threshold=1.4853500000000002 0.68820000000000014 0.89735000000000009 3.5000000000000004 2.2552500000000006 68.500000000000014 22.500000000000004 0.57435000000000014 1.0000000180025095e-35 1.6176657179340455 2.5000000000000004 1.8405440666985564 0.24991486285452294 0.1576736805292655 0.87214099586247185 71.500000000000014 1.0000000180025095e-35 1.5000000000000002 0.81963046880216373 0.10914757013260722 0.4462358993040359 0.91733545063656108 0.98729402868487515 0.04595063034066553 90.500000000000014 17.500000000000004 0.87158376087502654 0.38630350477604608 0.041080370928748881 0.10812001147432095 0.77910000000000013 0.79880000000000007 0.012530730767094237 0.50505000000000011 1.004330693427212 0.01019296417024081 0.91306553317397443 71.500000000000014
decision_type=2 2 2 2 2 2 2 2 2 2 2 2 2 2 2 2 2 2 2 2 2 2 2 2 2 2 2 2 2 2 2 2 2 2 2 2 2 2
left_child=1 7 8 9 18 -4 10 32 12 19 13 -12 21 14 -7 -16 17 -17 -5 -2 -11 28 23 -23 -8 -15 -9 34 30 -30 -3 -24 33 -1 35 37 -35 -28
right_child=3 2 5 4 -6 6 24 26 -10 20 11 -13 -14 25 15 16 -18 -19 -20 -21 -22 22 31 -25 -26 -27 27 -29 29 -31 -32 -33 -34 36 -36 -37 -38 -39
leaf_value=-0.016106365394625351 0.0030468900473520082 -0.0066358839877419494 -0.0057451994559700277 0.0023120678939418057 0.0093363550486757797 -0.0031723262553587967 -0.0043081627691317825 -0.0038469988798800845 0.001974350021878317 0.0061601022051103503 0.0054437261758738262 -0.00091574141982548923 -0.00030416868605933364 -0.00430592319505569 -0.0021141643071967355 0.0010169859972365468 -0.0025465337660540714 0.0069282535800200039 0.0064824179343835374 -0.0016607540798710878 0.0026305253490899166 0.0016401311749648362 -0.0086408465592624009 -0.0040700066449742842 -0.00050913506687138221 -0.00044437542261173012 -0.0089437995090877968 -0.0051748077120224801 -0.010084429529684863 -0.0058001523001679255 -0.0026907845385907856 -0.0044447701181197802 -0.0094925757384112883 -0.010316972343432583 -0.011991997909237872 -0.011487500272787499 -0.013914939755468736 -0.0062594411188052757
leaf_weight=30.25593638420105 122.38045704364777 68.953269511461258 103.06419590115547 164.1160386800766 349.86838483810425 108.19625580310822 145.00326722860336 44.383382380008698 59.055745542049408 174.57916349172592 173.76740318536758 117.49850910902023 101.65023973584175 109.6886157989502 136.38463115692139 158.9829349219799 107.17541342973709 187.57504600286484 184.27245390415192 120.06775808334351 192.43653410673141 80.167991012334824 59.005587041378021 109.15921658277512 103.63548889756203 117.79650676250458 48.931894838809967 54.541529834270477 64.234146893024445 52.176716595888138 65.975145578384399 49.815131813287735 29.914129108190536 31.694937884807587 36.169600486755371 43.447166353464127 40.673568487167358 42.420466780662537
leaf_count=107 101 132 150 108 124 128 162 90 82 102 161 95 132 117 172 181 116 174 85 96 97 122 117 177 115 117 120 106 118 88 110 79 83 90 92 102 124 95
internal_value=-2.52379e-05 -0.00249731 -0.00129139 0.00504357 0.00693223 -0.000254434 0.000131662 -0.00932637 -0.00358195 0.00287976 0.000715195 0.00287828 -0.00408589 3.46675e-05 0.00079728 0.00152509 0.00261899 0.00421647 0.00451788 0.000715521 0.00430945 -0.00478547 -0.00350184 -0.00165213 -0.00272468 -0.00230633 -0.00774006 -0.00850626 -0.00630816 -0.00816417 -0.00470687 -0.00672 -0.0125567 -0.0134498 -0.00956904 -0.00891891 -0.0123392 -0.00769729
internal_weight=3989.11 2681.39 2278.96 1307.72 698.257 1568.77 1465.7 402.433 710.193 609.464 1217.07 291.266 651.137 925.799 698.314 590.118 453.733 346.558 348.388 242.448 367.016 549.487 298.148 189.327 248.639 227.485 269.894 225.511 251.339 116.411 134.928 108.821 132.539 102.624 170.969 134.8 72.3685 91.3524
internal_count=4567 3854 2845 713 317 1688 1538 1009 1157 396 1261 256 1075 1005 771 643 471 355 193 197 199 943 495 299 277 234 605 515 448 206 242 196 404 321 409 317 214 215
is_linear=0
shrinkage=0.0161547


Tree=80
num_leaves=34
num_cat=0
split_feature=43 43 14 43 43 51 44 42 10 4 53 50 15 13 43 53 51 43 53 10 15 53 53 44 50 8 53 52 44 17 43 52 52
split_gain=215.913 60.2775 39.79 17.4919 13.6854 12.2667 8.65865 7.88597 6.95227 9.40945 8.65841 6.04896 5.97211 11.1749 5.68127 5.63139 7.19638 5.0818 4.16089 3.61373 3.57625 2.71818 4.61489 3.08442 3.16242 2.86693 3.04597 2.84435 2.83302 2.68926 1.90187 1.23923 0.662383
threshold=1.2337000000000002 0.82555000000000012 6.5000000000000009 0.57435000000000014 1.7233000000000003 18.500000000000004 71.500000000000014 2.5000000000000004 0.16921531679650409 0.073902452926660103 0.92596810925254058 94.500000000000014 0.38297281279669471 0.49488053978058283 1.3548500000000001 0.93700965917191315 19.500000000000004 0.97965000000000013 0.90695698981273087 0.45981909517890279 0.13769641750957184 0.88831549063524962 0.85909788002497067 69.500000000000014 94.500000000000014 0.052437836349556032 0.9486888262657186 0.90487736723273982 74.500000000000014 0.015660360276728871 0.50075000000000014 0.9506428847742413 0.93329330666766952
decision_type=2 2 2 2 2 2 2 2 2 2 2 2 2 2 2 2 2 2 2 2 2 2 2 2 2 2 2 2 2 2 2 2 2
left_child=1 3 4 30 12 -6 15 21 10 11 -8 19 13 14 -2 18 -17 -11 32 -10 -16 22 -5 27 25 26 -25 -23 -26 -24 -1 -32 -3
right_child=2 6 -4 7 5 -7 8 -9 9 17 -12 -13 -14 -15 20 16 -18 -19 -20 -21 -22 23 29 24 28 -27 -28 -29 -30 -31 31 -33 -34
leaf_value=-0.015770460465540839 0.0033278557875636322 -0.0021116024324822047 0.0082424629121707286 -0.0085219436255716471 0.0020092223663833193 0.0065977095790060447 -0.0011251472442519908 -0.0016551293552299064 -0.0039113873875907049 -0.0023681402168222363 0.0046551752205986176 -0.0065370484820675041 -0.00076600612323590798 0.0070389746795209039 0.001358777211312486 -0.0042208312356724551 0.0022344054678679541 0.0023951747398277567 -0.0079793895937494957 0.00011626616517578746 -0.0024930756068237137 -0.012169749489485012 -0.00055442817087143152 -0.0065045773703277746 -0.0016261103035127109 -0.0048744546340045913 -0.011630553438326703 -0.0073431534548232614 -0.0068128788640433591 -0.0055858712572329902 -0.012768413530920324 -0.0091077858277771526 -0.0043347297260905348
leaf_weight=31.107426762580872 181.6480501294136 64.926902800798416 458.51883065700531 57.216955304145813 273.61599606275558 342.23249554634094 133.04926505684853 101.23084610700607 107.4544580578804 84.768699586391449 137.54106414318085 96.593120902776718 242.57533168792725 104.16206133365631 136.50294655561447 93.29437854886055 87.192234426736832 188.27666962146759 77.038002043962479 126.66918286681175 116.67150175571442 52.735305994749069 60.015392065048218 60.868440210819244 57.096868932247162 66.376447588205338 60.148735910654068 80.509986490011215 52.986121594905853 51.524504989385605 55.891914159059525 42.475814908742905 75.823537349700928
leaf_count=112 173 91 181 119 161 181 173 156 139 103 154 130 178 73 133 132 108 178 119 143 106 127 113 124 100 116 135 171 102 95 168 117 110
internal_value=9.71745e-05 -0.00344721 0.00411305 -0.00683362 0.0027581 0.00455909 -0.00123812 -0.00582563 -0.00033878 -0.00130315 0.00181299 -0.00313562 0.00133897 0.00228633 0.00114784 -0.00321247 -0.00110234 0.000916373 -0.00496119 -0.00173228 -0.000416289 -0.00652988 -0.004792 -0.00721078 -0.00629585 -0.00757249 -0.00905232 -0.0092534 -0.00412265 -0.00287864 -0.0122888 -0.0111877 -0.00330922
internal_weight=3958.74 2102.81 1855.93 830.185 1397.41 615.848 1272.63 700.71 874.352 603.762 270.59 330.717 781.56 538.985 434.822 398.275 180.487 273.045 217.788 234.124 253.174 599.479 168.757 430.722 297.477 187.394 121.017 133.245 110.083 111.54 129.475 98.3677 140.75
internal_count=4521 3335 1186 1755 1005 342 1580 1358 1020 693 327 412 663 485 412 560 240 281 320 282 239 1202 327 875 577 375 259 298 202 208 397 285 201
is_linear=0
shrinkage=0.0161547


Tree=81
num_leaves=36
num_cat=0
split_feature=43 43 43 42 43 8 52 52 0 40 19 50 43 1 52 44 51 19 43 44 52 23 52 52 43 4 13 51 43 0 8 13 2 52 15
split_gain=212.156 61.4789 37.7656 24.6437 15.0433 8.36435 8.31576 8.8689 14.1278 7.59087 10.6907 8.22121 7.48107 6.2559 5.93453 5.67397 5.58861 4.57131 4.20957 4.0934 4.54403 7.81357 3.4398 2.69462 2.22994 2.16558 1.91726 1.59201 1.38662 1.04198 3.60961 1.76649 0.537663 0.687063 0.412121
threshold=0.97555000000000014 1.5132500000000002 0.69495000000000007 3.5000000000000004 2.2552500000000006 0.027208431462520808 0.8987334627721083 0.93506636712040014 0.15194468002035225 1.0000000180025095e-35 0.1007715317606151 104.50000000000001 1.3353500000000003 2.5000000000000004 0.95914581133341847 72.500000000000014 15.500000000000002 0.12138150423322208 0.93815000000000015 79.500000000000014 0.92152411567520665 0.34897797818501813 0.97954261554445587 0.89887477047811071 0.62400000000000011 0.030546918903714724 0.03720262997036778 15.500000000000002 0.52505000000000013 0.25671726743912454 0.044908721098179068 0.069210838610829439 0.0094461063060223144 0.97497258504563244 0.010230316640695477
decision_type=2 2 2 2 2 2 2 2 2 2 2 2 2 2 2 2 2 2 2 2 2 2 2 2 2 2 2 2 2 2 2 2 2 2 2
left_child=2 6 5 14 -5 16 12 8 -8 11 -11 18 17 15 23 -9 -1 -2 19 20 21 26 -17 -3 -7 -24 -4 -22 -18 30 31 -29 33 34 -30
right_child=1 3 9 4 -6 24 7 13 -10 10 -12 -13 -14 -15 -16 22 28 -19 -20 -21 27 -23 25 -25 -26 -27 -28 29 32 -31 -32 -33 -34 -35 -36
leaf_value=-0.0066436349700849913 -0.0052183021474644497 0.0029082035024942886 -0.003836105314020856 0.0048998058103083891 0.0096760180090674375 -0.0080426849355444644 0.0075848031700610627 0.0015018143962653224 0.00033223164450714963 -0.0043780061565266652 0.0031570889974107388 0.0016657019475687469 0.0018555703158184287 0.0028774761711432809 0.0051828404449338573 -5.998796921957563e-05 -0.014885006204769924 -0.0011990068860642828 -0.0078612304586016223 -0.00083589092453147204 -0.0083261322998927946 6.0830020732778372e-06 -0.0055958773742182675 0.00021814700519077974 -0.0037879009449979096 -0.0019175252879783064 -0.0081786912538543404 -0.0047296102835608827 -0.012784579859728197 -0.0072884433207144085 -0.0012716221066514757 -0.0085881854080732036 -0.012861819517159822 -0.0091352686906252777 -0.010479876525315832
leaf_weight=63.993732064962387 127.08319571614265 227.97164219617844 52.031444579362869 330.54057633876801 359.02435898780823 61.924625664949417 126.9212698340416 164.00307673215866 156.55948227643967 95.630237370729446 101.07697972655296 60.073227494955063 121.90457946062088 157.04532438516617 198.3566889166832 109.05307984352112 38.083955705165863 176.29060584306717 88.196443438529968 86.774543434381485 58.163685292005539 116.67560443282127 83.165999591350555 169.38416957855225 66.850970894098282 83.918339967727661 54.141776770353317 80.011591732501984 44.469423145055771 55.532059609889984 54.459967255592346 50.511653929948807 51.472707450389862 39.292993128299713 37.1761734187603
leaf_count=156 170 141 94 179 124 149 119 178 149 149 118 87 100 139 122 112 131 179 127 126 102 164 99 113 127 85 100 144 124 90 86 88 136 98 96
internal_value=8.94794e-05 0.00279915 -0.00508643 0.00530741 0.00738656 -0.00923068 0.000330572 0.00122639 0.00357939 -0.0033333 -0.000506137 -0.00406835 -0.00152448 0.000109434 0.00290071 -0.000878224 -0.0108243 -0.00288269 -0.00456291 -0.0040847 -0.00462525 -0.00287952 -0.00229177 0.00176149 -0.00583391 -0.00374842 -0.00605056 -0.00592777 -0.0120952 -0.00534778 -0.00476519 -0.00622285 -0.011479 -0.0108905 -0.0117352
internal_weight=3947.77 2591.22 1356.54 1285.28 689.565 403.265 1305.94 880.667 283.481 953.279 196.707 756.572 425.278 597.186 595.713 440.14 274.489 303.374 696.499 608.302 521.528 222.849 276.137 397.356 128.776 167.084 106.173 298.679 210.495 240.515 184.983 130.523 172.411 120.939 81.6456
internal_count=4501 2009 2492 679 303 1017 1330 881 268 1475 267 1208 449 613 376 474 741 349 1121 994 868 358 296 254 276 184 194 510 585 408 318 232 454 318 220
is_linear=0
shrinkage=0.0161547


Tree=82
num_leaves=35
num_cat=0
split_feature=43 43 2 43 42 53 19 13 40 53 21 17 51 8 42 50 2 23 23 14 44 53 52 52 13 52 43 2 52 52 44 43 52 19
split_gain=221.325 51.6598 42.3621 17.6708 16.3068 15.9843 9.8271 8.48663 7.88911 7.75485 7.24378 7.21031 8.69619 10.528 6.69704 5.87334 7.0356 7.8031 5.9964 5.18425 5.51776 5.0941 4.49721 8.99194 4.36921 4.75266 2.79255 2.02446 1.96765 1.72276 1.92106 1.63871 0.873817 0.848442
threshold=1.1074500000000003 0.81235000000000013 1.0980486479259108 0.57435000000000014 3.5000000000000004 0.90306351514744032 0.10305941887090168 0.85719547698516274 1.0000000180025095e-35 1.0495987963961808 0.4462358993040359 0.037206134241239634 17.500000000000004 0.099463882080314411 2.5000000000000004 95.500000000000014 0.45515088420583716 1.5115993086744344 0.85939506257353704 1.5000000000000002 73.500000000000014 1.0236856744094631 0.95914581133341847 0.8944627222676973 0.0095808183264582663 1.0072822645845405 0.72065000000000012 0.06453086677048081 0.93763497399644036 0.90698742374244279 74.500000000000014 0.50075000000000014 0.9506428847742413 0.047528188180929527
decision_type=2 2 2 2 2 2 2 2 2 2 2 2 2 2 2 2 2 2 2 2 2 2 2 2 2 2 2 2 2 2 2 2 2 2
left_child=1 3 4 31 6 -6 19 -7 21 11 15 14 13 -13 22 16 17 18 -8 -2 -21 24 23 -3 -5 26 28 -28 33 -14 -31 -1 -33 -26
right_child=2 9 -4 8 5 7 10 -9 -10 -11 -12 12 29 -15 -16 -17 -18 -19 -20 20 -22 -23 -24 -25 25 -27 27 -29 -30 30 -32 32 -34 -35
leaf_value=-0.015858405424229498 0.00184780577171736 -0.006892798855987539 0.0081363147893588894 -0.0097476537975260697 0.00078115706087107954 0.0042478742397923496 0.005932307179801046 0.0088722973994828681 -0.0020584523291619834 0.0033507943547076298 -0.00067175406198648495 0.0062762770300934384 -0.00092201868666154797 -0.0013275171222861799 -0.00033805820994932303 0.00046337856789622627 0.00037157594470570355 0.0080322443027742545 0.0012362640130105342 -0.0057200492460282686 -0.00033777053708433755 -0.010838522292721029 -0.0074069315115705189 -0.00038736928435042394 -0.0080721524546556907 -0.0023833621601952386 -0.0033988427892143393 -0.007299228588039078 -0.0054516567844769357 -0.0052278873153625343 -0.0016569602808622597 -0.0129810205964028 -0.0098827045949920287 -0.011067527605815877
leaf_weight=31.749859601259232 105.95899975299835 102.68036332726479 431.43019354343414 78.373819500207901 189.54229533672333 218.22095662355423 127.25414711236954 197.11671775579453 105.0230718255043 75.48133447766304 174.8590207695961 84.614261120557785 107.48426228761673 108.39938473701477 128.44918450713158 179.74875992536545 119.38166385889053 134.09348636865616 160.41613000631332 84.45471179485321 120.82107818126678 73.89963299036026 107.0770575106144 120.54937291145325 54.2308489382267 93.025336593389511 85.781349390745163 58.353865295648575 47.951145738363266 84.826185286045074 73.283743679523468 54.388994991779327 42.177923858165741 45.286841422319412
leaf_count=117 111 165 174 176 123 155 107 83 181 91 113 90 130 127 160 156 91 84 132 105 125 168 176 174 128 166 152 104 98 113 85 167 119 99
internal_value=0.000220796 -0.00406217 0.00358693 -0.00720171 0.00250366 0.00466856 0.00141873 0.0064426 -0.00610772 -0.00162654 0.00227796 -0.00203607 -0.000603636 0.00200587 -0.00346805 0.00299344 0.00383383 0.00481383 0.00331361 -0.0010542 -0.00255215 -0.00689979 -0.00468523 -0.00337971 -0.00627114 -0.00556274 -0.00657701 -0.00497793 -0.00813993 -0.00250003 -0.00357277 -0.0126746 -0.0116278 -0.00943524
internal_weight=4006.39 1763.09 2243.3 770.243 1811.87 604.88 1206.99 415.338 641.926 992.845 895.753 917.364 458.608 193.014 458.756 720.894 541.145 421.764 287.67 311.235 205.276 536.903 330.307 223.23 463.003 384.629 291.604 144.135 147.469 265.594 158.11 128.317 96.5669 99.5177
internal_count=4545 2986 1559 1675 1385 361 1024 238 1272 1311 683 1220 545 217 675 570 414 323 239 341 230 1091 515 339 923 747 581 256 325 328 198 403 286 227
is_linear=0
shrinkage=0.0161547


Tree=83
num_leaves=39
num_cat=0
split_feature=43 43 43 43 2 17 53 53 28 8 34 42 53 50 43 42 6 6 43 50 40 17 51 51 19 43 14 8 6 53 13 13 50 17 4 51 8 15
split_gain=165.149 57.2823 29.2304 25.4991 12.3885 9.65719 10.8435 16.7541 9.04229 8.66008 8.16931 7.5713 8.27056 7.31437 7.13617 6.46613 6.76055 6.51727 5.06667 4.35023 3.90781 3.23449 3.7707 4.59343 5.16663 5.83746 2.57799 2.4603 2.35682 2.96026 2.26397 2.73158 1.77199 1.64343 1.55174 1.01372 0.976022 0.760184
threshold=0.90720000000000012 1.5726000000000002 0.6856000000000001 2.7357000000000005 0.20897619682137422 0.03668618735064496 0.884119810504709 0.86731865515938245 1.0000000180025095e-35 0.38814698088676941 1.0000000180025095e-35 2.5000000000000004 0.94779950875236973 95.500000000000014 0.54375000000000007 1.5000000000000002 0.32375042883337862 0.1693550427668955 1.3199000000000003 103.00000000000001 1.0000000180025095e-35 0.11412782353226357 15.500000000000002 23.500000000000004 0.036890666354150149 0.79880000000000007 3.5000000000000004 0.04742321485827708 0.090345481462966129 0.98804111680207429 0.060337482541778627 0.11576389158806219 83.500000000000014 0.0029736721794532944 0.061448913964245976 19.500000000000004 0.031529901242624982 0.039763116736211808
decision_type=2 2 2 2 2 2 2 2 2 2 2 2 2 2 2 2 2 2 2 2 2 2 2 2 2 2 2 2 2 2 2 2 2 2 2 2 2 2
left_child=2 5 14 4 -3 8 7 -7 10 -6 18 21 -13 15 35 26 17 -17 30 -15 28 22 36 24 25 -24 -8 -26 29 32 -2 -32 -16 -34 -29 -1 -4 -35
right_child=1 3 11 -5 9 6 13 -9 -10 -11 -12 12 -14 19 20 16 -18 -19 -20 -21 -22 -23 23 -25 27 -27 -28 34 -30 -31 31 -33 33 37 -36 -37 -38 -39
leaf_value=-0.01200509749688434 -0.0065502342002719625 0.00031307808104481496 -0.006130052522529063 0.0094090761140404548 0.0065743468049216493 5.1615285329810749e-05 0.00040554014622128483 0.0078777303074422725 0.0020073931484035534 0.0028770706253920452 0.0020821329106256018 -0.0038084684954775212 0.0038567933601722695 -0.0044884929171055323 -0.011144658815832332 0.0014969439992798814 -0.0005434320773083798 0.006879818208988326 4.3362515730591272e-05 8.8639614238689482e-05 -0.0031479487012021998 -0.00089825775623445273 -0.0039609898132915338 -0.0080400502714343663 -0.0070713432225720015 0.0026381948135396132 -0.0033945207491409527 -0.0020434971882006638 -0.0051861121121317315 -0.013264452698668156 -0.0011972265299585786 -0.0051197527150859852 -0.0051622302212102371 -0.010544611948972171 -0.0056477797850977163 -0.015776827962741147 -0.0093365942243581086 -0.0073619233985579456
leaf_weight=53.84191520512104 106.80106022953987 240.71138942241669 52.57690703868866 236.6308765411377 308.08341956138611 158.00094479322433 88.378635406494141 130.22848451137543 134.69795873761177 356.81576550006866 75.772500395774841 80.435366958379745 67.614745169878006 128.46947771310806 45.97614774107933 140.50906527042389 159.15169608592987 100.81793969869614 74.560714721679688 93.725535988807678 38.76803132891655 61.686860680580139 78.546628475189209 66.620780378580093 88.017093360424042 63.071604490280151 98.536132872104645 73.99895653128624 42.782384842634201 40.638108730316162 74.753860980272293 121.86006036400795 50.058865576982498 38.110271036624908 53.864379823207855 28.408906117081642 46.846658051013947 40.291415899991989
leaf_count=177 164 176 98 81 170 149 92 103 151 170 85 114 80 138 118 135 133 84 77 89 80 84 149 126 161 96 102 118 86 112 99 165 121 97 87 100 87 89
internal_value=-0.000179874 0.00189388 -0.00545397 0.00468716 0.00345335 1.76578e-06 0.000896822 0.00358763 -0.00166807 0.00459022 -0.00275915 -0.00357142 -0.00030773 -6.11585e-05 -0.00909749 0.000883247 0.0020412 0.00374572 -0.00372968 -0.00255778 -0.00793001 -0.00439706 -0.00480931 -0.00414551 -0.00341975 -0.00102195 -0.00159774 -0.00499272 -0.00864898 -0.0093378 -0.00465687 -0.00362838 -0.00842302 -0.00744895 -0.00356186 -0.0133078 -0.00764092 -0.008909
internal_weight=3940.66 2828.51 1112.16 1142.24 905.611 1686.26 1097.82 288.229 588.446 664.899 453.748 733.28 148.05 809.588 378.876 587.393 400.479 241.327 377.976 222.195 296.625 585.23 523.543 424.119 357.499 141.618 186.915 215.88 257.857 215.075 303.415 196.614 174.437 128.461 127.863 82.2508 99.4236 78.4017
internal_count=4543 2363 2180 597 516 1766 1025 252 741 340 590 1200 194 773 980 546 352 219 505 227 703 1006 922 737 611 245 194 366 623 537 428 264 425 307 205 277 185 186
is_linear=0
shrinkage=0.0161547


Tree=84
num_leaves=39
num_cat=0
split_feature=43 43 43 19 17 42 52 43 32 52 6 43 13 23 53 8 2 52 44 44 52 53 51 51 4 10 6 13 17 53 6 53 44 52 8 43 53 44
split_gain=194.745 47.4701 34.1604 21.4936 10.9752 10.3041 12.1238 8.09092 7.87426 10.0593 9.25876 7.50259 7.16613 6.26763 5.9114 6.64668 8.5487 7.90948 5.76868 5.60196 4.56195 4.47289 4.71391 6.61547 5.64192 9.90134 4.35549 4.31963 4.0253 2.78334 3.55357 2.2944 2.19943 2.0203 1.44114 0.976798 0.718528 0.606409
threshold=1.0457000000000003 1.9938000000000002 0.67295000000000016 1.195432795076506 0.084286046394433184 2.5000000000000004 0.88624952560493575 0.54375000000000007 1.0000000180025095e-35 0.8944627222676973 0.0055457073556031307 1.3058500000000002 0.21157801019254738 1.0848972541194859 0.88750185791739888 0.69883548858288047 0.41840155305866417 0.89887477047811071 74.500000000000014 69.500000000000014 0.94283579487430291 0.86626748788813679 16.500000000000004 23.500000000000004 0.038603536383566582 0.16606774676195529 0.065521380624299339 0.89638595770512686 0.0035095407229876483 0.90188601915518507 0.018454066815001568 0.93266686799190668 73.500000000000014 0.91706344704376541 0.028428010603080027 0.50075000000000014 0.91784838779694733 68.500000000000014
decision_type=2 2 2 2 2 2 2 2 2 2 2 2 2 2 2 2 2 2 2 2 2 2 2 2 2 2 2 2 2 2 2 2 2 2 2 2 2 2
left_child=2 4 7 27 8 13 -7 35 9 11 -11 -2 18 19 -6 16 17 -16 -12 34 32 -21 33 24 25 28 -8 -3 -24 -22 -31 -15 37 -23 36 -1 -4 -9
right_child=1 3 5 -5 14 6 26 20 -10 10 12 -13 -14 31 15 -17 -18 -19 -20 21 29 22 23 -25 -26 -27 -28 -29 -30 30 -32 -33 -34 -35 -36 -37 -38 -39
leaf_value=-0.015661192934141407 -0.0055676371179844888 0.0026886021188210823 -0.0098401496597854046 0.010549993352614036 0.0047642356772235085 0.0049533279932827213 -0.00020973525674912533 -0.012419740994209205 -0.0040896114076297303 0.0062257843981110101 -0.004330209718814048 0.00059434252875938847 0.0029521453288439362 0.00098033279646158526 0.0041921543686675253 -0.00140222342754963 0.0048934798225013431 -0.0011662229694178084 0.0014085874524274356 -0.0075926566083845482 -0.0021367617159143352 -0.0037618875744887263 0.0002376581079790466 -0.0067781068318809312 -0.0055191313694584508 0.0037628389610728417 -0.0047739232033562565 0.0058317405164063068 -0.0054020972963708435 -0.010427603886359882 -0.003662252213710037 -0.0030455344545585253 -0.006748481739340912 -0.0078366733852584716 -0.0054710916822495173 -0.012008417831987301 -0.0071293361947453076 -0.0098055692591765171
leaf_weight=29.830317541956902 97.827154457569122 202.57482725381851 47.02289143204689 224.31284964084625 245.42826271057129 76.84340888261795 108.3625759780407 42.28141114115715 105.30940818786621 103.33362048864365 93.426840782165527 109.04838615655899 190.88486456871033 75.037651181221008 114.75566053390503 132.82900333404541 242.30175846815109 192.47054660320282 89.506350457668304 72.828248560428619 45.726872324943542 58.371666461229324 57.809841632843018 71.967889755964279 65.255181968212128 98.013150572776794 109.90541186928749 261.2924896478653 77.043564945459366 41.45693501830101 39.632318884134293 72.774596601724625 48.508615702390671 69.637869536876678 79.338190317153931 53.140219956636429 55.797028332948685 51.200455248355865
leaf_count=112 124 118 97 68 172 88 138 117 114 101 112 99 171 91 87 86 157 161 93 126 92 94 95 125 100 136 141 106 128 105 81 97 113 123 140 170 108 130
internal_value=-1.67449e-05 0.00285956 -0.0044866 0.00644443 0.00142283 -0.00318502 -0.000565132 -0.00891186 2.26061e-05 0.000655703 0.00194565 -0.00231953 0.000762509 -0.00404323 0.00261411 0.00184076 0.00262463 0.000835247 -0.00152231 -0.00464019 -0.00755071 -0.00385318 -0.00330642 -0.00238215 -0.00132094 -0.000144504 -0.00250796 0.00445911 -0.00298441 -0.00532383 -0.00712104 -0.00100178 -0.00953961 -0.00597859 -0.00710687 -0.0133217 -0.00836908 -0.0109879
internal_weight=3953.09 2405.3 1547.79 688.18 1717.12 1196.01 295.111 351.777 789.337 684.027 477.152 206.876 373.818 900.898 927.785 682.357 549.528 307.226 182.933 753.086 268.807 570.927 498.099 370.09 298.122 232.867 218.268 463.867 134.853 126.816 81.0893 147.812 141.99 128.01 182.158 82.9705 102.82 93.4819
internal_count=4516 1769 2747 292 1477 1827 367 920 814 700 477 223 376 1460 663 491 405 248 205 1272 638 927 801 584 459 359 279 224 223 278 186 188 360 217 345 282 205 247
is_linear=0
shrinkage=0.0161547


Tree=85
num_leaves=40
num_cat=0
split_feature=43 43 43 2 42 43 35 42 15 44 44 52 43 52 10 43 51 42 32 6 4 51 43 2 28 44 6 52 13 15 43 42 43 52 43 13 43 17 17
split_gain=180.177 46.4605 27.4289 26.062 10.735 8.68547 6.92221 6.83693 6.66523 6.29439 16.8549 5.85934 5.83529 5.80279 7.39668 6.82183 5.39551 4.84761 4.77198 4.74616 3.9125 3.80266 3.68555 7.25671 3.79731 3.03148 2.95359 3.20249 2.7472 2.59469 1.84964 1.7132 1.68258 1.63483 1.15545 1.03645 0.996342 0.897959 0.0735311
threshold=0.97555000000000014 1.4967500000000002 0.68820000000000014 1.0980486479259108 3.5000000000000004 0.54375000000000007 1.0000000180025095e-35 1.5000000000000002 0.24631162049260127 71.500000000000014 72.500000000000014 0.89037596544823994 1.2661500000000003 0.93992717176033358 0.45981909517890279 1.1128500000000001 19.500000000000004 2.5000000000000004 1.0000000180025095e-35 0.23996999447333026 0.098020878896373842 15.500000000000002 0.89405000000000012 0.070136305031457097 1.0000000180025095e-35 77.500000000000014 0.010368787092996507 0.88510806588351676 0.060337482541778627 0.087630933002247155 1.2606500000000003 1.5000000000000002 0.76450000000000007 0.90487736723273982 0.76450000000000007 0.031306618468090193 0.50075000000000014 0.041001837839524248 0.004907133141536668
decision_type=2 2 2 2 2 2 2 2 2 2 2 2 2 2 2 2 2 2 2 2 2 2 2 2 2 2 2 2 2 2 2 2 2 2 2 2 2 2 2
left_child=2 9 5 4 7 36 21 -3 18 12 -11 30 17 14 -13 -15 -6 37 22 -10 -17 -7 24 -24 26 -9 28 -28 32 33 -12 34 -4 38 -29 -35 -1 -2 -23
right_child=1 3 8 -5 16 6 -8 25 19 10 11 13 -14 15 -16 20 -18 -19 -20 -21 -22 29 23 -25 -26 -27 27 31 -30 -31 -32 -33 -34 35 -36 -37 -38 -39 -40
leaf_value=-0.015777508090320299 -0.003367484591751528 0.0045938496111583293 -0.0034567289689165295 0.0084023923096883391 0.0035390579164438132 -0.0044786629642794276 -0.0010389844817037385 -0.00083228212415507169 0.0025122942184264605 0.0060984517866983319 -0.00073213639200193058 0.0061569308642858362 0.0015599400819213901 -0.0038927723400199415 0.00061177630529102842 -0.00063519911419437653 0.0071450505343407522 0.0004089266098528286 -0.00027134427178664502 -0.0029177140045717736 0.0034144736896674619 -0.012617553537504237 -0.0051644192435372216 0.0011611499596369565 -0.0020730010293924339 0.0021945794979556159 -0.010347657994396114 -0.0089348455144817405 -0.0010145683548076147 -0.0057834193234372819 -0.0036128278750546246 -0.0038996473972928874 -0.0076368237856308712 -0.010571293300801173 -0.0058379549899940921 -0.0071595636116361192 -0.011919138295830427 -0.0058402052519546882 -0.011544161639768695
leaf_weight=27.096237063407898 76.979152530431747 148.01589971780777 50.755637586116791 360.82388246059418 243.87260526418686 57.311581522226334 41.239309996366501 202.61667233705521 79.129434794187546 148.2756472826004 137.15797400474548 105.65142208337784 111.30569100379944 99.861538290977478 154.70216304063797 146.22367316484451 194.77587133646011 75.198005259037018 84.026586920022964 89.549511730670929 108.42809212207794 33.660360187292099 110.09350556135178 83.022585779428482 90.857785224914551 150.48500829935074 52.042176365852356 48.962835788726807 54.211099803447723 45.551113188266754 101.00651162862778 74.346990257501602 49.776196032762527 44.083434134721756 87.8597032725811 49.143232971429825 49.145285964012146 76.331644117832184 32.968134254217148
leaf_count=103 114 97 95 132 127 122 83 146 97 131 148 98 99 122 139 146 94 87 118 115 84 98 166 105 143 97 102 102 89 95 94 120 91 117 153 113 159 98 88
internal_value=9.19164e-05 0.00253629 -0.00474564 0.00471181 0.0032948 -0.0084151 -0.00719223 0.00167941 -0.00328421 0.000426519 0.00107125 0.000197413 -0.00147327 0.00103069 0.002862 -0.000314218 0.00514025 -0.00295073 -0.00390956 -0.000370428 0.00108911 -0.00815812 -0.00434508 -0.00244499 -0.00506624 0.000457707 -0.00571693 -0.0067582 -0.00394578 -0.00918475 -0.00195385 -0.00587359 -0.00552641 -0.010154 -0.0069462 -0.00877284 -0.0132904 -0.00459862 -0.0120864
internal_weight=3976.54 2641.71 1334.83 1300.59 939.766 380.199 303.957 501.118 954.634 1341.12 1001.31 853.031 339.814 614.867 260.354 354.513 438.648 228.509 785.955 168.679 254.652 262.718 701.929 193.116 508.812 353.102 417.955 263.212 154.743 205.406 238.164 211.17 100.532 159.855 136.823 93.2267 76.2415 153.311 66.6285
internal_count=4527 2053 2474 693 561 978 716 340 1496 1360 962 831 398 589 237 352 221 299 1284 212 230 633 1166 271 895 243 752 477 275 511 242 375 186 416 255 230 262 212 186
is_linear=0
shrinkage=0.0161547


Tree=86
num_leaves=40
num_cat=0
split_feature=43 43 43 42 44 13 43 35 44 53 35 53 52 29 50 50 53 17 35 40 50 44 53 53 44 23 17 52 17 44 15 50 21 21 53 23 13 51 15
split_gain=160.146 63.2306 24.7896 24.5019 11.0681 9.75553 8.77693 8.10798 8.06665 8.69549 7.33314 6.46615 6.13938 7.624 6.25622 5.3219 5.20503 5.01377 5.23614 6.51524 3.86109 3.13038 3.05935 5.87366 5.89296 5.17206 5.30579 3.47796 3.07686 2.28528 2.25559 1.50641 1.2599 1.68241 1.39845 0.979453 0.912732 0.717617 0.571742
threshold=0.90720000000000012 1.5726000000000002 0.69495000000000007 5.5000000000000009 68.500000000000014 0.050011628769491251 0.54375000000000007 1.0000000180025095e-35 78.500000000000014 0.90355702085037948 1.0000000180025095e-35 1.0668673465683673 0.94174254378713262 1.0000000180025095e-35 94.500000000000014 103.00000000000001 0.89060886751271606 0.20990590795279948 1.0000000180025095e-35 1.0000000180025095e-35 83.500000000000014 77.500000000000014 0.99793754234212695 0.9504147512701473 70.500000000000014 0.96452737593218707 0.036231951340727743 0.91706344704376541 0.017295638782551314 72.500000000000014 0.0086711718414787826 93.500000000000014 0.0123109368068303 0.0035997754398424567 0.96437649594167552 1.0104805542358906 0.1121013254160792 19.500000000000004 0.18242014749644178
decision_type=2 2 2 2 2 2 2 2 2 2 2 2 2 2 2 2 2 2 2 2 2 2 2 2 2 2 2 2 2 2 2 2 2 2 2 2 2 2 2
left_child=2 4 6 8 -2 30 37 21 9 -3 -11 22 13 14 16 35 -7 18 19 29 -18 32 23 24 31 26 27 -26 -25 -14 -6 -4 33 -8 36 -16 -34 -1 -31
right_child=1 3 11 -5 5 12 7 -9 -10 10 -12 -13 17 -15 15 -17 20 -19 -20 -21 -22 -23 -24 28 25 -27 -28 -29 -30 38 -32 -33 34 -35 -36 -37 -38 -39 -40
leaf_value=-0.0123940863546002 -0.0051247476612611923 -0.00062347402702514281 -0.005986087362758177 0.0092564774029367403 -0.0018217090226044306 0.0050663674046613613 -0.0090000370900511373 -0.001014416926467977 0.0054498002846687212 0.0017259290318077463 0.0060973148303608334 0.0016357101083525533 0.00048170164736691627 0.0056601943149109093 -0.0015177879610699797 0.0017334308656365397 -0.0011638333198798728 0.0026867510998486504 -0.004153266549565853 0.0033192327717552817 0.0026125376879039988 -0.0047949079268814849 -0.0070836671426437814 0.001877705649613409 -0.00029491057607017193 0.00096207282033537191 -0.0086700545587234702 -0.0050057194671550218 -0.0029947713646010714 -0.0018445506493074573 -0.0057555790375335954 -0.0094499033062101223 -0.0079708530907774567 -0.013386947089027195 -0.0059446249047605936 -0.0039445685660258632 -0.011244136769739501 -0.015650461137043232 -0.0037020031828872632
leaf_weight=47.65450818836689 111.08887612819672 178.3754380941391 85.568623453378677 244.37916260957718 78.679017961025238 117.42362940311432 58.793073892593384 43.642011851072311 350.3369722366333 226.89473766088486 179.28512841463089 56.684958279132843 86.996634215116501 100.54037535190582 88.954666972160339 118.94471913576126 121.29255247116089 96.010017037391663 128.185342669487 93.354640424251556 169.25600582361221 49.043159335851669 76.719978600740433 63.373763173818588 73.154736071825027 60.02541372179985 56.247834295034409 92.767016023397446 72.534048616886139 91.05377596616745 73.63996097445488 53.100303381681442 49.472143828868866 37.281844764947891 44.68020761013031 84.759248852729797 40.375979542732239 28.061028122901917 82.37178373336792
leaf_count=162 160 109 156 87 104 106 153 87 173 140 95 84 97 85 103 116 122 76 137 90 160 109 138 96 117 76 97 163 108 105 103 101 118 102 102 82 90 102 85
internal_value=-0.00018295 0.001848 -0.00544468 0.00470198 -0.00020102 0.000156136 -0.00865003 -0.00749051 0.00351144 0.00234973 0.00365543 -0.0035916 0.000584629 0.00150011 0.000903135 -0.000899241 0.00219607 -0.000684383 -0.00135594 -0.000342368 0.00103605 -0.00850117 -0.00405934 -0.00364261 -0.00458551 -0.0032455 -0.00438229 -0.00292873 -0.000722737 -0.00165496 -0.00372357 -0.00731248 -0.0092894 -0.0107024 -0.0082803 -0.00270187 -0.0094418 -0.0136009 -0.00272678
internal_weight=3911 2821.82 1089.18 1179.27 1642.55 1531.46 399.004 323.288 934.892 584.555 406.18 690.177 1379.14 801.171 700.631 292.659 407.972 577.972 481.962 353.777 290.549 279.646 633.492 556.772 420.864 282.195 222.17 165.922 135.908 260.422 152.319 138.669 230.603 96.0749 134.528 173.714 89.8481 75.7155 173.426
internal_count=4496 2335 2161 604 1731 1571 1025 761 517 344 235 1136 1364 774 689 301 388 590 514 377 282 674 1052 914 710 453 377 280 204 287 207 257 565 255 310 185 208 264 190
is_linear=0
shrinkage=0.0161547


Tree=87
num_leaves=40
num_cat=0
split_feature=19 42 42 14 44 15 50 28 44 44 53 17 50 50 42 47 4 53 39 6 6 6 15 19 8 50 4 53 13 24 17 13 53 50 13 23 14 50 51
split_gain=127.657 47.7082 23.4114 21.198 13.7478 11.8768 11.7472 8.90055 9.6292 8.09307 14.925 9.74216 9.65507 9.0065 7.95689 7.89211 7.59139 6.77879 6.82027 7.72203 16.4458 11.0634 5.22316 4.87093 4.103 4.17274 3.66027 3.55278 3.05403 3.01676 2.87369 2.77135 2.54936 3.04986 3.87547 2.1616 1.85093 2.22035 0.942147
threshold=0.1007715317606151 3.5000000000000004 2.5000000000000004 7.5000000000000009 68.500000000000014 0.032184574801058817 95.500000000000014 1.0000000180025095e-35 74.500000000000014 70.500000000000014 0.96728781578133327 0.045371408549968663 89.500000000000014 78.500000000000014 1.0000000180025095e-35 1.0000000180025095e-35 0.17302931217990355 1.0052663950890719 1.0000000180025095e-35 0.16628945271415888 0.075224429712320476 0.37037482730524957 0.041425697780058925 0.78070307837369646 0.037695826521756182 89.500000000000014 0.10793267903755403 0.87214099586247185 0.10667790177948989 9.5000000000000018 0.020229059911516061 0.012134939999789674 0.98729402868487515 94.500000000000014 0.010353947105363444 1.0972522523984709 1.5000000000000002 87.500000000000014 18.500000000000004
decision_type=2 2 2 2 2 2 2 2 2 2 2 2 2 2 2 2 2 2 2 2 2 2 2 2 2 2 2 2 2 2 2 2 2 2 2 2 2 2 2
left_child=2 9 4 6 27 29 15 8 -4 10 35 12 -11 -13 28 16 -3 18 19 20 -15 26 -16 -23 30 -26 -21 -1 -7 32 -24 -29 33 34 38 -2 -33 -38 -6
right_child=1 3 7 -5 5 14 -8 -9 -10 11 -12 13 -14 17 22 -17 -18 -19 -20 21 -22 23 24 -25 25 -27 -28 31 -30 -31 -32 36 -34 -35 -36 -37 37 -39 -40
leaf_value=-0.0039186745478624954 -0.0068413003305916762 0.004146361488409616 -0.0051174367375928127 0.010014856824263941 -0.0098013617080370645 -0.0089354293334298011 0.00031831979255203649 0.0031467110082517074 0.0020106423191312726 0.0022090300944544515 0.0028133277473964338 -0.0025419700590985565 -0.0046390019002612226 0.00069919279091131708 0.0029538256715710438 0.002158405736720164 0.0087336953523896969 -0.00088203870714606981 0.0065528190812816252 0.00014663715194970276 0.0091825167706704406 0.0014008863146655018 -0.0014788952131966715 0.0053544367421732575 0.0026206338211630319 -0.0024105851068097119 -0.0044256248786158289 -0.012203408609728976 -0.0033629036125150122 -0.0087530161342951208 -0.0061636522250145404 -0.0051986795741375347 -0.0080179741914800928 -0.0019173077500916791 -0.0030333562850808839 -0.0030463026172576255 -0.0066015489606918555 -0.011690151560745952 -0.0064127910016736952
leaf_weight=39.630690857768059 82.760047405958176 185.79851919412613 118.32406187057495 197.64150202274323 42.701352059841156 52.171837195754051 169.26886397600174 140.75849729776382 84.980104088783264 89.989854216575623 105.36666262149811 111.99912139773369 133.35154324769974 126.79513359069824 67.344744116067886 156.88465166091919 190.85106098651886 150.91478714346886 111.74315360188484 96.600137919187546 112.59782963991165 215.60376876592636 61.373959898948669 130.58447593450546 72.059836864471436 106.75220736861229 86.705658495426178 57.352785527706146 50.52108359336853 81.290677681565285 77.097351849079132 43.01508255302906 67.827960610389709 80.878629267215729 72.8450758010149 74.367209166288376 42.601941585540771 47.139693349599838 42.952667981386185
leaf_count=87 133 124 170 63 95 110 110 159 93 95 118 103 175 127 97 96 89 137 85 93 91 179 98 68 90 153 90 162 79 170 120 95 137 146 139 87 88 113 88
internal_value=0.000166299 0.00235654 -0.00365603 0.00534078 -0.00480132 -0.00387867 0.00402634 2.40509e-05 -0.00213794 0.000707361 -0.00189071 0.00120629 -0.00187976 0.00180902 -0.00219898 0.00520275 0.0064708 0.00228142 0.00282355 0.00228157 0.0046893 0.00119299 -0.00113235 0.00289219 -0.00199966 -0.000383044 -0.00201609 -0.00831866 -0.00619395 -0.00598563 -0.00408725 -0.00923589 -0.00525334 -0.00446997 -0.00577254 -0.00504515 -0.00795388 -0.0092745 -0.00810211
internal_weight=3979.44 2529.82 1449.62 900.445 1105.56 875.817 702.803 344.063 203.304 1629.38 262.494 1366.89 223.341 1143.54 487.321 533.534 376.65 1031.54 880.63 768.887 239.393 529.494 384.628 346.188 317.283 178.812 183.306 229.74 102.693 388.496 138.471 190.11 307.206 239.378 158.499 157.127 132.757 89.7416 85.654
internal_count=4552 2063 2489 482 2067 1522 419 422 263 1581 338 1243 270 973 747 309 213 870 733 648 218 430 558 247 461 243 183 545 189 775 218 458 605 468 322 220 296 201 183
is_linear=0
shrinkage=0.0161547


Tree=88
num_leaves=36
num_cat=0
split_feature=43 43 43 19 40 42 44 50 43 43 6 42 13 18 44 8 8 42 17 51 44 17 4 17 6 51 17 44 6 43 21 51 52 19 44
split_gain=142.773 54.0301 24.1273 22.3212 10.8654 12.8688 10.5596 10.8741 7.9165 7.83051 7.61727 7.21381 6.85828 9.58644 6.78575 5.80728 11.6134 7.01829 6.52214 5.277 3.94127 3.47969 3.62144 3.11926 2.92932 3.52771 3.0533 2.73455 1.70337 1.47868 1.40724 1.23859 1.19056 0.794168 0.68982
threshold=0.90720000000000012 2.7357000000000005 0.57435000000000014 0.30264774058785771 1.0000000180025095e-35 2.5000000000000004 71.500000000000014 81.000000000000014 0.72460000000000013 1.5726000000000002 0.27141972077331272 3.5000000000000004 0.6408740513677168 5.5000000000000009 72.500000000000014 0.054626573216020095 0.12354814253739561 1.5000000000000002 0.019786507086783166 19.500000000000004 79.500000000000014 0.027516040392336818 0.064689785979056461 0.049521403859559644 0.090345481462966129 19.500000000000004 0.0029736721794532944 70.500000000000014 0.021504166613175155 0.54375000000000007 0.037894055383918844 19.500000000000004 0.90938961438577992 0.054652929297662974 71.500000000000014
decision_type=2 2 2 2 2 2 2 2 2 2 2 2 2 2 2 2 2 2 2 2 2 2 2 2 2 2 2 2 2 2 2 2 2 2 2
left_child=2 3 29 6 8 30 19 -8 24 12 14 -11 -5 -14 -9 17 -17 -16 -19 23 21 27 -23 33 25 26 -4 -10 -29 31 -6 -1 -27 -2 -28
right_child=1 -3 4 9 5 -7 7 10 20 11 -12 -13 13 -15 15 16 -18 18 -20 -21 -22 22 -24 -25 -26 32 34 28 -30 -31 -32 -33 -34 -35 -36
leaf_value=-0.011361878681009371 -0.0042245563726226697 0.0090013195846372542 -0.0031321398144554344 0.0042894464772590488 -0.0022233815875638573 0.0047299092676751026 -0.0034279520212067037 0.0056837899994291903 -0.0078614371894454565 0.0022175271337504599 -0.0023174196652162634 0.0055758936570596386 -0.002199309590763691 0.0035061770686620696 -0.0030986041409929565 0.0054220311641937097 -0.00049398298500372324 0.0047480223156199687 -0.00076687550385694876 -2.9229406663826814e-05 -0.00012755355946359489 -0.00066675081003509382 -0.0050803383455100192 -0.0015667851559253187 -0.0036888714639192696 -0.012312033689959832 -0.0064964016609895233 -0.0056831477668971807 -0.0020561448698582898 -0.0093462633047751206 -0.0060311754557344022 -0.015579187292800374 -0.0086594745432527504 -0.0066794107947589264 -0.0094139046802063642
leaf_weight=48.047869995236397 67.087944239377975 259.14091563224792 55.437305212020874 143.12236827611923 50.414383918046951 73.866992264986038 141.79049605131149 109.45694842934608 84.572923362255096 302.55955737829208 126.63937306404114 372.33200812339783 195.82388317584991 126.5032913684845 129.11349728703499 198.03042817115784 153.89047873020172 98.504583418369293 129.59076768159866 146.40698775649071 73.058094829320908 109.37732663750648 87.194955050945282 86.387001574039459 58.447547793388367 37.993010312318802 40.805272966623306 81.449439346790314 57.752165734767914 47.970292389392853 50.904555141925812 29.230987906455994 60.176410913467407 70.56871286034584 43.908685505390167
leaf_count=163 100 86 121 124 94 93 152 102 165 170 123 164 173 88 159 176 148 101 127 171 108 168 135 96 112 102 93 144 97 134 88 108 142 100 98
internal_value=6.91358e-05 0.00196733 -0.00490336 0.00126567 -0.00403787 -0.00039798 -5.88984e-05 0.000743835 -0.00484486 0.00295859 0.00136963 0.00407031 0.00134661 3.99147e-05 0.00194004 0.00136217 0.00283503 -8.88826e-05 0.00161477 -0.00241437 -0.00359082 -0.00419275 -0.00262452 -0.00397299 -0.00692982 -0.00772465 -0.0060797 -0.00557034 -0.00417837 -0.0115741 -0.00413649 -0.0129571 -0.0100731 -0.00548302 -0.00800859
internal_weight=3947.56 2856.95 1090.61 2597.81 965.359 175.186 1457.47 1087.02 790.173 1140.34 945.226 674.892 465.45 322.327 818.587 709.13 351.921 357.209 228.095 370.451 493.405 420.347 196.572 224.044 296.768 238.321 140.151 223.775 139.202 125.249 101.319 77.2789 98.1694 137.657 84.714
internal_count=4525 2360 2165 2274 1760 275 1555 1088 1485 719 936 334 385 261 813 711 324 387 228 467 817 709 303 296 668 556 312 406 241 405 182 271 244 200 191
is_linear=0
shrinkage=0.0161547


Tree=89
num_leaves=37
num_cat=0
split_feature=43 43 43 42 21 4 43 10 21 15 43 17 35 4 13 42 8 23 50 17 21 8 52 52 44 23 13 23 15 17 4 2 13 44 51 53
split_gain=155.318 45.3722 28.5685 13.4711 14.9854 12.7471 11.1597 10.9619 10.2516 9.33762 8.09412 7.25302 7.1971 7.16646 7.03732 6.91962 14.5542 6.06388 4.25497 6.52938 3.82994 3.63573 3.20559 3.81429 2.91057 2.85885 6.00665 4.87083 3.53583 2.39516 2.13345 1.7981 1.69525 1.5843 0.85012 0.745341
threshold=1.2255500000000004 0.69495000000000007 2.7357000000000005 2.5000000000000004 0.038436063830967426 0.051503066113842082 0.54375000000000007 1.015868496515101 0.055344933320959841 0.30551830388228235 0.90155000000000007 0.096049042256999964 1.0000000180025095e-35 0.011548034843387274 0.19164225764771045 4.5000000000000009 0.35705415564162268 0.75727094637700254 93.500000000000014 0.11786448229214773 0.19224799805963658 0.085750634782887428 0.96152879766598975 1.010643829692436 68.500000000000014 0.025354997934557862 0.048956222180666926 0.22051142071578267 0.06409885060951924 0.034973528893174101 0.014958394492634478 0.15609676731134123 0.025481926877273065 72.500000000000014 19.500000000000004 0.93757315545435072
decision_type=2 2 2 2 2 2 2 2 2 2 2 2 2 2 2 2 2 2 2 2 2 2 2 2 2 2 2 2 2 2 2 2 2 2 2 2
left_child=1 6 5 8 -5 11 34 -7 24 -9 30 13 21 -2 -12 16 -11 -6 19 -16 -19 22 33 -24 -3 -26 32 -28 -29 -15 -10 -32 -27 35 -1 -8
right_child=2 3 -4 4 17 7 12 9 10 15 14 -13 -14 29 18 -17 -18 20 -20 -21 -22 -23 23 -25 25 26 27 28 -30 -31 31 -33 -34 -35 -36 -37
leaf_value=-0.012147953551245847 0.0017165013753704377 -0.0070960861383190079 0.0085504739607159905 0.0050615345060309805 -0.0040694586081230976 0.0075856512088904237 -0.010029026347351812 -0.00061109646934186408 -0.0011874048755511034 0.0057451340054035767 0.003563447603216223 0.0034792903796675208 -0.00044782944657171641 -0.00096609756518390843 -0.0022830615250069037 0.0060970468319419104 0.00051951692016056334 0.002878003878089785 -0.003473587095873319 0.0035303503504438144 -0.0015042101137220784 -0.0031269793150991098 -0.0020845964183891213 -0.0087875176163376804 -0.0011059000040098538 -0.0057689818991932679 -0.00012905431865212251 -0.0078581877412171805 -0.0029001430638021714 -0.0045054683290667646 -0.0067356718039545179 -0.003445846028306452 -0.0099289365735853192 -0.0078081275436236875 -0.015684549578218351 -0.013154864931506484
leaf_weight=49.918482929468155 181.92532551288605 90.273885309696198 245.06658601760864 133.54115459322929 129.83282124996185 157.17733842134476 51.078500717878342 157.61715078353882 61.890446871519089 242.38881647586823 102.53260210156441 161.76534432172775 43.33288899064064 100.90618562698364 117.82251626253128 224.27682256698608 326.39957463741302 90.585794806480408 136.44424292445183 88.138427197933197 122.34212815761566 41.573541402816772 38.609870165586472 51.9882752597332 77.92840176820755 51.898417919874191 88.538051545619965 62.256080120801926 94.543711483478546 98.708930909633636 68.314610362052917 118.68307703733444 50.386043131351471 60.024404734373093 27.515574112534523 32.622019052505493
leaf_count=173 173 177 82 156 165 109 136 128 100 146 118 104 86 98 139 96 181 95 161 84 129 80 83 126 125 94 137 106 144 88 119 179 98 147 103 94
internal_value=5.85588e-05 -0.00298704 0.00340351 -0.00183045 0.000470819 0.0026396 -0.00790292 0.00363361 -0.00273658 0.00298021 -0.00145428 0.000612709 -0.00656839 -0.000602662 -0.000149275 0.00369396 0.00274641 -0.00131775 -0.00126104 0.000204716 0.000360112 -0.0075297 -0.00831082 -0.00593096 -0.00446138 -0.00390247 -0.00452939 -0.00315824 -0.00486869 -0.0027163 -0.00378723 -0.0046477 -0.0078182 -0.00981099 -0.0134047 -0.0112473
internal_weight=3978.85 2082.62 1896.23 1685.95 476.302 1651.17 396.664 1107.86 1209.65 950.682 693.826 543.306 319.23 381.54 444.938 793.065 568.788 342.761 342.405 205.961 212.928 275.897 234.323 90.5981 515.825 425.551 347.622 245.338 156.8 199.615 248.888 186.998 102.284 143.725 77.4341 83.7005
internal_count=4559 3354 1205 2326 545 1123 1028 660 1781 551 900 463 752 359 502 423 327 389 384 223 224 666 586 209 881 704 579 387 250 186 398 298 192 377 276 230
is_linear=0
shrinkage=0.0161547


Tree=90
num_leaves=39
num_cat=0
split_feature=43 43 43 2 44 40 4 21 8 10 21 43 18 13 21 8 43 52 23 52 50 44 17 51 51 53 4 4 13 52 50 52 17 53 43 50 19 6
split_gain=150.74 57.6974 25.673 21.4723 9.09371 7.63833 9.40283 6.5053 10.2635 15.3776 7.15561 5.91023 5.86835 9.9888 10.7627 10.9301 7.21262 7.17527 7.50244 10.7625 7.40553 4.71175 4.91208 5.1557 4.36449 3.49662 3.3613 7.69418 3.26175 3.24331 3.054 1.58398 1.40144 1.2769 1.17771 0.928173 0.803392 0.503774
threshold=0.91350000000000009 1.4967500000000002 0.67295000000000016 1.0980486479259108 68.500000000000014 1.0000000180025095e-35 0.025867386809436042 0.31098438477261175 0.13990995349614793 0.51576126106005382 0.4821016802572009 0.55795000000000006 5.5000000000000009 0.6408740513677168 0.13717220654982765 0.16266733989248741 1.2057500000000003 0.97954261554445587 0.57691623062658148 0.91706344704376541 99.500000000000014 69.500000000000014 0.11181225335963606 16.500000000000004 15.500000000000002 0.90306351514744032 0.033954476491906284 0.011033614178682071 0.031306618468090193 0.93604247666928198 92.500000000000014 0.91706344704376541 0.019786507086783166 0.96539899205807367 0.79880000000000007 91.500000000000014 0.0037078214856700333 0.019706903389762363
decision_type=2 2 2 2 2 2 2 2 2 2 2 2 2 2 2 2 2 2 2 2 2 2 2 2 2 2 2 2 2 2 2 2 2 2 2 2 2 2
left_child=2 4 11 7 -2 21 -7 8 9 -3 -9 33 13 14 17 -16 -15 18 19 20 -6 34 23 31 -13 -25 27 -27 35 -30 -20 -23 -19 36 37 -26 -1 -4
right_child=1 3 5 -5 12 6 -8 10 -10 -11 -12 24 -14 16 15 -17 -18 32 30 -21 -22 22 -24 25 28 26 -28 -29 29 -31 -32 -33 -34 -35 -36 -37 -38 -39
leaf_value=-0.011250856437842682 -0.0046243089666086973 0.00041475793406720604 -0.0065900166363062037 0.0078466731819597842 -0.002925376240010102 0.0034553449394136401 -0.0048403770734303207 0.0067739434795776226 -0.00099436230706582084 0.0081593688141369455 0.0028152238899505338 -0.0033795373827973014 0.0031537681990935146 -0.0004197767970050645 0.0059912783924571233 0.00012093640916701461 -0.0064550994556948895 -0.0047390685035195897 -0.00018581924663221781 0.0050502488353833357 0.0032746065939407844 -0.0047187372590319068 0.0011737512644122412 -0.0053946544093070124 -0.013185765247614667 -0.0031514414572866209 -0.0048770442026870664 0.0043651553470925916 -0.0094126400489151565 -0.0040688859474595955 -0.0044985306624274156 -0.0085339833132093961 -0.0020122224047383172 -0.009195429372964645 -0.0049431507035234516 -0.0094114823127804635 -0.01486677942433727 -0.0090576648915189056
leaf_weight=27.7856265604496 105.1761374771595 148.25541621446609 44.094775438308716 372.29219400882721 132.67657402157784 85.696972846984863 61.066140443086624 214.43809449672699 189.43066930770874 121.94489991664886 268.19581985473633 56.133902192115784 165.95821094512939 107.38380390405655 160.95673096179962 170.40958207845688 99.612710773944855 81.754059255123138 85.969093382358551 151.77453979849815 80.955412894487381 51.583903133869171 56.530864894390106 94.525754928588867 34.712826520204544 96.557437777519226 60.751964598894119 56.240686684846878 63.10463073849678 55.896404325962067 85.438673138618469 63.184922158718109 123.47622501850128 27.571030333638191 66.895929217338562 33.332341343164444 37.920374169945717 42.305314958095551
leaf_count=97 151 119 94 133 171 121 93 107 133 75 124 117 130 109 133 168 87 111 87 164 93 90 73 168 102 170 98 82 157 118 98 117 145 90 114 92 135 91
internal_value=0.000110616 0.00207185 -0.00492669 0.00456199 -3.79433e-05 -0.00331678 3.60755e-06 0.0032642 0.00188873 0.00391 0.00457411 -0.0086562 0.000295566 -7.4896e-05 0.00055169 0.00297238 -0.00332415 -0.000529288 0.000452939 0.00176096 -0.000575905 -0.00408703 -0.00329866 -0.00389658 -0.00733015 -0.00280781 -0.00166278 -0.000384794 -0.00851575 -0.00690261 -0.0023355 -0.00681919 -0.00309847 -0.0121133 -0.00655235 -0.0113369 -0.0133377 -0.00779829
internal_weight=3981.99 2866.1 1115.89 1314.56 1551.54 779.435 146.763 942.265 459.631 270.2 482.634 336.457 1446.37 1280.41 1073.41 331.366 206.997 742.045 536.814 365.407 213.632 632.672 479.376 422.845 243.18 308.076 213.55 152.798 187.046 119.001 171.408 114.769 205.23 93.277 153.296 68.0452 65.706 86.4001
internal_count=4557 2338 2219 691 1647 1311 214 558 327 194 231 908 1496 1366 1170 301 196 869 613 428 264 1097 798 725 586 518 350 252 469 275 185 207 256 322 299 194 232 185
is_linear=0
shrinkage=0.0161547


Tree=91
num_leaves=36
num_cat=0
split_feature=43 43 43 44 5 44 44 35 50 23 2 43 44 8 51 0 52 43 21 21 17 0 43 44 44 6 6 8 8 23 21 53 51 50 15
split_gain=138.592 47.302 29.3554 15.8056 13.287 11.9572 25.5249 9.06849 6.65806 9.2455 7.72144 6.12407 6.50085 4.97375 4.91853 4.63265 6.84 4.5024 4.39855 5.34856 7.84288 3.88018 3.81928 3.73768 6.51327 3.61807 3.33015 2.68368 1.78449 1.74008 1.86412 1.16195 1.12057 0.98378 0.727923
threshold=0.97555000000000014 1.9938000000000002 0.6856000000000001 77.500000000000014 3.5000000000000004 71.500000000000014 72.500000000000014 1.0000000180025095e-35 92.500000000000014 0.16067599506292313 0.038287721436468421 1.7233000000000003 83.500000000000014 0.093945055012365983 16.500000000000004 0.19634035164087091 0.92152411567520665 1.2181000000000002 0.21942028779404524 0.1262204234314484 0.025589612467353823 0.22795302313111299 0.57435000000000014 72.500000000000014 69.500000000000014 0.55602531938859345 0.019706903389762363 0.04742321485827708 0.0041785205159904316 0.071893317369527601 0.023455776611510045 0.91849161929856604 19.500000000000004 92.500000000000014 0.0069567442741404646
decision_type=2 2 2 2 2 2 2 2 2 2 2 2 2 2 2 2 2 2 2 2 2 2 2 2 2 2 2 2 2 2 2 2 2 2 2
left_child=2 4 7 -3 5 14 -7 13 9 28 -11 12 18 22 -2 -12 -17 -16 19 20 26 -22 32 24 -10 -20 -8 31 -4 33 -31 -25 34 -24 -1
right_child=1 3 8 -5 -6 6 11 -9 23 10 15 -13 -14 -15 17 16 -18 -19 25 -21 21 -23 29 27 -26 -27 -28 -29 -30 30 -32 -33 -34 -35 -36
leaf_value=-0.0092826806213578816 -0.0052381574940512073 0.0030618001980282578 -0.0066276021176295604 0.0080124515227238974 0.0042484948154282208 0.0066122754064148175 0.0034293752261835087 -0.0013135632293699887 -0.0061918559853846086 0.0030485804493396809 -0.004767969508668566 0.0026765867515400211 0.0030571813633782298 -0.003513419986677264 -0.0033670833566907927 0.0030732954098454139 -0.0033323985866283265 0.00074595746870556731 -0.0044045590829853449 0.0019969104271270904 -0.0054866987311337195 -0.00094777252617351626 -0.012229580683158736 -0.0094178511103178465 -0.00037373898492742562 -0.00053322633203304714 -0.00088526461103341915 -0.0041126033220871315 -0.0028117003553127014 -0.0046837748476009303 -0.0089721795993936634 -0.0061292179614163686 -0.014494443782644998 -0.0084795927067152013 -0.012678521737902052
leaf_weight=30.894588187336922 109.38360378146172 325.49286985397339 92.950739592313766 348.4955940246582 235.77889311313629 176.28625631332397 84.598039150238037 42.153405621647835 89.884428203105927 113.59147104620934 98.3494833111763 187.42847615480423 116.51905137300491 34.902181565761566 131.5711378455162 80.541458576917648 94.600345313549042 147.12516349554062 149.11034250259399 188.98527878522873 114.54516953229904 86.097581267356873 39.231594949960709 54.385045796632767 113.77846956253052 109.09794026613235 104.16959381103516 103.12099424004555 48.760804057121277 43.758715927600861 66.89029923081398 57.877906829118729 40.909114077687263 34.149629503488541 35.292078033089638
leaf_count=101 132 157 172 130 146 146 92 92 165 159 158 114 97 71 178 98 138 132 134 163 132 88 109 98 172 82 121 153 89 104 158 101 146 90 117
internal_value=-0.000217536 0.00193453 -0.00449328 0.00562161 0.000654038 0.000156948 0.000891389 -0.0083645 -0.00298953 -0.00178424 -0.000491763 7.15524e-06 -0.00051778 -0.00927615 -0.00233516 -0.0019622 -0.000386649 -0.00119579 -0.00101569 -0.000233038 -0.00131526 -0.00353901 -0.00996702 -0.00451049 -0.0029415 -0.00276885 0.00104838 -0.0059941 -0.00531461 -0.00855549 -0.00727623 -0.00772237 -0.0123926 -0.0104844 -0.0110934
internal_weight=3930.71 2614.68 1316.02 673.988 1940.7 1704.92 1316.84 368.182 947.841 528.794 387.083 1140.55 953.123 326.028 388.08 273.491 175.142 278.696 836.604 578.396 389.41 200.643 291.126 419.047 203.663 258.208 188.768 215.384 141.712 184.03 110.649 112.263 107.096 73.3812 66.1867
internal_count=4535 2044 2491 287 1757 1611 1169 988 1503 814 553 1023 909 896 442 394 236 310 812 596 433 220 825 689 337 216 213 352 261 461 262 199 364 199 218
is_linear=0
shrinkage=0.0161547


Tree=92
num_leaves=38
num_cat=0
split_feature=43 43 43 19 53 15 50 36 8 8 23 13 28 4 2 13 14 15 50 43 18 53 50 53 23 50 52 0 4 52 17 2 17 53 21 53 43
split_gain=149.856 38.9758 29.1273 11.7443 7.98218 7.18944 7.16988 9.1055 10.4674 7.90633 12.5827 7.01806 6.66078 8.84555 19.0919 6.24446 6.10699 8.33087 5.36429 4.28237 3.78339 3.76628 4.78104 3.92456 4.07445 4.61718 3.64087 3.32973 3.11245 2.65636 4.29008 2.1416 1.65461 1.576 1.54476 1.11474 0.582916
threshold=1.1074500000000003 0.67295000000000016 2.7357000000000005 0.10305941887090168 1.0668673465683673 0.35148870699533397 95.500000000000014 1.0000000180025095e-35 0.37083058485194126 0.23882312878027259 0.85939506257353704 0.48083930731553692 1.0000000180025095e-35 0.0076127119191784299 0.11922013361104329 0.015873675790423532 2.5000000000000004 0.032184574801058817 100.50000000000001 0.55795000000000006 5.5000000000000009 0.98607703705889371 104.50000000000001 0.96130391013822181 0.91294771578317746 97.000000000000014 0.90487736723273982 0.0073995384041206048 0.035777652724620877 0.90938961438577992 0.015660360276728871 0.072349332878543046 0.013074221874308376 0.92361816944801511 0.013624207893990355 0.89261421228038274 0.59175000000000011
decision_type=2 2 2 2 2 2 2 2 2 2 2 2 2 2 2 2 2 2 2 2 2 2 2 2 2 2 2 2 2 2 2 2 2 2 2 2 2
left_child=1 15 3 16 5 12 7 8 9 10 -5 -12 21 -14 -15 35 17 -2 -8 -17 -10 22 23 24 25 27 -23 34 31 -21 -31 32 -29 -7 -3 -1 -37
right_child=2 4 -4 6 -6 33 18 -9 20 -11 11 -13 13 14 -16 19 -18 -19 -20 29 -22 26 -24 -25 -26 -27 -28 28 -30 30 -32 -33 -34 -35 -36 36 -38
leaf_value=-0.0093637682370083727 -0.002874966960422201 -0.0037722649379032954 0.0077755598229041437 0.0069391284736257204 0.0020915090753411019 0.0017509185173164438 -0.0014023123482313771 0.0062431885238250599 -0.0015384997414615417 0.0069570672482349291 -0.0018815829226897401 0.0029099960166570284 -0.0050079333200481781 0.0071504440122812096 -0.0043108635274264531 -0.011428306103370135 -0.0037282923507928061 0.003241963452176097 0.0022637170930107555 -0.0085110649941291527 0.0018732571384144879 -0.0095390047402259502 0.00048900703002568882 -0.0010688833047594859 -0.0013124294681573952 -0.0081594432303101726 -0.0043305964376138427 -0.0060611611506714213 -0.0028535706114850633 -0.00088979959208043474 -0.0074352438822263183 -0.0043306566821976079 -0.010190938397242917 -0.0013885239066868699 -0.00015318760857777148 -0.01399347377477685 -0.011140425884064799
leaf_weight=32.915667921304703 97.870828419923782 66.540615916252136 250.2170170545578 132.27381384372711 88.932494401931763 85.346368610858917 179.390509724617 207.12279587984085 163.73188245296478 152.06162846088409 130.02660369873047 206.40835177898407 90.168418794870377 75.347156941890717 76.378361642360687 48.188276767730713 118.06991314888 143.01347863674164 248.39893364906311 66.19230243563652 176.01214051246643 57.973344147205353 69.109647542238235 102.69024783372879 88.234667658805847 100.9309995174408 88.490022420883179 51.420652151107788 86.817645162343979 49.026567578315735 55.962812215089798 64.614678651094437 49.877422660589218 81.655493676662445 57.271885395050049 48.831269726157188 30.276701837778091
leaf_count=97 115 118 84 107 123 92 138 122 114 95 110 134 139 89 104 165 133 141 170 168 87 106 102 149 115 180 143 96 132 105 122 103 91 95 86 172 84
internal_value=-0.000199192 -0.00378327 0.00258599 0.00192158 -0.00258998 -0.00291201 0.00251558 0.00317109 0.00250863 0.00375624 0.0027178 0.00105813 -0.00337598 -0.00100064 0.00138084 -0.00875885 -0.00071856 0.000756666 0.000726393 -0.00717417 0.000229039 -0.00402597 -0.00355606 -0.0039743 -0.00450171 -0.00509107 -0.0063922 -0.00426861 -0.00533189 -0.00597662 -0.00437874 -0.00662873 -0.00809459 0.000215889 -0.00209819 -0.011862 -0.0129015
internal_weight=3917.79 1713.19 2204.6 1954.38 1381.8 1292.87 1595.43 1167.64 960.514 620.77 468.709 336.435 1125.87 241.894 151.726 331.394 358.954 240.884 427.789 219.37 339.744 883.972 737.508 668.399 565.709 477.474 146.463 376.543 252.73 171.182 104.989 165.913 101.298 167.002 123.813 112.024 79.108
internal_count=4526 2976 1550 1466 2063 1940 1077 769 647 446 351 244 1753 332 193 913 389 256 308 560 201 1421 1172 1070 921 806 249 626 422 395 227 290 187 187 204 353 256
is_linear=0
shrinkage=0.0161547


Tree=93
num_leaves=41
num_cat=0
split_feature=43 43 43 42 44 44 50 30 42 6 43 13 53 19 18 6 0 43 43 6 43 42 19 53 53 15 13 23 53 0 53 44 2 0 0 17 2 53 13 15
split_gain=137.683 43.1818 20.4741 18.0365 11.7099 10.9471 7.94025 8.78159 6.58334 10.4657 5.63444 5.57221 6.58965 5.53455 5.52618 7.3808 5.43882 5.55133 5.06328 4.09716 6.09911 4.06973 4.47769 3.31821 3.24569 3.03865 3.00218 3.1893 2.709 2.63777 2.48636 2.30055 2.32317 2.25547 2.0317 1.76409 1.49104 1.44359 1.76077 0.994692
threshold=0.9043500000000001 1.5726000000000002 0.59430000000000016 5.5000000000000009 77.500000000000014 68.500000000000014 94.500000000000014 1.0000000180025095e-35 2.5000000000000004 0.046422896112455279 0.74165000000000014 0.050011628769491251 0.9317047654699846 0.041096337438982868 4.5000000000000009 0.31169883183497521 0.061615708668616792 1.4561000000000002 1.9938000000000002 0.097526400442006153 0.98880000000000012 1.0000000180025095e-35 0.037781598933224629 0.94077431892277918 0.93266686799190668 0.055513095962189986 0.5878556289926794 0.92407383662190412 1.0138184176244966 0.21251148229403422 0.93953718700532229 70.500000000000014 0.030725841190128295 0.085273779015251308 0.22241694997234848 0.0036677545452142662 0.0069964410970725669 0.88831549063524962 0.01526317569668012 0.082746941431825524
decision_type=2 2 2 2 2 2 2 2 2 2 2 2 2 2 2 2 2 2 2 2 2 2 2 2 2 2 2 2 2 2 2 2 2 2 2 2 2 2 2 2
left_child=2 5 25 4 6 -2 7 -3 10 -10 28 12 -7 -13 16 -16 24 19 -6 23 -21 33 -23 -18 -15 37 27 30 29 31 -22 36 35 -12 39 -33 -4 -1 -39 -24
right_child=1 3 8 -5 18 11 -8 -9 9 -11 21 13 -14 14 15 -17 17 -19 -20 20 26 22 34 -25 -26 -27 -28 -29 -30 -31 -32 32 -34 -35 -36 -37 -38 38 -40 -41
leaf_value=-0.0084973603740290393 -0.0047824052508811605 0.00075185766470196186 -0.0050150554389092432 0.0081406823649050972 0.0032035226000921078 -0.0054024821005405795 -0.0014340482437991897 0.0055578847663373902 -0.0054907090471824696 0.002720121126137052 -0.0087381753120272417 0.0044126531702936463 0.0011511529840421959 0.0041646831532478551 0.0044746298178927994 6.2961894784239672e-05 -0.0058519421433706042 0.0028110452525169677 0.006756444277819725 0.0031683900035082029 -0.00019681347463304858 0.00014768984739145068 -0.0039993949305289316 -0.0011774846240741495 -7.9876324100838946e-05 -0.0056794952395219419 -0.003918842340494744 0.0013489105789144717 -0.010025983473981656 -0.0090829913597957959 -0.0040405099625319676 -0.0056563622660782418 -0.0034625636043032373 -0.0039906204759238145 -0.0022241961801914485 -0.010306848215937138 -0.0010039541376845316 -0.014535557949620989 -0.010171018072630125 -0.0071096039944108253
leaf_weight=32.333101689815521 111.28997871279716 230.35050076246262 51.03523775935173 232.89240163564682 188.88026690483093 87.08476585149765 159.48915284872055 174.29516267776489 76.496121048927307 86.124705135822296 49.473780363798141 101.62073469161987 74.11895552277565 104.70223364233971 183.37626820802689 215.00916755199432 82.207138419151306 96.423219561576843 234.8159202337265 90.729590773582458 90.827844202518463 105.7126681804657 56.651448607444763 76.522470712661743 85.333633720874786 29.181306228041649 98.554745495319366 121.38241720199585 44.643805950880051 50.419907569885254 85.043320178985596 42.703207701444626 45.798144310712814 55.312869280576706 94.232784181833267 42.446976989507675 45.972079783678055 50.258544981479645 46.386796906590462 50.98813009262085
leaf_count=99 162 144 118 83 111 125 100 85 124 109 100 115 91 103 159 173 100 75 95 103 99 178 100 85 90 74 98 114 108 103 98 97 92 92 142 97 96 179 146 88
internal_value=-2.80184e-05 0.00177726 -0.00502754 0.0040965 0.00314304 0.000116009 0.00161874 0.00282198 -0.00408361 -0.00114222 -0.00473405 0.000458235 -0.00238922 0.00077884 0.000501216 0.00209365 -0.000179671 -0.000804432 0.00517258 -0.0013447 -0.000609437 -0.00348254 -0.00254582 -0.00359842 0.00225871 -0.0103871 -0.00147541 -0.000665292 -0.00633175 -0.0057393 -0.00205545 -0.00499973 -0.00639656 -0.00623212 -0.00395631 -0.00797461 -0.00311418 -0.0114522 -0.0124407 -0.00547268
internal_weight=3981.12 2924.95 1056.17 1220.72 987.831 1704.23 564.135 404.646 898.012 162.621 735.391 1592.94 161.204 1431.73 1330.11 398.385 931.727 741.691 423.696 645.268 486.538 412.372 307.585 158.73 190.036 158.16 395.808 297.254 323.019 278.376 175.871 227.956 130.948 104.787 201.872 85.1502 97.0073 128.978 96.6453 107.64
internal_count=4550 2408 2142 618 535 1790 329 229 1644 233 1411 1628 216 1412 1297 332 965 772 206 697 512 700 508 185 193 498 409 311 711 603 197 500 286 192 330 194 214 424 325 188
is_linear=0
shrinkage=0.0161547


Tree=94
num_leaves=37
num_cat=0
split_feature=43 43 43 43 34 44 43 53 53 53 52 42 51 19 28 53 53 8 52 52 52 53 8 42 6 53 13 2 50 52 8 43 1 44 43 53
split_gain=145.131 42.9619 28.3187 15.3025 11.3084 7.79003 6.70007 6.54293 7.04283 6.88459 6.42229 6.12417 6.35004 5.85129 5.31674 5.50528 4.54277 4.3597 4.22889 4.41055 5.37359 4.19094 3.59879 2.98891 6.69175 5.2657 4.40439 3.36167 2.96734 2.86216 2.63234 1.68163 1.62894 1.46728 1.0827 0.856984
threshold=1.0457000000000003 2.7357000000000005 0.67295000000000016 1.4967500000000002 1.0000000180025095e-35 79.500000000000014 0.54375000000000007 1.0668673465683673 0.9870734555289622 0.94932786211795017 0.89784060897868379 4.5000000000000009 16.500000000000004 0.30667846780652691 1.0000000180025095e-35 0.96728781578133327 0.87158376087502654 0.025232766149125466 0.89037596544823994 0.93088652918327819 0.95914581133341847 0.85909788002497067 0.11270339711983653 1.5000000000000002 0.0037118765684192941 0.884119810504709 0.10026948453143252 0.095219730960912949 90.500000000000014 0.90487736723273982 0.048869478910730589 0.81925000000000014 1.5000000000000002 72.500000000000014 0.50075000000000014 0.92772124363953157
decision_type=2 2 2 2 2 2 2 2 2 2 2 2 2 2 2 2 2 2 2 2 2 2 2 2 2 2 2 2 2 2 2 2 2 2 2 2
left_child=2 3 6 4 5 18 34 8 9 13 -11 12 -5 21 15 -14 -8 33 32 -20 -21 -4 -22 24 -23 -26 -25 -28 -6 -10 -12 -27 -2 35 -1 -18
right_child=1 -3 7 11 28 -7 16 -9 29 10 30 -13 14 -15 -16 -17 17 -19 19 20 22 23 -24 26 25 31 27 -29 -30 -31 -32 -33 -34 -35 -36 -37
leaf_value=-0.015007767757671526 -0.0046650169951158622 0.0084246195984133895 -0.0075486564955375779 0.0046562042454092014 0.0016415953295359316 0.00264743380283404 -0.0022774464678530686 0.0014082865569213937 -0.0094345287562313425 0.0035286909586599358 -0.0044664333474549135 0.0049541730695217469 0.00084583408924725049 0.00049904400941269418 -0.00092110993924038537 0.004719039310287455 -0.012741590173000807 -0.0048351106131061614 0.0016202647912781933 -0.0049872501988450146 -0.0021359987871011239 -0.0010179785046168031 0.0015950626808561056 -0.0049455055897235905 -0.002628202926563317 -0.010271972193654763 0.0018243084190898236 -0.0028329660551950331 0.0054514626282528705 -0.0047907485687424516 -0.00017959181827999088 -0.0065855993915732358 -0.0017511194958693701 -0.0076096630616180709 -0.010983356598892002 -0.009438916148224322
leaf_weight=27.886972874403 103.52463248372078 269.08832550048828 76.506332337856293 205.32401752471924 104.20824074745178 163.11977618932724 44.265758782625198 86.619722634553909 53.716137290000916 77.751712381839752 70.449898928403854 291.49779409170151 238.64491522312164 85.506899625062943 183.77297431230545 159.97011333703995 40.19036453962326 74.492524147033691 172.54682815074921 88.141941785812378 144.6322149336338 91.100888073444366 126.45376926660538 99.003914833068848 67.230066746473312 57.085695683956146 77.017398774623871 85.183153510093689 109.31996130943298 97.523971945047379 79.641954392194748 74.364015161991119 96.959672719240189 53.074733644723892 46.59835422039032 41.859873026609421
leaf_count=114 120 88 138 121 90 140 99 122 101 101 115 133 155 99 118 93 115 165 171 98 165 158 114 166 111 122 100 120 93 157 105 121 94 138 161 119
internal_value=-8.73681e-05 0.00233334 -0.00403422 0.00158426 0.000251501 -0.000545166 -0.00822978 -0.0028654 -0.00320437 -0.00268423 -0.000239643 0.00295368 0.00221339 -0.00346542 0.00135216 0.00240021 -0.00697988 -0.00797291 -0.00125636 -0.000502557 -0.0015222 -0.00400565 -0.000395567 -0.00351369 -0.00464333 -0.00630567 -0.00226046 -0.000621561 0.00359213 -0.00644009 -0.00219174 -0.00818651 -0.00325578 -0.00970274 -0.0124901 -0.0110567
internal_weight=3964.28 2457.21 1507.07 2188.12 1108.91 895.379 328.369 1178.7 1092.08 940.842 227.844 1079.21 787.712 712.998 582.388 398.615 253.883 209.617 732.259 531.775 359.228 627.491 271.086 550.985 289.781 198.68 261.204 162.201 213.528 151.24 150.092 131.45 200.484 135.125 74.4853 82.0502
internal_count=4540 1793 2747 1705 1085 902 911 1836 1714 1456 321 620 487 1135 366 248 636 537 762 548 377 1036 279 898 512 354 386 220 183 258 220 243 214 372 275 234
is_linear=0
shrinkage=0.0161547


Tree=95
num_leaves=38
num_cat=0
split_feature=43 15 43 44 40 51 52 18 43 0 19 42 43 43 44 35 44 15 4 45 4 6 42 53 53 14 19 53 14 0 51 15 51 52 23 50 8
split_gain=128.484 32.8651 22.9636 16.0649 11.0811 13.8705 9.52001 9.49478 8.70489 9.91513 10.5819 8.68323 7.70818 7.35742 6.27653 5.99326 5.71327 4.83489 6.27231 6.05337 4.23358 5.64272 4.90028 3.61046 3.5559 4.32703 3.26937 3.93043 3.19553 3.10056 2.6664 2.26749 1.5428 1.50471 1.83577 1.1517 0.983206
threshold=0.97555000000000014 1.6489226156270462 0.6856000000000001 79.500000000000014 1.0000000180025095e-35 16.500000000000004 0.93604247666928198 4.5000000000000009 1.4967500000000002 0.061615708668616792 0.029300221305821789 3.5000000000000004 1.8057500000000004 0.54375000000000007 72.500000000000014 1.0000000180025095e-35 68.500000000000014 0.068787220613215544 0.054923678136358102 1.0000000180025095e-35 0.011033614178682071 0.053776508548123839 1.5000000000000002 0.93953718700532229 0.95306684351817716 1.5000000000000002 0.12256416566541005 0.94779950875236973 4.5000000000000009 0.20963523567280221 15.500000000000002 0.086625178705754882 19.500000000000004 0.90487736723273982 0.069553485170966212 92.500000000000014 0.028428010603080027
decision_type=2 2 2 2 2 2 2 2 2 2 2 2 2 2 2 2 2 2 2 2 2 2 2 2 2 2 2 2 2 2 2 2 2 2 2 2 2
left_child=2 3 13 8 16 -6 -7 23 9 10 -2 12 -10 32 -12 30 36 -11 29 28 22 -22 24 -5 25 -18 35 -28 -20 -19 -15 33 -1 -32 -35 -23 -4
right_child=1 -3 4 7 5 6 -8 -9 11 17 14 -13 -14 15 -16 -17 20 18 19 -21 21 26 -24 -25 -26 -27 27 -29 -30 -31 31 -33 -34 34 -36 -37 -38
leaf_value=-0.010290852495653386 -0.0017758930819885992 0.0077506938109541202 -0.0083704000347672881 5.6028027273567281e-05 0.0067286199616786238 -0.0066584066774632257 0.0019479347348314124 0.0061437021821875862 0.0029740611528116974 0.0022607186768807365 0.007613541255862933 0.0040630261100717113 -0.0014116517712237397 -0.0040025405415793375 0.0016833628300017217 -0.00025577434704405474 0.001659575273836808 -0.005431298835930817 -0.00058524144409129414 0.0016901818683995084 0.0022138666788085741 -0.0033967984056858477 -0.007307674309658437 0.0037595418284112159 -0.005992356087645671 -0.0045923490698146592 0.00043016535532449345 -0.0046662713649826635 -0.0042702703019389145 -0.0015186180459646635 -0.010980651097571752 -0.0048678553873860832 -0.015184655249580986 -0.010295811651425726 -0.0056679691906682478 -0.0067061739057223046 -0.0053548891656041179
leaf_weight=45.98201596736908 98.751766532659531 251.70401042699814 59.20494356751442 137.75315669178963 66.379546821117401 66.228045403957367 67.965582400560379 276.34913063049316 194.94041162729263 101.43825694918633 96.920561492443085 350.86693400144577 225.64105832576752 52.950369119644165 89.673705279827118 37.04718741774559 63.207411915063858 125.45217660069466 151.00969117879868 196.57398104667664 72.226857423782349 55.832671284675598 101.49160087108612 137.03408443927765 61.808067977428436 53.214041292667389 107.2579559981823 62.505849391222 103.50745958089828 91.337966561317444 61.250944882631302 44.221451997756958 26.50122344493866 39.942162275314331 50.845865905284882 53.974131047725677 53.913328617811203
leaf_count=163 130 91 123 118 81 103 90 141 144 120 95 176 141 117 91 76 104 145 152 181 111 92 169 108 115 94 140 91 96 98 180 95 104 113 121 95 100
internal_value=0.000143342 0.00219974 -0.00400265 0.001612 -0.00268191 0.000688337 -0.00229952 0.00402933 0.000882432 -7.1491e-05 0.00250044 0.00218656 0.000621136 -0.00748251 0.00476361 -0.00631836 -0.00358972 -0.00102544 -0.00152454 -0.000439238 -0.00299083 -0.00181139 -0.00447418 0.00190294 -0.00286067 -0.00119806 -0.00285131 -0.00144631 -0.00208388 -0.00378281 -0.00721961 -0.00808756 -0.0120801 -0.00902404 -0.00770399 -0.00502348 -0.00693318
internal_weight=3932.91 2628.95 1303.95 2377.25 945.21 200.573 134.194 551.136 1826.11 1054.67 285.346 771.448 420.581 358.741 186.594 286.258 744.637 769.32 667.881 451.091 631.519 351.797 279.721 274.787 178.23 116.421 279.571 169.764 254.517 216.79 249.211 196.26 72.4832 152.039 90.788 109.807 113.118
internal_count=4504 2027 2477 1936 1508 274 193 367 1569 1108 316 461 285 969 186 702 1234 792 672 429 1011 529 482 226 313 198 418 231 248 243 626 509 267 414 234 187 223
is_linear=0
shrinkage=0.0161547


Tree=96
num_leaves=40
num_cat=0
split_feature=43 42 43 14 40 43 43 15 15 21 44 51 15 50 2 2 45 51 43 0 4 2 53 15 21 44 53 43 4 50 51 0 45 8 2 44 53 43 51
split_gain=127.523 31.3902 31.3615 19.3802 13.2447 11.2737 9.52196 7.9248 8.85306 6.84316 5.84664 5.78862 7.80269 5.75649 6.16334 5.36642 9.4212 4.67764 4.6369 4.58424 6.53633 5.95564 4.32495 3.94884 3.54075 2.98039 2.87031 3.35396 4.37289 3.24119 4.90681 2.80863 2.78295 2.60722 2.3651 1.76276 1.46058 1.34257 1.14416
threshold=1.1074500000000003 3.5000000000000004 0.57435000000000014 6.5000000000000009 1.0000000180025095e-35 1.7233000000000003 0.82555000000000012 0.024054175733186568 0.13769641750957184 0.10767486395715585 81.500000000000014 18.500000000000004 0.092540261187596798 95.500000000000014 0.43274375808860971 0.30071448100604614 1.0000000180025095e-35 19.500000000000004 1.3757500000000003 0.18830941498377859 0.00059893075023033317 0.062792319517325834 1.004330693427212 0.038972979722925613 0.051508922787758579 74.500000000000014 0.91784838779694733 0.70185000000000008 0.01598316968482261 85.000000000000014 17.500000000000004 0.052992282328945421 1.0000000180025095e-35 0.1898716719634119 0.047816752432145948 72.500000000000014 0.93456078862774672 0.54870000000000008 19.500000000000004
decision_type=2 2 2 2 2 2 2 2 2 2 2 2 2 2 2 2 2 2 2 2 2 2 2 2 2 2 2 2 2 2 2 2 2 2 2 2 2 2 2
left_child=2 9 37 5 6 18 22 -6 36 11 19 24 -13 15 -15 16 -11 -17 -3 20 23 32 26 -8 -2 33 29 31 -29 -4 -31 -28 -22 -21 -24 -32 -9 38 -1
right_child=1 3 4 -5 7 -7 10 8 -10 13 -12 12 -14 14 -16 17 -18 -19 -20 25 21 -23 34 -25 -26 -27 27 28 -30 30 35 -33 -34 -35 -36 -37 -38 -39 -40
leaf_value=-0.011298658482865211 -0.00065666997575013772 0.0026878615545277286 -0.0085375571031485464 0.0077889186906631557 0.0048433890567498548 0.0049821214865396679 -0.0039749649253004197 -0.0058769634877860535 0.0017674299477140035 0.0066676062702975781 0.0021872816597641146 0.0037191005353533154 -0.0023237205242339787 -0.0028474013469170097 0.0022221797346143428 0.0026349758196274383 0.00080122360981640321 -0.0010391037668931072 -0.0016755357158670669 -0.0017617914982577035 -0.0098249554577783827 -0.0024678597013704255 -0.010356342639359827 0.0013384755758071472 -0.0048494773104217114 -0.0037040779241754064 -0.0079694398097700601 0.0016229419603705599 -0.0045450638930765331 -0.0017251726153122936 -0.0089475145646838415 -0.0022109073801008902 -0.0051002255917558742 0.0020264298281429437 -0.005274503677855767 -0.0046538404872598837 -0.0023546762338813587 -0.0090293804649436062 -0.015396095384145542
leaf_weight=49.134071409702301 108.01166707277298 121.83167195320129 70.605822116136551 345.30006420612335 72.245084673166275 315.0139491558075 72.135526180267334 68.435432344675064 127.24757841229439 164.45489948987961 68.792763829231262 125.19220975041389 100.55716580152512 129.75613886117935 120.89731252193451 232.15275532007217 126.32108950614929 148.14036202430725 132.88353848457336 106.8224121928215 77.601709604263306 89.987105876207352 55.937978595495224 73.893735021352768 102.39213532209396 85.644048690795898 49.765444755554199 63.671762257814407 56.717812359333038 89.157510191202164 53.237439453601837 39.767000705003738 56.022759199142456 85.254800200462341 41.730527400970459 46.969338685274124 55.754590153694153 36.761588931083679 27.875408694148064
leaf_count=177 122 104 155 119 109 150 115 111 148 114 80 124 99 116 76 148 99 101 101 145 131 127 139 94 112 108 127 103 98 167 123 82 86 98 82 94 82 107 110
internal_value=-5.56316e-05 0.0024563 -0.00337278 0.00476899 -0.00279263 0.00293868 -0.00352898 0.000127704 -0.00122724 0.000897846 -0.00229038 -0.000769318 0.0010274 0.00168674 -0.000402198 0.00246698 0.00411909 0.00120377 0.000411501 -0.00276621 -0.00394456 -0.00568055 -0.00509186 -0.00128626 -0.00269708 -0.00119785 -0.00444893 -0.00304387 -0.00128292 -0.0055835 -0.00448206 -0.00541171 -0.00784409 -8.03632e-05 -0.00818504 -0.00693497 -0.00429565 -0.0115693 -0.0127818
internal_weight=3994.07 2272.9 1721.17 915.029 1607.4 569.729 1283.72 323.683 251.438 1357.88 716.155 436.153 225.749 921.723 250.653 671.069 290.776 380.293 254.715 647.362 369.641 223.612 567.561 146.029 210.404 277.721 469.892 209.922 120.39 259.97 189.364 89.5324 133.624 192.077 97.6685 100.207 124.19 113.771 77.0095
internal_count=4583 1585 2998 474 2604 355 2154 450 341 1111 984 457 223 654 192 462 213 249 205 904 553 344 1170 209 234 351 949 410 201 539 384 209 217 243 221 217 193 394 287
is_linear=0
shrinkage=0.0161547


Tree=97
num_leaves=41
num_cat=0
split_feature=43 43 43 2 44 43 44 52 29 52 19 53 52 44 4 53 53 53 40 45 52 21 51 53 2 15 53 53 52 51 4 19 21 21 2 10 17 43 19 53
split_gain=126.525 30.4039 22.1132 15.2201 8.73323 7.72059 7.2776 6.43677 8.58526 8.53581 10.5102 12.6255 10.1872 7.65343 6.79373 6.27911 6.44836 7.16097 8.46517 4.73869 4.72788 3.97039 7.63978 3.95263 3.92086 3.68101 3.58405 3.42767 4.26275 3.3832 4.00138 2.89471 2.26309 3.77309 2.01555 1.90337 1.29627 0.697084 0.899996 0.42808
threshold=0.91725000000000012 1.4967500000000002 0.68820000000000014 1.130775906436434 73.500000000000014 0.55795000000000006 68.500000000000014 0.97954261554445587 1.0000000180025095e-35 0.89037596544823994 0.19475227528157135 0.89163288659541295 0.9261265768931547 72.500000000000014 0.096277475985578745 1.0668673465683673 1.0021588248511275 0.91607439194099449 1.0000000180025095e-35 1.0000000180025095e-35 0.93506636712040014 0.2781962713381963 19.500000000000004 0.90188601915518507 0.035570277283964689 0.2243035899754581 0.86204487283962339 0.89875697301968915 0.90487736723273982 17.500000000000004 0.013210164938274118 0.68522060783066363 0.1435939228090132 0.037305631624262682 0.26862201091507165 2.11696764573241 0.01939088806689989 0.50075000000000014 0.0093268952399923923 0.91102016829210564
decision_type=2 2 2 2 2 2 2 2 2 2 2 2 2 2 2 2 2 2 2 2 2 2 2 2 2 2 2 2 2 2 2 2 2 2 2 2 2 2 2 2
left_child=2 6 5 4 34 37 -2 8 9 13 11 -11 -13 -8 32 16 17 25 29 -15 36 22 -6 -22 -25 26 -4 28 -28 -19 -31 -23 33 -9 -3 -12 39 -1 -39 -7
right_child=1 3 15 -5 21 20 7 14 -10 10 35 12 -14 19 -16 -17 -18 18 -20 -21 23 31 -24 24 -26 -27 27 -29 -30 30 -32 -33 -34 -35 -36 -37 -38 38 -40 -41
leaf_value=-0.01394341728254214 -0.0037122025392503795 0.0016808876741426489 -0.0087899793702430219 0.0067613732729315864 -0.00033295195643201465 -0.010953487686844253 0.0023010052714888402 -0.00064764646177152975 0.0051250821405469825 0.0084475662684259881 -0.0016756622654438139 0.0051731018488621215 -0.0020310493394323135 -0.0050177672044105616 0.0019708602201204428 0.0022271054720328686 -0.0078844614829756809 -0.004847617069026036 0.0043480138829547973 -0.00020736367852413815 -0.00052583226920451117 0.0060543063946704246 0.0049542233166675123 -0.0090163154113101721 -0.0023465260665447344 -0.00057249226702713355 0.0007814638907927045 -0.0070907301331416244 -0.0051466740766444204 0.0019365269630171593 -0.0033198795047555555 0.0033873352839059053 -0.00037744313116545473 -0.0053566200569513042 -0.0010682999390703332 0.0012308717878750232 -0.0061117723488829639 -0.0090058402261640694 -0.012895119879102751 -0.0087125379297881677
leaf_weight=27.98476853966713 103.23786926269531 142.78501266241074 58.407540529966354 332.30772411823273 146.42439961433411 37.983443170785904 106.44213232398033 74.458466708660126 140.59239572286606 108.64843508601189 143.0472177863121 104.32382601499557 100.64577588438988 126.16475486755371 137.64176112413406 58.24823060631752 71.635549932718277 89.635450959205627 61.65258252620697 92.719315469264984 47.392029851675034 210.05506974458694 139.05937886238098 55.276678889989853 39.393910706043243 52.392823129892349 54.0889632999897 71.42050963640213 76.325274646282196 70.267808705568314 81.782946199178696 214.83972954750061 94.102845907211304 110.02231830358505 135.77464693784714 99.837039947509766 38.594193309545517 32.337108060717583 29.870620414614677 53.694402098655701
leaf_count=116 149 104 115 119 111 109 113 95 122 104 138 107 118 143 118 87 133 153 79 96 96 105 88 143 79 72 88 134 140 109 130 94 89 138 82 87 89 110 104 149
internal_value=0.000177868 0.00197192 -0.00445644 0.00377028 0.0027652 -0.00772937 0.000430893 0.000728203 0.00141766 0.000826573 0.0020418 0.00399555 0.00163566 -0.00125218 -0.000965382 -0.00286561 -0.00329703 -0.00276352 -0.000995211 -0.00298008 -0.00637266 0.00371584 0.00224244 -0.00433436 -0.00624091 -0.00447925 -0.00526578 -0.00424593 -0.00268799 -0.00235823 -0.000890716 0.0047058 -0.00241611 -0.00345603 0.000340888 -0.000480938 -0.00859543 -0.0118259 -0.0108734 -0.009641
internal_weight=3971.51 2863.13 1108.38 1321.25 988.938 362.527 1541.88 1438.65 1022.42 881.828 556.502 313.618 204.97 325.326 416.225 745.858 687.609 615.974 303.339 218.884 272.335 710.379 285.484 142.063 94.6706 312.635 260.242 201.835 130.414 241.686 152.051 424.895 278.584 184.481 278.56 242.884 130.272 90.1925 62.2077 91.6778
internal_count=4555 2320 2235 703 584 995 1617 1468 1028 906 554 329 225 352 440 1240 1153 1020 471 239 665 398 199 318 222 549 477 362 228 392 239 199 322 233 186 225 347 330 214 258
is_linear=0
shrinkage=0.0161547


Tree=98
num_leaves=41
num_cat=0
split_feature=43 43 19 0 17 19 50 50 43 53 13 43 0 0 21 40 44 52 4 4 17 6 8 2 50 50 0 46 53 21 51 53 52 52 50 44 8 50 6 13
split_gain=117.682 33.294 32.9724 10.7744 8.0344 8.00103 7.71388 13.0882 7.54151 7.19101 6.80535 6.02225 5.94473 25.4628 7.10909 5.52545 5.03972 5.7163 4.15016 4.39266 4.1286 4.34736 5.07455 7.24021 3.97647 3.87479 3.39659 3.38086 4.35997 2.79301 3.53244 2.40111 2.28872 5.79429 1.81082 1.74956 1.40723 1.22026 0.698349 1.01773
threshold=1.1074500000000003 0.68820000000000014 0.78070307837369646 2.5069677747996084 0.043999619544237069 0.62732300553596898 95.500000000000014 93.500000000000014 0.55795000000000006 1.0668673465683673 0.48748146215042804 1.7838000000000003 0.081016412843946908 0.10105757879349291 0.13717220654982765 1.0000000180025095e-35 71.500000000000014 0.90698742374244279 1.0000000180025095e-35 0.0048197265011984776 0.15170688160566809 0.053776508548123839 0.052437836349556032 0.096730829370198446 103.00000000000001 82.500000000000014 0.052013096286841483 1.0000000180025095e-35 0.92596810925254058 0.0123109368068303 16.500000000000004 0.93317080725677648 0.91706344704376541 0.88510806588351676 93.500000000000014 71.500000000000014 0.044908721098179068 89.500000000000014 0.015388653665163775 0.01526317569668012
decision_type=2 2 2 2 2 2 2 2 2 2 2 2 2 2 2 2 2 2 2 2 2 2 2 2 2 2 2 2 2 2 2 2 2 2 2 2 2 2 2 2
left_child=1 8 4 -4 16 6 7 10 38 12 25 -12 14 -14 18 29 -2 -18 27 -20 21 -15 -23 -24 -8 -6 -21 28 37 34 -31 -19 33 -25 -10 -34 -32 -3 39 -1
right_child=2 9 3 -5 5 -7 24 -9 15 -11 11 -13 13 20 -16 -17 17 31 19 26 -22 22 23 32 -26 -27 -28 -29 -30 30 36 -33 35 -35 -36 -37 -38 -39 -40 -41
leaf_value=-0.012512338625791075 -0.0039124493310716581 -0.0045990071602223809 0.0037774838236818249 0.0082488526502226631 0.0024517875800972367 -0.0015543559726296653 -0.0020196118359770469 0.0077012830582307013 -0.011316269841596546 0.002310664662539417 0.0053128762851503359 0.0011827881744575961 0.008252055809965117 0.00082597616798788637 0.0015891895212049711 -0.00083630567826903639 0.0026622498839574951 -0.0034840877076413967 -0.009810304290795312 -0.0025645276100672919 0.00047545013025924337 -0.0076143193261339259 0.0017286562373802145 -0.005731667030762745 0.0018905509148018809 -0.0014603427661752399 -0.0074892908933586874 -6.8372238457971971e-05 -0.0013138491969015434 -0.0020739190111059942 -0.00593365600496826 8.2870805664094166e-05 -0.0072947548421345917 0.00041578787706270435 -0.0066763904695466463 -0.003970072567840011 -0.0098926436380013926 -0.0080245143233786936 -0.014126510139584917 -0.008328699125649857
leaf_weight=39.919880703091621 101.4047377705574 54.064025819301605 349.50138735771179 235.34299731254578 115.26860070228577 161.58462017774582 134.05552405118942 134.73810362815857 56.620462983846664 86.762219607830048 218.06210654973984 159.55468720197678 63.141653507947922 66.634316265583038 56.785406798124313 39.956399410963058 142.14978039264679 92.482117116451263 60.75134751200676 85.938760370016098 103.27713790535927 69.525068581104279 72.789048552513123 75.491369038820267 137.48586165904999 154.8105531334877 63.594518542289734 70.331618875265121 78.116964042186737 43.429299533367157 54.711689561605453 105.3602077960968 63.03566899895668 85.143238961696625 35.850186675786972 119.83595830202103 40.982752412557602 54.495397180318832 24.499989569187164 24.480524346232414
leaf_count=152 125 91 154 80 94 96 112 88 164 119 151 87 80 96 68 83 132 98 115 142 115 115 98 111 105 137 114 108 122 90 137 105 105 110 96 163 97 98 91 84
internal_value=-0.000147623 -0.00336635 0.00227907 0.00557678 0.00111511 0.00179298 0.00230616 0.00312033 -0.0077212 -0.00218586 0.00216737 0.00356779 -0.00249973 -0.00154582 -0.00380821 -0.0063842 -0.000751675 0.000191045 -0.0044641 -0.00614719 -0.00248927 -0.0030435 -0.00357423 -0.0028995 -3.98322e-05 0.000209337 -0.00465896 -0.003087 -0.00422428 -0.00734137 -0.00589502 -0.00158452 -0.00388021 -0.00247325 -0.00951742 -0.00511609 -0.00762916 -0.00631857 -0.0118051 -0.010922
internal_weight=3931.97 1690.16 2241.8 584.844 1656.96 1215.56 1053.98 782.434 360.451 1329.71 647.696 377.617 1242.95 718.873 524.078 271.551 441.397 339.992 467.293 210.285 655.732 552.455 485.82 416.295 271.541 270.079 149.533 257.008 186.676 231.594 139.124 197.842 343.506 160.635 92.4706 182.872 95.6944 108.559 88.9004 64.4004
internal_count=4528 2964 1564 234 1330 870 774 557 994 1970 469 238 1851 993 858 667 460 335 790 371 913 798 702 587 217 231 256 419 311 584 324 203 489 221 260 268 234 189 327 236
is_linear=0
shrinkage=0.0161547


Tree=99
num_leaves=40
num_cat=0
split_feature=43 43 0 43 14 10 51 32 44 53 42 21 44 0 50 42 15 44 43 8 0 8 8 53 8 0 8 53 0 53 15 43 4 52 53 45 53 51 53
split_gain=113.326 35.2034 21.8579 18.4513 7.20688 9.62862 7.41007 8.39717 9.99516 10.064 8.14753 18.2273 10.1012 8.80497 14.221 6.90037 6.24298 4.33734 4.27584 6.32804 10.334 10.4306 8.30213 4.02734 3.26029 3.12651 7.30217 3.9137 3.10878 3.0562 2.99696 2.58473 2.54897 2.4467 2.41776 2.13618 1.18387 1.41594 0.302403
threshold=0.90155000000000007 1.4967500000000002 2.5069677747996084 0.67295000000000016 5.5000000000000009 2.8915698981251787 23.500000000000004 1.0000000180025095e-35 71.500000000000014 0.93757315545435072 1.5000000000000002 0.071135353484054878 75.500000000000014 0.1443075562731525 90.500000000000014 2.5000000000000004 0.058897913113579635 79.500000000000014 2.7357000000000005 0.60830771678879858 0.81963046880216373 0.13990995349614793 0.065415353182612976 0.94424917842281975 0.064082313576123359 0.0073995384041206048 0.046062151970018929 0.96437649594167552 0.22795302313111299 0.87282678806284431 0.2243035899754581 0.59175000000000011 0.03205547285869511 0.91706344704376541 0.90393674469901764 1.0000000180025095e-35 0.96437649594167552 17.500000000000004 0.96130391013822181
decision_type=2 2 2 2 2 2 2 2 2 2 2 2 2 2 2 2 2 2 2 2 2 2 2 2 2 2 2 2 2 2 2 2 2 2 2 2 2 2 2
left_child=3 4 18 16 5 6 7 8 9 32 11 -10 -13 -12 -15 17 29 25 19 20 21 22 -3 -17 -18 27 34 33 -28 -1 -30 36 -2 -5 -27 -33 37 -31 -36
right_child=1 2 -4 15 -6 -7 -8 -9 10 -11 13 12 -14 14 -16 23 24 -19 -20 -21 -22 -23 -24 -25 -26 26 28 -29 30 31 -32 35 -34 -35 38 -37 -38 -39 -40
leaf_value=-0.00507910022487744 -0.0024300504464011652 0.0012309599874243732 0.008223114398517339 0.0016868579636071226 0.0030714063189445683 -0.0050617554564400813 -0.0033758543301424882 -0.0030268164540049034 -0.0054714733558945648 0.0019417414620297472 0.0061942622803723901 0.0064451370692072754 -0.00089209875534841372 0.0053916977980611206 -0.0024407599344302006 -0.0023754447515878215 -0.007132576261857696 -0.00032743227145340392 0.0050948446041859594 -0.00076415377926445597 0.0056521371546854032 -0.00092108459719519192 0.0065197034579811755 0.0031990367465006336 -0.00086973674052579571 -0.005378630691975271 -0.00090262355667658468 -0.0062591434661418968 -0.0074280923323150729 -0.010395688617399961 -0.0022491124590698079 -0.010541484265318838 -0.0065229239403020445 -0.0031795185179128065 -0.010740698978143606 -0.0054941016277830447 -0.0094782401766220215 -0.015190662543693554 -0.0088325507683709881
leaf_weight=39.383036345243454 93.518079400062561 175.18782448768616 225.50957310199738 52.409399509429932 185.99267846345901 103.22138565778732 145.32311663031578 153.480623036623 103.69731503725052 124.06542414426804 180.0535960495472 101.42798662185669 94.673364281654358 121.02329194545746 120.96439975500107 73.874483585357666 44.667269796133041 78.024837613105774 166.08940804004669 149.55685919523239 240.62683010101318 236.7726314663887 138.8587738275528 62.385061353445053 42.174785554409027 51.21290922164917 81.570404320955276 50.669910699129105 62.456736326217651 28.745449051260948 54.698217779397964 43.1691954433918 69.017646610736847 55.53310763835907 44.21585875749588 44.379103884100914 37.633028775453568 36.454353421926498 42.517671495676041
leaf_count=104 130 134 72 91 146 100 176 175 146 145 173 92 98 104 130 107 112 124 62 77 118 155 84 77 84 103 138 101 117 99 80 120 93 104 96 113 125 136 90
internal_value=8.19262e-05 0.00170047 0.00363893 -0.00453796 8.23949e-05 -0.000311754 6.33106e-05 0.000493452 0.00102922 -0.00152319 0.00204264 6.27818e-06 0.00290288 0.00348917 0.00147642 -0.00309098 -0.00778091 -0.00386763 0.00270515 0.00228336 0.00285924 0.00163916 0.00356943 0.000176776 -0.00409103 -0.00442534 -0.00530632 -0.00255536 -0.00332411 -0.00917554 -0.00501009 -0.0100229 -0.00416801 -0.000816743 -0.00816189 -0.00798292 -0.0117598 -0.0130766 -0.00980531
internal_weight=3955.24 2929.06 1332.6 1026.17 1596.46 1410.47 1307.24 1161.92 1008.44 286.601 721.84 299.799 196.101 422.041 241.988 709.569 316.606 573.309 1107.09 941.003 791.446 550.819 314.047 136.26 86.8421 495.284 336.672 158.612 198.725 229.764 117.155 190.381 162.536 107.943 137.946 87.5483 102.833 65.1998 86.7335
internal_count=4531 2410 702 2121 1708 1562 1462 1286 1111 368 743 336 190 407 234 1228 893 1044 630 568 491 373 218 184 196 920 624 296 335 697 197 593 223 195 289 233 360 235 186
is_linear=0
shrinkage=0.0161547


Tree=100
num_leaves=37
num_cat=0
split_feature=43 43 43 43 44 43 50 2 8 10 44 10 29 50 18 45 50 43 52 23 17 50 52 42 21 4 51 43 17 52 52 52 50 43 19 13
split_gain=118.473 41.9315 24.875 18.512 7.80438 7.12755 8.65093 6.95166 8.11071 12.132 6.83392 6.37579 6.21926 7.93727 6.81766 6.12858 7.69484 5.93536 4.40946 4.37355 6.80296 4.21058 3.49215 3.15865 2.9409 4.34914 2.94298 5.08377 2.48477 2.12774 2.27513 1.99016 1.46502 0.892717 0.712283 0.479213
threshold=0.91350000000000009 3.3391500000000005 1.4967500000000002 0.5616000000000001 68.500000000000014 0.77910000000000013 92.500000000000014 1.0980486479259108 0.13990995349614793 0.54115547987586365 75.500000000000014 1.8866085578466463 1.0000000180025095e-35 93.500000000000014 4.5000000000000009 1.0000000180025095e-35 89.500000000000014 1.1459500000000002 0.96487877779348297 1.7853274263853762 0.058032643560561557 86.500000000000014 0.90075562754280647 1.5000000000000002 0.065727672538067633 0.023521609604782546 19.500000000000004 0.69170000000000009 0.016219183108041945 0.94174254378713262 0.88890035761821551 0.95477616259028963 93.500000000000014 0.50075000000000014 0.022276408566112304 0.016729756011446974
decision_type=2 2 2 2 2 2 2 2 2 2 2 2 2 2 2 2 2 2 2 2 2 2 2 2 2 2 2 2 2 2 2 2 2 2 2 2
left_child=3 2 4 33 -2 18 10 8 9 -4 31 -10 13 14 15 16 17 -6 24 20 28 -20 -13 -17 25 26 27 -5 -15 30 -8 -7 -23 -1 -28 -35
right_child=1 -3 7 5 12 6 29 -9 11 -11 -12 22 -14 19 -16 23 -18 -19 21 -21 -22 32 -24 -25 -26 -27 34 -29 -30 -31 -32 -33 -34 35 -36 -37
leaf_value=-0.013911870274113768 -0.0044451215482394345 0.011469025804377437 0.001533425468312947 -0.0079159699911556473 -0.002750537594691624 -0.00060463402701392034 -0.0059431765065725665 0.005249287802806436 -0.001204805577990842 0.0074513336063719545 0.0034817555136465437 0.0040063729472538112 0.0031736609189865353 -0.00067446915191672141 0.0034126832932509037 -0.0042014891705848606 0.0054172668181804527 0.0024377861557058245 -0.0059981297602203533 -0.0046494135352385226 0.0017326177460125014 0.00050926661651107155 0.0009325939533231896 -0.00044642003761087871 -0.003640297176088081 -0.012014489806771021 -0.0097261940348405442 -0.0013629878256105833 -0.004100781240276909 -0.0070436457131896595 -0.0014262674176081208 -0.0040623745887865869 -0.0031746257842446635 -0.011796651618895926 -0.0067508532446843858 -0.0090836028067014327
leaf_weight=25.872592598199844 95.882363080978394 112.14023923873901 192.94125884771347 61.017518550157547 112.87347182631493 94.232182294130325 55.342127710580826 297.49298107624054 189.41360014677048 170.11574512720108 80.825557619333267 186.1260147690773 174.50423881411552 94.588755965232849 210.5341215133667 95.94856196641922 92.201812237501144 117.38631415367126 81.042871057987213 103.51070088148117 152.77023237943649 61.537074834108353 200.22751748561859 149.62830552458763 84.56276062130928 39.904704868793488 50.323334500193596 62.587740510702133 132.77278453111649 75.826159805059433 61.377835959196091 80.596292227506638 51.961388915777206 32.69181002676487 36.033353209495544 35.377058029174805
leaf_count=110 140 31 142 163 143 141 97 112 126 97 105 92 158 122 173 115 94 108 178 98 149 117 104 156 161 94 133 115 164 134 96 130 103 118 84 118
internal_value=7.93141e-05 0.00178474 0.00139253 -0.00450791 1.72985e-05 -0.00384942 -0.00235055 0.00309734 0.00241543 0.00430635 -0.000402785 0.00122309 0.000315107 -8.00947e-05 0.000929578 9.25625e-06 0.00147361 -0.000105533 -0.00511942 -0.00170548 -0.000903836 -0.00318557 0.00241339 -0.00191355 -0.00624436 -0.00712566 -0.0061965 -0.00459786 -0.00267534 -0.0049367 -0.00356793 -0.00219866 -0.00117728 -0.0113575 -0.0084847 -0.0103866
internal_weight=3952.17 2881.06 2768.92 1071.11 1532.6 977.171 448.2 1236.32 938.824 363.057 255.654 575.767 1436.72 1262.22 778.573 568.038 322.462 230.26 528.971 483.642 380.132 194.541 386.354 245.577 334.429 249.867 209.962 123.605 227.362 192.546 116.72 174.828 113.498 93.9415 86.3567 68.0689
internal_count=4521 2324 2293 2197 1620 1851 703 673 561 239 376 322 1480 1322 789 616 345 251 1148 533 435 398 196 271 750 589 495 278 286 327 193 271 220 346 217 236
is_linear=0
shrinkage=0.0161547


Tree=101
num_leaves=37
num_cat=0
split_feature=43 2 43 43 53 53 14 53 50 8 53 53 43 53 52 53 14 15 23 13 13 43 51 43 46 0 15 21 14 43 51 23 4 52 52 0
split_gain=101.874 38.0134 16.0441 11.6215 7.35769 7.2279 6.66525 5.74763 10.8967 11.0063 5.55701 5.99183 7.44632 5.54352 5.81807 9.26302 14.0234 6.18831 5.8813 5.13055 7.87339 3.68014 2.99668 3.54436 4.61102 2.87515 2.81905 2.67124 2.42342 2.17854 1.63632 1.49891 1.33979 1.3336 1.06967 1.02332
threshold=0.82555000000000012 1.0980486479259108 1.2181000000000002 0.59430000000000016 1.0668673465683673 0.99899457155407623 3.5000000000000004 0.99083314081467899 83.500000000000014 0.12354814253739561 1.0236856744094631 0.9504147512701473 0.70185000000000008 0.86688410935133642 0.96152879766598975 0.88475694926211446 1.5000000000000002 0.10346822988751085 0.36137416015763996 0.27446232483442878 0.17644276114706739 1.9313500000000003 14.500000000000002 0.76450000000000007 1.0000000180025095e-35 0.099389095930825844 0.17652092446425641 0.10767486395715585 1.5000000000000002 0.54375000000000007 19.500000000000004 0.84062468561912318 0.0076127119191784299 0.91132701556953777 0.97954261554445587 0.033518081677235863
decision_type=2 2 2 2 2 2 2 2 2 2 2 2 2 2 2 2 2 2 2 2 2 2 2 2 2 2 2 2 2 2 2 2 2 2 2 2
left_child=3 2 4 29 5 13 19 8 -8 -10 11 22 -13 27 15 -15 -17 25 -16 20 28 -11 -5 24 34 -18 -19 -2 -4 30 -1 -20 -12 -31 35 -24
right_child=1 -3 6 10 -6 -7 7 -9 9 21 32 12 -14 14 18 16 17 26 31 -21 -22 -23 23 -25 -26 -27 -28 -29 -30 33 -32 -33 -34 -35 -36 -37
leaf_value=-0.009687537452585545 -0.0055451911431988214 0.0056882688562717087 0.0017352151244101794 -0.0016487260179658897 0.0040328843530061439 -0.0049459847472790534 0.0046634656805930605 0.0049031423523697854 0.0043643093003776518 -0.002150844520871852 -0.010297761741865681 -0.0059766560795785541 0.0016567728779110294 0.0052199198063563792 -0.0055166406362627436 0.0048926672336041151 -0.007073491844506021 0.001962422344393415 -0.0021739787483045772 -0.0016935213188459595 0.0051930987575507861 0.0010989642727969485 -0.0070398766168064701 -0.0029935026497523174 -0.0019698216808476552 -0.0021713081113628797 -0.0015510512363037738 -0.0012219185191642871 -0.0016957934409284304 -0.0098556310992563637 -0.014970349737630985 0.00081016359659841013 -0.0061812580237344964 -0.0056666824727753477 -0.0058480457309791215 -0.0099786549529280802
leaf_weight=43.731914579868317 82.909025073051453 432.22934460639954 94.111251056194305 65.967991143465042 75.136960625648499 119.42645919322968 240.27146244049072 197.56751358509064 141.46912306547165 237.2878829240799 41.545322209596634 50.915646135807037 96.67122408747673 97.147554248571396 92.066852986812592 108.18193936347961 63.051341146230698 94.16961282491684 77.862938314676285 220.11385124921799 102.89191663265228 147.44532811641693 59.180089503526688 106.28899425268173 45.176857829093933 61.853731900453568 162.33500903844833 67.798507034778595 125.19936013221741 36.67267207801342 23.537163466215134 100.788115888834 40.993300139904022 43.197051212191582 53.825854331254959 64.761187732219696
leaf_count=162 127 178 93 123 85 166 139 113 92 178 101 119 153 105 146 136 101 110 102 174 81 68 139 181 94 84 180 76 125 110 98 107 83 115 114 148
internal_value=-5.32297e-05 0.00123923 0.000529395 -0.00530916 -0.000861921 -0.00118809 0.00164027 0.00244625 0.00181295 0.000511368 -0.00434799 -0.00375414 -0.000976666 -0.000742928 -0.000240715 0.000663182 -0.000240992 -0.00169709 -0.00219977 0.000207538 0.00150625 -0.000905386 -0.00479137 -0.00542106 -0.00657841 -0.0046459 -0.000261162 -0.00360029 -0.000223468 -0.00939406 -0.011536 -0.000490439 -0.00825328 -0.00759006 -0.00774961 -0.00857543
internal_weight=3913.78 3141.32 2709.09 772.465 1202.73 1127.59 1506.36 964.041 766.474 526.202 625.326 542.788 147.587 1008.16 857.457 586.739 489.592 381.41 270.718 542.316 322.203 384.733 395.201 329.233 222.944 124.905 256.505 150.708 219.311 147.139 67.2691 178.651 82.5386 79.8697 177.767 123.941
internal_count=4506 2766 2588 1740 1525 1440 1063 590 477 338 1255 1071 272 1274 1071 716 611 475 355 473 299 246 799 676 495 185 290 203 218 485 260 209 184 225 401 287
is_linear=0
shrinkage=0.0161547


Tree=102
num_leaves=40
num_cat=0
split_feature=43 43 0 19 44 53 51 15 2 44 19 40 52 0 8 15 6 8 4 43 53 19 19 21 14 30 13 19 50 52 52 0 0 19 42 8 19 51 19
split_gain=99.4016 41.643 19.6108 14.0576 10.5052 8.13993 9.34754 8.5733 7.84596 7.62411 9.49119 6.78559 6.15472 6.29111 5.9722 7.29731 5.78453 4.59022 4.4652 4.42631 3.80782 5.79544 7.00653 4.13264 4.5946 3.2644 2.79954 2.67101 2.10581 2.08531 3.35176 1.61737 1.57743 1.88908 1.24296 0.916828 0.899583 0.797897 0.783995
threshold=1.4083000000000003 0.69495000000000007 2.5069677747996084 0.093904879698772356 79.500000000000014 0.94932786211795017 22.500000000000004 0.034535208271919589 0.021858359705450161 80.500000000000014 0.68522060783066363 1.0000000180025095e-35 0.95914581133341847 0.22795302313111299 0.0046456288298064525 0.04837564078319561 0.27560523707976031 0.048869478910730589 0.17941121755444689 0.5616000000000001 0.99271926063360916 0.1547410387370558 0.12256416566541005 0.11926398867954233 3.5000000000000004 1.0000000180025095e-35 0.15249055753104737 0.036890666354150149 89.500000000000014 0.93506636712040014 1.0101644682439328 0.10503607045247861 0.36698125104088059 0.35453966275078097 1.5000000000000002 0.033721470297467838 0.01388139465137225 20.500000000000004 0.0093268952399923923
decision_type=2 2 2 2 2 2 2 2 2 2 2 2 2 2 2 2 2 2 2 2 2 2 2 2 2 2 2 2 2 2 2 2 2 2 2 2 2 2 2
left_child=1 11 4 5 12 14 7 -7 -5 10 20 19 13 -2 15 28 -14 -9 -15 37 21 22 -10 -23 -25 -6 27 34 -3 35 -31 -29 -26 -34 -16 36 -21 38 -1
right_child=2 3 -4 8 25 6 -8 17 9 -11 -12 -13 16 18 26 -17 -18 -19 -20 29 -22 23 -24 24 32 -27 -28 31 -30 30 -32 -33 33 -35 -36 -37 -38 -39 -40
leaf_value=-0.0082737278136969447 -0.0019077696221366154 -0.0057397494029879544 0.007419794236794979 0.0035091488319882371 0.0032004163937142879 0.0038871902243314545 -0.0059077075873483226 -0.0043645829320211969 -0.0022459428435296826 0.0027182729652305724 0.0042483623063179878 -0.0016674947021443588 0.0056357419831508009 0.0031680662056864707 -0.005965814599187113 0.0030066948372394326 0.0012087314694618544 0.0013888961819264391 -0.00011850804558313336 -0.0078097478051397792 -0.0040420055879006444 -0.0053535632630212189 0.0038205561236185769 0.001463389711103717 -0.0008325049570894386 0.0062522825603380863 -0.002459698869512385 -0.0059207516314407115 -0.0019992132517440992 -0.0032288253601234812 -0.0086444955573496685 -0.009492192665438862 -0.0051609572720456012 -0.0017452321838620916 -0.0025856844123507009 -0.0064076076076323421 -0.011433898646106463 -0.013446985018750784 -0.012085408282839523
leaf_weight=30.567584455013275 185.82797467708588 71.173785746097565 243.37824678421021 146.71127420663834 181.37314432859421 118.84284666180611 71.90313521027565 85.729562729597092 88.115909665822983 163.51623299717903 79.220028460025787 53.43805818259716 150.67909240722656 232.74099606275558 59.437609702348709 58.309093743562698 157.58531838655472 62.623301237821579 201.09873229265213 39.377693012356758 139.20416921377182 83.847111165523529 113.91996067762375 105.71838825941086 92.597125232219696 184.52763509750366 67.834466367959976 65.455727249383926 87.64741525053978 76.689814180135727 48.803446382284164 66.927755355834961 84.642388641834259 84.379988610744476 54.355303525924683 40.096531271934509 32.731724679470062 26.017260208725929 26.112511947751045
leaf_count=110 150 120 79 162 106 170 117 130 121 159 66 118 101 143 108 79 87 83 109 114 169 112 132 114 99 79 98 110 139 171 121 115 100 83 82 95 94 103 97
internal_value=-1.28274e-06 -0.00203786 0.00321274 -0.00113449 0.00242137 -0.00269267 -0.000737291 0.000654083 1.28436e-05 -0.000482681 -0.00108316 -0.00699682 0.00150728 0.000579327 -0.00394106 -0.00188103 0.00337265 -0.0019359 0.00164463 -0.00788568 -0.00161616 -0.00109921 0.00117471 -0.00211745 -0.00137878 0.0047395 -0.00536552 -0.00616622 -0.00367549 -0.00676571 -0.00533494 -0.00772633 -0.00252728 -0.00345575 -0.00435123 -0.0083659 -0.00945481 -0.0111049 -0.0100298
internal_weight=3963.16 2425.95 1537.21 2052.11 1293.83 870.24 339.099 267.196 1181.87 1035.16 871.645 373.835 927.932 619.668 531.141 217.13 308.264 148.353 433.84 320.397 792.425 653.221 202.036 451.185 367.338 365.901 314.011 246.176 158.821 237.699 125.493 132.383 261.62 169.022 113.793 112.206 72.1094 82.6974 56.6801
internal_count=4545 3691 854 2668 775 1351 500 383 1317 1155 996 1023 590 402 851 338 188 213 252 905 930 761 253 508 396 185 513 415 259 595 292 225 282 183 190 303 208 310 207
is_linear=0
shrinkage=0.0161547


Tree=103
num_leaves=38
num_cat=0
split_feature=43 43 42 44 43 15 51 53 25 17 15 19 43 19 4 6 50 42 15 15 53 52 53 15 0 0 53 0 0 21 51 43 0 53 21 51 19
split_gain=99.1568 29.1102 23.2626 8.71126 13.6703 8.90859 8.65884 8.35393 8.83648 8.36695 8.17799 7.97402 7.35884 6.73762 5.96573 7.27897 6.46541 5.67774 10.5801 5.60602 5.4234 5.33052 4.95065 4.16378 3.71794 3.62683 6.01103 3.31812 3.92941 2.75156 2.72848 4.31261 1.85007 1.74044 1.42164 1.39981 0.973391
threshold=1.1128500000000001 0.69495000000000007 5.5000000000000009 78.500000000000014 1.8704500000000002 0.37744699046055369 16.500000000000004 0.84586600361515785 11.500000000000002 0.016549678781244592 0.047731657649590989 0.06527436965418483 0.54375000000000007 0.10305941887090168 0.038603536383566582 0.098908115656623677 92.500000000000014 1.5000000000000002 0.89188108796104826 0.33417329761575337 0.92562677758408352 0.93506636712040014 0.94779950875236973 0.072958592227894553 0.48820965864668309 0.079321294206020229 0.90188601915518507 0.032662706507742105 0.10386051364013339 0.092155463340758928 16.500000000000004 0.9043500000000001 0.43848027979700438 0.92877763144566272 0.0123109368068303 19.500000000000004 0.041888014219203178
decision_type=2 2 2 2 2 2 2 2 2 2 2 2 2 2 2 2 2 2 2 2 2 2 2 2 2 2 2 2 2 2 2 2 2 2 2 2 2
left_child=1 12 3 6 5 -5 22 -3 -9 27 -11 -12 35 23 15 16 -13 -15 20 24 -19 34 32 -8 29 26 -23 30 -29 -16 -10 33 -2 -32 -14 -1 -36
right_child=2 7 -4 4 -6 -7 13 8 9 10 11 14 21 17 19 -17 -18 18 -20 -21 -22 25 -24 -25 -26 -27 -28 28 -30 -31 31 -33 -34 -35 36 -37 -38
leaf_value=-0.010019920321703289 0.0012860730272539244 -0.0074146262089228301 0.0065837175633089474 0.0033222172190471365 0.0060358547021343188 -0.0018723346664621041 0.00077811374350462981 0.0041115191691686861 -0.0058069502622067172 0.0043772967028462648 -0.0063273144737717966 0.0017380531294650605 -0.01036291960069937 0.0045415823732667827 -0.0048999970160481009 0.0050895676898404605 -0.0039000718414361354 -0.0019302314812355704 0.0049031336664781639 0.0003297455744261863 0.0016769108275040084 -0.00074022622177958393 -0.0042591951638330586 -0.0039874416805688023 -0.0066642005440774813 -0.00086479082394658581 -0.0087360145112249325 -0.0084995819764906479 -0.0034386673852601409 -0.0005132402519773294 -0.0016808501056935475 -0.0050286840153084007 -0.0016502674202276764 0.002435952333712816 -0.0050821453814033019 -0.014706246837130703 -0.0085534561565039184
leaf_weight=43.081803604960442 116.61948320269585 70.942058682441711 260.59198421239853 195.54394298791885 240.74116265773773 154.03053092956543 115.43804347515106 64.410393536090851 56.239482909440994 65.60838720202446 81.889553487300873 119.76075875759125 55.174420163035393 194.05383974313736 64.838711023330688 74.801973789930344 95.331116616725922 196.49692094326019 161.2942835688591 129.99978977441788 243.67387872934341 38.392303973436356 113.91486465930939 81.718898713588715 80.576415121555328 59.305415242910385 67.992208763957024 73.621844381093979 87.768476605415344 87.907536864280701 56.563294231891632 63.93666273355484 107.7253565788269 50.932237774133682 37.410085737705231 27.096301823854446 48.29877857863903
leaf_count=163 111 119 107 166 98 103 127 84 99 95 137 155 168 148 100 89 135 148 72 144 179 85 96 89 116 118 181 144 141 118 100 98 72 83 97 114 120
internal_value=-0.000225316 -0.00314801 0.00205444 0.00144011 0.00307348 0.00103338 0.000715653 -0.00202145 -0.00171639 -0.00203189 -0.00108757 -0.00157531 -0.00711042 0.00147628 -0.000979577 0.000748764 -0.000760827 0.00213885 0.00136364 -0.00235861 6.66442e-05 -0.00603021 -0.00151653 -0.00119714 -0.00385648 -0.00406595 -0.00585047 -0.00397537 -0.00574732 -0.00237536 -0.00271928 -0.00170635 -0.000123892 0.000269724 -0.00834033 -0.0118293 -0.0070383
internal_weight=3883.72 1701.88 2181.84 1921.25 590.316 349.574 1330.94 1325.13 1254.19 1189.78 800.714 735.106 376.751 992.676 653.216 289.894 215.092 795.519 601.465 363.322 440.171 306.573 338.26 197.157 233.323 165.69 106.385 389.062 161.39 152.746 227.672 171.432 224.345 107.496 140.883 70.1781 85.7089
internal_count=4519 3003 1516 1409 367 269 1042 1957 1838 1754 1089 994 1046 763 857 379 290 547 399 478 327 769 279 216 334 384 266 665 285 218 380 281 183 183 385 277 217
is_linear=0
shrinkage=0.0161547


Tree=104
num_leaves=38
num_cat=0
split_feature=43 43 43 19 53 35 19 14 4 6 8 8 14 19 25 53 53 53 19 15 44 13 35 43 51 6 51 52 10 8 53 15 15 44 19 44 17
split_gain=93.8343 33.4847 25.2263 9.99667 8.20051 7.08957 6.83008 8.323 8.77877 7.90637 7.46339 11.604 6.73738 7.6117 5.67777 7.15077 6.55226 7.62566 9.7205 6.69929 6.93971 5.44039 4.63613 4.09337 4.00877 3.98708 3.28117 3.21956 3.17551 5.3718 4.62613 2.21044 2.02618 1.0887 1.06407 0.779862 0.449316
threshold=1.1128500000000001 0.6856000000000001 2.7357000000000005 0.098124648047158577 0.84586600361515785 1.0000000180025095e-35 0.12969275918345952 6.5000000000000009 0.41177431281308985 0.5006316260716509 0.13666274502772999 0.090776819608625922 2.5000000000000004 0.029300221305821789 10.500000000000002 1.0668673465683673 0.98607703705889371 0.97483812271844239 0.12256416566541005 0.17194531771262136 75.500000000000014 0.48083930731553692 1.0000000180025095e-35 0.54375000000000007 18.500000000000004 0.067622324089310196 15.500000000000002 0.9048394815803591 0.24515351988380785 0.0046456288298064525 0.90528059157376572 0.33417329761575337 0.015977377463726988 72.500000000000014 0.0010007343623041167 70.500000000000014 0.020229059911516061
decision_type=2 2 2 2 2 2 2 2 2 2 2 2 2 2 2 2 2 2 2 2 2 2 2 2 2 2 2 2 2 2 2 2 2 2 2 2 2
left_child=1 5 3 12 -3 23 -5 8 9 10 11 24 13 -2 -6 16 17 18 22 -20 31 -12 25 35 -8 28 -25 -18 29 30 -16 -21 34 36 -28 -1 -34
right_child=2 4 -4 6 14 -7 7 -9 -10 -11 21 -13 -14 -15 15 -17 27 -19 19 20 -22 -23 -24 26 -26 -27 32 -29 -30 -31 -32 -33 33 -35 -36 -37 -38
leaf_value=-0.013438315573543944 -0.0029058513249056051 -0.0069607098852702423 0.0068320109108147616 0.0054587621494592269 0.0033994651993300893 -0.0011604197476604409 -0.0012678836218259647 0.0039624765106126237 -0.002524028990269077 0.0039838652652723601 -0.0033857329675411941 0.0065086526178989501 -0.0043438717541607929 0.0032888934069718132 0.00085773758291247297 0.0028775239001027101 -0.0076079239004485872 0.003479546105192043 0.0035516953164585873 -0.0054980751384006302 0.0019149040312539816 0.00064613293933317635 -0.00033895611724907808 -0.0036034870529400246 0.0026838575445220065 -0.0069001652600550398 -0.0083919783808377411 -0.0031393668653851392 0.00020245663381137868 -0.0069724999112134433 -0.0047395422971868283 -0.001490721913453599 -0.0094655019864458966 -0.0050350884712751925 -0.012512236802193091 -0.0098461822783277083 -0.0069086414274108906
leaf_weight=35.209564745426178 90.573274254798889 72.120344221591949 272.10319185256958 143.31953084468842 62.182157039642334 42.672529205679893 149.01392549276352 350.6820165514946 149.8780791759491 279.37250959873199 136.4104745388031 122.04708331823349 106.7761165201664 120.81072354316711 73.100834220647812 86.322954326868057 65.769150078296661 76.601712971925735 109.05881953239441 74.048264503479004 104.58939158916473 242.80072468519211 112.05381655693054 51.326039016246796 121.7131427526474 97.414493948221207 31.919049307703972 116.81759163737297 59.473384112119675 95.093522816896439 81.497746586799622 69.76758348941803 36.488326847553253 46.483112812042236 33.55202129483223 28.572649121284485 35.277930736541748
leaf_count=147 106 122 89 118 84 99 119 157 97 167 127 81 122 119 118 117 114 95 136 109 116 167 166 118 91 169 95 180 89 179 137 81 104 111 107 108 85
internal_value=7.84008e-05 -0.00279884 0.00221529 0.00159136 -0.00166014 -0.00731998 0.0020845 0.00177289 0.00113367 0.0016551 0.00081235 0.0023731 -0.00103621 0.000634585 -0.00136237 -0.00160476 -0.00194557 -0.0014083 -0.00183566 0.000213995 -0.00125138 -0.000804216 -0.00324837 -0.00819957 0.000508735 -0.00405021 -0.00721465 -0.00474898 -0.00315223 -0.00395127 -0.00209291 -0.00355404 -0.0082235 -0.00696113 -0.0105035 -0.0118291 -0.00820863
internal_weight=3982.91 1697.41 2285.5 2013.4 1355.91 341.501 1695.24 1551.92 1201.24 1051.36 771.985 392.774 318.16 211.384 1283.79 1221.61 1135.29 952.7 876.098 357.464 248.405 379.211 518.634 298.829 270.727 406.58 235.046 182.587 309.165 249.692 154.599 143.816 183.72 118.249 65.4711 63.7822 71.7663
internal_count=4546 2986 1560 1471 2012 974 1124 1006 849 752 585 291 347 225 1890 1806 1689 1395 1300 442 306 294 858 875 210 692 620 294 523 434 255 190 502 300 202 255 189
is_linear=0
shrinkage=0.0161547


Tree=105
num_leaves=38
num_cat=0
split_feature=19 14 12 44 13 44 13 28 40 30 51 52 53 21 8 15 13 51 23 35 6 4 53 51 23 17 52 51 0 10 13 50 24 50 52 45 50
split_gain=68.7847 24.8826 18.8011 10.7608 10.6734 9.87155 9.53186 7.39257 6.33061 15.9468 7.65261 5.75101 5.50156 4.94032 9.69083 8.91983 6.91532 4.88269 8.62892 4.14782 4.02624 5.85671 5.22581 6.3698 3.85962 6.30616 3.83729 2.98391 2.66457 2.54483 4.49149 5.88668 4.33703 3.34562 1.72279 0.991564 1.10822
threshold=0.1007715317606151 7.5000000000000009 5.5000000000000009 71.500000000000014 0.039019996241916856 68.500000000000014 0.26466008734873359 1.0000000180025095e-35 1.0000000180025095e-35 1.0000000180025095e-35 18.500000000000004 1.0344386104535139 0.93757315545435072 0.13717220654982765 0.16266733989248741 0.38812511582237275 1.0825968984827787 16.500000000000004 1.9110178688590149 1.0000000180025095e-35 0.077292929639976429 0.022802802635942945 0.9486888262657186 19.500000000000004 0.57691623062658148 0.063715211324797086 0.90487736723273982 18.500000000000004 0.19069749877190131 0.12790559127598991 0.010353947105363444 95.500000000000014 9.5000000000000018 89.500000000000014 0.90698742374244279 1.0000000180025095e-35 85.000000000000014
decision_type=2 2 2 2 2 2 2 2 2 2 2 2 2 2 2 2 2 2 2 2 2 2 2 2 2 2 2 2 2 2 2 2 2 2 2 2 2
left_child=2 3 -1 6 19 26 -2 11 13 10 -10 20 -9 24 15 -15 17 -16 -19 29 21 22 23 -7 -5 -26 -6 34 -22 30 31 35 33 -32 -8 36 -4
right_child=1 -3 4 8 5 7 27 12 9 -11 -12 -13 -14 14 16 -17 -18 18 -20 -21 28 -23 -24 -25 25 -27 -28 -29 -30 -31 32 -33 -34 -35 -36 -37 -38
leaf_value=0.0065883653573000764 0.0024433445254365381 0.0060935415029545557 -0.0059728524400191104 0.0021311632766634297 -0.009767562204011291 -0.0042354221080800536 -0.0025727505016590185 -0.0013941298417667687 0.0031821772491754841 0.0062679735049802794 -0.001261490302457125 0.0012358429857480774 0.0044085858297107346 0.0065549358979778054 -0.0038943335254159697 0.00059872729585798803 0.0025447232193405805 0.0025099535733487531 -0.0033255071079149375 -0.0019882368137783845 -0.0079333870501074027 0.001569452595377647 -0.0063431852261019135 0.0022828841819414252 -0.0044005790135784369 0.00091538225710987491 -0.0040085553224080356 -0.0010623892571768659 -0.0034918092619206234 -0.0093599963102675605 0.0019295613744686293 -0.0026553185084002111 -0.0074940346821896894 -0.0040534847616606508 -0.0058302192284366249 -0.0107898868552662 -0.0096507456036361763
leaf_weight=52.573243424296379 129.00510741770267 282.36656594276428 41.213978335261345 82.872635275125504 52.209323972463608 95.979494899511337 83.479874938726425 87.236933141946793 199.84482210874557 228.99492621421814 204.77746838331223 95.819637253880501 83.410694748163223 155.64906001091003 107.25854337215424 113.43945696949959 236.26560142636299 164.83741745352745 110.43700963258743 84.04156182706356 60.634157434105873 83.918327555060387 95.457289561629295 66.049452662467957 125.08945333957672 108.96931809186935 71.608130544424057 143.79451838135719 84.196615144610405 49.74937216937542 43.800227463245392 55.446944892406464 44.111178666353226 55.04255710542202 86.043271392583847 47.560562625527382 44.430631592869759
leaf_count=68 173 103 95 100 121 157 88 117 146 123 157 136 97 126 100 89 126 149 86 147 104 122 164 98 151 111 145 147 119 113 88 125 109 114 103 124 115
internal_value=-1.08023e-06 0.00156983 -0.00288847 0.00100978 -0.00325975 -0.00220992 -0.00125245 -0.00151459 0.00155406 0.00286127 0.000933258 -0.00238146 0.00144217 0.000866597 0.00148464 0.00404398 0.000371696 -0.00097044 0.000168832 -0.00523698 -0.00309431 -0.00213684 -0.00334478 -0.0015783 -0.000864863 -0.00192566 -0.00643692 -0.00277415 -0.0053513 -0.00595292 -0.00544178 -0.00707841 -0.00328196 -0.00140222 -0.00422611 -0.00891952 -0.00788087
internal_weight=3957.62 2563.13 1394.49 2280.76 1341.92 876.52 442.323 752.703 1838.44 633.617 404.622 582.055 170.648 1204.82 887.887 269.089 618.799 382.533 275.274 465.397 486.235 341.405 257.486 162.029 316.931 234.059 123.817 313.318 144.831 381.355 331.606 188.652 142.954 98.8428 169.523 133.205 85.6446
internal_count=4556 2078 2478 1975 2410 1380 511 1114 1464 426 303 900 214 1038 676 215 461 335 235 1030 764 541 419 255 362 262 266 338 223 883 770 459 311 202 191 334 210
is_linear=0
shrinkage=0.0161547


Tree=106
num_leaves=38
num_cat=0
split_feature=43 43 43 0 8 4 8 10 44 10 40 43 44 15 53 21 8 34 13 19 53 21 21 43 53 6 43 10 10 4 6 4 15 51 17 17 43
split_gain=92.4914 41.5625 14.2796 10.4848 10.3436 9.23567 10.9084 12.2913 7.85917 6.70488 6.11788 6.39375 5.64577 4.7607 4.70186 4.5795 6.87403 6.39404 5.40785 12.8703 5.26387 7.63613 4.86658 4.64552 3.87259 3.5832 3.26826 5.08275 3.78253 3.20686 2.99087 3.04619 5.19641 2.84026 1.30418 1.41672 0.510002
threshold=1.4853500000000002 0.82555000000000012 0.57435000000000014 2.5069677747996084 0.69883548858288047 0.24137378770041951 0.13839110042111402 0.50656221737198703 68.500000000000014 1.8866085578466463 1.0000000180025095e-35 0.71045000000000014 83.500000000000014 0.064916227090146078 1.0236856744094631 0.099984458808039592 0.33076621843056764 1.0000000180025095e-35 0.050011628769491251 0.037781598933224629 0.97313100112022466 0.22939140072312295 0.13717220654982765 1.2181000000000002 0.91784838779694733 0.64625129071248288 0.70185000000000008 0.18409483426815595 0.19836597507452988 0.02235684709982742 0.1352306589022402 0.0079226266570737707 0.010230316640695477 19.500000000000004 0.010916901402574727 0.0031980518243942121 0.52505000000000013
decision_type=2 2 2 2 2 2 2 2 2 2 2 2 2 2 2 2 2 2 2 2 2 2 2 2 2 2 2 2 2 2 2 2 2 2 2 2 2
left_child=1 2 34 4 5 6 7 -2 13 -8 14 -12 15 -3 24 17 20 18 33 -20 21 22 -17 29 30 -18 28 -28 -26 -21 31 32 -4 -10 35 36 -1
right_child=3 8 10 -5 -6 -7 9 -9 12 -11 11 -13 -14 -15 -16 16 25 -19 19 23 -22 -23 -24 -25 26 -27 27 -29 -30 -31 -32 -33 -34 -35 -36 -37 -38
leaf_value=-0.01161778922076284 0.0016165652263710791 -0.00045221493105131774 -0.0088347049983430494 0.0064849293348791413 -0.00091565566890930677 0.0065784932393793604 -0.0015414838899767882 0.0076586289392613933 -0.0068211010179384992 0.0027395622455537931 0.0033735005421968957 -0.0041765632196436846 0.0030858150891503208 -0.0064466671499198956 -0.0085610013857081151 0.00097992809225224439 -0.0040171392002818166 0.0022048578944868203 0.0044828595306906976 -0.0019864428874253907 -0.001154191915036234 -0.0011121564215566778 0.0050755017286391122 0.00015986923890280038 -0.0076801640429891337 -2.7618943457721008e-05 0.0026227920862458651 -0.0038441870458169381 -0.001117015163882015 -0.0057935754531400329 -0.0020543161822113264 -0.0090088249391324024 -0.0020615499891823035 -0.0023244484107800556 -0.0072358151659110857 -0.014633762572902106 -0.0084360348567138269
leaf_weight=26.133881539106369 173.18669760227203 57.601667642593384 50.647296503186226 245.602130651474 166.53049290180206 195.31156152486801 178.94544929265976 178.35743147134781 78.719111919403076 204.68117249011993 54.049218118190765 63.854310631752014 132.16359838843346 86.494026124477386 73.953592568635941 121.69479674100876 113.71951878070831 109.30454790592194 85.153541326522827 118.38496094942093 168.01047137379646 129.8654488325119 200.40854227542877 112.46886664628983 54.475499033927917 121.55255460739136 57.33552685379982 70.985110342502594 39.558488249778748 112.71739748120308 50.366575747728348 75.710307776927948 71.003055185079575 68.609649181365967 23.988656654953957 25.885678976774216 26.457403153181076
leaf_count=108 128 90 125 79 77 88 119 100 129 106 99 106 129 133 175 135 120 127 104 162 173 120 179 113 146 105 96 123 82 158 89 172 147 101 78 101 89
internal_value=2.87935e-05 -0.00175996 -0.0049203 0.0034678 0.00279232 0.00345594 0.00262638 0.00468203 -0.000430322 0.000742637 -0.00405159 -0.000715471 -0.000118481 -0.00405041 -0.00477459 -0.000393367 0.000395082 -0.00137726 -0.00205696 -0.0011394 0.00128727 0.00219483 0.00352814 -0.00253287 -0.00417891 -0.00195597 -0.00263124 -0.000954647 -0.00491916 -0.00384333 -0.00556806 -0.00646477 -0.00488145 -0.00472705 -0.0105323 -0.0115399 -0.0100171
internal_weight=3923.89 2581.27 764.405 1342.61 1097.01 930.482 735.171 351.544 1816.87 383.627 661.939 117.904 1672.77 144.096 544.035 1540.61 855.251 685.358 576.054 428.725 619.979 451.969 322.103 343.571 470.082 235.272 222.355 128.321 94.034 231.102 247.727 197.361 121.65 147.329 102.466 78.477 52.5913
internal_count=4511 3814 1736 697 618 541 453 228 2078 225 1360 205 1855 223 1155 1726 832 894 767 537 607 434 314 433 980 225 447 219 228 320 533 444 272 230 376 298 197
is_linear=0
shrinkage=0.0161547


Tree=107
num_leaves=37
num_cat=0
split_feature=43 42 43 6 25 17 50 40 21 50 13 36 39 43 52 17 13 2 15 14 13 52 2 44 53 13 52 21 2 17 13 17 17 53 53 21
split_gain=81.134 35.0016 18.1834 13.9779 8.85361 13.7959 8.22502 6.73738 8.96571 6.64686 6.17502 8.54644 6.69679 6.09813 4.5919 4.54919 6.93977 4.60206 4.31814 4.35959 5.64029 3.72456 4.02195 3.34754 3.32606 3.51927 2.97177 2.77379 4.51863 2.20613 6.11921 2.16325 1.51118 1.20637 1.20466 0.0373784
threshold=0.90720000000000012 5.5000000000000009 0.57435000000000014 1.216177502379596 10.500000000000002 0.037206134241239634 97.000000000000014 1.0000000180025095e-35 0.029996814920740539 103.00000000000001 0.19525642870571222 1.0000000180025095e-35 1.0000000180025095e-35 0.69495000000000007 0.89784060897868379 0.10948280110602851 0.68050471823854386 0.21871842936828309 0.022235462198017159 1.5000000000000002 0.10026948453143252 0.97954261554445587 0.11305338709651745 69.500000000000014 0.88252162331770267 0.050011628769491251 0.9048394815803591 0.058251827305281743 0.11922013361104329 0.013074221874308376 0.02433788448930899 0.015294533906089926 0.011585685659147301 0.96920085157380031 0.88897016076531321 0.0077205260731917158
decision_type=2 2 2 2 2 2 2 2 2 2 2 2 2 2 2 2 2 2 2 2 2 2 2 2 2 2 2 2 2 2 2 2 2 2 2 2
left_child=2 3 33 4 -2 18 10 13 -9 -8 -7 12 14 26 -12 17 -17 -16 -6 -20 -21 22 -22 31 -25 -26 32 -27 -29 30 -28 -15 -4 34 -1 -36
right_child=1 -3 7 -5 5 6 9 8 -10 -11 11 -13 -14 23 15 16 -18 -19 19 20 21 -23 -24 24 25 27 29 28 -30 -31 -32 -33 -34 -35 35 -37
leaf_value=-0.0084471273274809716 0.0051010522703862629 0.0070410149124050898 -0.010447529814391098 0.0046808506455427393 -0.0044081768603018833 0.0052515336712669969 -0.0032383554364421741 0.004617639041718251 -0.0031101040315309092 0.0011406614845152038 0.0021183860178572243 0.0047497387897870039 0.0037259932470152723 -0.0075042696249460117 -0.00024346289233472104 0.0032342286153827495 -0.0012477004953018085 -0.0051083788943722423 0.0022800767842225331 -0.0047259358297452991 0.0027209582962857857 -0.0033098501954982773 -0.0019903619637264302 -0.0047014300712840918 0.0015175926193675229 -0.0046427644084718923 -0.0069488925332669401 0.0021709710314869375 -0.0034095616927518253 -0.0069040198224890482 0.0016897969024527607 -0.0032363934793166369 -0.0059010742904276768 -0.0074504861711178197 -0.013210598316295607 -0.012295978060385486
leaf_weight=26.402727171778679 109.63860547542572 276.79792207479477 42.826228708028793 243.86207675933838 121.81290942430496 120.54449063539505 175.82878035306931 65.75956591963768 96.941263109445572 186.31967437267303 238.20631808042526 170.72582644224167 172.98311501741409 52.118819087743759 110.03252828121185 148.02619743347168 230.63611268997192 94.181209862232208 86.553430020809174 115.48724782466888 113.08761125802994 84.606980085372925 81.271946847438812 91.749350547790527 89.07582038640976 82.381393522024155 45.044471472501755 67.281865060329437 86.611738175153732 58.949241310358047 40.765827924013138 76.469530940055847 34.409475237131119 32.167379483580589 23.929270088672638 22.744951039552689
leaf_count=93 95 114 130 109 173 115 151 106 156 147 175 110 116 113 106 116 149 94 99 156 123 104 91 162 151 150 121 97 131 133 86 139 85 112 99 83
internal_value=0.000185151 0.00157936 -0.00369283 0.000998755 0.00061827 0.000399861 0.00116499 -0.00297288 1.32545e-05 -0.00098542 0.00177088 0.00141067 0.000837199 -0.00360576 0.000228597 -0.000543711 0.00050437 -0.00248711 -0.00169122 -0.00100316 -0.00172359 -0.000480668 0.000750908 -0.00268741 -0.00198487 -0.0012188 -0.00586315 -0.00225042 -0.000969768 -0.00449787 -0.00284492 -0.00496623 -0.00842203 -0.0100574 -0.0112049 -0.0127649
internal_weight=3916.23 2880.6 1035.63 2603.81 2359.94 2250.3 1647.48 930.385 162.701 362.148 1285.34 1164.79 994.065 767.684 821.082 582.876 378.662 204.214 602.82 481.007 394.454 278.967 194.36 545.689 417.1 325.351 221.995 236.275 153.894 144.76 85.8103 128.588 77.2357 105.244 73.0769 46.6742
internal_count=4490 2343 2147 2229 2120 2025 1279 1760 262 298 981 866 756 1498 640 465 265 200 746 573 474 318 214 943 691 529 555 378 228 340 207 252 215 387 275 182
is_linear=0
shrinkage=0.0161547


Tree=108
num_leaves=38
num_cat=0
split_feature=42 21 14 27 44 44 37 30 19 50 44 53 51 52 8 50 53 10 50 52 51 52 13 23 42 46 21 15 53 44 53 51 18 44 13 8 4
split_gain=70.0638 26.6997 20.3608 10.4481 8.70318 8.11022 8.02505 7.31332 6.87478 9.9123 6.80577 9.51517 6.00104 5.89071 10.317 5.80002 4.87556 9.48882 4.3737 4.18449 5.13524 4.06792 3.64212 3.1459 3.03904 2.87926 2.58537 6.34459 2.36133 3.06167 2.34722 2.3367 2.14983 2.05733 1.47995 1.21724 0.702511
threshold=2.5000000000000004 0.06771775367251863 6.5000000000000009 1.0000000180025095e-35 70.500000000000014 80.500000000000014 1.0000000180025095e-35 1.0000000180025095e-35 0.95560038240167533 90.500000000000014 67.500000000000014 1.0668673465683673 21.500000000000004 0.8944627222676973 0.14984390816951099 93.500000000000014 0.93456078862774672 1.2876783759999115 83.500000000000014 0.88624952560493575 17.500000000000004 0.9506428847742413 0.55224845596560157 0.91294771578317746 1.0000000180025095e-35 1.0000000180025095e-35 0.039915661160627537 0.06805255148960429 0.87917852264705443 75.500000000000014 0.96955963991497274 19.500000000000004 3.5000000000000004 78.500000000000014 0.019490322374916245 0.015089249459838975 0.0037317153838543498
decision_type=2 2 2 2 2 2 2 2 2 2 2 2 2 2 2 2 2 2 2 2 2 2 2 2 2 2 2 2 2 2 2 2 2 2 2 2 2
left_child=1 10 3 5 15 6 7 19 9 16 21 24 22 -9 -15 32 17 -6 -18 -2 -21 35 23 -11 25 30 28 -28 -26 31 34 36 -3 -31 -12 -1 -30
right_child=2 4 -4 -5 8 -7 -8 13 -10 12 11 -13 -14 14 -16 -17 18 -19 -20 20 -22 -23 -24 -25 26 -27 27 -29 29 33 -32 -33 -34 -35 -36 -37 -38
leaf_value=-0.0082061677259797836 0.0015906250126406975 -0.0035428936351509163 0.0050857997858255186 -0.003033988409289725 0.0054243562640887335 0.0043265933867556962 0.0047381101666098173 -0.0011018826608980908 0.0041443540843131175 -0.0038597749659363928 -0.003322196643882063 0.0031354570282815506 0.0011528838125013778 0.005359019755945266 -0.00094356285895730557 -0.0074577279101864938 -0.0030523285589550793 -0.00091128860570067203 0.0019054060891591899 -0.0050716167987584606 -0.00059277452076947031 -0.0042693911311103994 -0.0057778141487349879 -0.00014662683046519996 -0.0016776738769952078 -0.0020193930471962816 0.0022455955359489328 -0.0043540424158267955 -0.0062792314437352574 -0.00027378037593460549 -0.0098965929112525674 -0.0037695996810217071 0.00033295351508393263 -0.0046651136369886782 -0.0068640729599750323 -0.012201164290324031 -0.0087174363970629783
leaf_weight=54.155038848519325 99.231715470552444 81.240988522768021 448.48848462104797 142.47313883900642 147.62702992558479 228.8022258579731 125.08120721578598 126.2533543407917 96.07576709985733 124.795544937253 48.973975241184235 50.944390296936035 111.69296754896641 186.78462988138199 106.39025928080082 67.61825367808342 96.507900714874268 105.98031970858574 89.510581582784653 106.40902817249298 179.51406182348728 63.129422351717949 98.678621560335159 113.88992118835449 82.029243230819702 44.616723492741585 63.786203056573868 94.094543188810349 77.146723046898842 52.916896730661392 42.961860910058022 82.456091806292534 69.127415239810944 58.758860200643539 82.908913657069206 31.47092778980732 51.378644481301308
leaf_count=160 97 124 172 123 143 150 109 109 50 164 120 82 119 169 80 104 102 97 90 116 177 153 95 121 149 90 93 141 161 91 98 154 76 108 181 87 97
internal_value=-0.000291586 -0.00222093 0.00211754 0.00109426 -0.000607356 0.00160197 0.000931403 0.000339609 3.91927e-05 -0.000404617 -0.00419776 -0.00362935 -0.00209274 0.00181552 0.00307188 -0.00352815 0.00131972 0.00277675 -0.000666707 -0.00126764 -0.00225962 -0.00738065 -0.00316729 -0.00208803 -0.00407003 -0.0056824 -0.00344104 -0.00168769 -0.00412507 -0.00474728 -0.00661713 -0.00589217 -0.00176109 -0.00258431 -0.00554882 -0.00967449 -0.00725392
internal_weight=3933.9 2184.47 1749.43 1300.94 1202.75 1158.47 929.664 804.583 984.759 888.683 981.728 832.973 449.057 419.428 293.175 217.987 439.626 253.607 186.018 385.155 285.923 148.755 337.364 238.685 782.029 219.461 562.567 157.881 404.686 322.657 174.845 210.981 150.368 111.676 131.883 85.626 128.525
internal_count=4552 3250 1302 1130 1285 1007 857 748 981 931 1965 1565 499 358 249 304 432 240 192 390 293 400 380 285 1483 489 994 234 760 611 399 412 200 199 301 247 258
is_linear=0
shrinkage=0.0161547


Tree=109
num_leaves=35
num_cat=0
split_feature=43 43 43 37 44 13 13 14 53 51 17 19 34 23 39 53 43 8 0 17 53 43 50 53 43 19 21 0 50 43 17 53 52 51
split_gain=98.9219 30.1195 16.09 10.7318 8.46343 8.4107 9.39723 9.79716 6.34791 5.83856 5.3948 5.36872 4.95694 5.86801 4.25097 9.96569 5.9946 5.53075 5.15909 3.91778 3.65107 3.43153 3.56595 3.17473 3.43718 2.98768 4.70776 4.60237 3.873 5.51077 2.33696 1.40776 1.13315 0.872149
threshold=1.2181000000000002 0.67295000000000016 3.1257500000000005 1.0000000180025095e-35 80.500000000000014 0.17644276114706739 0.27446232483442878 3.5000000000000004 0.84586600361515785 21.500000000000004 0.25624249088871132 0.40827302954257311 1.0000000180025095e-35 0.49731170651595707 1.0000000180025095e-35 0.94596968749959198 0.89040000000000008 0.0027662606824904981 0.092359132334971575 0.058032643560561557 0.99793754234212695 0.98390000000000011 93.500000000000014 0.87282678806284431 0.58785000000000009 0.089376746698184906 0.15771999556707822 0.11642974737074172 89.500000000000014 0.76155000000000006 0.014724494932526663 0.96437649594167552 0.96152879766598975 17.500000000000004
decision_type=2 2 2 2 2 2 2 2 2 2 2 2 2 2 2 2 2 2 2 2 2 2 2 2 2 2 2 2 2 2 2 2 2 2
left_child=1 12 5 4 8 30 -7 -8 -3 10 11 -9 13 23 16 -16 20 -18 -19 -6 25 -20 -23 -1 31 27 -27 28 -10 -30 -2 33 -26 -25
right_child=2 3 -4 -5 19 6 7 9 14 -11 -12 -13 -14 -15 15 -17 17 18 21 -21 -22 22 -24 24 32 26 -28 -29 29 -31 -32 -33 -34 -35
leaf_value=-0.0045943716756256751 0.0012767818216977932 -0.0072582147004546585 0.0075985023285073151 0.0029716799581988329 -0.00092249672395050639 0.0062531608353445407 -0.00094208025964639421 0.0014804680711376266 -0.0061860917729949991 0.0045690555754869808 0.00058333008672147447 0.0050256071103688751 -0.0014050929897015925 -0.0019054981728980479 -0.0033824294613918277 0.0045511514899215441 0.0013549673785369918 -0.0054094133564342043 0.00069075492324409242 0.0036907662176676576 -0.006886942383785938 -0.0010043656071489562 -0.0048010959006885333 -0.011180846928470147 -0.0090034346271566767 -0.0079272410516433838 -0.0017764393275039943 0.0020003863479979393 0.0023147534717260975 -0.0048104094827486968 -0.0018745325451276222 -0.0092129006033150971 -0.0055732265425030812 -0.015032459395481758
leaf_weight=38.93787394464016 104.68044424057007 69.537027031183243 153.93366515636444 119.74882090091705 109.90436184406281 164.55859440565109 221.64475297927856 226.49811613559723 77.365618050098419 333.26391661167145 368.18705022335052 219.53656840324402 34.636437222361565 37.045335352420807 92.676958292722702 74.566898673772812 131.88103440403938 112.56456759572029 127.62136363983154 85.351486325263977 91.802980542182922 161.0653455555439 107.74553173780441 28.022486954927444 61.354830265045166 74.605282127857208 57.507529765367508 52.564543664455414 52.881498366594315 61.012437850236893 148.58634567260742 34.374773815274239 42.571894645690918 33.907928287982941
leaf_count=105 107 118 46 147 157 127 168 165 158 174 169 116 91 79 128 87 171 162 160 86 180 180 134 103 175 140 85 87 97 115 146 122 106 137
internal_value=-1.85486e-06 -0.00255084 0.00258701 -0.00168682 -0.00204891 0.0021553 0.00260568 0.00216729 -0.00250505 0.00276788 0.00203065 0.00322537 -0.00716595 -0.00788834 -0.00224599 0.000154816 -0.00260817 -0.00159332 -0.00235722 0.00109408 -0.00399868 -0.00149057 -0.00252618 -0.00881503 -0.00963579 -0.00329338 -0.00524985 -0.00223328 -0.00339684 -0.00150216 -0.000572029 -0.0118345 -0.00759831 -0.0132897
internal_weight=3912.14 1971.25 1940.89 1660.4 1540.65 1786.96 1533.69 1369.13 1345.4 1147.49 814.222 446.035 310.852 276.215 1275.86 167.244 1108.62 640.878 508.997 195.256 467.74 396.432 268.811 239.17 200.232 375.937 132.113 243.824 191.26 113.894 253.267 96.3052 103.927 61.9304
internal_count=4528 3310 1218 2392 2245 1172 919 792 2002 624 450 281 918 827 1884 215 1669 807 636 243 862 474 314 748 643 682 225 457 370 212 253 362 281 240
is_linear=0
shrinkage=0.0161547


Tree=110
num_leaves=37
num_cat=0
split_feature=43 43 43 19 21 39 19 17 6 53 6 35 50 52 13 51 53 53 53 17 53 53 52 53 34 10 4 53 4 4 19 53 17 43 4 43
split_gain=103.815 31.0733 13.434 12.7681 7.54384 6.42852 8.24018 6.36757 5.71253 10.1077 12.4559 5.48182 6.09679 5.14236 5.00608 8.01643 3.54023 3.5034 3.82561 3.83928 3.46798 6.72366 5.14377 4.53465 3.04685 4.20455 3.43323 3.07789 3.18202 2.46443 2.42777 2.42481 1.60929 1.46135 1.39234 1.36561
threshold=0.90720000000000012 2.1972000000000005 0.57435000000000014 0.78070307837369646 0.74717910167368562 1.0000000180025095e-35 0.034512002693810065 0.057008531622242516 0.12537993384705251 0.89163288659541295 0.060758096202127979 1.0000000180025095e-35 92.500000000000014 0.88510806588351676 0.40486192350695366 17.500000000000004 0.94596968749959198 0.85909788002497067 0.98753634513359101 1.0000000180025095e-35 0.91213437731724467 0.94424917842281975 0.93763497399644036 0.99729100681811744 1.0000000180025095e-35 0.38045099209021166 0.069588813037954181 0.91393653174282852 0.0038900949588575201 0.0010811367771440075 0.015619904724469022 0.93700965917191315 0.012791140972860373 0.72065000000000012 0.039432704955490352 0.52010000000000012
decision_type=2 2 2 2 2 2 2 2 2 2 2 2 2 2 2 2 2 2 2 2 2 2 2 2 2 2 2 2 2 2 2 2 2 2 2 2
left_child=2 3 32 5 -3 6 30 -7 9 10 -8 17 -13 31 15 -11 -17 -4 19 -19 22 -22 -15 -23 25 27 -27 28 -21 -20 -2 -10 35 -29 -31 -1
right_child=1 4 11 -5 -6 7 8 -9 13 14 -12 12 -14 20 -16 16 -18 18 29 24 21 23 -24 -25 -26 26 -28 33 -30 34 -32 -33 -34 -35 -36 -37
leaf_value=-0.01330319215319687 -0.001565509260420279 0.003292711726547153 -0.0080434252950012681 0.0038338309937528945 0.0070854295069510843 -0.0002731469962094759 0.0006604534506369444 0.0042778169818967751 -0.0041444193056641094 -0.0042998070219583996 0.0088107801566607268 0.0013183689301381053 -0.0049602750235259565 0.0014821295151884657 0.0030653389416071906 0.0035336873591043337 -0.00071191509050715085 0.00054810492226468411 -0.0092653739607559786 -0.0054922995902686065 0.0043480876613535228 -0.0019939174561992038 -0.0032007662988482945 0.0023039521305077116 -0.00052151644993898426 -0.00046271673804706807 -0.0050035867777860465 -0.0061685282457234671 -0.010950780795439423 -0.0031670177590115106 -0.0050797655298755757 -0.00074437247921310115 -0.0061356905877690522 -0.0024426917047189168 -0.0069091460150247277 -0.0090764784683001788
leaf_weight=34.34135639667511 125.20849427580833 284.9176105260849 59.903897553682327 322.38309472799301 263.38521265983582 135.1298394203186 101.01659515500069 197.509805560112 119.74269902706146 113.25484281778336 94.914693892002106 105.30215588212013 65.447016686201096 106.4744718670845 117.11621254682541 86.688958406448364 125.40566349029541 59.363572061061859 47.788296461105347 73.083098381757736 123.0715554356575 155.46873331069946 144.00525569915771 108.9745619893074 63.687827557325363 99.895094722509384 76.907371342182159 44.554016023874283 45.052869439125061 58.046516075730324 86.914964705705643 100.8387291431427 24.590186193585396 71.659794956445694 46.924613565206528 47.599436029791832
leaf_count=150 168 127 133 166 77 150 106 143 113 139 83 167 121 95 92 91 136 121 113 153 97 144 133 92 106 169 131 113 107 122 120 85 80 125 86 167
internal_value=9.40036e-05 0.0016497 -0.00433001 0.000846096 0.0051146 0.000374343 -2.55635e-05 0.00242906 0.000396689 0.001554 0.0046087 -0.00369959 -0.00108819 -0.000463835 0.000201327 -0.000829632 0.00102338 -0.00429661 -0.00396989 -0.00332522 0.0002713 0.00122887 -0.00121015 -0.000222806 -0.00380946 -0.00431876 -0.00243795 -0.00573772 -0.00757397 -0.0062243 -0.00300543 -0.00259009 -0.00976019 -0.0038711 -0.00483984 -0.0108479
internal_weight=3936.57 2912.42 1024.15 2364.12 548.303 2041.74 1709.1 332.64 1496.97 638.397 195.931 917.616 170.749 858.576 442.466 325.349 212.095 746.867 686.963 534.204 637.995 387.515 250.48 264.443 474.84 411.152 176.802 234.35 118.136 152.759 212.123 220.581 106.531 116.214 104.971 81.9408
internal_count=4521 2357 2164 2153 204 1987 1694 293 1406 647 189 1767 288 759 458 366 227 1479 1346 1025 561 333 228 236 904 798 300 498 260 321 288 198 397 238 208 317
is_linear=0
shrinkage=0.0161547


Tree=111
num_leaves=40
num_cat=0
split_feature=23 13 15 25 18 44 2 50 53 17 13 2 2 15 15 8 4 52 44 53 34 6 8 50 15 17 19 52 35 44 19 22 52 17 50 19 44 23 52
split_gain=48.5087 15.967 14.6429 14.6319 13.4704 12.8921 12.3895 10.7412 8.96155 7.54331 9.42114 12.8809 6.42674 6.26154 7.28458 5.66313 10.0535 5.29641 5.28029 5.09994 5.09113 4.74946 4.38458 4.02309 3.73849 3.20297 2.64122 4.14631 5.13823 2.75098 2.32094 2.31023 2.07559 1.83301 1.79037 1.63382 1.36687 1.1422 0.783281
threshold=1.469718711229022 0.048956222180666926 0.025842260874334531 6.5000000000000009 5.5000000000000009 68.500000000000014 1.0980486479259108 97.000000000000014 1.0668673465683673 0.054431769288167252 0.26466008734873359 0.15409754159599251 0.13054357759121621 0.46109766258107737 0.66934668779007522 0.052437836349556032 0.033586915779677817 0.9227458868555164 77.500000000000014 0.92596810925254058 1.0000000180025095e-35 0.046422896112455279 0.003055434955396175 97.000000000000014 0.037246576803738107 0.028977541069325121 0.013334333016632541 1.0366385458008385 1.0000000180025095e-35 67.500000000000014 0.11776345059043368 3.5000000000000004 0.97497258504563244 0.0088167176567650624 95.500000000000014 0.0028870508915929982 71.500000000000014 0.36137416015763996 0.93604247666928198
decision_type=2 2 2 2 2 2 2 2 2 2 2 2 2 2 2 2 2 2 2 2 2 2 2 2 2 2 2 2 2 2 2 2 2 2 2 2 2 2 2
left_child=1 3 -3 -1 7 25 17 13 9 12 11 -11 15 19 -15 20 -17 -6 31 -2 21 22 37 30 26 -4 27 28 29 -5 -14 -12 34 36 35 -31 -28 -7 -24
right_child=4 2 5 24 6 8 -8 -9 -10 10 18 -13 23 14 -16 16 -18 -19 -20 -21 -22 -23 38 -25 -26 -27 33 -29 -30 32 -32 -33 -34 -35 -36 -37 -38 -39 -40
leaf_value=0.0050966262488397265 0.0014894017527159948 0.0068060676083015782 -0.007609829537950594 -0.0083712701761589573 0.003830708246173058 -0.003462668793373945 0.0064546132436417575 -0.0029061051665259649 0.0042458978408270176 -0.00016392270041775886 -0.0042470052251520765 0.0078747021977810649 -0.0032975733517846056 -0.0024100454806948507 0.0022687631354385341 0.0044641863415907802 -0.0029355373245087192 0.00032830125451688275 0.0018339465115073739 0.0059741342095802731 0.0022350159819161382 4.2765017353692777e-05 -0.0050141505830659343 -0.00063075870001230543 -5.5859316321959947e-05 -0.0032028906315734718 -0.0075459574302229777 -0.0088871472669401694 0.00085440555567463817 -0.007916395844692805 -0.0068228865019551834 -0.001038818612234101 -0.00056007395590006485 -0.0094061771033868754 -0.0021624706096553359 -0.0037198778503990939 -0.0035199343707744998 -0.00044716791163022248 -0.0077896687135456735
leaf_weight=44.759592637419701 134.94655311107635 66.621777147054672 73.964134529232979 40.704760774970055 242.07392221689224 65.813666760921478 295.05168414115906 158.57858198881149 99.518390029668808 117.58580610156059 92.734578281641006 93.296719372272491 100.81282809376717 143.43729257583618 220.0995100736618 117.91966630518436 80.714484602212906 210.80496102571487 125.67405378818512 129.84938019514084 66.905002370476723 116.79328502714634 54.042474791407585 76.48537015914917 44.356117621064186 102.94579146802425 42.827596575021744 42.563946187496185 57.069321796298027 50.957820415496826 94.353075474500656 159.03901195526123 41.71040190756321 47.801365792751312 50.105391308665276 46.129110589623451 45.270377039909363 65.31186380982399 52.13407501578331
leaf_count=61 104 100 161 129 129 108 101 134 110 137 109 81 139 119 132 147 111 125 115 96 83 167 94 93 77 178 103 108 93 125 126 162 86 108 107 103 85 81 92
internal_value=8.75932e-05 -0.001358 -0.000627865 -0.00375906 0.00232631 -0.000909898 0.00387866 0.000850851 -0.000446601 -0.000762216 0.000657507 0.00339245 -0.00169936 0.00179903 0.00042269 -0.000791075 0.00145733 0.00220042 -0.000870525 0.0036886 -0.0018519 -0.00262411 -0.00393667 -0.00377117 -0.00453703 -0.00504538 -0.00496436 -0.00418226 -0.00348371 -0.00456196 -0.00500189 -0.00222047 -0.00374113 -0.00685914 -0.00464255 -0.0059225 -0.00547713 -0.00196069 -0.00637697
internal_weight=3911.76 2376.92 1822.67 554.256 1534.84 1756.04 747.931 786.911 1579.13 1479.62 588.33 210.883 891.286 628.333 363.537 619.635 198.634 452.879 377.448 264.796 421 354.095 237.302 271.651 509.496 176.91 465.14 329.241 286.677 229.607 195.166 251.774 188.903 135.899 147.192 97.0869 88.098 131.126 106.177
internal_count=4519 3579 2394 1185 940 2294 355 585 1955 1845 604 218 1241 451 251 883 258 254 386 200 625 542 375 358 1124 339 1047 751 643 550 265 271 421 296 335 228 188 189 186
is_linear=0
shrinkage=0.0161547


Tree=112
num_leaves=39
num_cat=0
split_feature=43 43 2 43 44 8 23 23 0 6 51 13 15 8 43 15 6 2 53 44 53 39 47 15 13 0 18 53 13 43 43 10 4 53 43 51 13 53
split_gain=88.1175 29.8836 17.0376 9.71399 9.51925 7.87194 12.5717 12.0148 9.21827 9.29411 6.08744 8.10125 7.14288 6.65071 9.55135 6.02489 5.09234 12.2463 5.27543 4.6971 4.39233 4.08615 3.87255 3.75801 3.5257 3.40651 3.36949 2.95419 2.61394 2.23494 2.10102 3.45735 2.03137 3.06575 1.78227 1.59833 0.79688 0.421471
threshold=1.3199000000000003 0.82895000000000019 1.0980486479259108 0.54375000000000007 83.500000000000014 0.0014442300531599757 0.51476788789747141 0.64240193596005979 0.12023812393730944 0.099961429649210856 19.500000000000004 0.49488053978058283 0.497482715917758 0.34848161617971501 1.8474000000000002 0.036576839153246603 0.038133003605005468 0.050308752405419578 0.95549470138030268 75.500000000000014 0.9317047654699846 1.0000000180025095e-35 1.0000000180025095e-35 0.17652092446425641 0.036185073448171449 0.25347234881595965 4.5000000000000009 0.88831549063524962 0.30655597161441656 1.0922500000000002 1.00465 0.18808240461431505 0.073902452926660103 0.94596968749959198 0.72065000000000012 19.500000000000004 0.020752147010926612 0.88391633470075603
decision_type=2 2 2 2 2 2 2 2 2 2 2 2 2 2 2 2 2 2 2 2 2 2 2 2 2 2 2 2 2 2 2 2 2 2 2 2 2 2
left_child=1 3 10 35 5 15 8 -8 30 -10 11 28 -13 14 25 -3 18 -18 20 32 24 22 23 -9 27 -12 29 -5 -2 -25 31 -7 33 -19 36 -1 -20 -26
right_child=2 4 -4 16 -6 6 7 21 9 -11 13 12 -14 -15 -16 -17 17 19 34 -21 -22 -23 -24 26 37 -27 -28 -29 -30 -31 -32 -33 -34 -35 -36 -37 -38 -39
leaf_value=-0.0087094221766731029 -8.317269519858763e-05 -0.0012501948681485689 0.0055625068443911274 -0.00086116136308071474 0.0038705345007505948 -0.010768958259928223 0.0049841557253096531 0.0030239012990212911 0.0026647273046109194 -0.005655299787273871 0.00037813228176547591 0.0046725056414935948 0.00048549933415586321 0.00042206888190947329 0.0072413847989661441 0.0037453132886608714 0.004050939505487133 -0.0063224764548585671 -0.011585719704623954 -0.0010033127603621711 0.00081850308170913549 -0.0043352427556011949 -0.0030776970441861247 -0.0040287118980175621 -0.0062947094850693318 0.0041551556941594511 0.0013132586068666167 -0.0058123830072951974 -0.0032654056084517129 -0.00045368318169159122 -0.004690838455777566 -0.0050061336190548389 -0.0080487362060743233 -0.00092990361652722623 -0.0057521485969693528 -0.01391871684826042 -0.0082239196458215209 -0.0085116113633207612
leaf_weight=43.732120737433434 187.28284198045731 116.89842945337296 423.89691865444183 65.607810959219933 108.31643289327621 58.150285959243774 90.398508995771408 87.249573767185211 76.085616230964661 64.951159745454788 129.00129681825638 183.55374544858932 252.74879491329193 174.58902430534363 161.8638801574707 136.67111125588417 58.607932418584824 76.779372543096542 32.542081385850906 85.809897392988205 40.558999240398407 98.558797240257263 138.14161583781242 87.449478834867477 43.825654536485672 120.55416369438171 120.84245800971985 60.404730916023254 105.20660853385925 95.44342565536499 85.158362358808517 50.994270175695419 59.198089808225632 42.878552138805389 50.259702205657959 23.70207080245018 42.346567466855049 45.737958952784538
leaf_count=172 169 173 149 146 109 114 100 96 97 97 111 110 129 95 81 157 109 164 99 147 81 107 157 113 95 80 116 150 86 93 117 83 113 79 101 105 113 106
internal_value=3.15787e-05 -0.00212623 0.00274613 -0.00468294 -0.000731654 -0.00111306 -0.00172816 -0.000522157 -0.00431067 -0.00116686 0.00183812 0.000852433 0.00224699 0.00306396 0.00418507 0.00144233 -0.00412231 -0.00263076 -0.00538694 -0.00411036 -0.00405868 -0.00131517 -0.00075263 6.8856e-05 -0.00497628 0.00220272 -0.000779996 -0.00323455 -0.0012278 -0.00216307 -0.00659262 -0.00807646 -0.00560103 -0.00439009 -0.00810542 -0.0105404 -0.00968475 -0.00742683
internal_weight=3926 2187.3 1738.7 771.992 1415.31 1306.99 1053.42 718.084 335.34 141.037 1314.8 728.792 436.303 586.008 411.419 253.57 704.557 323.274 381.284 264.666 256.135 627.685 529.127 390.985 215.576 249.555 303.735 126.013 292.489 182.893 194.303 109.145 178.856 119.658 125.148 67.4342 74.8886 89.5636
internal_count=4519 3509 1010 1780 1729 1620 1290 782 508 194 861 494 239 367 272 330 1503 612 891 503 578 682 575 418 497 191 322 296 255 206 314 197 356 243 313 277 212 201
is_linear=0
shrinkage=0.0161547


Tree=113
num_leaves=38
num_cat=0
split_feature=43 43 43 44 18 19 32 53 51 44 42 52 42 44 23 21 6 15 8 0 43 17 52 53 52 10 44 17 0 53 21 51 42 51 17 42 52
split_gain=86.7607 29.6405 11.7256 10.9001 10.8272 7.44947 6.76455 6.25837 7.86827 7.45784 5.95817 8.41215 5.51065 6.39294 5.53342 6.45228 8.5746 5.97152 8.37853 5.42372 5.1032 4.56916 4.12983 3.59139 3.76183 3.31143 3.19868 3.02613 2.56278 3.58948 2.51494 2.27656 1.8115 1.27905 1.15599 1.69023 0.793048
threshold=0.90720000000000012 2.0324500000000003 0.6856000000000001 78.500000000000014 5.5000000000000009 0.57308776727292365 1.0000000180025095e-35 1.0052663950890719 25.500000000000004 69.500000000000014 2.5000000000000004 0.92352379592465705 3.5000000000000004 71.500000000000014 1.9984885415807037 0.13896656973451774 0.21171464828636707 0.037246576803738107 0.05181126449507515 0.0073995384041206048 0.54375000000000007 0.05011966807200674 0.94283579487430291 0.96437649594167552 0.91329427876986824 0.23036543810234653 73.500000000000014 0.085953113309654633 0.083603575874534028 0.92218761480424283 0.076326007883668154 18.500000000000004 1.0000000180025095e-35 19.500000000000004 0.061402482205664584 1.5000000000000002 0.88624952560493575
decision_type=2 2 2 2 2 2 2 2 2 2 2 2 2 2 2 2 2 2 2 2 2 2 2 2 2 2 2 2 2 2 2 2 2 2 2 2 2
left_child=2 4 20 -3 6 -6 7 8 9 -2 19 -12 13 -11 15 17 -17 -15 -19 23 33 -20 26 24 -4 31 36 -8 29 -24 -9 -21 -27 -1 35 -34 -22
right_child=1 3 10 -5 5 -7 27 30 -10 12 11 -13 -14 14 -16 16 -18 18 21 25 22 -23 28 -25 -26 32 -28 -29 -30 -31 -32 -33 34 -35 -36 -37 -38
leaf_value=-0.0088726541642208129 -0.0026884557761419903 0.0023634098386069256 0.0034553089392188796 0.0064250550630276636 0.0003203863130874985 0.004589952640684852 -0.004134336841926262 -0.00014698191834184215 -0.0038175206700241603 -0.002127737648858615 0.004035850719345346 -0.003727070901258307 0.0039965682112294912 0.0043985806042915777 -0.0016357387896878558 0.0073589578825916666 0.0011446559649288355 -0.0033482353612040564 -0.00048998953692785897 -0.0049354511354716335 -0.0077678711793333069 0.0046043164884036905 -0.0019215189486812927 -0.0047540850631568946 -0.0023347633879220605 -0.0061229847870592474 -0.0042529468121656287 -0.00061762142310215504 -0.00014364955345870929 -0.0086478779470377399 -0.0037424318815353166 -0.0097473403641209315 -0.0037212977251070149 -0.013545697234576416 -0.0047102208247951178 -0.00015026821676083059 -0.010779612415266123
leaf_weight=40.929677873849869 123.9363009929657 363.7731112241745 54.012747883796692 327.83135724067688 187.88962477445602 246.65233558416367 139.40544280409813 85.65056648850441 92.566231250762939 146.00313848257065 70.344115227460861 75.561185002326965 189.66034257411957 98.755438148975372 119.05746006965637 118.10242426395416 113.76508677005768 127.21645510196686 92.34407764673233 54.826632767915726 45.620195657014847 91.451504528522491 44.31218533217907 52.766741991043091 63.962210685014725 67.403560101985931 51.956530094146729 117.83353835344315 41.354968816041946 38.863712534308434 124.67602550983429 48.232968419790268 83.163842469453812 24.397087097167969 75.363660275936127 59.223379135131836 45.64869911968708
leaf_count=163 171 165 90 109 146 122 163 101 101 174 88 110 144 116 95 91 99 152 105 112 135 80 105 102 117 126 132 93 83 111 125 107 154 109 119 99 136
internal_value=-6.25208e-05 0.00136921 -0.00407181 0.00428869 0.000457623 0.00274385 -0.000100369 0.000308843 0.000723312 0.00106776 -0.00289148 1.56023e-05 0.00149238 0.000968557 0.00156284 0.00215635 0.00430993 0.000937744 -0.000161173 -0.00365032 -0.0065696 0.00204479 -0.00558191 -0.0012508 0.000316119 -0.00470566 -0.0074527 -0.00252343 -0.00343028 -0.00506439 -0.00227827 -0.00718747 -0.0038087 -0.0106179 -0.00309232 -0.00223599 -0.00927421
internal_weight=3944.51 2906.57 1037.94 691.604 2214.97 434.542 1780.42 1523.19 1312.86 1220.29 704.861 145.905 1096.36 906.696 760.692 641.635 231.868 409.767 311.012 558.956 333.083 183.796 267.756 170.742 117.975 388.214 143.225 257.239 124.531 83.1759 210.327 103.06 285.154 65.3268 217.751 142.387 91.2689
internal_count=4550 2352 2198 274 2078 268 1810 1554 1328 1227 1224 198 1056 912 738 643 190 453 337 1026 974 185 702 309 207 717 403 256 299 216 226 219 498 272 372 253 271
is_linear=0
shrinkage=0.0161547


Tree=114
num_leaves=40
num_cat=0
split_feature=23 42 42 44 15 15 6 52 2 23 17 52 15 44 8 15 44 6 4 44 52 34 2 10 35 6 51 13 8 21 45 28 50 15 13 53 23 15 53
split_gain=54.052 20.3878 11.895 9.09305 7.85387 7.70345 11.512 7.00942 9.8115 7.48632 13.4232 8.32901 13.7144 9.69525 8.01171 7.01294 6.38794 5.1684 5.87251 4.97826 5.54109 5.44449 4.47249 4.38912 3.86791 3.69172 3.42615 3.30775 2.97494 4.61109 2.69745 2.26329 3.47961 5.30507 3.97721 2.16621 1.91805 1.69096 1.96049
threshold=0.52345199281114829 4.5000000000000009 2.5000000000000004 83.500000000000014 0.93967961015045043 0.073887813976713318 0.042989162048666769 1.0197462719059629 0.34187990142756192 0.64240193596005979 0.045371408549968663 0.95914581133341847 0.66934668779007522 80.500000000000014 0.66666390686913857 0.30551830388228235 74.500000000000014 0.41685351674127563 0.024340414164695325 68.500000000000014 0.90487736723273982 1.0000000180025095e-35 0.15945942714187811 1.4600327687623287 1.0000000180025095e-35 0.099961429649210856 17.500000000000004 0.40486192350695366 0.092145957731587125 0.048211709098202951 1.0000000180025095e-35 1.0000000180025095e-35 92.500000000000014 0.0053296957368991447 0.050653558421211546 0.92562677758408352 0.8324449513590696 0.0091795741283684749 0.93798213756044391
decision_type=2 2 2 2 2 2 2 2 2 2 2 2 2 2 2 2 2 2 2 2 2 2 2 2 2 2 2 2 2 2 2 2 2 2 2 2 2 2 2
left_child=2 7 3 19 -3 6 16 9 27 25 36 13 15 14 17 -13 -4 18 -12 20 30 24 -20 -24 28 -2 -22 -9 29 31 -1 32 37 -34 -35 -28 -11 -21 -39
right_child=1 4 5 -5 -6 -7 -8 8 -10 10 11 12 -14 -15 -16 -17 -18 -19 22 21 26 -23 23 -25 -26 -27 35 -29 -30 -31 -32 -33 33 34 -36 -37 -38 38 -40
leaf_value=-0.0060607195269297247 0.0066895909330265133 0.002416775378087824 -0.0039026482016882875 0.0025908657741971369 0.0064127730642903249 -0.0043936216799699817 0.0062784682852640031 -0.001226369675762915 -0.0051906644474020653 -0.005818828397897686 0.0022629200169985318 0.00396507055637984 0.0078758966934091221 0.0034008815540937311 -0.0040080192608178463 -0.0020156992145503511 0.002634948058560631 0.0024037657367765378 -0.0044049210803169588 -0.0085835547530353166 -0.00091622318113981699 0.00083529394854911444 0.0013149281594252516 -0.0027342350722619024 -0.00095781769912592666 0.001851494363060126 -0.0090849523448108069 0.0029200113140275302 -0.0080864282934979045 -1.4653339805429961e-05 -0.011993631885696023 -0.0015199740701318022 0.0011447102555541889 -0.0084744762415765642 -0.0027953010746070974 -0.0034865363503535762 -0.0021084505495188809 -0.0037317347419638103 -0.007622423814153228
leaf_weight=35.917676687240601 84.887358129024506 280.09788429737091 90.166027829051018 60.781017512083054 236.94595885276794 75.955302387475967 85.446632564067841 111.5316179394722 119.77880552411079 72.262758553028107 146.70564869046211 101.7620544731617 117.84533357620239 243.38214600086212 126.21933090686798 102.90989807248116 68.743214800953865 230.99732246994972 103.60715439915657 63.752231001853943 54.884169146418571 76.805502682924271 157.43116039037704 125.59989520907402 111.68374189734459 79.904569685459137 35.897740334272385 91.322952002286911 48.205934017896652 69.348461776971817 45.126214131712914 58.110506400465965 50.170320600271225 52.682058915495872 82.69969616830349 36.252733811736107 73.182445585727692 78.722609594464302 59.229817599058151
leaf_count=93 93 169 142 98 74 91 95 135 112 102 134 97 57 157 86 93 82 173 115 156 126 125 146 117 174 99 95 75 86 109 138 100 100 127 144 88 84 151 126
internal_value=2.00614e-05 0.00137588 -0.00261594 -0.00346858 0.00424802 9.99142e-05 0.00149668 0.000665117 -0.00152448 0.00106498 0.00072769 0.001195 0.00348569 0.000543485 -0.000237416 0.000957915 -0.00107452 0.000385242 -0.000489004 -0.00385242 -0.0060637 -0.00324008 -0.00153319 -0.000481958 -0.00370408 0.00434369 -0.00395807 0.000640287 -0.00424893 -0.00388953 -0.00936424 -0.00449289 -0.004939 -0.00334242 -0.00500528 -0.00627197 -0.00395191 -0.00640772 -0.0054022
internal_weight=3946.96 2606.37 1340.58 1020.27 517.044 320.311 244.356 2089.33 322.633 1766.7 1601.91 1456.46 322.517 1133.94 890.561 204.672 158.909 764.341 533.344 959.489 208.079 751.411 386.638 283.031 674.605 164.792 127.035 202.855 562.922 514.716 81.0439 445.367 387.257 185.552 135.382 72.1505 145.445 201.705 137.952
internal_count=4564 2118 2446 2036 243 410 319 1875 322 1553 1361 1175 247 928 771 190 224 685 512 1938 540 1398 378 263 1273 192 309 210 1099 1013 231 904 804 371 271 183 186 433 277
is_linear=0
shrinkage=0.0161547


Tree=115
num_leaves=39
num_cat=0
split_feature=43 42 43 43 25 52 52 42 53 53 53 0 40 2 15 52 52 19 45 43 23 43 52 43 17 45 52 53 53 21 0 4 50 2 53 53 0 13
split_gain=81.8994 24.6838 16.4398 10.7763 8.1856 6.77777 8.32215 9.39996 6.73411 7.08003 6.73342 6.77333 5.95981 5.74761 7.03416 6.92219 10.4134 6.8655 5.67896 5.85962 5.34664 4.91117 4.64598 4.46964 4.33559 3.94947 5.57036 3.64413 5.06423 3.00529 3.09453 2.20257 2.06889 1.92506 1.80972 1.73305 1.67209 0.386805
threshold=0.97555000000000014 5.5000000000000009 0.67295000000000016 1.5132500000000002 11.500000000000002 0.95914581133341847 0.92152411567520665 3.5000000000000004 1.0668673465683673 0.98420471254065933 0.91607439194099449 0.22241694997234848 1.0000000180025095e-35 0.066868172743646773 0.20890564942646167 0.98655405670457841 0.8987334627721083 0.066353542500597926 1.0000000180025095e-35 1.3199000000000003 1.7587124602205637 0.57435000000000014 0.8987334627721083 1.8474000000000002 0.047348079231898349 1.0000000180025095e-35 0.9506428847742413 0.90775976184292406 0.96130391013822181 0.041080370928748881 0.0032459513581485399 0.0076127119191784299 88.500000000000014 0.036808692821685779 0.96539899205807367 0.88475694926211446 0.032662706507742105 0.016729756011446974
decision_type=2 2 2 2 2 2 2 2 2 2 2 2 2 2 2 2 2 2 2 2 2 2 2 2 2 2 2 2 2 2 2 2 2 2 2 2 2 2
left_child=2 3 21 13 -4 6 7 23 9 10 11 29 22 15 27 16 17 -2 19 -16 -20 34 -12 -5 36 32 -27 -15 -29 30 -6 -11 -23 -31 35 -1 -24 -37
right_child=1 -3 4 5 8 -7 -8 -9 -10 31 12 -13 -14 14 18 -17 -18 -19 20 -21 -22 25 24 -25 -26 26 -28 28 -30 33 -32 -33 -34 -35 -36 37 -38 -39
leaf_value=-0.0073188079470103305 -0.0036348267067607886 0.0061336965429342419 0.0036787492937478644 0.0024883290296364539 -0.0014795825442263681 0.0042680172648402875 -0.0016043015410827648 0.004842819711226176 0.0023169905579604861 -0.0089814219846433025 0.0012778686797262427 -0.00059238566350172911 0.0034222962218080628 -0.00028907445261935536 -0.0028133774344846593 -0.0017641135353770815 0.0055885843706578956 0.003069705840272208 0.0048184048626370565 0.0018940481821544401 5.8227183100881208e-05 -0.0046157244088106449 -0.0033483410596829135 -0.0013642592257849051 -3.7068620639169565e-05 -0.0059224293916776364 0.0022773097910946337 -0.0066272223961437258 -0.0014703700031299478 -0.0094509883599383625 -0.0060315042967954658 -0.0047520319630707918 -0.0090793987515155068 -0.0050809690521888568 -0.0061889506847063007 -0.01392921749690134 -0.007447312045321175 -0.01102711848289665
leaf_weight=25.132550820708275 76.145539373159409 294.28577721118927 57.524382263422012 161.64113664627075 75.361821830272675 338.35541778802872 172.03868955373764 243.48930668830872 67.153324797749519 52.153176128864288 84.056747585535049 117.83904021978378 73.091032266616821 125.30451872944832 176.66078132390976 113.71604955196381 173.75907829403877 83.645169675350189 119.26093089580536 113.24445825815201 127.31860458850861 48.904206946492195 51.707620084285736 152.95727336406708 63.04405403137207 51.932320192456245 37.044138729572296 90.662257969379425 109.99382522702217 55.088176488876343 80.728884786367416 83.718669861555099 60.776149228215218 50.353522539138794 32.773379608988762 25.287776976823807 52.183475613594055 22.785601809620857
leaf_count=89 105 117 83 112 137 175 100 107 99 109 132 174 92 142 180 138 175 80 103 81 104 126 93 84 86 141 78 111 124 102 165 139 165 88 117 110 100 86
internal_value=0.000115646 0.00172015 -0.00326436 0.00117401 -0.00223058 0.00237797 0.00150209 0.00245968 -0.00260558 -0.00299943 -0.00234735 -0.00380817 -0.000637324 0.000191794 -0.000578883 0.00167786 0.00285132 -0.000125225 0.000558334 -0.000974536 0.00236054 -0.00653572 -0.00181952 0.000615206 -0.00337915 -0.00503755 -0.00250858 -0.00245058 -0.00380039 -0.0052571 -0.0038338 -0.00637544 -0.00708914 -0.00736409 -0.00934401 -0.0107565 -0.00540721 -0.0125537
internal_weight=3941.12 2672.48 1268.64 2378.19 964.004 1068.48 730.126 558.088 906.48 839.326 703.454 379.371 324.083 1309.71 862.445 447.266 333.55 159.791 536.485 289.905 246.58 304.636 250.992 314.598 166.935 198.657 88.9765 325.961 200.656 261.532 156.091 135.872 109.68 105.442 105.979 73.2059 103.891 48.0734
internal_count=4549 2038 2511 1921 1599 578 403 303 1516 1417 1169 666 503 1343 845 498 360 185 468 261 207 912 411 196 279 510 219 377 235 492 302 248 291 190 402 285 193 196
is_linear=0
shrinkage=0.0161547


Tree=116
num_leaves=41
num_cat=0
split_feature=43 43 43 42 21 23 18 13 23 43 53 21 52 19 53 52 52 10 17 53 8 4 43 52 15 53 13 13 17 21 53 0 52 50 15 8 23 53 52 17
split_gain=79.6827 24.7362 12.7509 10.9604 15.6545 9.68253 8.1452 7.69579 10.8285 7.08153 6.95457 7.02706 6.18042 5.92255 5.09406 6.01987 9.75047 4.73654 7.60252 5.46342 6.48224 7.17988 4.14651 3.48401 3.38458 4.61948 4.40515 3.75721 3.78206 3.15553 2.99093 2.77259 3.11173 2.55696 2.29487 1.10406 1.08853 0.818703 1.07194 0.688066
threshold=1.2181000000000002 0.69495000000000007 3.1257500000000005 2.5000000000000004 0.038436063830967426 0.75727094637700254 3.5000000000000004 0.27446232483442878 0.5379029785490862 0.55795000000000006 0.84586600361515785 0.25630813414215475 0.94569171602175783 0.30264774058785771 0.90695698981273087 0.92152411567520665 0.88433015783343849 7.4730704772324987 0.38149817951211945 0.98607703705889371 0.35705415564162268 0.084322946640160865 0.94370000000000009 0.94569171602175783 0.10346822988751085 0.98607703705889371 0.016729756011446974 0.059034132164831464 0.025589612467353823 0.22362302226334202 0.93757315545435072 0.11116995236970482 1.0101644682439328 92.500000000000014 0.07210424935638847 0.029101424865368989 0.14654864931405473 0.96437649594167552 0.93329330666766952 0.0041193739507085344
decision_type=2 2 2 2 2 2 2 2 2 2 2 2 2 2 2 2 2 2 2 2 2 2 2 2 2 2 2 2 2 2 2 2 2 2 2 2 2 2 2 2
left_child=1 9 6 10 -5 -6 7 8 23 37 -3 14 34 -9 15 16 -12 18 19 20 21 -8 35 -2 26 30 -16 -28 33 -7 -26 32 -14 -29 36 -17 39 38 -1 -11
right_child=2 3 -4 4 5 29 17 13 -10 12 11 -13 31 -15 24 22 -18 -19 -20 -21 -22 -23 -24 -25 25 -27 27 28 -30 -31 -32 -33 -34 -35 -36 -37 -38 -39 -40 -41
leaf_value=-0.0088209677030754371 -0.0015978876231154673 -0.0072253206337654823 0.0067633234721034248 0.0059814184976804017 -0.0045549696200392837 0.0029957615351963976 0.0015526004474457503 -0.0042373824924803035 0.0061374575340511191 -0.008161313220824919 -0.0022363792539000001 0.0018443888332767742 -0.00077455026863253022 0.00084608444254629799 -0.0005799356833966064 -0.0063168533185184771 0.006038364988106882 0.0053147643674657484 -0.00029661539407908362 0.0053774037337624451 -9.8561716152347352e-05 0.0055794090829404059 0.00015411493466640011 0.0025237146205151404 -0.0026053953752866585 -0.0049177423281373464 -0.0079703653143420213 -0.0045012563387813245 -0.0068176669016984364 -0.00097275113289791728 0.0013474177677421362 0.0014341631459049626 -0.0067251868287297699 5.2061419031872116e-05 -0.0033286636388544493 -0.0029232601364242946 -0.010358134351357249 -0.0076735817270810304 -0.013343433435658664 -0.0051043935524997634
leaf_weight=25.668591737747192 135.25845384597778 63.586310267448425 168.6298862695694 118.40292292833328 118.81796526908875 116.16506969928741 248.31983351707458 119.06734794378281 114.70065200328827 49.028341695666313 75.395877331495285 126.93522182106972 47.240757435560226 120.18518656492233 73.697868019342422 53.699466705322266 73.287498325109482 175.31695026159286 211.24855715036392 211.69143956899643 192.59681183099747 216.13604938983917 82.304640412330627 88.573550760746002 89.960712611675262 83.968376696109772 80.296724289655685 63.162204682826996 71.342157870531082 95.094618946313858 112.34111425280571 39.968392014503479 44.571456864476204 65.629117429256439 35.919586032629013 46.844562590122223 35.499490946531296 24.374854773283005 29.2802624553442 31.601723045110703
leaf_count=106 142 111 50 139 157 123 175 107 86 151 120 135 108 77 128 107 93 63 96 121 113 130 102 82 125 121 161 109 123 98 142 75 116 103 81 83 100 94 123 88
internal_value=0.000241144 -0.00206182 0.00251231 -0.00120322 0.00094208 -0.000865593 0.00212125 0.000533987 0.00210135 -0.00587052 -0.0020309 -0.00173032 -0.00467793 -0.00168377 -0.00219718 -0.000571719 0.00184232 0.00285183 0.00245202 0.00312039 0.00239322 0.00342649 -0.0025347 3.30898e-05 -0.00303867 -0.00173245 -0.0040946 -0.00501827 -0.00383384 0.00120941 -0.000410341 -0.00211731 -0.00366337 -0.00218099 -0.00689722 -0.00473574 -0.00800099 -0.0101377 -0.0112308 -0.0069632
internal_weight=3975.81 1974.09 2001.72 1610.93 448.481 330.078 1833.09 577.785 338.533 363.153 1162.45 1098.87 283.83 239.253 971.93 331.532 148.683 1255.31 1079.99 868.744 657.053 464.456 182.849 223.832 640.398 286.27 354.128 280.43 200.133 211.26 202.302 131.781 91.8122 128.791 152.049 100.544 116.13 79.3237 54.9489 80.6301
internal_count=4564 3322 1242 2280 517 378 1192 494 310 1042 1763 1652 719 184 1517 505 213 698 635 539 418 305 292 224 1012 388 624 496 335 221 267 299 224 212 420 190 339 323 229 239
is_linear=0
shrinkage=0.0161547


Tree=117
num_leaves=42
num_cat=0
split_feature=43 43 43 43 4 4 53 53 4 50 0 8 6 8 44 0 14 52 13 50 50 4 52 53 50 52 6 53 21 43 13 4 23 15 4 50 15 51 52 10 52
split_gain=80.2481 26.7489 11.9897 8.67433 7.41362 8.27813 7.32941 12.1313 7.29243 7.19586 6.83027 5.90474 13.6899 8.81333 6.26396 5.17345 4.45886 4.10476 3.48862 3.26802 5.1404 5.19186 4.69969 3.26761 3.25066 3.24175 2.87489 3.57918 2.7221 2.45997 5.29006 3.15683 4.66904 3.11394 2.09371 1.915 1.41924 1.18396 1.06075 1.02731 0.361675
threshold=0.82555000000000012 1.3353500000000003 2.7357000000000005 0.54375000000000007 0.051503066113842082 0.011548034843387274 0.87710060212051622 0.884119810504709 0.1040080549969233 94.500000000000014 0.32610688437143093 0.026250490872949051 0.028331345137720471 0.0054497137098725992 71.500000000000014 0.10503607045247861 6.5000000000000009 0.96487877779348297 0.89638595770512686 93.500000000000014 88.500000000000014 0.11719408672087053 0.93506636712040014 0.94288056771151185 86.500000000000014 0.90938961438577992 0.23996999447333026 0.95436065970146455 0.051508922787758579 0.68275000000000008 0.021948282264261331 0.063315216859637341 0.24108311689449094 0.080276170959631202 0.0065160866669543615 93.500000000000014 0.093531967461741986 19.500000000000004 0.91132701556953777 0.83437542961896505 0.8854571507991148
decision_type=2 2 2 2 2 2 2 2 2 2 2 2 2 2 2 2 2 2 2 2 2 2 2 2 2 2 2 2 2 2 2 2 2 2 2 2 2 2 2 2 2
left_child=3 6 4 37 5 -3 10 -8 -6 16 28 12 13 14 -9 -13 18 29 -10 20 21 39 -22 -16 34 -7 27 -21 -2 33 -31 32 -32 38 -19 -26 -34 -1 40 -17 -5
right_child=1 2 -4 17 8 25 7 11 9 -11 -12 15 -14 -15 23 19 -18 24 -20 26 22 -23 -24 -25 35 -27 -28 -29 -30 30 31 -33 36 -35 -36 -37 -38 -39 -40 -41 -42
leaf_value=-0.0086960665451377029 -0.0026639031311856873 0.0028959675014834036 0.0056777376604588339 -0.0082458026892552258 0.0052893273601746288 0.00021402119440222121 0.0060690572694770267 -0.0025980795364151446 0.00011306441801957513 -0.00040230455057361592 0.00067787840066406587 -0.0048769566161428139 0.0074077174220514852 -0.0051839486042462943 0.0051731207532458292 -0.00189092589963803 0.0049836020142425075 -0.0075296030892337473 0.0033740740123813064 -0.0031680024402432378 0.0048417756646827867 0.0017687769483598474 -0.00033321526433598017 0.00069867960393939644 0.00068612045001361353 -0.0034039170158867323 -0.0042483223202137935 0.0018164753599718988 -0.0067296541050897189 0.00020304983370919417 -0.0076407830909403758 -0.009031940189139262 -0.00032856656240550945 -0.002705458991301095 -0.0027349176108842493 -0.0031386560971237384 -0.004032571851606207 -0.013166026267606089 -0.0059136410944900962 -0.004513821468194958 -0.010495368845215845
leaf_weight=43.373591482639313 82.393453896045685 173.54004895687103 264.23116755485535 51.150437206029892 220.77675420045853 124.51558083295822 82.29546058177948 76.69192162156105 156.2021803855896 234.31598472595215 91.467908293008804 87.334149062633514 76.181996166706085 72.087526500225067 86.175625503063202 81.765772879123688 189.53559112548828 41.280615925788879 189.45559293031693 77.081317842006683 89.907481491565704 87.794577658176422 93.350175827741623 84.224087923765182 81.079548165202141 134.39463412761688 102.15504130721092 73.393582582473755 89.829550445079803 56.387809365987778 68.436660766601562 47.454650700092316 52.074473738670349 38.387473985552788 56.026297032833099 59.039316654205322 56.059231460094452 24.032670378684998 42.593158319592476 74.458355665206909 29.356484726071358
leaf_count=176 125 140 84 160 135 95 88 119 106 127 94 123 83 110 101 100 71 104 93 101 89 85 105 101 159 109 119 86 120 104 149 87 96 87 110 118 101 110 117 86 91
internal_value=5.64174e-06 0.00111981 0.0025175 -0.00476233 0.00193058 0.000165908 -0.000443143 7.50948e-05 0.0027012 0.00195865 -0.00288977 -0.000349192 0.00125462 -0.000214009 0.00123594 -0.00117564 0.00299232 -0.00421386 0.00190043 -0.000700204 0.000160998 -0.00137455 0.00220567 0.00296152 -0.00250069 -0.00166397 -0.00215677 -0.000736842 -0.00478455 -0.00513433 -0.00421964 -0.00533284 -0.00433868 -0.00672262 -0.00476897 -0.000925456 -0.00224882 -0.0102898 -0.00797533 -0.00314103 -0.0090661
internal_weight=3942.29 3195.56 1686.97 746.732 1422.74 432.45 1508.59 1244.9 990.286 769.509 263.691 1162.6 395.361 319.179 247.092 767.24 535.193 679.326 345.658 679.906 427.276 244.019 183.258 170.4 237.426 258.91 252.63 150.475 172.223 441.9 280.413 224.025 176.57 161.488 97.3069 140.119 108.134 67.4063 123.1 156.224 80.5069
internal_count=4564 2795 960 1769 876 344 1835 1496 532 397 339 1408 514 431 321 894 270 1483 199 771 465 271 194 202 491 204 306 187 245 992 537 433 346 455 214 277 197 286 368 186 251
is_linear=0
shrinkage=0.0161547


Tree=118
num_leaves=39
num_cat=0
split_feature=43 43 44 44 43 40 53 4 43 5 47 8 53 17 50 52 43 53 53 44 21 52 44 6 6 53 30 53 8 19 50 52 4 15 17 4 43 43
split_gain=66.1229 17.1157 14.7503 11.4442 9.21067 6.44012 7.79292 5.69774 6.28916 8.35713 7.06588 6.92699 10.366 9.04511 8.47309 6.03042 5.68053 9.52008 5.55758 8.67707 6.16602 6.06788 5.39176 3.73602 3.10636 3.06923 3.57414 2.94101 3.0305 3.36127 2.72607 3.84047 4.02051 2.30843 2.16377 1.4169 1.39554 0.819483
threshold=0.82555000000000012 1.9938000000000002 78.500000000000014 68.500000000000014 0.54375000000000007 1.0000000180025095e-35 0.94779950875236973 0.60732475140443409 1.2181000000000002 3.5000000000000004 1.5000000000000002 0.025837865544127151 0.92596810925254058 0.17623362924978223 90.500000000000014 0.95914581133341847 0.99250000000000005 0.91150424084239345 0.92743360630228577 74.500000000000014 0.2162627376860389 0.90938961438577992 74.500000000000014 0.13068304779042547 0.0059651392603484758 1.0236856744094631 1.0000000180025095e-35 0.93757315545435072 0.052437836349556032 0.026612454437051413 82.500000000000014 0.89894760290174602 0.0040856235546803217 0.066216748406699111 0.015002926922062053 0.0053990331120150553 1.1344000000000001 0.50075000000000014
decision_type=2 2 2 2 2 2 2 2 2 2 2 2 2 2 2 2 2 2 2 2 2 2 2 2 2 2 2 2 2 2 2 2 2 2 2 2 2 2
left_child=4 3 -3 33 37 25 -7 8 10 18 11 12 24 15 -14 16 17 -13 19 -10 -21 -20 -23 -17 -5 26 27 30 29 -29 -6 34 -33 -2 -32 -27 -18 -1
right_child=1 2 -4 7 5 6 -8 -9 9 -11 -12 13 14 -15 -16 23 36 -19 21 20 -22 22 -24 -25 -26 35 -28 28 -30 -31 31 32 -34 -35 -36 -37 -38 -39
leaf_value=-0.012566523055437179 -0.0013152434420500127 0.0010401262780996288 0.0057068071284673526 0.001035724667415154 -0.0073944373631725114 -0.0038288813699195938 0.0046465602669522365 -0.0029676676622026436 0.0047478652040390283 0.0049657660050626811 -0.0044563545071823933 0.0061225436412765391 0.0016005935065113428 0.0042268266852716375 0.0086636155863734198 -0.0013801452424283907 -0.0010458456335187764 -0.0013156641496837886 0.001833616660234893 0.0025159635083114103 -0.0024111770808168806 -0.0043638766006227434 0.0003196060063688673 -0.0061412490241039052 -0.0036509012287410884 -0.0095286554363616261 -0.0072797061297894834 -0.00044274946589109403 0.0017498870559032407 -0.0066965052340253687 -0.0090578744754621944 0.00076402854712164881 -0.0045220228032822338 -0.0054012907544025331 -0.0036833805614047426 -0.0051831489919679265 -0.0038309246624517392 -0.0087604961161690011
leaf_weight=23.303640767931938 57.79111984372139 373.56764727830887 335.5151629447937 93.59256175160408 60.125823944807053 67.238769352436066 48.904463529586792 106.35776650905609 215.30067151784897 172.78328156471252 86.6524298787117 76.908632963895798 94.715556055307388 86.637704074382782 83.318475514650345 81.544901311397552 115.91759061813354 107.91700658202171 222.75613069534302 154.49323385953903 116.09494763612747 117.32896465063095 141.53071999549866 91.025052011013031 60.941292077302933 39.995428562164307 72.537007674574852 50.331837221980095 49.170305714011192 40.459646835923195 40.02402351796627 71.272704869508743 79.364429220557213 96.063488274812698 38.215548932552338 38.366600424051285 78.920361369848251 40.286898240447044
leaf_count=111 92 175 115 124 149 130 80 67 165 92 114 90 118 78 94 107 138 146 171 127 82 109 114 117 90 111 159 112 84 92 110 150 168 140 76 85 88 160
internal_value=1.06018e-05 0.00103708 0.00324825 0.000399361 -0.00427004 -0.00373233 -0.000260125 0.00068413 0.000860805 0.00169314 -3.61905e-05 0.000358088 0.00224882 -0.000626143 0.00490603 -0.00138751 -0.000249368 0.00177948 0.00110869 0.00232768 0.00040199 -0.000121104 -0.0018032 -0.00389147 -0.000812473 -0.00442779 -0.00396321 -0.00340239 -0.00148026 -0.00322963 -0.00433327 -0.0035291 -0.00202097 -0.00386648 -0.00643274 -0.00740106 -0.00217396 -0.0101553
internal_weight=3927.27 3167.67 709.083 2458.59 759.597 696.007 116.143 2304.74 2198.38 1140.29 1058.09 971.439 332.568 638.871 178.034 552.234 379.664 184.826 967.505 485.889 270.588 481.616 258.86 172.57 154.534 579.863 501.501 428.964 139.962 90.7915 289.003 228.877 150.637 153.855 78.2396 78.362 194.838 63.5905
internal_count=4530 2753 290 2463 1777 1506 210 2231 2164 860 1304 1190 426 764 212 686 462 236 768 374 209 394 223 224 214 1296 1100 941 288 204 653 504 318 232 186 196 226 271
is_linear=0
shrinkage=0.0161547


Tree=119
num_leaves=41
num_cat=0
split_feature=43 42 43 44 43 40 4 50 43 17 19 43 17 0 44 10 10 53 21 35 43 17 18 23 52 50 46 15 44 52 15 51 43 52 43 4 44 2 15 17
split_gain=70.5368 16.9061 15.6398 9.96954 6.75967 7.13703 12.9449 6.23806 6.04554 5.77063 5.57684 6.08245 5.51709 5.34119 5.84564 7.08354 6.20865 5.43204 6.19334 5.32142 5.11534 4.60379 3.88556 4.70329 4.20668 3.77305 3.47655 3.13715 2.75498 3.01711 2.87045 2.7009 2.58198 1.93712 2.57973 1.94213 1.63927 1.36197 1.67203 1.00134
threshold=0.97555000000000014 5.5000000000000009 0.68820000000000014 71.500000000000014 0.95055000000000012 1.0000000180025095e-35 0.036907803581942934 95.500000000000014 0.9295500000000001 0.038818167885462114 0.78070307837369646 2.1972000000000005 0.024303307634292667 0.21814194643371548 79.500000000000014 2.3887710647221048 1.2584234335363818 0.93317080725677648 0.084472455569054944 1.0000000180025095e-35 1.2661500000000003 0.036231951340727743 5.5000000000000009 1.6176657179340455 0.90487736723273982 88.500000000000014 1.0000000180025095e-35 0.13769641750957184 72.500000000000014 0.9521794254509296 0.064916227090146078 18.500000000000004 1.1074500000000003 0.88433015783343849 0.75095000000000012 0.0023268483595710221 68.500000000000014 0.038287721436468421 0.012840833087462951 0.0055883995153959117
decision_type=2 2 2 2 2 2 2 2 2 2 2 2 2 2 2 2 2 2 2 2 2 2 2 2 2 2 2 2 2 2 2 2 2 2 2 2 2 2 2 2
left_child=2 3 19 9 5 8 -7 10 12 32 11 13 26 17 15 16 -15 18 -5 28 -11 -14 23 24 -9 -19 33 -23 29 37 39 -29 -2 -4 -35 -36 -31 38 -1 -30
right_child=1 -3 4 7 -6 6 -8 22 -10 20 -12 -13 21 14 -16 -17 -18 25 -20 -21 -22 27 -24 -25 -26 -27 -28 31 30 36 -32 -33 -34 34 35 -37 -38 -39 -40 -41
leaf_value=-0.011141529748854566 -0.0014242353671502189 0.0050619467188396704 -0.0027469446188098409 0.0011865813518256601 -0.0069840501052635786 0.0041422293336349017 -0.0048520390175177536 -0.0016102124463212204 0.0021672480856126542 -0.0027053623650269303 0.0038054769622573618 0.0049181078697044323 0.0023502642513574513 -0.0003376744797239782 0.0024140215599848217 0.0018051328876774208 -0.0053942568590197165 -0.0019610173623504736 0.0065948279221365773 -0.00089343504725149833 0.0017053010853832202 -0.0054185890338240821 0.0022541357294107306 -0.0036227007292101258 0.0025173223643900114 0.0024347704460741695 -0.001591649853867937 -0.0033516378111740582 -0.0053798475661346696 -0.0036993112919082869 -0.0011671842846964857 0.0008167961842555023 -0.0057133374559734306 -0.0093876119845989307 -0.0071978010301268517 -0.0032253531317084395 -0.0084326473048577499 -0.01341638968482591 -0.0060830555619369444 -0.0089312396680629336
leaf_weight=42.629426598548889 63.319425523281097 279.26607781648636 47.827276915311813 103.44488766789436 72.733723074197769 118.48522871732712 64.490368962287903 144.44146221876144 62.040505796670914 111.97865605354309 315.35077857971191 113.10459160804749 62.029147118330002 132.32880580425262 171.50434982776642 136.40086680650711 121.60297387838364 93.649166107177734 118.6336664557457 41.144307941198349 177.23448729515076 71.543889343738556 128.87114727497101 120.97770488262177 116.34581011533737 111.78687733411789 72.938983470201492 84.864840120077133 53.57548762857914 39.379041835665703 33.103029876947403 77.713189691305161 86.894666463136673 53.333147466182709 62.657167553901672 65.900386035442352 37.069736048579216 26.38021095097065 28.423232525587082 33.786004647612572
leaf_count=167 95 115 92 116 106 165 96 145 82 138 134 53 101 116 120 97 112 99 86 99 122 130 65 87 106 105 132 126 164 114 74 110 114 124 121 123 103 86 92 103
internal_value=-0.000191638 0.00130268 -0.00335099 0.000859312 -0.00225863 -0.00185132 0.000972169 0.00135969 -0.00263309 -0.00133661 0.00191109 0.00136921 -0.00313044 0.000963497 -7.19156e-05 -0.00116419 -0.00275917 0.00232423 0.00407565 -0.0063353 -2.43654e-06 -0.00156286 -0.000171305 -0.000990053 0.000231217 0.000430926 -0.00466432 -0.00259962 -0.00709597 -0.00839684 -0.00521827 -0.0013591 -0.00390536 -0.00563994 -0.00640064 -0.00516147 -0.00599449 -0.0102818 -0.00911799 -0.00675331
internal_weight=3899.18 2647.14 1252.05 2367.87 916.558 843.824 182.976 1928.44 660.849 439.427 1417.81 1102.46 598.808 989.352 561.837 390.333 253.932 427.515 222.079 335.49 289.213 296.151 510.636 381.765 260.787 205.436 302.657 234.122 294.346 173.882 120.465 162.578 150.214 229.718 181.891 128.558 76.4488 97.4329 71.0527 87.3615
internal_count=4535 2025 2510 1910 1508 1402 261 1441 1141 469 1038 904 1059 851 445 325 228 406 202 1002 260 467 403 338 251 204 592 366 903 562 341 236 209 460 368 244 217 345 259 267
is_linear=0
shrinkage=0.0161547


Tree=120
num_leaves=40
num_cat=0
split_feature=43 43 43 42 37 32 44 35 52 52 52 4 10 42 0 53 53 17 0 50 50 43 4 51 17 50 2 43 24 50 52 19 8 0 50 51 52 13 13
split_gain=82.1813 20.0203 15.3557 12.1919 6.47408 6.26381 6.01759 6.48034 6.96585 11.1722 6.62267 6.45156 5.44169 5.6368 5.28623 5.055 5.45921 4.70309 4.22306 4.06867 6.7833 8.04655 6.76203 5.32862 5.0686 4.83875 4.05833 8.78517 3.67973 2.6571 2.11402 2.30335 3.04772 1.64072 1.62609 1.29188 1.20694 0.663974 0.486352
threshold=0.97555000000000014 1.5726000000000002 0.59430000000000016 3.5000000000000004 1.0000000180025095e-35 1.0000000180025095e-35 79.500000000000014 1.0000000180025095e-35 0.8944627222676973 0.93506636712040014 0.85791938373314414 0.073902452926660103 1.0321232220234233 1.5000000000000002 0.87813164361546603 0.84586600361515785 0.98420471254065933 0.084286046394433184 0.09421175530667017 92.500000000000014 86.500000000000014 0.85805000000000009 0.0044792764876321828 17.500000000000004 0.032331724153558276 104.50000000000001 0.20897619682137422 1.8704500000000002 9.5000000000000018 89.500000000000014 0.88890035761821551 0.047528188180929527 0.068675233151234152 0.08744069583767701 86.500000000000014 19.500000000000004 0.94283579487430291 0.01526317569668012 0.20880845282320834
decision_type=2 2 2 2 2 2 2 2 2 2 2 2 2 2 2 2 2 2 2 2 2 2 2 2 2 2 2 2 2 2 2 2 2 2 2 2 2 2 2
left_child=2 5 18 26 15 6 7 8 10 -10 -2 33 13 -11 -5 -4 19 -7 35 20 22 23 36 -22 -24 30 -3 -28 -18 -8 -21 -32 -33 -9 -30 37 -17 -1 -36
right_child=1 3 4 14 -6 17 29 11 9 12 -12 -13 -14 -15 -16 16 28 -19 -20 25 21 -23 24 -25 -26 -27 27 -29 34 -31 31 32 -34 -35 38 -37 -38 -39 -40
leaf_value=-0.010249782985743633 0.0015758415697180938 -0.00069513866835061572 -0.007724157154821421 0.0024908824880251527 0.0020747013407095565 -0.0050896705519295734 0.0048331033033424745 -0.0024584469335484902 0.0050423184729350796 -0.0010557877378355386 -0.0042991826794209747 0.00084251826539872719 -0.002601956651854457 0.0041401074303095194 0.0054077204437521179 -0.0043462829904910381 -0.008273727105501831 9.6339092734354267e-05 -0.0027179939367618523 -0.0069214629636425822 0.0024768043390973661 0.0057129620699061523 0.0028210021697359011 -0.0044562340879794353 -0.0034733565732504514 0.0005939673195587378 0.0049530313300390474 4.8974162099939024e-05 -0.0013752951988308649 0.0013275507249161625 -0.0015910196560312711 -0.0079299127901612462 -0.0027194718370779978 -0.005666203814339122 -0.0037906544430954324 -0.012228035254728705 -0.0079432854293251341 -0.0071234584406359323 -0.0060201383686144909
leaf_weight=33.820415124297142 92.343070358037949 186.78969621658325 59.201479911804199 245.81950962543488 66.089049488306046 93.075219959020615 110.52412575483322 87.468854010105133 190.96687522530556 103.65171813964844 109.39432197809219 127.4660307765007 120.35556560754776 114.88231402635574 476.40473437309265 47.013816207647324 66.451754361391068 89.540384709835052 26.230009093880653 68.165208965539932 52.420196741819382 65.768475234508514 61.009008377790451 64.565532982349396 73.744726359844208 60.466738522052765 170.08517652750015 216.9068740606308 51.271342724561691 115.28747314214706 84.234852164983749 53.698396235704422 64.472378730773926 79.375784695148468 51.266215443611145 40.424057900905609 50.488601475954056 37.261774063110352 50.876450091600418
leaf_count=133 97 138 122 126 99 112 89 101 181 125 128 106 119 113 161 91 154 73 74 134 90 81 104 129 115 105 96 111 89 101 167 104 102 88 100 164 106 127 82
internal_value=1.58019e-06 0.00156306 -0.00346755 0.00301834 -0.00282599 0.000248117 0.000655882 0.000130377 0.00094473 0.0019174 -0.00160996 -0.00189393 0.000156484 0.00167567 0.00441493 -0.00314193 -0.00286109 -0.00254686 -0.00855029 -0.00220177 -0.00113628 0.00119203 -0.00296834 -0.00134961 -0.00062362 -0.00353755 0.00126044 0.00220433 -0.00509826 0.00304335 -0.00446085 -0.00363218 -0.00508717 -0.00398453 -0.0037228 -0.00992224 -0.00620888 -0.00861094 -0.00490114
internal_weight=3959.28 2730.34 1228.94 1296.01 1091.2 1434.33 1251.72 1025.9 731.594 529.856 201.737 294.311 338.89 218.534 722.224 1025.12 965.914 182.616 137.736 746.048 415.01 182.754 232.256 116.986 134.754 331.038 573.782 386.992 219.866 225.812 270.571 202.406 118.171 166.845 153.414 111.506 97.5024 71.0822 102.143
internal_count=4537 2065 2472 632 1974 1433 1248 1058 763 538 225 295 357 238 287 1875 1753 185 498 1328 716 300 416 219 219 612 345 207 425 190 507 373 206 189 271 424 197 260 182
is_linear=0
shrinkage=0.0161547


Tree=121
num_leaves=40
num_cat=0
split_feature=43 43 43 42 1 52 40 0 0 0 4 6 44 52 4 19 14 34 40 42 52 44 52 17 19 2 13 13 50 28 21 21 44 43 50 43 44 23 17
split_gain=65.8222 20.1012 15.9101 11.3108 9.66238 10.5255 8.17227 9.17606 7.28976 7.2317 7.38326 12.3689 7.22292 6.48073 5.2636 5.16123 7.90531 4.89698 4.5553 4.5319 4.21421 5.50772 4.12528 5.69439 3.82298 3.75582 4.33535 4.27149 3.24696 2.73981 3.41358 2.7381 2.32942 1.89918 1.81543 1.6339 1.03409 0.995144 0.597682
threshold=0.97555000000000014 1.5132500000000002 0.67295000000000016 5.5000000000000009 2.5000000000000004 0.95914581133341847 1.0000000180025095e-35 0.16165490648659231 1.2258943363277266 0.061615708668616792 0.054923678136358102 0.13670266788503041 76.500000000000014 0.93604247666928198 0.0098871995397412388 0.10792056371243071 1.5000000000000002 1.0000000180025095e-35 1.0000000180025095e-35 1.5000000000000002 0.9227458868555164 73.500000000000014 0.87424745493926825 0.05011966807200674 0.089376746698184906 0.22539481420256266 0.52047076714613427 1.1141494156722571 93.500000000000014 1.0000000180025095e-35 0.1435939228090132 0.060698202890351466 73.500000000000014 0.62400000000000011 89.500000000000014 0.84985000000000011 67.500000000000014 0.048876380925352479 0.0055883995153959117
decision_type=2 2 2 2 2 2 2 2 2 2 2 2 2 2 2 2 2 2 2 2 2 2 2 2 2 2 2 2 2 2 2 2 2 2 2 2 2 2 2
left_child=2 9 17 4 5 12 14 13 -6 15 29 -12 -3 -8 19 16 -2 18 24 28 22 35 -16 -24 33 -13 -27 -28 32 30 31 -11 -4 36 -21 -22 37 -1 -38
right_child=1 3 6 -5 8 -7 7 -9 -10 10 11 25 -14 -15 20 -17 -18 -19 -20 34 21 -23 23 -25 -26 26 27 -29 -30 -31 -32 -33 -34 -35 -36 -37 38 -39 -40
leaf_value=-0.0093603732847610931 0.0033500572561507621 2.7362718761894101e-06 -0.0064534875868333839 0.0061756433275590317 -0.0014457326434191399 0.0068512971727643637 -7.896697162715722e-05 -0.0033510237918128504 0.0023123349204893962 -0.0026629201071414381 0.005702857080912972 -0.0032654722632827178 0.0045116502826651099 0.0070481684311040254 -0.0031256487812612349 0.0049369680289868111 -0.0028882097778824794 -0.00039144484143835277 -0.0012618106340782208 -0.004701445835332608 -0.0038752599472304042 -0.00033783486943016395 0.0046728018877156682 -0.0018828001573219521 -0.002416355827876963 0.0022846573025433916 -0.0027726490613045442 0.0013930767652583942 -0.00053837199833627113 2.0439868409307103e-05 -0.00070645120463398215 -0.0066990041104571614 -0.0017940560538578212 -0.0062778065572037306 -0.0087144400471689931 -0.0076976195670353242 -0.0075576431036193095 -0.014089400068214127 -0.010256624673520041
leaf_weight=23.463307097554207 125.31917172670364 193.0360301733017 71.487560674548149 231.67897981405258 231.78486913442612 188.99711602926254 67.439094007015228 85.105646312236786 321.61518490314484 92.960369765758514 99.451092958450317 103.58631604909897 178.41468453407288 65.766128450632095 70.68457967042923 115.55067789554596 91.88344419002533 32.491363927721977 31.093559995293617 55.399966448545456 69.406801611185074 99.358059346675873 75.395797163248062 63.875630080699921 29.204228386282921 158.13402426242828 159.12408179044724 107.72895884513855 89.029689997434616 88.753858596086502 90.476467132568359 83.060522258281708 46.031944513320923 59.167182773351669 62.735018938779831 50.36175349354744 49.805997207760811 22.99307456612587 37.560677960515022
leaf_count=95 146 128 154 77 137 107 102 123 130 124 90 109 101 85 117 101 118 88 75 96 132 150 115 92 67 151 147 80 166 89 84 103 82 164 119 85 179 87 127
internal_value=0.000100346 0.00153955 -0.00294493 0.002928 0.00225249 0.00374762 -0.00195982 0.000792513 0.000738314 0.000119986 -0.000576657 0.000476189 0.00216845 0.00343984 -0.00275697 0.00217854 0.000711077 -0.00629579 -0.00705319 -0.00430886 -0.00158266 -0.00314978 5.2913e-05 0.00166613 -0.00786362 -0.000507208 0.000165091 -0.00109094 -0.00286546 -0.00243791 -0.00325664 -0.00456746 -0.00462841 -0.00868793 -0.00683253 -0.00548253 -0.00975352 -0.011701 -0.00871799
internal_weight=3919.41 2661.56 1257.86 1345.53 1113.85 560.448 972.078 218.311 553.4 1316.03 983.276 628.024 371.451 133.205 753.767 332.753 217.203 285.779 253.288 324.684 429.083 219.127 209.956 139.271 222.194 528.573 424.987 266.853 206.549 355.251 266.497 176.021 117.52 192.99 118.135 119.769 133.823 46.4564 87.3667
internal_count=4522 2022 2500 680 603 336 1618 310 267 1342 977 577 229 187 1308 365 264 882 794 617 691 367 324 207 719 487 378 227 402 400 311 227 236 652 215 217 488 182 306
is_linear=0
shrinkage=0.0161547


Tree=122
num_leaves=38
num_cat=0
split_feature=43 43 43 44 53 43 23 18 32 21 23 43 52 52 6 53 40 10 15 8 21 52 52 21 8 45 53 8 4 51 52 43 4 53 50 52 13
split_gain=74.0731 20.931 13.5047 8.61677 7.39789 6.07061 5.57049 10.7106 7.46775 7.8266 9.17362 8.4461 7.26295 12.7661 7.19557 5.16313 4.96973 7.74075 4.46804 3.94925 3.61444 3.59368 4.22735 5.68436 6.98277 3.58749 3.3074 3.21829 4.11312 4.77427 4.93073 2.0624 2.06028 2.01219 1.39206 0.812784 0.468563
threshold=0.91350000000000009 2.7357000000000005 0.67295000000000016 68.500000000000014 1.0668673465683673 1.4967500000000002 1.9110178688590149 5.5000000000000009 1.0000000180025095e-35 0.13717220654982765 0.57691623062658148 1.1128500000000001 0.98655405670457841 0.8944627222676973 0.068077375725365888 1.0236856744094631 1.0000000180025095e-35 0.32205925551029985 0.058897913113579635 0.18672247179155457 0.098191441985766695 1.0072822645845405 0.95477616259028963 0.19850442290454987 0.60830771678879858 1.0000000180025095e-35 0.87158376087502654 0.05181126449507515 0.016931696021161059 15.500000000000002 0.90075562754280647 0.57435000000000014 0.064689785979056461 0.91733545063656108 94.500000000000014 0.90487736723273982 0.01526317569668012
decision_type=2 2 2 2 2 2 2 2 2 2 2 2 2 2 2 2 2 2 2 2 2 2 2 2 2 2 2 2 2 2 2 2 2 2 2 2 2
left_child=2 3 18 -2 15 6 8 -8 9 10 12 -11 13 -5 -15 16 27 -18 26 -13 -12 22 23 -7 -25 -20 -1 28 29 -4 -31 34 -29 -32 36 -33 -28
right_child=1 -3 4 5 -6 21 7 -9 -10 11 20 19 -14 14 -16 -17 17 -19 25 -21 -22 -23 -24 24 -26 -27 31 32 -30 30 33 35 -34 -35 -36 -37 -38
leaf_value=-0.0033430279626162698 -0.0034717744735904316 0.0058435265641902058 -0.0075726764197936247 -0.0010878706770475887 0.0030931256789094672 -0.00053807662746415471 -0.0039510348167382803 0.002328733611812257 -0.0022381531525619111 -0.00028870482156042362 -0.004454589858498178 0.0072365995804884523 -0.0019040510281048248 0.0031061770257517951 0.0092106878466175091 -0.0077768381657980137 0.0042181412487599986 -0.0039163864280861776 -0.0065971197959035395 0.0030788269117938923 -0.00018268934200026918 -2.926336772805843e-05 0.0048382448336094118 0.0041585459057794719 0.00035298307131507203 6.8578038563900587e-05 -0.010683067495651601 -2.1185987835535777e-05 -0.0082321151555410522 0.0012132071947222722 -0.0059219732341144688 -0.008955454019183403 -0.0032815901795660105 -0.0019193644266640216 -0.014080606858298983 -0.0059788246124655667 -0.0076141320418184636
leaf_weight=37.247495979070663 105.97093746066093 260.35227525234222 54.753029942512512 127.72657293081284 59.132103055715561 172.5009713768959 176.57501131296158 118.41430747509003 155.29385414719582 104.2611466050148 101.51427233219147 123.08498549461365 104.20685049891472 137.05274423956871 79.694461971521378 51.584907874464989 66.0253786444664 56.786884039640427 42.833530321717262 115.62780952453613 105.31120574474335 165.40099292993546 172.10284662246704 358.14162439107895 193.98804575204849 41.474896058440208 27.718641206622124 106.14574801921844 54.246964037418365 71.619025498628616 70.217247277498245 39.210656136274338 96.622797906398773 61.474931657314301 22.138203322887421 61.471101701259613 24.423557490110397
leaf_count=106 149 81 113 164 91 133 167 83 172 115 118 89 137 161 79 108 97 88 107 96 113 98 89 181 84 98 119 175 115 129 143 126 154 113 98 168 94
internal_value=0.000137177 0.00147517 -0.0035463 0.00104056 -0.00239058 0.001231 0.000550874 -0.00143022 0.00105739 0.00156994 0.000535376 0.00354725 0.0018329 0.00296336 0.00535071 -0.00286088 -0.00246334 0.000456835 -0.00646413 0.00522266 -0.00227943 0.00215871 0.00256228 0.00202173 0.00282148 -0.00331798 -0.00771406 -0.0031596 -0.00418852 -0.00333853 -0.00219825 -0.0086446 -0.00157483 -0.00405352 -0.0106866 -0.00713808 -0.00924557
internal_weight=3922.35 2877.22 1045.13 2616.87 748.609 2510.9 1448.76 294.989 1153.77 998.48 655.506 342.974 448.681 344.474 216.747 689.477 637.892 122.812 296.518 238.713 206.825 1062.13 896.733 724.631 552.13 84.3084 212.21 515.08 312.311 258.064 203.311 174.962 202.769 131.692 74.2804 100.682 52.1422
internal_count=4551 2309 2242 2228 1326 2079 1494 250 1244 1072 772 300 541 404 240 1235 1127 185 916 185 231 585 487 398 265 205 711 942 613 498 385 605 329 256 311 294 213
is_linear=0
shrinkage=0.0161547


Tree=123
num_leaves=41
num_cat=0
split_feature=43 43 43 53 25 19 13 40 19 32 13 8 13 18 51 21 52 17 10 50 52 19 10 13 17 43 52 13 43 51 53 52 8 4 44 6 51 53 50 4
split_gain=56.2344 24.6644 14.1693 8.48641 5.8546 5.72819 9.79699 5.92507 5.75605 6.5734 4.96082 7.32661 11.032 10.2643 14.103 7.76354 4.7547 4.61101 5.0025 4.39158 4.04979 5.48476 3.85611 3.73661 3.5971 3.53579 5.38386 5.21804 3.26645 4.10651 2.29149 2.24855 2.66749 1.9806 1.61039 1.49749 1.46036 1.01231 0.688581 0.667826
threshold=1.2181000000000002 0.69495000000000007 3.1257500000000005 0.84586600361515785 10.500000000000002 0.12256416566541005 0.19164225764771045 1.0000000180025095e-35 0.10922798835410834 1.0000000180025095e-35 0.13729501695985871 0.13666274502772999 0.30295894034614096 4.5000000000000009 21.500000000000004 0.38975444513088198 0.94893642848195381 0.38149817951211945 2.8915698981251787 78.500000000000014 0.96152879766598975 0.36452733146685079 0.56287117666775899 0.4587999592280238 0.013074221874308376 0.9638000000000001 0.90075562754280647 0.018603604612194704 0.5616000000000001 16.500000000000004 0.93266686799190668 0.873295289967843 0.044908721098179068 0.053115265913936262 72.500000000000014 0.035240273610719117 20.500000000000004 0.94194275686243867 93.500000000000014 0.0024618435883785434
decision_type=2 2 2 2 2 2 2 2 2 2 2 2 2 2 2 2 2 2 2 2 2 2 2 2 2 2 2 2 2 2 2 2 2 2 2 2 2 2 2 2
left_child=1 16 10 -3 -5 8 -7 20 9 19 24 12 -12 15 17 30 34 18 -15 -6 21 33 -14 -22 -2 27 -27 -21 -18 -30 -13 -29 37 -8 38 -36 -31 -33 39 -1
right_child=2 3 -4 4 5 6 7 -9 -10 -11 11 13 22 14 -16 -17 28 -19 -20 25 23 -23 -24 -25 -26 26 -28 31 29 36 -32 32 -34 -35 35 -37 -38 -39 -40 -41
leaf_value=-0.0089881268816540214 0.0013209012799939945 -0.0059827207191588596 0.0064749476507134319 0.0037145345706785953 -0.006393635658954509 0.0058338204992450316 -9.5402310443448216e-05 0.0021082115037895704 -0.0066384195634178406 0.0027490978630482082 0.0064997488209611104 -0.0044283647542924017 -0.00024669887407662141 -8.4060841574946983e-05 0.0055407004907990776 0.0021947048887125333 -0.0080036267381367009 -0.0011623507486395331 0.0038725068980596383 0.00086918358403997766 -0.001189939592551987 0.0029176586200975367 0.0034406397237322153 -0.0063517528623811999 -0.0031230048252319977 -0.0035563107375014987 0.0018076433261679714 -0.00065703525294751844 0.0017426248726882499 -0.0068864749982728551 -0.0012207216944178387 -0.0044231432139392474 -0.0019401100261970793 -0.0033520803377916106 -0.0074889267493491547 -0.0030231136442192071 -0.0024409962317130025 -0.0070794209021972235 -0.010127886840941625 -0.0056378187575484261
leaf_weight=36.670172363519669 97.179563939571381 84.074404746294022 171.39545905590057 74.219966918230057 54.849392175674438 71.132670938968658 88.334289759397507 163.93489760160446 60.800138086080551 85.337301820516586 197.72613966464996 116.04940956830978 150.07129412889481 162.68650192022324 234.09921073913574 123.15871691703796 34.24866196513176 199.05434983968735 171.11262208223343 88.329435467720032 75.809316247701645 90.191811412572861 146.04476261138916 70.761478841304779 93.053430199623108 73.375912040472031 146.00484907627106 54.310957401990891 41.720483377575874 36.62285178899765 116.44103044271469 87.273350358009338 81.239655643701553 108.71663251519203 48.588138148188591 32.840464904904366 40.736363992094994 65.576114386320114 48.309947520494461 26.930138826370239
leaf_count=131 100 138 48 96 95 83 109 173 94 113 152 97 107 107 109 71 135 82 82 156 98 90 90 91 94 106 181 95 85 93 92 169 139 145 153 80 100 131 172 83
internal_value=0.000111565 -0.00181969 0.00203586 -0.000984812 -0.000711992 -0.0009361 0.000166265 -0.00050818 -0.00186114 -0.00146666 0.00161473 0.00190513 0.00354493 0.00118377 0.00223568 -0.00108465 -0.00573145 0.000783683 0.00194416 -0.00201932 -0.00149689 -0.000381925 0.0015719 -0.00368196 -0.000852858 -0.00161683 1.35707e-05 -0.00256626 -0.00360696 -0.00234244 -0.00282184 -0.00361845 -0.00430553 -0.00189217 -0.00741628 -0.00568785 -0.00454554 -0.00556275 -0.00867392 -0.00756951
internal_weight=3949.01 1970.94 1978.07 1624.27 1540.2 1465.98 668.881 597.748 797.097 736.297 1806.68 1616.44 493.842 1122.6 766.953 355.649 346.667 532.853 333.799 650.96 433.814 287.243 296.116 146.571 190.233 596.11 219.381 376.73 153.328 119.08 232.49 288.4 234.089 197.051 193.339 81.4286 77.3592 152.849 111.91 63.6003
internal_count=4565 3334 1231 2302 2164 2068 789 706 1279 1185 1183 989 349 640 380 260 1032 271 189 1072 533 344 197 189 194 977 287 690 413 278 189 534 439 254 619 233 193 300 386 214
is_linear=0
shrinkage=0.0161547


Tree=124
num_leaves=39
num_cat=0
split_feature=43 43 0 6 8 6 8 52 52 50 40 42 43 43 2 34 53 1 17 13 13 44 4 0 52 53 44 44 43 4 14 15 21 17 43 10 13 51
split_gain=57.8689 18.8699 12.6022 7.82628 8.93584 8.5203 11.4028 10.3222 8.34184 6.90337 10.9717 12.9436 8.81603 6.41371 8.10113 6.38105 6.78014 6.10272 6.07089 4.7705 4.34518 3.51183 3.80326 6.03438 3.82862 3.42573 3.37532 9.3844 3.29852 2.85884 2.83576 2.32962 1.72576 0.762968 0.750743 1.22984 1.53792 0.471754
threshold=1.2181000000000002 0.67295000000000016 2.5069677747996084 0.053011664213537639 0.13666274502772999 0.40764670331364161 0.66666390686913857 0.92888845476246418 0.96487877779348297 93.500000000000014 1.0000000180025095e-35 2.5000000000000004 0.76450000000000007 1.7591000000000003 0.11460082878600251 1.0000000180025095e-35 0.86731865515938245 1.5000000000000002 0.057008531622242516 0.093721028318401414 0.19164225764771045 78.500000000000014 1.0000000180025095e-35 0.18830941498377859 0.94283579487430291 0.92057007878585662 72.500000000000014 69.500000000000014 0.94705000000000006 0.0065160866669543615 4.5000000000000009 0.10486362529004521 0.034862660372369236 0.012151955993209902 0.61235000000000006 0.074328942247790492 0.01526317569668012 18.500000000000004
decision_type=2 2 2 2 2 2 2 2 2 2 2 2 2 2 2 2 2 2 2 2 2 2 2 2 2 2 2 2 2 2 2 2 2 2 2 2 2 2
left_child=1 15 3 31 13 8 7 -7 30 10 12 -12 29 14 -5 16 -1 18 26 34 -19 22 24 32 -14 -22 27 -11 -25 -3 -6 -2 -24 -28 35 36 37 -18
right_child=2 9 -4 4 5 6 -8 -9 -10 17 11 -13 21 -15 -16 -17 19 20 -20 -21 25 -23 23 28 -26 -27 33 -29 -30 -31 -32 -33 -34 -35 -36 -37 -38 -39
leaf_value=-0.0008453871672715078 0.00060513512369817554 -0.0081160554490652213 0.0051341870685380998 0.0053587267276132078 -0.0042522806172148511 0.0057759721314011407 -0.00087863675120778101 0.00081392448943150525 0.0025965982248118639 -0.005750408243718955 -0.001736945791060737 0.0058677392806447629 0.0040860411526473057 0.0064986725787314964 -0.00048055078985743949 0.0013115768412584039 -0.0090881572541583189 -0.0082319710306043951 0.0025007598570133478 -0.0038340307738085103 -0.00092276008659639575 0.0016123097754943158 -0.0024631061462736421 0.001899524085239719 -0.0016125111810539364 -0.0054269419990810204 -0.0031013942468737176 0.0029793886093315556 -0.0019618600798909326 -0.0031695739437714418 -0.00083801066197969625 -0.0022909459689710331 -0.0057424771051101326 -0.0055026858595348099 -0.0075082331357489247 -0.012653984358043362 -0.0057834689666045923 -0.012181204290341988
leaf_weight=43.858260557055473 132.82358258962631 55.238885775208473 278.91896021366119 119.74214631319046 122.39759182929993 260.40730780363083 208.7253737449646 188.67904186248779 126.38826274871826 55.097864300012589 103.78726851940155 133.59837141633034 60.952478408813477 157.97033673524857 128.59293276071548 29.464072793722153 27.343580231070518 65.096321940422058 82.562344133853912 57.15369088947773 81.705675691366196 137.89058575034142 73.067993491888046 98.401437848806381 62.134318053722382 95.66302365064621 71.012034058570862 77.113719969987869 139.69655954837799 68.066190481185913 131.89806240797043 159.5735102891922 98.113251566886902 67.218033313751221 43.966063097119331 32.347105637192726 26.952816143631935 24.310182422399521
leaf_count=114 136 131 91 100 107 125 103 108 86 111 150 139 85 81 107 79 104 118 94 141 106 163 126 135 98 132 123 118 161 138 82 127 145 106 131 120 94 104
internal_value=3.72539e-05 -0.00197636 0.00194669 0.00143491 0.00192271 0.00112804 0.00224119 0.00369122 -0.000795467 -0.00130405 -0.000504165 0.0025429 -0.00141566 0.00395384 0.00233503 -0.00580772 -0.00662733 -0.0026889 -0.0013335 -0.00782308 -0.00466221 -0.000685338 -0.00128046 -0.00202927 0.00120941 -0.00335207 -0.00250405 -0.000658668 -0.000366022 -0.00538553 -0.00248137 -0.000975379 -0.00434269 -0.00426909 -0.00929474 -0.0100026 -0.00891161 -0.0105439
internal_weight=3927.93 1911.81 2016.12 1737.2 1444.8 1038.5 657.812 449.086 380.684 1626.42 1030.95 237.386 793.562 406.305 248.335 285.396 255.932 595.469 353.004 212.073 242.465 670.257 532.366 409.279 123.087 177.369 270.442 132.212 238.098 123.305 254.296 292.397 171.181 138.23 154.92 110.954 78.6066 51.6538
internal_count=4519 3266 1253 1162 899 611 336 233 275 2379 1471 289 1182 288 207 887 808 908 552 694 356 913 750 567 183 238 458 229 296 269 189 263 271 229 553 422 302 208
is_linear=0
shrinkage=0.0161547


Tree=125
num_leaves=42
num_cat=0
split_feature=43 43 44 13 43 37 32 44 6 8 6 53 8 17 50 5 0 13 40 43 52 42 53 53 43 10 8 8 6 50 43 43 52 52 53 53 53 15 13 8 43
split_gain=59.5838 24.7612 10.4534 10.4575 9.31783 7.82031 8.75472 7.39598 6.99526 8.18812 6.91654 6.97399 8.4847 11.2784 7.46851 6.2179 6.19828 5.68937 5.21071 4.77481 4.17593 4.15357 3.64417 3.60627 3.38144 3.36075 6.45724 8.15031 4.09858 2.93338 4.42343 2.98529 2.80963 2.69212 2.34969 2.20283 3.53523 1.7711 1.42851 0.605918 0.464975
threshold=0.82895000000000019 2.6030500000000001 68.500000000000014 0.034346173751094472 0.59175000000000011 1.0000000180025095e-35 1.0000000180025095e-35 77.500000000000014 1.3987403106239935 0.60830771678879858 0.5006316260716509 0.93632690093775817 0.0027662606824904981 0.057008531622242516 93.500000000000014 1.5000000000000002 0.27320525822935599 0.61376422238207173 1.0000000180025095e-35 0.71695000000000009 0.94569171602175783 2.5000000000000004 1.0236856744094631 0.93532848418288028 0.69495000000000007 0.28762821110570264 0.11270339711983653 0.064082313576123359 0.014597125690019414 90.500000000000014 0.76450000000000007 0.77480000000000016 0.93763497399644036 0.92152411567520665 0.98560205853631566 0.87736119196109652 0.96437649594167552 0.0057791699020588823 0.060337482541778627 0.021341288060593672 0.55405000000000004
decision_type=2 2 2 2 2 2 2 2 2 2 2 2 2 2 2 2 2 2 2 2 2 2 2 2 2 2 2 2 2 2 2 2 2 2 2 2 2 2 2 2 2
left_child=4 2 20 37 35 6 8 33 9 10 11 12 -5 14 15 -14 -15 -18 21 -20 -2 22 24 -7 32 28 27 -27 -13 30 -26 -31 39 -8 -28 -1 40 -4 -34 -6 -37
right_child=1 -3 3 5 18 23 7 -9 -10 -11 -12 25 13 16 -16 -17 17 -19 19 -21 -22 -23 -24 -25 29 26 34 -29 -30 31 -32 -33 38 -35 -36 36 -38 -39 -40 -41 -42
leaf_value=-0.003744862537965066 -0.0058945277575578351 0.0054466133365840587 -0.0014735159511575422 0.0060301773606191104 -0.008696375175373321 0.0018904663858065351 -0.0014003267854022256 0.0015244729001752159 0.0050794819313740745 -0.0024746887177642847 0.0039405851723129156 -6.0647626678003589e-05 -0.0022534498572635521 0.0053145972141651707 -0.0046849147942063111 0.0038677120269450661 -0.00098689783009541106 0.0039332245611842596 0.0035477724390599961 -0.0032203907504155358 -0.00042625166826090608 -0.008178712200568039 -0.0068349543452781046 0.0056182404805242281 -0.006604452126271176 -0.00096061181889799097 7.9247559439148038e-05 0.0056844241476271219 -0.0049505845037007149 0.0020102167775039644 -0.00016433869809550961 -0.0027729659535953638 -0.00059608759977236223 -0.0048846006281511381 -0.0032015389712990636 -0.01021805022684783 -0.0054221074351155137 -0.0047891054558885354 -0.004864268186364205 -0.0055880881110134378 -0.013114335027901301
leaf_weight=28.076336398720741 82.619121104478836 318.72124266624451 94.383465051651001 114.29869449138641 32.164474382996559 133.61001110076904 114.25013706088066 141.33349984884262 120.84053826332092 155.86406487226486 238.97724133729935 103.48481813073158 86.78602260351181 171.41672694683075 103.42140334844589 86.449248522520065 131.13934433460236 115.22955352067947 54.450039952993393 54.361154586076736 65.214229017496109 49.402367204427719 63.828504338860512 137.34697940945625 57.641034722328186 89.357758194208145 128.27414038777351 104.50665935873985 78.791437834501266 81.720141261816025 53.824467688798904 58.379298180341721 42.993352994322777 117.2775916159153 102.49028986692429 34.742705076932907 44.95238196849823 75.823176622390747 39.052908301353455 33.3242127597332 24.786224484443665
leaf_count=94 130 100 131 114 100 99 96 99 55 103 151 111 112 133 141 93 121 79 98 92 93 93 158 95 129 98 111 94 94 145 96 109 104 112 97 157 159 112 89 85 83
internal_value=0.000213852 0.00117309 0.000702306 0.000927641 -0.00387396 0.00118397 0.00087869 -0.0013876 0.00131622 0.00106504 0.00139848 0.000969344 0.00195159 0.00128029 -0.00124966 0.000801181 0.00295561 0.0013143 -0.00304418 0.000166455 -0.00348229 -0.00372607 -0.00325089 0.00378006 -0.00267769 -0.000339557 0.000448064 0.00262153 -0.00217439 -0.00153893 -0.00349465 1.70693e-05 -0.00461941 -0.00316524 -0.00137786 -0.00776218 -0.00884172 -0.00295054 -0.00262768 -0.00711471 -0.011424
internal_weight=3965.61 3211.91 2893.19 2745.35 753.7 2575.15 2304.19 372.861 1931.33 1810.49 1654.62 1415.65 808.741 694.442 276.657 173.235 417.786 246.369 621.142 108.811 147.833 512.331 462.928 270.957 399.1 606.905 424.629 193.864 182.276 251.565 111.466 140.099 147.535 231.528 230.764 132.558 104.481 170.207 82.0463 65.4887 59.5289
internal_count=4565 2774 2674 2451 1791 2208 2014 307 1707 1652 1549 1398 793 679 346 205 333 200 1298 190 223 1108 1015 194 857 605 400 192 205 479 225 254 378 208 208 493 399 243 193 185 240
is_linear=0
shrinkage=0.0161547


Tree=126
num_leaves=39
num_cat=0
split_feature=43 43 40 50 42 53 15 52 44 25 19 21 21 21 52 50 53 44 19 43 2 14 50 53 13 51 4 8 17 43 21 15 52 2 15 52 6 45
split_gain=53.0881 16.5532 9.20917 8.7731 10.0778 8.03274 6.54957 6.36426 6.0684 5.04713 11.2304 8.46486 6.28964 10.1421 6.14761 5.8913 5.67981 5.23487 5.90637 4.907 4.0768 3.46313 3.20627 2.65327 3.1466 3.49388 2.60212 3.01343 3.68403 2.88808 2.49245 2.11137 2.06574 1.86339 1.71374 1.34492 1.1374 0.482859
threshold=0.82555000000000012 1.5726000000000002 1.0000000180025095e-35 97.000000000000014 3.5000000000000004 0.95448212008367206 0.45238830576360156 0.92152411567520665 68.500000000000014 10.500000000000002 0.031643127542053735 0.027379594751012395 0.13717220654982765 0.16760405424839195 0.95914581133341847 94.500000000000014 0.89060886751271606 76.500000000000014 0.42494553034057375 0.55795000000000006 0.43274375808860971 2.5000000000000004 98.500000000000014 1.0236856744094631 0.0055497738951853217 22.500000000000004 0.069588813037954181 0.07991291638558444 0.0064158597904369055 0.72065000000000012 0.074563562162352076 0.0057791699020588823 0.94569171602175783 0.03493050841851085 0.022862506447585421 0.95477616259028963 0.015388653665163775 1.0000000180025095e-35
decision_type=2 2 2 2 2 2 2 2 2 2 2 2 2 2 2 2 2 2 2 2 2 2 2 2 2 2 2 2 2 2 2 2 2 2 2 2 2 2
left_child=2 8 19 4 6 -4 -3 -6 32 -10 31 -12 14 -14 16 17 -13 18 -15 36 -17 -16 30 24 -21 26 27 28 -26 33 -18 -11 -2 -30 -33 -25 37 -1
right_child=1 3 5 -5 7 -7 -8 -9 9 10 11 12 13 15 21 20 22 -19 -20 23 -22 -23 -24 35 25 -27 -28 -29 29 -31 -32 34 -34 -35 -36 -37 -38 -39
leaf_value=-0.005890002929762027 -0.0050303314765123954 0.0032043268425927612 -0.0030688662021072016 -0.00018390443818641611 0.0064010871848578805 0.005377828609432176 -0.00082085512969978867 0.0029395490274878237 0.004103100184373795 -0.0010963822412986069 0.0053926827393044859 0.0032397355592048123 0.0056464757557743482 -0.0021479680584542559 -0.00033629295575691217 -0.0035280679262907513 0.0018866674179150843 0.0033984656382795553 0.0027157103127188331 -0.0069296049512954233 0.00089108888238714778 -0.0047143726645468538 -0.0034412285247143251 -0.0091680144949646027 0.00051376529037471528 -0.0066660403143516721 -0.0057184709197362618 0.0017305223272704219 -0.0085330766552762054 -0.0019876919523175688 -0.0015961894250158804 -0.0064471206599567461 -0.0010835983412936813 -0.0034947832538065752 -0.002839634315648233 -0.0047788918154674986 -0.011824799077155347 -0.0090807384938928534
leaf_weight=27.626800179481506 74.329126089811325 218.89301288127899 76.047349974513054 261.8747279047966 262.60325616598129 47.883196085691452 203.64564847946167 293.57934308052063 87.078052222728729 67.802169740200043 90.215648710727692 116.30563819408417 116.32545745372772 148.03810352087021 72.272981435060501 129.47220945358276 106.89796897768974 212.41057431697845 116.39384537935257 66.342254430055618 94.059262096881866 135.65576231479645 93.796054154634476 36.560043796896935 68.824314251542091 61.910890161991119 54.928020924329758 49.841695576906204 41.806732356548309 92.118606686592102 107.59725540876389 66.371533542871475 64.767463982105255 35.360925018787384 71.267945110797882 36.319337204098701 20.661158785223961 22.424447566270828
leaf_count=113 120 147 153 142 99 79 104 114 91 98 107 131 103 151 89 129 124 163 88 175 83 173 118 98 159 146 106 88 111 176 123 105 98 84 101 85 90 98
internal_value=8.23854e-05 0.000980516 -0.00382266 0.00244239 0.0031451 0.000194694 0.00126436 0.00457392 6.04029e-05 0.000307397 0.000117973 0.000591427 0.000292544 0.00122914 -0.000916762 0.000495463 0.000197743 0.00150989 -7.14419e-06 -0.00463257 -0.00166854 -0.00319262 -0.000949876 -0.0041122 -0.00366847 -0.003134 -0.00249625 -0.0018816 -0.00263769 -0.00391894 0.000139562 -0.00342977 -0.00319262 -0.00622435 -0.00457921 -0.0069807 -0.00863592 -0.00731955
internal_weight=3950.31 3211.65 738.656 1240.6 978.721 123.931 422.539 556.183 1971.06 1831.96 1744.88 1539.44 1449.23 816.699 632.526 700.374 424.597 476.843 264.432 614.725 223.531 207.929 308.291 544.013 471.133 404.791 342.88 287.952 238.111 169.286 214.495 205.442 139.097 77.1677 137.639 72.8794 70.7124 50.0512
internal_count=4562 2801 1761 606 464 232 251 213 2195 1977 1886 1582 1475 717 758 614 496 402 239 1529 212 262 365 1228 1045 870 724 618 530 371 247 304 218 195 206 183 301 211
is_linear=0
shrinkage=0.0161547


Tree=127
num_leaves=38
num_cat=0
split_feature=43 44 43 18 44 2 2 43 43 35 0 52 52 40 0 40 50 13 52 53 53 8 10 17 52 53 43 50 43 43 2 13 21 2 17 53 53
split_gain=56.6222 18.2855 14.9368 9.74494 7.46008 9.65758 6.394 13.0055 9.81323 9.63227 9.00844 6.82448 19.5554 5.70303 12.6731 4.36743 3.82832 3.7579 3.75849 3.64059 4.52493 3.50913 3.19388 2.84034 2.62816 3.29508 2.58216 2.76182 2.23231 2.12019 1.52333 1.47974 1.43905 1.35972 1.34316 1.04175 0.881704
threshold=0.97555000000000014 79.500000000000014 0.67295000000000016 4.5000000000000009 70.500000000000014 0.11628051365011753 0.62139665096340058 1.7591000000000003 2.2552500000000006 1.0000000180025095e-35 0.17017242843323438 0.9506428847742413 0.8987334627721083 1.0000000180025095e-35 0.16165490648659231 1.0000000180025095e-35 104.50000000000001 0.02926297606981965 0.94893642848195381 1.0668673465683673 0.99729100681811744 0.14616011305103924 0.68501221281983737 0.11412782353226357 0.92152411567520665 0.95306684351817716 0.83180000000000009 90.500000000000014 0.81925000000000014 1.2606500000000003 0.0080016986425313717 0.0055497738951853217 0.2162627376860389 0.074041535008383522 0.018759706206513061 0.90188601915518507 0.96955963991497274
decision_type=2 2 2 2 2 2 2 2 2 2 2 2 2 2 2 2 2 2 2 2 2 2 2 2 2 2 2 2 2 2 2 2 2 2 2 2 2
left_child=2 4 17 21 5 -2 8 -8 9 10 11 12 -6 16 -15 22 19 30 36 20 23 -3 -11 24 25 28 27 -26 -4 -12 31 35 -31 -28 -20 -1 -19
right_child=1 3 13 -5 6 -7 7 -9 -10 15 29 -13 -14 14 -16 -17 -18 18 34 -21 -22 -23 -24 -25 26 -27 33 -29 -30 32 -32 -33 -34 -35 -36 -37 -38
leaf_value=-0.0061013005426029795 0.0010554255895331031 0.0027504460700288557 -0.0051576821447297996 0.0050918012124196018 -0.00014965648906751342 -0.0047914327896645195 0.0053703756489049499 -9.9789895569321707e-05 0.0044257376372481665 -0.0032334295446425137 0.00063378872794726294 -0.00059389957538266269 0.0094373851551384346 0.0036520514882660035 -0.0046044164161508526 -0.0053033158428394201 0.0013332015195371024 -0.008050528442907743 7.9239134934933715e-05 0.0010679008986823335 -0.0071289260158001345 -0.00085820046383026179 0.00048119810877642722 0.00039542350083333189 -0.0051436743236996912 0.0013980615430228404 -0.0077443749385424773 -0.00067778740226097475 -0.0014590487766419835 -0.0006028671859343765 -0.011630468193688402 -0.0043850420838575785 -0.0030274320229855853 -0.0042236357365515427 -0.0042044536676687141 -0.010323472120165458 -0.0046036873692044027
leaf_weight=24.526957511901855 143.89469683170319 163.87916931509972 76.527280330657959 405.46391552686691 117.68814763426781 151.19033148884773 214.64165878295898 240.54877030849457 130.44604045152664 117.15937680006027 164.078728556633 106.76011544466019 105.12436717748642 123.38695231080055 79.956416755914688 102.05142462253571 57.980025768280029 57.820791766047478 39.611747875809669 53.128201901912689 72.588569730520248 123.1881098151207 124.70382958650589 62.811776578426361 72.734698891639709 56.411832004785538 63.731119245290756 71.827554196119308 96.020382612943649 139.11012929677963 28.223759472370148 29.948868870735168 118.14314836263657 51.972953945398331 36.894760459661484 40.323860108852386 29.122739717364311
leaf_count=84 174 142 162 172 123 158 135 100 58 123 171 115 86 173 118 89 97 181 99 82 147 87 101 80 154 90 117 134 148 115 107 102 83 83 89 156 85
internal_value=-9.97707e-05 0.00122056 -0.00297418 0.00347936 0.000428734 -0.00194028 0.000844729 0.00247963 0.000237359 -0.00026168 0.000763795 0.00276443 0.00437357 -0.00198914 0.000405535 -0.00250071 -0.00265099 -0.00620321 -0.004598 -0.00299182 -0.00333713 0.00120188 -0.00131818 -0.00283853 -0.00325374 -0.00199133 -0.0043643 -0.00292474 -0.00309944 -0.000801136 -0.0083359 -0.00735504 -0.00171634 -0.0061629 -0.00198654 -0.00872662 -0.00689597
internal_weight=3893.62 2668.07 1225.55 692.531 1975.54 295.085 1680.46 455.19 1225.27 1094.82 750.905 329.573 222.813 939.078 203.343 343.915 735.734 286.473 163.45 677.754 624.626 287.067 241.863 552.038 489.226 228.959 260.266 144.562 172.548 421.332 123.023 94.7997 257.253 115.704 76.5065 64.8508 86.9435
internal_count=4520 2032 2488 401 1631 332 1299 235 1064 1006 693 324 209 1585 291 313 1294 903 454 1197 1115 229 224 968 888 400 488 288 310 369 449 342 198 200 188 240 266
is_linear=0
shrinkage=0.0161547


Tree=128
num_leaves=37
num_cat=0
split_feature=43 43 2 40 51 4 10 17 46 17 15 43 4 43 10 10 21 40 13 52 34 53 43 13 21 44 53 13 4 13 43 52 51 17 53 45
split_gain=58.4149 18.4264 12.937 7.8105 9.40044 6.59206 12.2525 10.1439 5.3093 8.28886 6.529 5.28302 11.7408 4.65844 6.92652 5.53137 4.60146 4.4731 4.17981 4.11439 3.77825 3.77771 3.68234 6.87244 5.28856 3.66475 3.41877 2.44399 2.39753 1.85319 1.423 1.97711 1.56422 1.562 1.24322 0.445255
threshold=1.1459500000000002 0.6856000000000001 1.130775906436434 1.0000000180025095e-35 17.500000000000004 0.011548034843387274 0.14381520438540316 0.043999619544237069 1.0000000180025095e-35 0.009218422002519126 0.11852020147716752 1.7591000000000003 0.19781267607761838 1.3660500000000002 1.8866085578466463 1.5121384788904269 0.022414714597681375 1.0000000180025095e-35 0.26786876634280182 0.873295289967843 1.0000000180025095e-35 0.93757315545435072 0.91350000000000009 0.24185506398520853 0.20990659354676147 70.500000000000014 0.93700965917191315 0.1974959811910896 0.029580572295652911 0.021948282264261331 0.59175000000000011 0.96152879766598975 20.500000000000004 0.0055883995153959117 0.92877763144566272 1.0000000180025095e-35
decision_type=2 2 2 2 2 2 2 2 2 2 2 2 2 2 2 2 2 2 2 2 2 2 2 2 2 2 2 2 2 2 2 2 2 2 2 2
left_child=1 17 5 8 -5 6 21 26 16 -10 -11 13 -13 15 -15 -9 29 20 -6 -18 27 -2 25 -24 -25 -21 -7 30 -27 34 32 35 33 -1 -3 -32
right_child=2 3 -4 4 18 7 -8 11 9 10 -12 12 -14 14 -16 -17 19 -19 -20 22 -22 -23 23 24 -26 28 -28 -29 -30 -31 31 -33 -34 -35 -36 -37
leaf_value=-0.0058614657313044143 0.0031556449481495909 -0.0048628946937284449 0.0044722735886683386 0.0040600991957855529 -0.0036614308133855402 -0.0044778131978796959 0.0080924385887967531 0.0037389276146609033 0.004887016258636895 -0.0051135437166280624 0.0012563956485555081 0.0043193050660553494 -0.00055832976230267594 -0.0027132456594868687 0.0019775623462969143 -0.00052411036144683237 -0.0050150965371327577 -0.00086077169544026676 0.0015447205178641872 -0.00582134165451525 -0.0010371828259798479 -0.0011690249452070206 0.0023862456797885193 -0.0052793593876843299 0.00032924534563814146 0.00016131441891572144 -0.00026591658021578313 -0.0025256352574721938 -0.0035682937541937597 -0.0064291561912954154 -0.0069684379722972315 -0.0039398373554221195 -0.012076424483045842 -0.010828048972083918 -0.0014014514262093471 -0.0096005549830278456
leaf_weight=44.830293133854866 117.60596877336502 59.423267900943756 407.43253433704376 139.80995258688927 101.964291036129 109.39439880847931 99.10085141658783 174.5237147808075 69.514539241790771 79.354021608829498 89.191299289464951 350.73208594322205 203.52073729038239 212.94456034898758 133.75242269039154 145.78180092573166 94.525241047143936 44.885449901223183 66.489847332239151 75.160880357027054 30.941354930400848 95.533472657203674 144.46370610594749 84.57772496342659 91.173725485801697 96.518642663955688 93.092739313840866 27.916241049766541 84.242033272981644 88.700870513916016 36.169864639639854 49.589389488101006 30.303156718611717 26.174649357795715 49.749920457601547 31.275235325098038
leaf_count=173 105 114 146 168 154 115 75 148 109 135 115 168 94 167 83 127 152 109 75 147 85 92 179 110 96 162 90 62 135 175 107 128 131 101 89 98
internal_value=9.73361e-05 -0.0021045 0.00188162 -0.00131062 0.000963509 0.0012736 0.00339933 0.00080741 -0.00194412 0.00019322 -0.00174268 0.00136265 0.00252825 0.000394089 -0.000903576 0.00179868 -0.00252995 -0.00559187 -0.00160653 -0.00189125 -0.00635795 0.00121724 -0.00137873 -0.000224136 -0.00236981 -0.00282339 -0.00254141 -0.00702648 -0.00157684 -0.00469472 -0.00760194 -0.00638855 -0.00900368 -0.0076923 -0.00328552 -0.00818899
internal_weight=3880.36 1736.95 2143.42 1414.86 308.264 1735.98 312.24 1423.74 1106.6 238.06 168.545 1221.26 554.253 667.002 346.697 320.306 868.536 322.086 168.454 670.662 277.2 213.139 576.137 320.215 175.751 255.922 202.487 246.259 180.761 197.874 218.343 117.034 101.308 71.0049 109.173 67.4451
internal_count=4519 3109 1410 2115 397 1264 272 992 1718 359 250 787 262 525 250 275 1359 994 229 981 885 197 829 385 206 444 205 800 297 378 738 333 405 274 203 205
is_linear=0
shrinkage=0.0161547


Tree=129
num_leaves=39
num_cat=0
split_feature=43 43 43 44 44 52 50 4 30 44 4 50 8 28 28 50 4 43 15 1 52 43 4 52 51 15 13 50 19 43 13 8 53 4 44 44 51 19
split_gain=49.8005 21.7488 10.9573 10.1161 6.81981 6.15398 5.91753 6.1699 9.57404 9.00438 9.33871 9.14795 6.24151 5.2312 5.01244 5.10439 4.93473 5.47285 5.80462 6.72275 4.28439 4.23928 6.31392 4.15975 3.94526 4.7736 3.83969 3.39892 3.031 2.40479 2.97092 2.56948 3.10431 4.15602 1.63261 1.36655 0.801609 0.330749
threshold=0.82555000000000012 1.9938000000000002 0.57435000000000014 78.500000000000014 68.500000000000014 1.0072822645845405 93.500000000000014 0.073902452926660103 1.0000000180025095e-35 83.500000000000014 1.0000000180025095e-35 82.500000000000014 0.024118210710665302 1.0000000180025095e-35 1.0000000180025095e-35 101.50000000000001 0.17941121755444689 1.1459500000000002 0.07210424935638847 1.5000000000000002 0.94569171602175783 0.95495000000000008 0.047974619828018886 0.93329330666766952 15.500000000000002 0.057489158399065717 0.2548291582656973 86.500000000000014 0.3325897902590354 0.67295000000000016 0.015873675790423532 0.0068585944645915753 0.90306351514744032 0.03287162168777967 67.500000000000014 73.500000000000014 18.500000000000004 0.03372698675014963
decision_type=2 2 2 2 2 2 2 2 2 2 2 2 2 2 2 2 2 2 2 2 2 2 2 2 2 2 2 2 2 2 2 2 2 2 2 2 2 2
left_child=2 4 34 -3 20 24 7 9 13 10 11 -6 -12 28 16 -16 17 18 -8 -20 -2 -14 26 -19 25 -4 -23 -7 -9 35 -31 -32 -33 -34 -1 37 -36 -26
right_child=1 3 5 -5 6 27 14 8 -10 -11 12 -13 21 -15 15 -17 -18 23 19 -21 -22 22 -24 -25 29 -27 -28 -29 -30 30 31 32 33 -35 36 -37 -38 -39
leaf_value=-0.012008766102750545 -0.0057299170669321067 0.0015790298295042765 0.0017896472671075445 0.0053964892489811976 -0.0015836049921574321 -0.0030584983201254815 -0.0064612670057706554 6.4224124643023537e-05 0.0049394185853809426 0.0051724065391671884 -0.0051915609830921906 0.0055369410278880201 0.0023777228198484869 -0.0019260988718075714 -0.00077980035297271332 0.0038697816904129829 -0.0046735580866200093 0.0020647120182340972 0.0023534887391965104 -0.0044930273506263892 -0.00028366589868388415 -0.002476237944537722 -0.0050559269870545896 -0.0020294105512483479 -0.0071278982550702259 -0.0050895288943562369 0.001497683291784785 0.0018009734175920803 0.0036181986366540264 -0.00023949141016483253 -0.00795827027604744 -0.0071413577457762178 0.0007411240656412894 -0.0055490728743553949 -0.0090940347433219847 -0.0042910507718501439 -0.0054735311707064501 -0.009370430726517236
leaf_weight=30.209831953048706 79.031587719917297 385.23678857088089 60.420685350894928 341.97970747947693 79.935895383358002 64.236073926091194 72.004776448011398 110.78542897105217 223.75786328315735 83.332273155450821 98.562934011220932 114.58013105392456 92.580572783946991 128.3337140083313 138.76312792301178 110.83725455403328 102.07175862789154 191.58080160617828 79.197553604841232 70.968812376260757 72.072047799825668 110.6250903904438 95.471049308776855 97.841828584671021 39.690691381692886 46.650945365428925 148.80937200784683 90.462308526039124 144.06553614139557 47.563474789261818 48.780676618218422 48.079685658216476 58.218538135290146 51.805010408163071 35.301425531506538 37.977384194731712 29.128577843308449 30.242121323943138
leaf_count=136 131 178 124 114 99 139 124 109 143 74 137 124 120 100 126 92 87 169 96 97 105 134 98 95 127 93 123 171 97 94 107 100 108 98 138 100 115 86
internal_value=5.16004e-05 0.000921508 -0.00378792 0.00337422 0.00019206 -0.00301121 0.000411017 0.00104831 0.00228427 0.00013781 -0.00042871 0.00261077 -0.00151145 0.000733822 -0.00064528 0.00128489 -0.00143035 -0.000783275 -0.00269034 -0.000882183 -0.00313221 -0.000700867 -0.00150395 0.000680658 -0.00393208 -0.0012076 -0.000196831 -0.000216846 0.00207326 -0.00473713 -0.00388009 -0.00471707 -0.00371705 -0.00222064 -0.00891011 -0.00675799 -0.00745722 -0.00809767
internal_weight=3891.19 3172.43 718.767 727.216 2445.21 624.128 2294.11 1430.84 606.943 823.897 740.565 194.516 546.049 383.185 863.266 249.6 613.666 511.594 222.171 150.166 151.104 447.486 354.906 289.423 469.429 107.072 259.434 154.698 254.851 362.358 254.447 206.884 158.103 110.024 94.6398 107.91 64.43 69.9328
internal_count=4508 2772 1736 292 2480 1347 2244 1358 449 909 835 223 612 306 886 218 668 581 317 193 236 475 355 264 1037 217 257 310 206 820 507 413 306 206 389 313 253 213
is_linear=0
shrinkage=0.0161547


Tree=130
num_leaves=41
num_cat=0
split_feature=43 21 15 53 21 15 43 50 44 17 40 19 8 4 52 10 6 17 52 6 6 17 5 0 46 21 14 4 10 53 43 10 51 53 15 43 44 42 52 51
split_gain=54.1947 16.1479 11.9725 8.54231 8.4853 9.91533 9.72466 6.33217 6.71571 6.12891 6.00953 5.88722 9.52113 11.057 8.90539 7.46856 12.8751 7.37215 5.99509 5.33007 5.0669 8.9271 4.65207 8.79937 3.76059 3.31991 2.923 3.08448 4.62648 7.15216 2.91946 2.88075 2.36035 2.03481 1.96476 1.79472 1.32573 1.43724 1.41044 0.683774
threshold=1.2181000000000002 0.0123109368068303 1.6489226156270462 0.84586600361515785 0.018076292868198712 0.025842260874334531 0.82230000000000014 93.500000000000014 80.500000000000014 0.418661418087791 1.0000000180025095e-35 0.42494553034057375 0.60830771678879858 0.14850897070276184 0.8854571507991148 1.0560325734136591 0.056793603673924893 0.062530231964039437 0.94569171602175783 0.015892314311195855 0.11121715537621939 0.044771214919517063 1.0000000180025095e-35 0.10503607045247861 1.0000000180025095e-35 0.14191791561726769 1.5000000000000002 0.072712450150636668 0.31523988882094017 0.9486888262657186 0.97965000000000013 0.1770911913747899 22.500000000000004 0.91784838779694733 0.30551830388228235 0.71405000000000007 75.500000000000014 1.5000000000000002 0.89887477047811071 17.500000000000004
decision_type=2 2 2 2 2 2 2 2 2 2 2 2 2 2 2 2 2 2 2 2 2 2 2 2 2 2 2 2 2 2 2 2 2 2 2 2 2 2 2 2
left_child=1 10 9 -3 5 -5 26 8 22 11 24 14 13 -13 33 16 19 -18 -17 -16 21 -9 -8 -24 32 -22 -6 28 31 -30 -25 35 36 -2 -32 -28 37 38 -1 -40
right_child=2 3 -4 4 6 -7 7 20 -10 -11 -12 12 -14 -15 15 18 17 -19 -20 -21 25 -23 23 30 -26 -27 27 -29 29 -31 34 -33 -34 -35 -36 -37 -38 -39 39 -41
leaf_value=-0.0086527736882112787 -0.00023968579843345006 -0.0062185663705262954 0.0051414295248398429 0.0084899584044813466 -0.0065535712855473759 -0.0014841456555799487 0.0034157114618365071 -0.0034624640907016833 0.0042264640462167614 -0.0014478881342742502 -5.6063076154734965e-05 0.0018121817600518935 -8.5044694983757752e-05 0.0072546367930486615 0.0024341005136400504 0.0023201722941301409 0.0027923288823622767 0.008284834936770194 -0.0024477632710827118 -0.0028915523979739961 -0.0067704631430283036 0.0036506744947121064 -0.005216868653826463 0.0021242571933846781 -0.0027426968786667463 -0.0022562404866444973 -0.0046926335004891457 -0.0057197476915950623 -0.0033707306097081296 0.0045360441851599815 -0.002326691346929117 -0.0077766136343480653 -0.010184619871367359 -0.003243922980032227 0.0009291092904269877 -0.00010839848785499275 -0.0038008059225290011 -0.0095069217100282131 -0.0030615960530352747 -0.0061770958524817211
leaf_weight=33.402880534529686 110.79275172948837 86.57550935447216 245.19859772920609 51.477110043168068 67.239373356103897 52.578783497214317 76.886017322540283 104.25661882758141 105.83090206980705 185.46072453260422 53.947585120797157 206.45578867197037 182.93400585651398 184.4593910574913 105.20929265022278 124.7715562582016 131.92304283380508 123.45829164981842 153.48279464244843 91.869737446308136 73.215807199478149 82.467741757631302 95.792078644037247 139.18679562211037 75.476659864187241 101.40021708607674 46.957026258111 75.149648308753967 64.395232602953911 55.66502334177494 112.80404308438301 39.045661568641663 45.595167398452759 125.46938693523407 84.686448574066162 42.423160344362259 48.943006709218025 39.463217601180077 36.062589809298515 37.504386514425278
leaf_count=105 93 159 78 88 167 101 94 160 105 84 101 111 86 86 95 86 112 77 117 88 109 89 141 176 176 117 126 144 135 94 138 98 133 113 81 77 112 96 96 106
internal_value=-8.23807e-05 -0.00200789 0.00180107 -0.00128711 -0.000996962 0.00345011 -0.00133537 -0.000473456 0.000523529 0.00132662 -0.00503976 0.00166057 0.00295681 0.00438029 0.000891315 0.00177285 0.00305363 0.00544756 -0.000309781 -4.8489e-05 -0.00217083 -0.000320911 -0.000245846 -0.000896811 -0.00588938 -0.00414904 -0.00348871 -0.00285194 -0.00198463 0.000295185 0.00033234 -0.00411595 -0.00687497 -0.00183512 -0.000930562 -0.00251679 -0.0061026 -0.00687193 -0.00589984 -0.00464988
internal_weight=3899.91 1928.43 1971.49 1558.03 1471.46 104.056 1367.4 976.527 615.186 1726.29 370.395 1540.83 573.849 390.915 966.977 730.715 452.46 255.381 278.254 197.079 361.34 186.724 509.355 432.469 316.448 174.616 390.875 323.636 248.486 120.06 336.677 128.426 240.971 236.262 197.49 89.3802 195.376 146.433 106.97 73.567
internal_count=4550 3324 1226 2399 2240 189 2051 1210 735 1148 925 1064 283 197 781 575 372 189 203 183 475 249 630 536 824 226 841 674 530 229 395 301 648 206 219 203 515 403 307 202
is_linear=0
shrinkage=0.0161547


Tree=131
num_leaves=39
num_cat=0
split_feature=19 44 14 25 19 53 8 21 40 53 50 52 44 23 52 2 50 44 2 10 8 8 53 2 17 4 53 50 53 53 15 13 13 8 44 17 2 50
split_gain=32.4714 15.8182 10.423 9.70966 16.6774 8.84715 9.36435 8.95907 8.41062 8.2759 8.11783 8.00321 8.85013 6.8092 6.35814 6.31883 5.85288 5.79159 5.59282 5.16497 7.39048 4.98114 4.45426 4.37711 4.36251 4.34216 4.18865 4.1376 2.81407 3.09412 3.06901 2.42693 1.9092 3.41095 2.54571 1.62109 0.922342 0.519067
threshold=0.40827302954257311 70.500000000000014 5.5000000000000009 10.500000000000002 0.031134321523960975 0.94424917842281975 0.29253801767659332 0.13717220654982765 1.0000000180025095e-35 1.0668673465683673 87.500000000000014 0.97954261554445587 74.500000000000014 2.4038272892419985 0.91329427876986824 1.0980486479259108 86.500000000000014 75.500000000000014 0.047816752432145948 1.8866085578466463 0.16932570090902418 0.037695826521756182 0.88005717887098256 0.12776993161696212 0.31321598268051548 0.021188641006893476 0.96130391013822181 103.00000000000001 0.88664277070685082 0.94288056771151185 0.0065545361717522137 0.19164225764771045 0.031306618468090193 0.082664614958756627 68.500000000000014 0.0036677545452142662 0.082113570362130989 79.500000000000014
decision_type=2 2 2 2 2 2 2 2 2 2 2 2 2 2 2 2 2 2 2 2 2 2 2 2 2 2 2 2 2 2 2 2 2 2 2 2 2 2
left_child=1 8 13 -3 28 6 7 11 16 19 -9 12 14 -2 -6 24 26 -15 -10 20 21 31 -18 -23 -4 -14 37 32 -5 30 -30 -7 -24 34 -34 -31 -13 -1
right_child=2 3 15 4 5 9 -8 10 18 -11 -12 36 25 17 -16 -17 22 -19 -20 -21 -22 23 27 -25 -26 -27 -28 -29 29 35 -32 -33 33 -35 -36 -37 -38 -39
leaf_value=-0.0096746761990229701 0.0035427823260293012 0.0046225899854200857 0.0039399219684375054 -0.0063200676903287381 0.0018485686599689413 -0.005909653552669039 -0.00281372941855183 0.0075605129809177239 0.0040929777618025779 0.0032198596965587151 0.0020916546135637615 -0.0040421807524969929 0.0020912202470681268 -0.0025437728880799816 0.0080777105145392984 0.0052914620745971534 0.00053087400755894661 0.0014416453708159689 -0.0027012702550739945 0.0016177414471029402 -0.0071019080534299667 0.0021161712133375122 -0.0074475144596944194 -0.0022580339324291239 0.00047810506181496834 -0.0026434945043252067 -0.0028774068333642265 0.00044276331545603363 0.0020313036907901256 -0.0062214830362799407 -0.0029956407778663281 -0.001798380552410062 -0.0046260852683550546 -0.0069702984658790131 0.00046070548355195255 -0.0027645999093169034 -0.0013637620222595702 -0.0073768177205346744
leaf_weight=45.47716873884201 156.19620487093925 109.47515127062798 194.75463664531708 74.020783379673958 96.121713489294052 77.35936538875103 119.87319812178612 117.42333349585533 64.127005815505981 100.58220353722572 178.53282350301743 64.796298772096634 97.841356545686722 182.15159156918526 77.035588979721069 336.14259725809097 82.917608544230461 199.24990543723106 62.372870296239853 95.134734034538269 76.538599520921707 114.5573878288269 51.548855409026146 124.67830048501492 185.47446554899216 104.58107036352158 55.253929272294044 49.531544879078865 52.690063342452049 68.228995144367218 79.541920021176338 72.673592299222946 51.670705646276474 59.076870769262314 51.035456836223602 73.584067583084106 69.587284743785858 58.860248029232025
leaf_count=107 113 119 105 156 121 131 122 90 101 100 150 99 129 134 91 109 161 112 87 82 90 132 155 141 82 131 118 92 101 150 157 78 112 96 79 136 91 144
internal_value=0.0002567 -0.000748277 0.00240193 -5.79447e-05 -0.0003227 0.00037953 0.00139903 0.00202563 -0.00298232 -0.00104724 0.00426147 0.000728069 0.00193862 0.00070176 0.00461984 0.00367781 -0.0039148 -0.00046173 0.000742961 -0.00181237 -0.00251292 -0.00161063 -0.00273371 -0.000163457 0.00225126 -0.000354959 -0.00647382 -0.00376349 -0.00352514 -0.00277022 -0.00099257 -0.00391822 -0.0047401 -0.00387744 -0.00209842 -0.00442777 -0.00265523 -0.00837838
internal_weight=3930.7 2676.73 1253.97 2044.86 1935.38 1587.32 925.793 805.919 631.872 661.524 295.956 509.963 375.58 537.598 173.157 716.372 505.372 381.401 126.5 560.942 465.807 389.269 345.781 239.236 380.229 202.422 159.591 262.863 348.066 274.045 132.232 150.033 213.332 161.783 102.706 141.813 134.384 104.337
internal_count=4504 3849 655 2597 2478 1778 1024 902 1252 754 240 662 472 359 212 296 1064 246 188 654 572 482 695 273 187 260 369 534 700 544 258 209 442 287 191 286 190 251
is_linear=0
shrinkage=0.0161547


Tree=132
num_leaves=41
num_cat=0
split_feature=43 23 14 23 43 43 35 13 51 17 43 10 4 50 40 2 6 4 2 6 53 24 50 53 17 43 43 52 8 51 53 52 8 17 52 17 52 51 19 15
split_gain=43.2475 12.9944 11.7481 10.4217 12.2481 8.89249 7.6631 7.53784 6.01221 5.42349 6.84488 5.19907 9.50449 4.97849 8.70916 4.77445 11.0663 7.29552 8.19965 5.20427 4.7084 6.94302 4.696 4.50547 4.44893 3.69336 3.64926 8.39264 3.62763 3.72867 2.98569 2.10232 1.85746 1.70786 1.69785 1.63232 2.59274 1.50493 1.01916 0.761979
threshold=0.90155000000000007 0.51476788789747141 1.5000000000000002 0.64240193596005979 1.3199000000000003 0.54375000000000007 1.0000000180025095e-35 0.034346173751094472 22.500000000000004 0.037206134241239634 1.3548500000000001 0.31523988882094017 0.028462043970829385 93.500000000000014 1.0000000180025095e-35 1.130775906436434 0.7060785766159704 0.051503066113842082 0.30858780261063534 0.43845718963565866 0.98753634513359101 9.5000000000000018 88.500000000000014 0.91306553317397443 0.10948280110602851 0.69170000000000009 0.82895000000000019 0.94893642848195381 0.081252630758357799 20.500000000000004 0.91306553317397443 0.90698742374244279 0.024118210710665302 0.020229059911516061 0.9506428847742413 0.011255253956712787 0.93506636712040014 19.500000000000004 0.16921403700573062 0.026586095707669292
decision_type=2 2 2 2 2 2 2 2 2 2 2 2 2 2 2 2 2 2 2 2 2 2 2 2 2 2 2 2 2 2 2 2 2 2 2 2 2 2 2 2
left_child=5 2 7 -3 8 37 11 31 13 10 35 20 -13 14 22 16 17 24 -19 -20 21 25 -5 -15 -6 34 27 -8 -14 38 -27 -2 33 -23 -7 -4 -37 -1 -30 -22
right_child=1 3 9 4 15 6 26 -9 -10 -11 -12 12 28 23 -16 -17 -18 18 19 -21 39 32 -24 -25 -26 30 -28 -29 29 -31 -32 -33 -34 -35 -36 36 -38 -39 -40 -41
leaf_value=-0.0070486767332157583 -0.0029608084404885585 0.0054225258767950403 -0.0033419959532226045 -0.0021014795722299907 -0.0019265657505675951 -0.0063605362137370211 -0.0051239902391034273 0.0046038269475119171 -0.0044133030940239583 0.00079427424303560388 0.00011704444343832646 0.0029811217587399196 -0.0071196686925953986 0.00066625552901407065 0.0053921741467748713 0.0035821589800964036 -0.0019219899026339427 0.0058166931253109235 -0.00013552042073010888 0.0035570697112303914 -0.0090228382314949916 -0.0054878437875787878 0.0024562138018718082 -0.0040453717655668364 0.0021517974410454935 -0.0020545466252735838 0.0039779213308214932 0.003463192023887353 -0.0055823107578400512 0.0012402255029141378 0.0032401105953401735 0.0010305958054386392 -0.003064970807054672 -0.0095398615237480486 -0.001716371023691877 -0.0084918200755772118 -0.0041458710470375221 -0.012374022026793633 -0.0024356278709873236 -0.0059904232736292624
leaf_weight=40.330247223377228 68.909478217363358 169.77437770366669 63.7215516269207 153.11392790079117 139.27319628000259 42.460100442171097 62.802841484546661 117.49289146065712 91.985807418823242 80.187803655862808 78.074352622032166 84.349566206336021 52.316000178456306 97.455868124961853 95.522111177444458 399.1715726852417 199.55281454324722 214.41125380992889 180.1367027759552 222.81784439086914 50.144095197319984 64.090292006731033 95.981684267520905 116.02264273166656 139.94591617584229 60.045041024684906 54.685861855745316 56.35666212439537 52.224048912525177 53.962235897779465 51.75056317448616 68.845241874456406 37.952325746417046 47.092891380190849 39.801332518458366 76.17944923043251 67.629651695489883 21.091720178723335 55.312207102775574 38.02372981607914
leaf_count=174 93 158 94 161 108 135 129 128 103 90 73 148 113 100 82 140 100 122 111 114 144 154 94 132 83 118 74 98 102 87 85 89 85 104 104 118 98 104 86 88
internal_value=3.79189e-05 0.00101294 -0.00106205 0.00156956 0.00126465 -0.00292943 -0.00252502 0.00159782 -0.000586584 -0.00291808 -0.00396038 -0.00325134 -0.001611 4.41383e-05 0.00124502 0.00206947 0.00151861 0.00228439 0.0032644 0.00190634 -0.00438518 -0.00352971 -0.000345306 -0.00189445 0.000117529 -0.00151538 0.000522929 -0.00106267 -0.00342258 -0.00222495 0.000396368 -0.000966037 -0.00615078 -0.00720412 -0.00411351 -0.00549434 -0.00644803 -0.00887735 -0.00396379 -0.00771506
internal_weight=3901 2936.21 621.04 2315.17 2145.39 964.792 903.37 255.248 650.082 365.793 285.605 729.524 298.164 558.096 344.618 1495.31 1096.14 896.585 617.366 402.955 431.36 343.193 249.096 213.479 279.219 194.057 173.845 119.16 213.814 161.498 111.796 137.755 149.136 111.183 82.2614 207.531 143.809 61.422 107.536 88.1678
internal_count=4523 2391 783 1608 1450 2132 1854 310 672 473 383 1553 536 569 337 778 638 538 347 225 1017 785 255 232 191 442 301 227 388 275 203 182 343 258 239 310 216 278 188 232
is_linear=0
shrinkage=0.0161547


Tree=133
num_leaves=38
num_cat=0
split_feature=43 42 43 19 28 35 13 6 10 43 10 19 18 15 47 13 10 52 13 52 23 17 53 53 4 6 44 17 13 53 42 19 21 10 44 15 43
split_gain=53.363 12.0908 8.88376 6.38292 12.3695 6.19592 5.75388 7.12233 6.0196 11.5116 6.27873 5.56181 4.79077 4.80662 4.77667 4.77717 4.74456 4.69551 3.0111 2.89877 2.57289 2.18645 3.63789 4.642 2.97526 2.46677 2.33283 2.63893 3.17705 2.17119 2.07991 1.52079 1.4789 1.2701 1.24559 1.1677 0.788816
threshold=0.90155000000000007 5.5000000000000009 0.54375000000000007 0.082638819874649036 1.0000000180025095e-35 1.0000000180025095e-35 0.16476838131086069 0.056793603673924893 1.2876783759999115 1.2057500000000003 1.8866085578466463 0.21724085471082941 1.5000000000000002 0.022235462198017159 1.0000000180025095e-35 1.0825968984827787 0.90394072251243329 0.90938961438577992 0.42292480186531611 0.9506428847742413 1.289698943504302 0.036231951340727743 0.99729100681811744 0.9736614344855965 0.0010811367771440075 0.15221664601663168 77.500000000000014 0.00045695214246365724 0.062460921423893 0.90306351514744032 2.5000000000000004 0.070947584038596676 0.018076292868198712 0.26729413277303721 74.500000000000014 0.013898034115728751 0.50075000000000014
decision_type=2 2 2 2 2 2 2 2 2 2 2 2 2 2 2 2 2 2 2 2 2 2 2 2 2 2 2 2 2 2 2 2 2 2 2 2 2
left_child=2 3 36 4 12 20 -5 18 9 16 17 -11 13 -2 15 30 -9 -10 -8 -7 21 22 23 26 -24 33 27 -4 32 -14 -12 -30 35 -23 -31 -29 -1
right_child=1 -3 5 6 -6 19 7 8 10 11 14 -13 29 -15 -16 -17 -18 -19 -20 -21 -22 25 24 -25 -26 -27 -28 28 31 34 -32 -33 -34 -35 -36 -37 -38
leaf_value=-0.011963825408232607 -0.0026847632185977013 0.0040590889796035491 -0.0011569029829741116 0.0041959185889318415 0.0035479750371348092 -0.0021875224144615071 -0.003404407213335485 -0.0029483078658192534 0.00067060921897749582 0.0060669726140851867 -0.0013533618098821613 0.0021975088810608822 -0.001620701646489207 0.0025823442305996525 -0.00093218804419111997 0.0028892846606448901 0.0022146641311227592 -0.003861456262358925 0.00027254127743707478 0.0020764678814138957 -0.00064959662452063855 -0.0092497861469883844 -0.0097776711206860548 0.0019502407575282333 -0.0038865852827115093 -0.0030598152567635605 -0.00084809501103295655 -0.0074248631871408829 -0.0016178305411491008 -0.0063673531614219427 0.0013268372122821066 -0.0054266737074077035 -0.0095841516172917706 -0.0056598224186877044 -0.0034107606494806317 -0.0034308925068202252 -0.0081079666481595394
leaf_weight=22.037434682250023 107.50685316324234 284.67317485809326 62.626158282160759 133.46511116623878 118.63521146774292 93.583176404237747 140.373529702425 112.07496213912964 105.5832833647728 184.26114130020142 130.0657821893692 204.56840801239014 69.112102806568146 78.038190543651581 242.26456779241562 390.13722324371338 79.330624222755432 137.1700673699379 99.196233808994293 74.917775496840477 64.730678826570511 42.845067828893661 39.015021696686745 46.834511965513229 52.453041553497314 62.652904391288757 71.960589900612831 41.510632291436195 73.422659024596214 85.210365265607834 180.32363718748093 43.605415433645248 35.214375197887421 64.343683779239655 65.982993692159653 35.391291305422783 37.251708209514618
leaf_count=114 153 114 148 135 130 169 146 133 84 133 116 125 92 92 147 178 85 129 77 127 94 98 108 94 123 110 148 112 154 127 122 90 93 128 81 86 159
internal_value=-0.000184494 0.000894614 -0.00348312 0.000556372 -0.00104068 -0.00308629 0.000948005 0.000731842 0.00108646 0.00243472 0.000426592 0.0040312 -0.002382 -0.000469476 0.00102315 0.00169937 -0.000808445 -0.00189028 -0.00188193 -0.000291695 -0.00372556 -0.00402191 -0.00348589 -0.00283681 -0.00639938 -0.00560633 -0.00345319 -0.0040957 -0.00489889 -0.00399276 0.000203725 -0.00303703 -0.00684231 -0.00709479 -0.00507705 -0.00558678 -0.00954117
internal_weight=3912.37 2947.97 964.396 2663.3 524.486 905.107 2138.81 2005.35 1765.78 580.235 1185.54 388.83 405.851 185.545 942.791 700.527 191.406 242.753 239.57 168.501 736.606 671.875 502.034 410.566 91.4681 169.842 363.731 291.771 229.144 220.305 310.389 117.028 112.116 107.189 151.193 76.9019 59.2891
internal_count=4554 2399 2155 2285 675 1882 1610 1475 1252 476 776 258 545 245 563 416 218 213 223 296 1586 1492 1156 925 231 336 831 683 535 300 238 244 291 226 208 198 273
is_linear=0
shrinkage=0.0161547


Tree=134
num_leaves=38
num_cat=0
split_feature=43 14 43 50 50 43 50 50 51 8 13 43 44 43 15 4 50 4 6 10 53 4 21 6 8 17 53 21 44 43 45 6 43 10 51 19 42
split_gain=44.3977 12.3948 10.5108 7.80613 6.64245 9.47815 6.50998 8.32 10.5882 6.2489 6.49415 5.59166 4.78961 7.54903 4.77358 4.16324 10.4259 9.74369 14.5317 4.13874 3.89819 3.88225 3.41576 3.38285 3.45891 2.30141 2.16929 3.43161 2.10529 2.62049 2.05998 2.2168 1.6793 1.40422 2.0205 1.29445 1.10538
threshold=0.97555000000000014 7.5000000000000009 0.59175000000000011 77.500000000000014 97.000000000000014 1.5444500000000001 92.500000000000014 86.500000000000014 17.500000000000004 0.13990995349614793 1.0825968984827787 1.7407000000000001 76.500000000000014 1.3199000000000003 0.0017252777027396773 0.0097713201944637281 88.500000000000014 0.073902452926660103 0.31713313567685991 0.14381520438540316 0.92562677758408352 0.015737479807516382 0.13896656973451774 0.053011664213537639 0.068675233151234152 0.045988086626169829 0.93953718700532229 0.11926398867954233 71.500000000000014 0.54870000000000008 1.0000000180025095e-35 0.047781180011135245 0.7884500000000001 0.074328942247790492 18.500000000000004 0.12782440121949998 1.5000000000000002
decision_type=2 2 2 2 2 2 2 2 2 2 2 2 2 2 2 2 2 2 2 2 2 2 2 2 2 2 2 2 2 2 2 2 2 2 2 2 2
left_child=2 3 28 -2 5 15 7 22 -9 -7 -11 12 13 25 -8 16 -5 26 -19 32 -20 -10 30 -21 -25 -6 27 -17 33 -30 36 -32 -16 34 -1 -26 -4
right_child=1 -3 6 4 11 9 14 8 21 10 -12 -13 -14 -15 19 17 -18 18 20 23 -22 -23 -24 24 35 -27 -28 -29 29 -31 31 -33 -34 -35 -36 -37 -38
leaf_value=-0.0043189058316620167 -0.0035765330819207608 0.0041976019215186769 -0.0063735001054899638 -0.0017237613484422792 0.0011143075341259402 0.0048324221228292696 0.0011513087611761566 0.0047293200000774159 0.00056018517880943985 -0.00023685758914830909 0.0034279144108323952 -0.0033677583525081115 -0.0023712445137196404 0.0047026378520871343 -0.0047372017517617344 -0.00331486201574633 0.0049555847260876118 0.0049049685039447097 -0.003646322560264894 -9.8647529869205244e-06 0.00072480841358946971 -0.0044057212037618308 0.00020763224892967122 -0.0074855687132260682 -0.00471626100731278 -0.002785890593484898 -0.0038788577008429838 0.0010477139796537956 -0.008230520182522915 -0.0010951297233186444 -0.0038735148364566745 0.0005773203433594872 -0.008264217823948471 -0.012092399891234278 -0.010783318237954344 -0.0017774311566065618 -0.003450216479343576
leaf_weight=26.992520421743393 111.07825711369514 280.20125460624695 75.880523905158043 107.8742533326149 80.931236892938614 238.31558787822723 49.21651154756546 114.01830178499222 91.75817796587944 243.91943883895874 261.45149075984955 152.54138934612274 122.45996433496475 111.39628678560257 73.330997556447983 99.486705362796783 140.31785228848457 170.0257351398468 104.92065900564194 71.510887742042542 108.10482221841812 74.396548271179199 74.99461829662323 56.904345393180847 62.412144839763641 77.097093373537064 144.99993252754211 89.286471307277679 26.902305215597153 26.826431542634964 77.690904825925827 46.79381337761879 67.805497527122498 23.878110289573669 23.694992199540138 104.78302606940269 60.810427844524384
leaf_count=101 93 97 176 130 103 138 99 179 172 146 100 85 118 85 174 127 144 145 95 134 91 125 100 117 117 85 166 78 115 76 160 80 128 95 106 158 107
internal_value=-0.000194648 0.00098496 -0.00272948 0.000604203 0.000810312 0.00130543 -0.00222013 -0.00111776 0.000938207 0.00267599 0.0016591 -0.000743628 0.000277817 0.00148188 -0.00361826 0.000249205 0.00205247 -0.000375155 0.00138298 -0.00415574 -0.00142809 -0.00166332 -0.00283126 -0.00306912 -0.00404534 -0.000788477 -0.00239286 -0.00125144 -0.00710577 -0.00466786 -0.00370385 -0.00220045 -0.00643167 -0.00886243 -0.00734084 -0.00287446 -0.005073
internal_weight=3875.01 2644.41 1230.6 2364.21 2253.13 1708.7 1102.31 616.343 280.173 743.687 505.371 544.426 391.885 269.425 485.963 965.016 248.192 716.824 383.051 436.747 213.025 166.155 336.17 295.61 224.1 158.028 333.773 188.773 128.294 53.7287 261.176 124.485 141.136 74.5656 50.6875 167.195 136.691
internal_count=4545 2026 2519 1929 1836 1360 2026 1099 476 384 246 476 391 273 927 976 274 702 331 828 186 297 623 526 392 188 371 205 493 191 523 240 302 302 207 275 283
is_linear=0
shrinkage=0.0161547


Tree=135
num_leaves=40
num_cat=0
split_feature=42 21 13 25 44 53 52 50 53 53 6 6 18 4 15 29 53 8 6 53 50 44 53 42 15 35 50 15 30 53 13 17 52 53 52 52 15 17 53
split_gain=30.5075 13.3422 10.9388 10.201 9.0467 10.5555 7.28978 6.2557 5.11618 4.47774 8.23856 10.0196 12.0008 8.81169 8.78239 7.07816 4.95717 4.85793 4.20485 3.96612 3.88587 8.9286 6.7013 3.75115 3.51896 3.50761 3.86357 4.08062 3.32121 3.13413 2.47746 4.83465 1.98876 1.79168 1.45299 1.19848 1.04435 0.97164 0.634933
threshold=3.5000000000000004 0.0123109368068303 0.85719547698516274 8.5000000000000018 70.500000000000014 0.96728781578133327 0.92152411567520665 97.000000000000014 0.94424917842281975 0.91373624653663199 0.060005321948462774 0.27141972077331272 2.5000000000000004 0.0040856235546803217 0.5056317602205106 1.0000000180025095e-35 0.88391633470075603 0.66666390686913857 0.40005695638901262 0.9870734555289622 93.500000000000014 81.500000000000014 0.93456078862774672 1.5000000000000002 0.16412030057512283 1.0000000180025095e-35 95.500000000000014 0.0053296957368991447 1.0000000180025095e-35 0.88475694926211446 0.26170969676908906 0.02470643053278614 0.94569171602175783 0.86317561980973323 0.8987334627721083 0.9227458868555164 0.011494917369330762 0.00064925971158327376 0.91784838779694733
decision_type=2 2 2 2 2 2 2 2 2 2 2 2 2 2 2 2 2 2 2 2 2 2 2 2 2 2 2 2 2 2 2 2 2 2 2 2 2 2 2
left_child=1 3 7 -1 5 29 -4 8 -2 10 13 12 -12 -6 -13 17 -14 18 20 -7 21 22 -11 35 -25 26 28 -28 34 33 31 -22 38 -3 -5 -24 37 -36 -31
right_child=2 4 6 25 9 19 -8 -9 -10 15 11 14 16 -15 -16 -17 -18 -19 -20 -21 30 -23 23 24 -26 -27 27 -29 -30 32 -32 -33 -34 -35 36 -37 -38 -39 -40
leaf_value=0.0042867016751024379 0.0033174894773717505 -0.0039736436842225898 0.0053378969616317612 -0.0098890879717274584 0.0013515940809149675 0.0041796159123175958 0.0018592732286615843 -0.0028165016342598798 -0.00071342120300248093 0.0021731393453040962 -0.001149496291976972 -0.0033556512587988559 0.0081043540827430219 -0.0050696987062222795 0.0026673568445632753 0.0032059682352243834 0.0033322996321255294 -0.0046376323838646623 0.0014598860566620011 -0.000969909528493006 -0.0014039308962695313 0.004561743061887457 -0.0061174663891645992 0.0012858786553821989 -0.0033795898799694702 -0.00072965349713115235 0.00085459148905265778 -0.0058617257705382434 -0.0019353077074876044 -0.0081189953388529235 -0.0010766442633399196 -0.007204927818294086 -0.0034397017032445493 -4.0054977286764135e-05 -0.0067990833969855044 -0.0031238632208367917 -0.0087169361818965879 -0.0033760574868708345 -0.0057153077408095962
leaf_weight=38.41045156121254 183.71315824985504 64.331659078598022 329.34615498781204 42.724175095558167 119.90044724941254 59.495440632104874 300.81161993741989 117.91269761323929 148.67862005531788 107.88988541066647 87.437285557389259 127.69812723994255 122.3371779769659 104.275047108531 125.05243325233459 115.96565119922161 106.06093198060989 87.770327270030975 193.82779026031494 113.48834377527237 79.67533603310585 81.018927931785583 62.25183592736721 90.955519646406174 78.695343047380447 55.321770846843719 48.151974454522133 46.316379576921463 36.399057865142822 51.196103483438492 128.03377971053123 70.820532023906708 78.06289941072464 56.989092901349068 58.654069274663925 79.437871545553207 37.930517375469208 34.294951468706131 65.208396524190903
leaf_count=59 142 109 129 128 164 86 117 102 138 124 124 128 107 164 77 102 104 59 148 178 130 82 96 107 79 102 116 108 75 102 130 106 142 94 163 116 102 93 113
internal_value=-8.92612e-06 -0.000883638 0.00230327 -0.00362683 -0.00043921 -0.0024064 0.00367734 0.000380397 0.00151447 4.90857e-05 0.000987491 0.00202156 0.00393997 -0.00163526 -0.00037567 -0.000583325 0.00588836 -0.000997732 -0.000669258 0.0008012 -0.00119917 -0.000347686 -0.00129646 -0.0024988 -0.000878276 -0.00447165 -0.00515157 -0.00243832 -0.00637211 -0.00416347 -0.00272848 -0.00413377 -0.00543464 -0.00212588 -0.00730236 -0.00443911 -0.00645795 -0.00553611 -0.00677248
internal_weight=3936.54 2856.08 1080.46 398.203 2457.88 488.772 630.158 450.304 332.392 1969.1 792.761 568.586 315.835 224.175 252.751 1176.34 228.398 1060.38 972.607 172.984 778.779 500.249 419.23 311.341 169.651 359.793 304.471 94.4684 210.003 315.788 278.53 150.496 194.467 121.321 173.604 141.69 130.88 92.949 116.405
internal_count=4545 3917 628 946 2971 824 246 382 280 2147 868 540 335 328 205 1279 211 1177 1118 264 970 604 522 398 186 887 785 224 561 560 366 236 357 203 486 212 358 256 215
is_linear=0
shrinkage=0.0161547


Tree=136
num_leaves=37
num_cat=0
split_feature=43 43 21 47 1 13 21 42 21 53 25 0 53 21 45 53 32 53 21 0 43 53 0 42 4 52 52 53 10 19 4 44 42 50 18 4
split_gain=43.9593 12.1721 11.0296 9.58032 9.06752 6.49697 14.3139 6.37331 5.53157 4.46655 5.55659 4.30645 5.14048 3.92489 3.8863 3.67917 3.80588 4.00444 4.82514 4.30364 3.57809 5.81042 3.57823 3.4729 4.55712 3.19811 2.84257 2.77924 2.65952 2.18097 3.00839 1.15594 1.6254 0.902366 1.002 0.876208
threshold=1.1459500000000002 0.6856000000000001 0.2530702216102157 1.0000000180025095e-35 1.5000000000000002 0.30295894034614096 0.088793639054892251 3.5000000000000004 0.59252756870253864 1.0668673465683673 10.500000000000002 0.10105757879349291 0.86859958090822242 0.43214510701583769 1.0000000180025095e-35 0.98420471254065933 1.0000000180025095e-35 0.92562677758408352 0.060698202890351466 0.14918765899979305 0.78585000000000005 0.94424917842281975 0.15194468002035225 1.5000000000000002 0.098020878896373842 0.9506428847742413 0.87424745493926825 1.0198106099287394 0.94479162701658248 0.036313888489056562 0.0031249350702378964 71.500000000000014 1.0000000180025095e-35 93.500000000000014 1.5000000000000002 0.13302931214748512
decision_type=2 2 2 2 2 2 2 2 2 2 2 2 2 2 2 2 2 2 2 2 2 2 2 2 2 2 2 2 2 2 2 2 2 2 2 2
left_child=1 11 4 7 5 6 14 13 -9 10 -3 12 -1 -4 -2 16 17 18 26 -20 -19 -22 -23 -6 -25 -13 -12 -17 -21 30 -28 33 -33 34 -14 -30
right_child=2 9 3 -5 23 -7 -8 8 -10 -11 15 25 31 -15 -16 27 -18 20 19 28 21 22 -24 24 -26 -27 29 -29 35 -31 -32 32 -34 -35 -36 -37
leaf_value=-0.00039606017259820347 -0.00081121204155318815 0.0031241220005212423 0.0035632683723497865 7.6867330814528678e-05 0.00065291981669079557 -0.0011573272603706171 0.0080060319112958116 0.0061482339762881314 0.002905428402072854 0.0020234987960890353 -0.00012145936948182214 -0.0047526106717981267 -0.0086590802245257881 0.00021622875481053339 0.0033702248314324557 -0.0056350279559724201 -0.0042880692040133464 0.0035522442742741416 0.0021261215499330135 -0.0044046652411069212 0.0025548449159978194 -0.0047022819190419606 4.3405802094371428e-06 -0.0041106869169927375 -0.00035397855054012913 0.0015940373389964917 -0.0050902383523924039 -0.0017991021071672025 0.00052828165810008996 -0.006281121073170623 0.00012165183808397932 -0.0029115080303887828 -0.0073785974541617843 -0.010441807230441901 -0.0048910666952526934 -0.0019160538496720259
leaf_weight=36.311552509665489 152.11055594682693 61.671940058469772 159.13194972276688 333.3407661318779 145.68364959955215 147.84742820262909 101.03347676992416 250.20975184440613 304.15706419944763 94.842613190412521 50.463939219713211 43.122432425618172 47.282525613903999 214.92243355512619 93.764694809913635 106.56787148118019 110.8251339495182 69.449080348014832 102.42314007878304 72.928798258304596 98.447389215230942 85.589648723602295 83.067921072244644 177.86580315232277 160.14389663934708 39.88638573884964 70.662570148706436 91.71620300412178 78.941054314374924 90.632644057273865 48.907441765069962 34.694497480988503 54.886570990085602 31.294651761651039 30.169944271445274 74.289184242486954
leaf_count=104 159 82 107 162 133 115 72 116 105 134 88 117 176 119 90 175 159 117 137 110 125 133 104 165 118 84 134 153 101 170 88 114 175 126 97 91
internal_value=-6.07586e-05 -0.00201208 0.00142792 0.00242612 0.000140697 0.00167837 0.0028869 0.00326959 0.00436905 -0.00136069 -0.00160823 -0.00486545 -0.00598424 0.00164014 0.000783382 -0.00184457 -0.00145892 -0.00112025 -0.0019232 -0.000621159 0.000285576 -0.000563779 -0.00238416 -0.00143214 -0.00233082 -0.001703 -0.00356449 -0.00386072 -0.00186535 -0.00439107 -0.00295843 -0.00700737 -0.00564851 -0.00812674 -0.00719133 -0.000656783
internal_weight=3949.29 1709.08 2240.21 1261.76 978.45 494.756 346.909 928.421 554.367 1391.43 1296.58 317.649 234.64 374.054 245.875 1234.91 1036.63 925.803 589.249 328.582 336.554 267.105 168.658 483.693 338.01 83.0088 260.667 198.284 226.159 210.203 119.57 198.328 89.5811 108.747 77.4525 153.23
internal_count=4555 3094 1461 609 852 436 321 447 221 2101 1967 993 792 226 249 1885 1557 1398 919 439 479 362 237 416 283 201 480 328 302 392 222 688 289 399 273 192
is_linear=0
shrinkage=0.0161547


Tree=137
num_leaves=42
num_cat=0
split_feature=43 42 43 25 23 50 0 8 6 2 21 8 44 4 4 0 52 43 43 23 2 52 40 43 52 43 52 28 6 28 52 52 51 17 21 50 43 8 52 51 52
split_gain=38.9252 11.5756 7.66709 6.57489 10.9407 5.40902 5.30713 6.79518 13.4968 7.05254 6.05514 4.66419 4.1953 4.78716 8.04196 7.19089 6.5713 5.90925 7.62699 4.80228 4.53038 4.11279 4.01718 8.52709 2.77463 2.13052 3.09609 9.51689 5.31856 2.97573 2.96559 2.90239 2.69967 2.42534 2.03679 2.50489 1.76114 1.36594 1.30582 0.748613 0.451005
threshold=0.90155000000000007 5.5000000000000009 0.55795000000000006 10.500000000000002 0.12853483891945408 105.50000000000001 2.5069677747996084 0.38814698088676941 0.5006316260716509 0.4639652732191476 0.71787307036405978 0.60830771678879858 83.500000000000014 0.084322946640160865 0.0097713201944637281 0.34527166854191599 0.91329427876986824 1.7591000000000003 0.98390000000000011 1.0516124205940496 0.075864919470629552 0.98798033168035049 1.0000000180025095e-35 0.71045000000000014 0.93506636712040014 0.69495000000000007 0.91706344704376541 1.0000000180025095e-35 0.010368787092996507 1.0000000180025095e-35 0.88510806588351676 0.90487736723273982 16.500000000000004 0.047348079231898349 0.036289671632872361 90.500000000000014 0.50075000000000014 0.02001052314195035 0.99085425470340016 18.500000000000004 0.9506428847742413
decision_type=2 2 2 2 2 2 2 2 2 2 2 2 2 2 2 2 2 2 2 2 2 2 2 2 2 2 2 2 2 2 2 2 2 2 2 2 2 2 2 2 2
left_child=2 3 36 -2 39 6 7 8 9 12 11 -9 13 14 16 -15 -6 18 -16 20 -20 -18 25 -24 -22 31 27 28 -27 33 -30 37 -33 34 35 -28 -1 -4 -34 -5 -38
right_child=1 -3 22 4 5 -7 -8 10 -10 -11 -12 -13 -14 15 17 -17 21 -19 19 -21 24 -23 23 -25 -26 26 29 -29 30 -31 -32 32 38 -35 -36 -37 40 -39 -40 -41 -42
leaf_value=-0.011825948691013097 0.0043777120569440187 0.0040601206376323085 -0.0084287677414081816 -0.0027022793118503517 0.0050211925371244828 -0.0024638445247010237 0.0033860335260177364 -0.00067985294537482204 0.0054342341707814676 -0.0030641739042740102 0.0014610596464539004 -0.0048171902963579155 0.0039313565725848446 0.0059402636877235399 0.0023891223868169791 0.0005796631930479097 -0.0021292675741139827 0.0021103966764252917 0.0012112869183118541 -0.0049979198072740089 -0.0050481527155237455 0.0027862487780786378 0.0050911400888567328 -0.0029074094043710121 -0.0010010920276401227 0.00099882375456766858 -0.0048986071655317213 0.0050882043212474946 -0.0074714098373246142 -0.007002069823006136 -0.0021962990822518968 0.00026805584191917658 -0.0027569639642556418 -0.00015008338561844101 -0.0059511069846705511 0.00023635100262393914 -0.0076701614031328864 -0.0040233264951252887 -0.0065872820583229444 -0.0050574833589704165 -0.0046534506786003963
leaf_weight=20.644202634692192 117.07929921150208 284.24277627468109 47.212099030613899 68.564870744943619 133.65749603509903 132.09016528725624 203.90420663356781 161.28597056865692 170.5953243970871 123.20070749521255 154.2651914358139 127.18633663654327 114.48290854692459 103.70123821496964 100.72507286071777 176.38549926877022 90.630632996559143 141.09163945913315 110.51887336373329 140.62951904535294 85.569207638502121 87.126049607992172 55.110157251358032 94.308097809553146 91.469141960144043 64.054020464420319 48.512835800647736 53.255373120307922 55.853169113397598 49.847334861755371 55.400492012500763 48.525466069579124 53.527247235178947 70.516512244939804 65.137067764997482 50.703904390335083 27.424801200628281 30.063518658280373 41.035353496670723 72.423848211765289 24.476274445652962
leaf_count=109 103 113 162 100 128 119 81 119 104 97 71 90 88 84 128 148 98 83 119 131 106 92 105 153 108 117 104 78 114 92 100 108 141 113 131 97 118 82 115 107 94
internal_value=5.19476e-05 0.000958842 -0.00278642 0.000633149 0.000463846 0.000715819 0.000897134 0.000656901 0.00112868 0.000638748 -0.00112243 -0.00250399 0.000970293 0.000701574 0.000169939 0.00256441 0.00231492 -0.000827035 -0.00161062 -0.0025515 -0.00135509 0.000280034 -0.00237167 4.27075e-05 -0.00295719 -0.0028634 -0.00229298 -0.000892642 -0.00270952 -0.00341713 -0.00484459 -0.00419203 -0.00282956 -0.00265628 -0.00373158 -0.00227443 -0.00783496 -0.00671486 -0.00441913 -0.00391211 -0.0062475
internal_weight=3946.43 2990.83 955.608 2706.58 2589.5 2448.52 2316.43 2112.52 1669.78 1499.19 442.737 288.472 1375.99 1261.5 981.418 280.087 311.414 670.003 528.912 428.187 287.557 177.757 883.063 149.418 177.038 733.644 513.281 228.563 175.308 284.718 111.254 220.364 143.088 234.87 164.354 99.2167 72.5453 77.2756 94.5626 140.989 51.9011
internal_count=4550 2417 2133 2304 2201 1994 1875 1794 1514 1410 280 209 1313 1225 993 232 318 675 592 464 333 190 1812 258 214 1554 946 409 331 537 214 608 364 445 332 201 321 244 256 207 212
is_linear=0
shrinkage=0.0161547


Tree=138
num_leaves=40
num_cat=0
split_feature=43 42 43 43 1 52 44 0 0 52 2 0 19 0 42 19 44 38 35 53 0 42 53 8 2 52 4 23 2 15 43 17 18 51 44 23 19 53 19
split_gain=48.3493 12.3216 9.76079 5.70187 6.02011 8.50765 9.38277 5.58103 14.8354 4.40574 3.64302 7.40268 6.66561 4.86026 4.45653 4.34384 4.20436 3.48108 3.58394 3.71275 4.92157 4.27887 4.64956 3.23695 4.14288 3.84834 3.00141 7.36925 3.67289 3.62512 2.33626 3.895 2.13317 2.04362 2.02719 1.96009 1.51122 1.46422 0.397888
threshold=0.97555000000000014 5.5000000000000009 0.57845000000000013 1.5574000000000001 2.5000000000000004 0.95914581133341847 76.500000000000014 0.085273779015251308 0.10847484314870447 0.92152411567520665 0.075864919470629552 0.10503607045247861 0.68522060783066363 0.052013096286841483 2.5000000000000004 0.038524032644129097 79.500000000000014 1.0000000180025095e-35 1.0000000180025095e-35 0.98365542273140338 0.0073995384041206048 1.5000000000000002 0.92818066549961431 0.042999379742598952 0.16099253070445291 0.91706344704376541 0.053115265913936262 1.7587124602205637 0.12549448840688482 0.19182429740803955 0.87605000000000011 0.025589612467353823 1.5000000000000002 18.500000000000004 70.500000000000014 1.2500312511184248 0.036313888489056562 0.88831549063524962 0.0093268952399923923
decision_type=2 2 2 2 2 2 2 2 2 2 2 2 2 2 2 2 2 2 2 2 2 2 2 2 2 2 2 2 2 2 2 2 2 2 2 2 2 2 2
left_child=2 3 36 10 5 6 -5 17 -9 -6 11 13 16 14 15 -2 26 18 19 20 21 22 34 -10 30 -26 28 29 -12 -28 31 -25 -21 -22 -4 -27 37 -1 -39
right_child=1 -3 7 4 9 -7 -8 8 23 -11 12 -13 -14 -15 -16 -17 -18 -19 -20 32 33 -23 -24 24 25 35 27 -29 -30 -31 -32 -33 -34 -35 -36 -37 -38 38 -40
leaf_value=-0.0053050894761283432 -0.0031511207687740417 0.0042652435411549006 -0.0044909616503149901 -0.0010987581175792302 0.0017488275327181464 0.005884142510722736 0.0042360566929313531 0.006704968310844139 -0.0055696163548500446 -0.0011722616590808849 -0.001312784899249217 0.0052379864991962373 0.0027692564041041316 -0.0031613365238750768 0.0037117004366832547 0.0017027100267459432 0.0013339256494215108 -0.0078822964008590044 -0.0002714535107688073 -0.0092800120835064889 -0.0034804454944302498 -0.0049193472031701917 0.0044741602269390392 0.0020288072394041099 -0.00081977503583466501 -0.0065746770555258618 -0.0017262935248177921 -0.0043764548011637708 -0.0059186608608223336 0.0018868304192523168 0.0027244631939109965 -0.0038045366792391531 -0.0042941477049281192 -0.0075418122988310703 0.00020970525367812153 -0.002646160178978021 -0.0040746183101035846 -0.0092061625351097607 -0.012101576569087046
leaf_weight=20.986747577786446 82.617996335029602 285.6453829407692 42.461275085806847 181.80099546909332 297.5707191824913 165.17098820209503 163.33914029598236 55.460661768913269 61.621210008859634 246.26787060499191 94.171604603528976 93.10967418551445 130.00534230470657 88.46132692694664 111.72406822443008 115.22680300474167 138.95032662153244 43.758824780583382 93.348380357027054 43.040185630321503 66.64721842110157 63.284882828593254 44.268823981285095 55.70555305480957 116.89440777897835 74.586471676826477 126.51769688725471 121.85704684257507 86.858583807945251 169.63879942893982 63.871074557304382 64.415919095277786 46.686142548918724 62.801707521080971 54.898778185248375 59.654241561889648 22.064524412155151 30.911309495568275 20.6678297072649
leaf_count=83 118 109 108 119 137 89 87 91 123 118 108 89 88 104 109 121 121 90 169 114 145 120 81 104 174 135 141 116 106 161 81 119 101 143 110 82 76 142 92
internal_value=-0.000109763 0.00109255 -0.00279591 0.000717021 0.00160865 0.00286893 0.00142597 -0.00237257 -0.00121956 0.000426063 2.54728e-05 0.00113735 -0.000603658 0.000178099 0.00113236 -0.000324201 -0.00119783 -0.00350712 -0.00313712 -0.0037679 -0.00298489 -0.00142711 0.000133351 -0.00210431 -0.00161356 -0.0029628 -0.00178508 -0.00103257 -0.00352269 0.000343308 0.000228039 -0.00109936 -0.00668578 -0.0054508 -0.00184038 -0.00482891 -0.00777688 -0.00890259 -0.0103664
internal_weight=3906.97 2698.93 1208.04 2413.29 1054.15 510.311 345.14 1113.41 552.21 543.839 1359.14 491.14 867.999 398.03 309.569 197.845 737.994 561.196 517.437 424.089 334.363 204.914 141.629 496.749 435.128 251.135 599.044 418.014 181.03 296.156 183.993 120.121 89.7263 129.449 97.3601 134.241 94.6304 72.5659 51.5791
internal_count=4524 2041 2483 1932 550 295 206 2090 909 255 1382 541 841 452 348 239 753 1181 1091 922 707 419 299 818 695 391 632 418 214 302 304 223 215 288 218 217 393 317 234
is_linear=0
shrinkage=0.0161547


Tree=139
num_leaves=38
num_cat=0
split_feature=42 23 16 42 50 2 52 28 44 13 18 51 44 44 30 44 34 17 23 53 53 8 0 53 23 52 8 15 2 21 23 17 21 53 17 51 15
split_gain=29.9405 12.5753 11.049 10.3583 9.01356 7.86061 7.8192 5.91886 6.99479 8.30045 7.07537 6.51224 6.06226 6.71493 5.09453 4.80751 6.25554 3.67056 4.16373 3.53389 3.46394 3.40975 3.25903 2.72632 2.52354 2.50351 3.93207 2.39792 2.47529 2.46658 3.33762 4.18378 2.91492 1.93038 1.7905 1.74972 1.65971
threshold=3.5000000000000004 0.52345199281114829 7.5000000000000009 2.5000000000000004 97.000000000000014 0.027378638044817855 0.9048394815803591 1.0000000180025095e-35 70.500000000000014 0.24185506398520853 3.5000000000000004 16.500000000000004 79.500000000000014 72.500000000000014 1.0000000180025095e-35 83.500000000000014 1.0000000180025095e-35 0.044771214919517063 0.33441434991094998 0.96274696629674728 0.96728781578133327 0.1096316234567221 0.64773020048295404 0.90215595548100791 1.0516124205940496 0.89887477047811071 0.0071895895850746664 0.045297475509355097 0.072349332878543046 0.013354416565740846 0.048876380925352479 0.0011752939182833662 0.019791021306387383 0.90528059157376572 0.027516040392336818 17.500000000000004 0.033023933363450657
decision_type=2 2 2 2 2 2 2 2 2 2 2 2 2 2 2 2 2 2 2 2 2 2 2 2 2 2 2 2 2 2 2 2 2 2 2 2 2
left_child=1 3 4 15 6 -5 -2 8 20 -10 21 -9 13 -12 -8 16 17 18 25 23 24 -11 -13 -15 -3 26 35 29 -29 30 31 33 -31 -27 -20 -1 -28
right_child=2 7 -4 5 -6 -7 14 11 9 10 12 22 -14 19 -16 -17 -18 -19 34 -21 -22 -23 -24 -25 -26 27 36 28 -30 32 -32 -33 -34 -35 -36 -37 -38
leaf_value=-0.0059964146009752551 0.0048640172928686174 -0.005922545956880616 0.0056835891626049687 0.0042111670395751444 -0.0015402732138375104 -0.0020834681391152603 -0.00089899723368418779 0.0015822411051816864 0.0045687007571028971 0.00027390175275053384 0.0041158715032833968 -0.0016169253092733131 0.0042471571308365002 0.0001735949164669088 0.0026629132088017899 0.0018822462491841314 0.00096989607161249354 -0.0077443019043379894 -0.0022436221155158658 0.0017076726098023526 0.00073023578912068707 -0.0032019290852542651 -0.0053263208253987882 -0.003319249917585399 -0.0014041318946634506 -0.0014586458186024601 -0.009889424498842567 -0.0078269426290260482 -0.0027553476340598493 0.0023412829829293183 -0.0067230233630414318 0.0025517506305091481 -0.0027193662983139876 -0.0058016871199339281 0.0013499709745618742 -0.001769224110021877 -0.0055279041132203621
leaf_weight=38.714949309825897 233.5858271420002 64.6529660820961 217.52553844451904 110.59430003166199 185.96242907643318 97.346770107746124 178.15033106505871 115.81810510158539 162.09503996372223 147.42685484886169 111.1412413418293 164.05827316641808 163.46811893582344 114.11438378691673 254.49954798817635 56.143765598535538 93.638649597764015 48.571523666381836 86.139481633901596 130.53393396735191 73.260029911994934 147.19467905163765 99.182610094547272 119.27981787919998 64.379178792238235 50.66085359454155 45.551243364810944 48.688345924019814 51.872950240969658 52.347307294607162 57.8938357681036 37.010775715112686 68.669716268777847 56.491570577025414 62.392755195498466 75.172769784927368 45.527169644832611
leaf_count=93 138 109 63 148 134 128 130 101 177 154 97 163 107 91 151 96 168 94 147 100 83 167 82 104 73 121 121 103 97 105 149 86 136 145 92 181 101
internal_value=0.000128246 -0.000734129 0.00243391 -0.00200915 0.00160442 0.00126436 0.00248218 0.00016584 0.000684634 0.00119438 0.000608247 -0.00161003 0.00156376 0.000640417 0.00119624 -0.00270695 -0.00298721 -0.00343596 -0.00316669 -0.000420964 -0.00207527 -0.00146264 -0.00301453 -0.00161148 -0.00366813 -0.00374148 -0.00520717 -0.00303235 -0.00521084 -0.00235426 -0.00344666 -0.00213092 -0.000530324 -0.00374833 -0.00073409 -0.00320621 -0.00770924
internal_weight=3929.76 2860.03 1069.72 1183.43 852.198 207.941 666.236 1676.61 1297.55 1095.25 933.159 379.059 638.537 475.069 432.65 975.488 919.344 825.705 777.134 363.928 202.292 294.622 263.241 233.394 129.032 628.601 204.966 423.635 100.561 323.074 202.057 144.163 121.017 107.152 148.532 113.888 91.0784
internal_count=4535 3919 616 2311 553 276 419 1608 1262 997 820 346 499 392 281 2035 1939 1771 1677 295 265 321 245 195 182 1438 496 942 200 742 501 352 241 266 239 274 222
is_linear=0
shrinkage=0.0161547


Tree=140
num_leaves=39
num_cat=0
split_feature=43 43 43 43 40 43 25 19 19 17 17 53 17 23 43 43 42 43 23 4 43 15 21 44 17 23 19 21 19 15 13 43 44 17 22 53 43 13
split_gain=36.848 15.6306 9.66763 6.79764 6.03435 7.34742 5.83584 5.63585 24.5527 6.3265 7.60191 11.6442 6.91081 6.00102 7.03883 4.42483 4.25674 4.14726 10.8022 6.62537 4.13167 3.42063 3.19378 3.169 6.42447 4.17212 2.18031 3.18687 2.36156 2.01407 2.43713 1.74224 2.46034 1.89799 1.46081 2.82995 1.26237 0.531536
threshold=0.82895000000000019 1.4967500000000002 0.55795000000000006 2.7357000000000005 1.0000000180025095e-35 0.71045000000000014 10.500000000000002 0.030648528939546515 0.041096337438982868 0.043999619544237069 0.066933744632457839 0.91150424084239345 0.085953113309654633 1.9110178688590149 1.0727500000000003 1.2118500000000003 2.5000000000000004 1.8057500000000004 1.8405440666985564 0.21085058304322638 0.72460000000000013 0.39326667165973417 0.19224799805963658 72.500000000000014 0.023956205143156082 0.49731170651595707 0.1134350115685288 0.046631676200324559 0.01480489519785729 0.010230316640695477 0.04386873949161952 0.69900000000000018 77.500000000000014 0.00045695214246365724 1.5000000000000002 0.92681474553163901 0.50075000000000014 0.01526317569668012
decision_type=2 2 2 2 2 2 2 2 2 2 2 2 2 2 2 2 2 2 2 2 2 2 2 2 2 2 2 2 2 2 2 2 2 2 2 2 2 2
left_child=2 6 36 17 16 -6 -2 29 -9 23 11 -11 -12 14 -14 -15 20 18 -3 21 31 -19 -16 25 -25 -10 27 28 -22 -8 -31 32 33 -4 -35 -36 -1 -38
right_child=1 3 4 -5 5 -7 7 8 9 10 12 -13 13 15 22 -17 -18 19 -20 -21 26 -23 -24 24 -26 -27 -28 -29 -30 30 -32 -33 -34 34 35 -37 37 -39
leaf_value=-0.012449743316034739 0.0037873205729353227 -0.00010962481049397085 -0.0013946009388858492 0.0043652545693010358 0.0050425108758360305 -0.003314409630861004 -0.0011365040238560935 0.0081002088981080682 -0.0059578140160104331 0.0070972272127349228 -0.0043119946594864936 -0.00029426737391994082 -0.0019336520066006375 0.0003676993636323318 0.0011365452811987753 -0.003621200183043391 -0.0079372057968295079 0.0001372526027990176 0.0049139244453799769 -0.0015846983405476893 0.00078720637331979634 0.0031531202799947892 0.0049428207904249535 0.0014002872386319548 -0.0036183908310481157 -0.00077561445546091268 -0.003822004299065413 0.0032539134973334897 -0.0039390821919341387 -0.0065437526009130059 -0.0020288607667951568 -0.0072669408114688786 0.00012319300415451038 -0.0076568059140872972 -0.0071204901750838035 -0.0014732261630877488 -0.009436339742621801 -0.0061221367444125934
leaf_weight=20.121283113956451 87.680972248315811 204.19007831811905 39.467306196689606 260.03784358501434 52.919825524091721 57.061098635196686 96.101734399795532 88.978399336338043 105.93063277006149 91.864786297082901 117.79778653383255 140.98246285319328 111.23558613657951 136.50914037227631 116.53608387708664 154.9603054523468 49.975095808506012 171.72340816259384 246.64690744876862 228.75606620311737 50.2054323554039 229.07364559173584 113.62560498714447 130.51300430297852 135.86116781830788 65.684150189161301 66.718228936195374 45.741753280162811 61.250519990921021 61.355163633823395 63.48959344625473 44.75187361240387 35.499806642532349 48.98913910984993 44.904481500387192 47.819134533405304 23.669078558683395 27.076123163104057
leaf_count=109 93 166 113 80 102 97 148 104 172 87 137 159 137 135 101 117 99 110 122 99 100 102 88 163 173 86 120 82 134 103 91 104 86 151 124 123 106 108
internal_value=-5.32895e-05 0.000696652 -0.00336181 0.00202033 -0.00273981 0.000706713 -0.000278715 -0.000484623 -0.00013212 -0.00064742 7.17795e-05 0.00262189 -0.000719233 -5.04993e-05 0.00140302 -0.00175301 -0.0034479 0.00145593 0.00263869 0.000608935 -0.00298564 0.00186096 0.00301562 -0.00226239 -0.00115943 -0.00397437 -0.0013751 -0.000336577 -0.00181012 -0.00289448 -0.00424771 -0.00436507 -0.00376573 -0.00452772 -0.00540029 -0.0042081 -0.00902568 -0.00766798
internal_weight=3875.7 3159.53 716.17 1340.43 645.304 109.981 1819.11 1731.43 1510.48 1421.5 983.512 232.847 750.665 632.867 341.397 291.469 535.323 1080.39 450.837 629.553 485.348 400.797 230.162 437.989 266.374 171.615 223.916 157.198 111.456 220.946 124.845 261.432 216.68 181.18 141.713 92.7236 70.8665 50.7452
internal_count=4531 2773 1758 679 1435 199 2094 2001 1659 1555 961 246 715 578 326 252 1236 599 288 311 1137 212 189 594 336 258 436 316 234 342 194 701 597 511 398 247 323 214
is_linear=0
shrinkage=0.0161547


Tree=141
num_leaves=37
num_cat=0
split_feature=43 43 14 4 10 10 6 43 43 14 13 42 40 43 0 0 17 15 21 6 2 44 50 2 4 52 51 15 4 6 21 52 43 43 17 19
split_gain=43.0811 14.2963 10.6355 7.46347 10.6155 7.83256 8.59283 6.81022 5.21073 4.96328 8.55672 5.84432 3.94231 7.8665 3.85489 4.51594 3.83284 7.92916 7.97695 5.74094 4.13969 2.87374 3.23583 4.19141 4.32378 3.11195 2.82446 2.50917 2.32268 3.05865 2.09055 1.89763 1.73168 1.46706 1.93256 0.910587
threshold=1.2337000000000002 0.81235000000000013 6.5000000000000009 0.47429568734793609 2.5802362133951786 1.3074063538402665 0.053011664213537639 0.55795000000000006 0.83180000000000009 1.5000000000000002 0.088342637384501793 1.5000000000000002 1.0000000180025095e-35 0.71045000000000014 0.30468706546190832 0.20963523567280221 0.20990590795279948 0.17652092446425641 0.096531674964039763 0.10812001147432095 0.062792319517325834 69.500000000000014 95.500000000000014 0.025349028157701205 0.024649171396034317 0.90487736723273982 19.500000000000004 0.37027910668148251 0.052526536322977151 0.31169883183497521 0.035576901531068135 0.89894760290174602 0.50075000000000014 0.73665000000000014 0.0029736721794532944 0.0093268952399923923
decision_type=2 2 2 2 2 2 2 2 2 2 2 2 2 2 2 2 2 2 2 2 2 2 2 2 2 2 2 2 2 2 2 2 2 2 2 2
left_child=1 7 3 4 5 6 26 32 -3 11 -11 -10 21 -14 15 -8 17 18 19 20 -12 25 23 33 -25 -9 -2 -7 -19 -30 -27 -24 -1 34 -23 -34
right_child=2 8 -4 -5 -6 27 14 12 9 10 16 -13 13 -15 -16 -17 -18 28 -20 -21 -22 22 31 24 -26 30 -28 -29 29 -31 -32 -33 35 -35 -36 -37
leaf_value=-0.012207787360898847 -0.0020165724585412951 0.0036320134078966313 0.0038171520799732093 -0.0025215175769856815 0.0042846159259796977 -4.8443028504854473e-05 0.0023394719072868755 -0.0085269245022131131 -0.0015467228913164965 -0.0058361286624643424 -0.0020347627501577314 0.0035102308457079 0.0039016583915005621 -0.0049296397170729596 0.00081630404188444113 0.0062077112990371348 0.0019518007563085018 -0.0048247676065701411 0.0032648993103995194 -0.0050337176340740477 0.0028730645081568962 -0.0048568146152575542 -0.0026166790385373797 0.0016949069358632237 -0.004259824791323483 -0.00167524678580214 0.0012559231781702658 -0.0030550188426228548 -0.00016651551347444089 -0.0040514814582449012 -0.0065881250357908245 0.0017348703698320705 -0.004539817736879395 -0.0033998723487153933 -0.010095384976494513 -0.0088736669708420219
leaf_weight=20.489147126674652 166.66359919309616 71.537409842014313 499.21424931287766 135.66062879562378 274.95278912782669 145.8426114320755 199.49109250307083 54.285720631480217 109.09348919987679 100.52496993541718 100.78079581260681 131.57605707645416 57.614783853292465 48.465279281139374 160.88396441936493 130.14713937044144 110.63843965530396 127.0064098238945 146.46071943640709 80.484047770500183 80.82295760512352 37.242634922266006 51.054501712322235 53.245503127574921 79.094462722539902 55.76156410574913 117.25383645296097 143.93351900577545 108.43313601613045 103.24430233240128 38.013648808002472 53.620437175035477 26.08466799557209 34.396719604730606 36.283052563667297 24.570185750722885
leaf_count=112 150 107 178 71 141 113 151 165 173 170 143 163 112 87 114 85 102 157 164 119 106 104 116 108 160 146 100 91 123 123 90 106 109 70 104 103
internal_value=9.86969e-05 -0.00161041 0.00177904 0.00108917 0.00145494 0.000723855 0.00157162 -0.00351944 -0.000603428 -0.000856119 -0.00137695 0.00121796 -0.00295827 -0.000133137 0.00286623 0.00386672 -0.00085443 -0.00126993 0.000245234 -0.00144222 0.000149471 -0.00356616 -0.00275809 -0.00379085 -0.00186401 -0.00544872 -0.000665079 -0.00154183 -0.00309765 -0.00206138 -0.00366678 -0.000387569 -0.00824489 -0.00615365 -0.00744192 -0.00664196
internal_weight=3914.87 1940.83 1974.04 1474.83 1339.17 1064.22 774.44 670.222 1270.6 1199.07 958.396 240.67 599.078 106.08 490.522 329.638 857.871 747.232 408.549 262.088 181.604 492.998 344.937 240.262 132.34 148.061 283.917 289.776 338.684 211.677 93.7752 104.675 71.144 107.922 73.5257 50.6549
internal_count=4536 3342 1194 1016 945 804 600 1692 1650 1543 1207 336 1368 199 350 236 1037 935 532 368 249 1169 768 546 268 401 250 204 403 246 236 222 324 278 208 212
is_linear=0
shrinkage=0.0161547


Tree=142
num_leaves=38
num_cat=0
split_feature=42 21 47 0 2 0 53 50 10 50 30 4 19 13 42 50 34 44 34 0 0 21 19 52 2 17 10 42 46 52 23 4 53 53 6 17 23
split_gain=21.2277 14.9503 9.69398 10.6764 14.3422 10.4416 9.66255 12.1202 9.49234 7.45274 6.84696 6.55263 6.47896 5.77531 6.12677 5.74412 4.71149 3.99317 4.11212 3.73543 5.70488 4.67283 3.88929 3.48146 2.40467 4.99469 4.8704 3.02508 2.50673 2.22225 2.00841 1.40768 1.35591 1.97467 1.31026 1.55916 1.2787
threshold=2.5000000000000004 0.053465505485628569 1.0000000180025095e-35 0.02232224973213737 0.066868172743646773 0.81963046880216373 0.88750185791739888 83.500000000000014 0.99764086825194787 95.500000000000014 1.0000000180025095e-35 0.46018676951452614 0.70875963751853488 0.57868862291447321 1.0000000180025095e-35 94.500000000000014 1.0000000180025095e-35 68.500000000000014 1.0000000180025095e-35 0.10503607045247861 0.51324522947037254 0.18696525115980872 0.12138150423322208 0.9506428847742413 0.030029859675656616 0.0043184119287487345 0.28304402733633283 1.5000000000000002 1.0000000180025095e-35 0.91706344704376541 0.097649555876210561 0.0070062726773037886 0.95306684351817716 0.89349445193362165 0.027642294258855015 0.0041193739507085344 0.17957670978518117
decision_type=2 2 2 2 2 2 2 2 2 2 2 2 2 2 2 2 2 2 2 2 2 2 2 2 2 2 2 2 2 2 2 2 2 2 2 2 2
left_child=1 17 3 -2 -5 8 7 -3 10 -9 -6 -7 13 14 -8 16 -4 23 24 29 21 22 -21 34 25 28 -26 -28 32 -16 -25 36 33 -19 35 -1 -27
right_child=2 6 15 4 5 11 12 9 -10 -11 -12 -13 -14 -15 19 -17 -18 18 -20 20 -22 -23 -24 30 26 31 27 -29 -30 -31 -32 -33 -34 -35 -36 -37 -38
leaf_value=-0.0078411992767474306 -0.0021553422199601878 0.0071932938929143318 -0.00082536685949404138 0.0072820116580576506 -0.00031702422381025186 0.004833445274692821 0.0026160262172120461 -0.0018088363477794074 -0.0022629605459440721 0.003750156923507907 0.0052012582363252704 0.0011178071633810348 0.0027634464296699768 -0.0037097197716238575 -0.0014858223004547287 -0.0032139947277157761 0.0030244911050324799 -0.0042710166364026466 0.0016829339219257917 0.0017905498045419702 -0.0039230275085840247 0.0040373660887627408 -0.0024950372300971192 0.00017740873059317769 0.001497307902225337 -0.0028716949476945549 -0.0050509777020646398 -0.0002033653658541023 0.0016967138744036286 -0.0054163339087396848 -0.0051906624399126198 -0.008135190973713952 -0.0050494755505541148 0.00032245705319861918 -0.0097432377949277244 -0.0027430935769012506 -0.0063369612191722996
leaf_weight=36.90497313439846 135.21698234975338 97.244863927364349 225.36998024582863 151.05607160925865 119.04968026280403 337.92883718013763 129.03229601681232 151.23243144154549 220.8164788633585 107.80549001693726 115.71668165922165 195.53673022985458 118.94489914178848 194.43606504797935 74.459577262401581 145.81202386319637 131.28721226751804 43.041096553206444 65.675803780555725 100.35660471022129 95.136643201112747 77.364787340164185 122.99718198180199 39.422721013426781 95.08744715154171 53.71342945098877 88.975102081894875 53.975654631853104 43.819533348083496 75.710772529244423 33.770800456404686 42.011810481548309 44.77945539355278 56.464434683322906 30.56608858704567 27.19016058743 57.582920849323273
leaf_count=129 173 82 164 140 115 164 181 176 180 115 93 82 72 179 99 120 82 99 115 133 115 74 150 108 174 118 167 75 89 108 83 99 110 124 91 77 111
internal_value=8.07756e-05 -0.000996175 0.00138787 0.00213665 0.00264568 0.00193758 4.93922e-05 0.00233029 0.000141427 0.000504686 0.00240295 0.00347151 -0.000772759 -0.0012565 -0.000549908 -0.000512618 0.000591784 -0.00272561 -0.0021481 -0.00129806 -0.00047508 0.000615728 -0.000569451 -0.0049452 -0.00258231 -0.00345127 -0.00133597 -0.00322061 -0.00168728 -0.00346745 -0.00229937 -0.00561564 -0.00271501 -0.00166445 -0.006991 -0.0056785 -0.00466457
internal_weight=3935.49 2157.7 1777.79 1275.32 1140.1 989.048 1344.72 356.283 455.583 259.038 234.766 533.466 988.439 869.494 675.058 502.469 356.657 812.981 645.127 546.026 395.855 300.719 223.354 167.855 579.451 341.413 238.038 142.951 188.105 150.17 73.1935 153.308 144.285 99.5055 94.6612 64.0951 111.296
internal_count=4566 3253 1313 947 774 634 1484 373 388 291 208 246 1111 1039 860 366 246 1769 1281 679 472 357 283 488 1166 750 416 242 422 207 191 328 333 223 297 206 229
is_linear=0
shrinkage=0.0161547


Tree=143
num_leaves=39
num_cat=0
split_feature=43 14 25 43 53 19 15 43 53 17 6 8 2 53 2 17 6 51 50 10 52 53 6 52 43 13 15 10 23 23 43 53 17 15 2 17 17 51
split_gain=39.225 11.2627 11.8233 7.62058 6.57196 6.5561 8.62135 6.69016 5.53709 4.77701 10.4485 12.0606 10.0513 7.64064 5.76603 4.51102 4.27681 4.01363 2.79541 2.76164 2.69344 3.54066 4.07753 3.06848 3.18361 5.65463 2.74835 2.48578 2.35683 3.09187 2.32357 2.20281 2.03697 1.95755 1.38612 1.25548 1.13242 0.67149
threshold=0.82555000000000012 7.5000000000000009 10.500000000000002 0.57435000000000014 0.85794445683935427 0.030648528939546515 0.044498379310229055 1.0663000000000002 0.93953718700532229 0.31321598268051548 0.43845718963565866 0.17671819021411042 0.2364515878034637 0.93700965917191315 0.053466994307647814 0.11626708842528705 0.7636683688881446 16.500000000000004 90.500000000000014 0.99764086825194787 0.96487877779348297 0.87635861983964825 0.064000832320684611 0.93992717176033358 0.68010000000000015 0.025481926877273065 0.064916227090146078 0.71231054941315219 0.24108311689449094 0.49085286233079523 1.2606500000000003 0.96437649594167552 0.047821679867780985 0.031540889568143431 0.02394343260383705 0.076861573781210044 0.0055883995153959117 18.500000000000004
decision_type=2 2 2 2 2 2 2 2 2 2 2 2 2 2 2 2 2 2 2 2 2 2 2 2 2 2 2 2 2 2 2 2 2 2 2 2 2 2
left_child=3 2 -2 31 35 18 -7 8 17 10 11 12 13 14 -9 -13 -12 -8 -6 32 23 -22 33 24 26 -26 37 -19 -27 -30 -15 36 -10 -23 -25 -4 -1 -5
right_child=1 -3 4 20 5 6 7 9 19 -11 16 15 -14 30 -16 -17 -18 27 -20 -21 21 22 -24 34 25 28 -28 -29 29 -31 -32 -33 -34 -35 -36 -37 -38 -39
leaf_value=-0.0078280838483156066 0.0053386957476134018 0.0036831741695793627 -0.0041189721715031088 -0.0053490561227952666 -0.00061800898686372374 0.005337677698571814 0.0031977447185355412 0.0052072405092197724 -0.0034955388252529032 -0.00076689590637448336 0.0050103030599501939 -0.0042489929320972857 0.005573589275133334 0.00067509136283448235 0.00074397342343734334 -0.00018678478603838172 0.0016608367472705468 -0.0028055266478314118 -0.0043182003511416959 -0.0054893175555006928 0.002673826114854888 -0.0025061468602488183 0.00087474586948398569 -0.0084325916174428639 0.0030930087096130579 -0.0061394867304212231 -0.0012561735310716669 0.0011159985759721684 0.0010132635790738647 -0.0041452648362693707 -0.0024671944556442743 -0.004124875420074176 0.0003530699158505508 -0.006951563880107565 -0.0041956597677159039 -0.0014009696839167322 -0.01239216487892641 -0.0085703917983167479
leaf_weight=38.642236828804016 126.06544870138168 323.32859361171722 86.616089820861816 32.017623767256737 125.30050253868103 101.70639926195145 90.151622951030731 118.7125923037529 77.357431411743164 327.23398178815842 233.75433525443077 148.09789863228798 136.61836898326874 96.538704067468643 207.70424276590347 137.65403461456299 173.20361536741257 92.57668724656105 92.707863301038742 77.586306303739548 46.313913315534592 65.009064331650734 63.915736377239227 40.76438957452774 49.225946098566055 48.37369105219841 31.238075762987137 77.497634142637253 53.065807461738586 70.751203179359436 168.78977417945862 29.454378515481949 66.95328751206398 42.918511837720871 39.849798530340195 90.892948001623154 22.418044656515121 35.736672163009644
leaf_count=171 113 113 119 98 180 118 110 95 115 161 143 138 93 106 171 97 90 134 146 105 88 159 113 102 94 107 74 94 99 128 139 118 84 99 82 68 100 123
internal_value=5.86025e-05 0.000825632 0.00050187 -0.00337511 0.000278324 0.000487533 0.00073797 0.000528226 -0.00115659 0.000992841 0.00139806 0.000520555 0.00162403 0.000712176 0.00236719 -0.00229212 0.00358475 0.000442088 -0.00219151 -0.00303142 -0.00273507 -0.00129048 -0.00235891 -0.00352093 -0.00281212 -0.0017354 -0.00522042 -0.00101861 -0.00311575 -0.00193441 -0.00132389 -0.00775342 -0.00170997 -0.00427391 -0.00633816 -0.00272723 -0.00950377 -0.00704813
internal_weight=3886.74 3177.05 2853.72 709.695 2727.65 2550.15 2332.14 2230.43 482.123 1748.31 1421.07 1014.12 728.364 591.745 326.417 285.752 406.958 260.226 218.008 221.897 619.18 218.157 171.843 401.023 320.409 221.417 98.9924 170.074 172.191 123.817 265.328 90.5147 144.311 107.928 80.6142 177.509 61.0603 67.7543
internal_count=4487 2732 2619 1755 2506 2319 1993 1875 642 1233 1072 839 604 511 266 235 233 338 326 304 1366 459 371 907 723 428 295 228 334 227 245 389 199 258 184 187 271 221
is_linear=0
shrinkage=0.0161547


Tree=144
num_leaves=40
num_cat=0
split_feature=43 43 23 14 43 13 47 0 4 50 23 44 44 42 21 45 28 43 43 8 2 13 44 53 52 47 4 28 17 53 10 15 53 53 4 51 14 50 53
split_gain=33.0221 13.5679 9.75856 11.9336 7.74585 7.61446 6.04682 7.09355 9.86198 8.56785 6.74085 19.5043 6.5394 7.21794 5.3155 7.62244 5.25895 5.79119 9.70438 4.11211 8.8675 3.92352 3.59313 3.64735 3.44365 3.78121 3.41741 3.62754 3.83142 3.35634 3.16457 3.04423 3.00981 2.91901 2.83824 2.4506 2.11302 0.60781 0.240449
threshold=0.89405000000000012 3.3391500000000005 0.51476788789747141 1.5000000000000002 0.70185000000000008 0.034346173751094472 1.0000000180025095e-35 2.5069677747996084 0.41177431281308985 98.500000000000014 0.84062468561912318 74.500000000000014 80.500000000000014 4.5000000000000009 0.24788573497859936 1.0000000180025095e-35 1.0000000180025095e-35 1.6293500000000003 1.2181000000000002 0.0034684687980786658 0.040797533296410039 0.013090897211712785 74.500000000000014 0.93757315545435072 1.0072822645845405 1.0000000180025095e-35 0.10203881234762764 1.0000000180025095e-35 0.028977541069325121 0.96274696629674728 1.6919603866790653 1.0000000180025095e-35 0.89994874383492929 0.96539899205807367 0.019182435421178864 15.500000000000002 2.5000000000000004 86.500000000000014 0.92562677758408352
decision_type=2 2 2 2 2 2 2 2 2 2 2 2 2 2 2 2 2 2 2 2 2 2 2 2 2 2 2 2 2 2 2 2 2 2 2 2 2 2 2
left_child=4 2 3 5 21 31 7 8 9 10 11 -4 13 16 15 -8 17 18 -12 29 -21 35 23 -5 25 33 27 28 -22 32 -11 -2 -6 36 -24 -1 -23 -37 -39
right_child=1 -3 6 22 19 -7 14 -9 -10 30 12 -13 -14 -15 -16 -17 -18 -19 -20 20 26 24 34 -25 -26 -27 -28 -29 -30 -31 -32 -33 -34 -35 -36 37 -38 38 -40
leaf_value=-0.002970607125735525 0.0013442483754817632 0.0062704214834944398 0.009339560693499397 -0.0061351364581711965 -0.0048799412275690032 0.0045776201088219741 -0.00080443059550012997 0.0047096391383188597 -0.0029892110764538227 -0.0022447037374518594 -0.0006157530307231286 -0.00047226312965636437 0.0048872771530146571 0.0044657383886722692 -0.0016691416655034994 0.0042828271488243759 -0.00223240924892307 -0.0014038748644595309 0.0054817973330073015 0.003642919310851804 -0.0045720341595212616 -0.0068587586753264393 0.00099710439820906746 -0.0018374112830240993 -0.00015089431170399746 -0.0086152763082035476 -0.0051323546885287301 0.002697192738864697 -8.3266215128097806e-06 -0.0073742820658052374 0.0012418491329174012 -0.003461435369736093 0.00044963836669829069 0.00023989302223097065 -0.0033005788362035172 -0.010842631736498411 -0.0015406129857758908 -0.0088112236818423863 -0.0065720631069630178
leaf_weight=26.623973548412323 71.475448489189148 121.15073847770691 119.49190133810043 119.21642518043518 53.578390449285507 121.61250045895576 182.37986502051353 187.95931333303452 123.66344499588013 158.4723989367485 127.37843203544617 94.83504718542099 147.24419468641281 137.24958515167236 298.19603532552719 132.85731372237206 152.09754472970963 138.99913954734802 146.41307777166367 99.688211858272552 86.571576505899429 52.962815895676613 83.474067777395248 90.774336367845535 63.939569070935249 44.191288709640503 66.684735119342804 53.847136467695236 107.77865833044052 44.68794983625412 118.9230420589447 66.319796293973923 57.151385396718979 43.932696178555489 77.185037404298782 23.372418478131294 30.857341945171356 24.937451630830765 25.125491470098495
leaf_count=83 92 32 108 173 107 131 164 71 77 148 141 96 79 72 181 108 118 80 101 177 174 172 96 123 162 137 108 82 175 93 81 95 99 115 92 94 80 96 94
internal_value=0.000161761 0.000973861 0.000752302 -0.00102611 -0.00254308 0.00163147 0.00124675 0.00175515 0.00137602 0.00177854 0.00243793 0.00499804 0.00179193 0.00114281 -0.000122977 0.0013396 0.00033545 0.00128161 0.00264498 -0.00139629 -0.00055615 -0.00448883 -0.00288607 -0.00427733 -0.00335177 -0.00454205 -0.00188553 -0.00101318 -0.00204119 -0.00363732 -0.000749973 -0.00096869 -0.00212916 -0.00313307 -0.00106762 -0.00716938 -0.00490095 -0.00869165 -0.00768744
internal_weight=3923.3 3017.37 2896.22 630.058 905.931 259.408 2266.16 1652.73 1464.77 1341.1 1063.71 214.327 849.382 702.138 613.433 315.237 564.888 412.791 273.792 569.988 414.57 335.943 370.65 209.991 235.884 171.944 314.882 248.197 194.35 155.418 277.395 137.795 110.73 127.753 160.659 100.059 83.8202 73.4354 50.0629
internal_count=4507 2459 2427 802 2048 318 1625 1172 1101 1024 795 204 591 512 453 272 440 322 242 1015 716 1033 484 296 666 504 539 431 349 299 229 187 206 367 188 367 252 284 190
is_linear=0
shrinkage=0.0161547


Tree=145
num_leaves=38
num_cat=0
split_feature=43 44 43 25 50 46 52 40 30 43 8 51 51 43 43 52 52 43 4 53 53 4 50 51 53 53 43 53 43 51 46 0 17 45 44 44 23
split_gain=37.6686 11.8284 9.668 7.5978 6.38008 7.58573 15.0568 7.71587 13.2196 7.2705 6.53066 6.19198 10.9636 8.06574 7.15319 6.01796 6.81944 5.19037 3.99869 3.81815 6.13554 3.42774 3.40822 3.31459 2.96438 7.94359 5.38588 2.98612 2.91929 2.31433 1.94574 1.90877 4.4768 1.56035 1.50942 1.24454 0.778738
threshold=0.82555000000000012 70.500000000000014 3.3391500000000005 10.500000000000002 105.50000000000001 1.0000000180025095e-35 0.90938961438577992 1.0000000180025095e-35 1.0000000180025095e-35 0.94370000000000009 0.11730916556981104 19.500000000000004 23.500000000000004 1.6616000000000002 1.8474000000000002 1.0072822645845405 0.89151955663162707 0.55795000000000006 0.060439384411612264 0.97647157317789879 0.94779950875236973 0.0010811367771440075 93.500000000000014 14.500000000000002 0.95549470138030268 0.9084263244515246 1.0879000000000001 0.87513194184473531 0.77910000000000013 20.500000000000004 1.0000000180025095e-35 0.031477332024910626 0.001713562872673369 1.0000000180025095e-35 71.500000000000014 67.500000000000014 0.052269038306822765
decision_type=2 2 2 2 2 2 2 2 2 2 2 2 2 2 2 2 2 2 2 2 2 2 2 2 2 2 2 2 2 2 2 2 2 2 2 2 2
left_child=17 24 3 -3 5 7 -7 9 10 33 -9 14 13 -13 15 16 -11 35 -8 20 23 -21 -18 -19 25 27 -26 -2 30 -23 31 32 -25 -5 -33 -1 -37
right_child=1 2 -4 4 -6 6 18 8 -10 11 -12 12 -14 -15 -16 -17 22 19 -20 21 -22 29 -24 28 26 -27 -28 -29 -30 -31 -32 34 -34 -35 -36 36 -38
leaf_value=-0.010658877845878547 -0.0028934598657365876 0.0049391209484955807 0.0054224593490093936 -0.0042705151510931318 -0.0025974276908850491 0.0022143015732980606 -0.0061513828661625396 0.00342196589331791 0.0053372854603669839 -0.001190900268495891 -0.00076731828618515447 0.002040432915252288 -0.00098431599572474889 0.0074329696054594857 -0.0029754147964236822 -0.0023928151957295892 0.0049020571664206104 0.00024139797057055865 -0.0019134204669269627 -0.0088381831179039187 0.0016301970759425362 -0.0056123930283431718 0.0012011051019716627 -0.0077456684864516574 0.0025141939844304621 -0.0067011946397136689 -0.0030725556288639785 0.0016298169628891897 -0.0010989182904065369 -0.00076278812192403806 -0.0018358220231979899 -0.0092190838334380784 -0.00065850545981730737 -0.00085522850490025765 -0.005239051115076227 -0.0083592384320723863 -0.0041426405382396919
leaf_weight=23.49955852329731 78.736043065786362 114.4538899064064 127.43066918849945 84.482280611991882 145.74890345335007 199.49864214658737 105.71093833446503 156.41721373796463 286.68194276094437 127.78481376171112 256.1370849609375 175.25066995620728 158.94209313392639 123.32504272460938 159.97912907600403 110.19088113307953 154.66283196210861 63.674232169985771 129.01675960421562 46.954937353730202 86.207270592451096 61.659261763095856 111.93695694208145 41.046314641833305 91.247712582349777 92.720572054386139 88.916780948638916 73.781008392572403 79.752595901489258 44.011859238147736 50.850942447781563 42.935848101973534 53.681418374180794 59.498148947954178 59.093477040529251 21.231121107935905 24.762005180120468
leaf_count=118 110 95 34 134 133 160 129 145 149 126 165 163 129 55 80 112 128 128 97 135 164 143 102 122 129 139 87 93 142 96 120 114 125 90 131 100 102
internal_value=-4.69303e-05 0.00069271 0.00107567 0.000867413 0.000684319 0.000883655 -0.00104872 0.00131061 0.00267266 0.000558355 0.000821021 0.000996882 0.0024432 0.00426779 1.15031e-06 0.000944891 0.00187744 -0.0034445 -0.00382201 -0.00298224 -0.00227095 -0.00520635 0.00334814 -0.00313099 -0.00181639 -0.00297225 -0.000243041 -0.000705298 -0.00378695 -0.00359254 -0.00465274 -0.00538077 -0.00372943 -0.00285919 -0.00691392 -0.0076344 -0.00608909
internal_weight=3911.91 3212.55 2787.15 2659.72 2545.26 2399.52 434.226 1965.29 699.236 1266.05 412.554 1122.07 457.518 298.576 664.555 504.575 394.385 699.361 234.728 629.868 477.242 152.626 266.6 391.035 425.402 245.238 180.164 152.517 327.361 105.671 247.608 196.757 94.7277 143.98 102.029 69.4927 45.9931
internal_count=4524 2784 2226 2192 2097 1964 386 1578 459 1119 310 895 347 218 548 468 356 1740 226 1420 1046 374 230 882 558 342 216 203 754 239 612 492 247 224 245 320 202
is_linear=0
shrinkage=0.0161547


Tree=146
num_leaves=38
num_cat=0
split_feature=43 43 40 19 44 50 43 2 52 44 44 4 15 2 50 44 52 13 52 42 43 44 35 2 24 44 6 50 43 53 17 53 0 44 4 14 13
split_gain=25.526 11.9847 8.03404 9.77857 6.73881 7.36829 6.38533 6.34312 5.76152 6.24836 8.81615 8.55707 6.088 6.11925 7.17802 5.72303 5.23895 5.06162 4.49195 4.06624 4.00942 3.98623 3.42739 3.22838 2.9872 4.99276 2.572 2.2337 2.14428 3.10198 3.14459 4.0379 1.6758 1.33569 1.19254 1.18965 0.506463
threshold=0.97555000000000014 3.3391500000000005 1.0000000180025095e-35 0.098124648047158577 70.500000000000014 95.500000000000014 0.72065000000000012 0.092388715578590894 1.023695014407799 72.500000000000014 79.500000000000014 0.074339271956417749 0.10822783596606061 0.62139665096340058 89.500000000000014 74.500000000000014 0.95797617263640888 0.44013408214364358 0.89784060897868379 1.5000000000000002 0.93275000000000008 82.500000000000014 1.0000000180025095e-35 0.27284242450205026 13.500000000000002 75.500000000000014 0.10396712263778869 92.500000000000014 0.57435000000000014 0.98365542273140338 0.003077829977716337 0.93584234434704106 0.37269543348935069 67.500000000000014 0.018020998479681177 2.5000000000000004 0.015873675790423532
decision_type=2 2 2 2 2 2 2 2 2 2 2 2 2 2 2 2 2 2 2 2 2 2 2 2 2 2 2 2 2 2 2 2 2 2 2 2 2
left_child=2 4 6 16 7 8 28 -2 9 11 12 -6 -11 14 32 17 -4 -7 19 35 24 -12 -17 -10 25 27 -26 -20 33 30 -30 34 -14 -1 -32 -8 -35
right_child=1 -3 3 -5 5 15 18 -9 23 10 21 -13 13 -15 -16 22 -18 -19 20 -21 -22 -23 -24 -25 26 -27 -28 -29 29 -31 31 -33 -34 36 -36 -37 -38
leaf_value=-0.0097190291905619036 0.0008171568138768267 0.005556676981730368 -0.0049788028787729867 0.0040970795633178923 0.00091934079792046629 -0.00057293903304760541 -0.0036551545954569163 -0.0040483526969438905 0.00055827359071967356 0.0032740035035002954 0.0047337646136960477 0.0067812648672626033 -0.0022958544898254054 0.0015430801623435701 0.0009116834974289504 0.0015530051380677713 0.0017444547955156038 -0.0056490099426591356 -0.0045732540247779407 0.0025367433184924574 -0.0069072540216558696 0.0015545202966613918 -0.0015023028551122881 -0.002987694436511229 -0.0061943065545281692 0.0029162468477989928 -0.0020553556991535749 -0.00050133689092570649 7.7209521032514678e-06 -0.0072420800217436526 -0.0045812815447526852 0.00018499892615143597 -0.0050077470421301526 -0.007125400671135566 -0.0082438030070339351 -0.00031290688068361057 -0.0040332048902463205
leaf_weight=28.809552386403084 122.64409655332565 122.46256065368652 82.481587693095207 105.87592950463295 127.92002296447754 104.94614547491074 57.277809619903564 162.68243277072906 160.98437115550041 128.73881068825722 190.55979490280151 132.10558116436005 128.08607333898544 224.13387137651443 154.61963337659836 229.05706450343132 47.761994257569313 100.22779989242554 73.127586722373962 93.505339562892914 55.598564237356186 223.79928028583527 164.72812700271606 114.78107410669327 70.880666643381119 61.031154423952103 87.614728659391403 67.713070333003998 63.242375716567039 56.838153004646301 54.850275725126266 36.589968845248222 111.00279611349106 25.293057635426521 40.209555849432945 53.992931008338928 30.483220234513283
leaf_count=138 155 32 166 136 124 109 112 176 145 135 113 76 103 109 120 179 82 75 146 135 85 131 109 80 135 100 137 126 167 164 146 83 84 112 103 85 120
internal_value=-0.000249883 0.000618748 -0.00221801 0.000450794 0.000384456 0.000675467 -0.00287644 -0.00195697 0.00121924 0.00163395 0.00112696 0.00389748 7.81845e-05 -0.000587723 -0.00180077 -0.000864934 -0.0025133 -0.00305261 -0.00190517 5.34488e-05 -0.00286938 0.00301662 0.000274909 -0.000917655 -0.00224641 -0.000943154 -0.00390633 -0.00261557 -0.00466913 -0.00392139 -0.00295295 -0.00437521 -0.00355492 -0.00689441 -0.0061305 -0.00203336 -0.00543543
internal_weight=3896.66 2703.48 1193.18 236.12 2581.02 2295.69 957.058 285.327 1696.73 1420.97 1160.94 260.026 746.581 617.842 393.709 598.959 130.244 205.174 620.742 204.776 415.966 414.359 393.785 275.765 360.367 201.872 158.495 140.841 336.316 251.73 194.892 131.65 239.089 84.5858 95.0598 111.271 55.7763
internal_count=4533 2055 2478 384 2023 1692 2094 331 1220 995 795 200 551 416 307 472 248 184 1061 332 729 244 288 225 644 372 272 272 1033 663 499 332 187 370 249 197 232
is_linear=0
shrinkage=0.0161547


Tree=147
num_leaves=38
num_cat=0
split_feature=43 43 44 25 19 44 51 50 43 53 51 23 44 53 42 52 53 17 17 1 43 4 6 5 4 52 2 13 2 4 42 43 4 4 43 13 52
split_gain=31.7345 12.824 8.87723 7.11435 9.86278 7.74277 7.79687 7.03418 5.39458 5.60931 5.10383 7.69305 5.82404 4.9634 15.1169 10.2668 6.12393 6.73128 9.12024 7.07962 7.10664 4.34591 4.01131 3.76595 3.27825 2.96721 2.72253 2.99877 2.60849 3.94342 3.62826 3.63692 2.35582 1.2229 1.18439 0.852913 0.725804
threshold=0.82555000000000012 3.3391500000000005 68.500000000000014 10.500000000000002 0.031134321523960975 80.500000000000014 17.500000000000004 105.50000000000001 0.55795000000000006 0.97589690608743151 16.500000000000004 0.40726272733097352 70.500000000000014 0.89060886751271606 1.5000000000000002 0.95477616259028963 0.90788641924338964 0.10948280110602851 0.22210627287644741 1.0000000180025095e-35 1.3353500000000003 0.18389902342721495 0.053776508548123839 2.5000000000000004 0.0010811367771440075 0.94569171602175783 0.11782975446247526 0.32484978776336515 0.15945942714187811 0.023948124580457076 1.5000000000000002 0.6856000000000001 0.03287162168777967 0.0023268483595710221 0.50075000000000014 0.031306618468090193 0.9506428847742413
decision_type=2 2 2 2 2 2 2 2 2 2 2 2 2 2 2 2 2 2 2 2 2 2 2 2 2 2 2 2 2 2 2 2 2 2 2 2 2
left_child=8 2 25 -4 33 7 -7 13 34 10 11 12 -10 14 -6 -16 -15 19 23 -18 22 -8 -21 -19 -11 -2 -24 -28 29 30 31 35 -26 -5 -1 -12 -36
right_child=1 -3 3 4 5 6 21 -9 9 24 28 -13 -14 16 15 -17 17 18 -20 20 -22 -23 26 -25 32 -27 27 -29 -30 -31 -32 -33 -34 -35 36 -37 -38
leaf_value=-0.010544644152952348 -0.0054407546007914876 0.0059941110423803543 0.0046109497249895602 -0.0038358381489577162 0.0061347071503963469 0.0050387752095680041 -0.00047885776299643335 -0.0035775463246748487 0.0074208439497453508 -0.0087781273262421706 -0.00578734389616646 -0.0044310995711400476 -0.00014532217895897855 -0.0025119180424742716 0.0023547485961242292 -0.0032739544055432261 0.0036066390266384055 0.0020842270938452559 -0.00012139863188765165 0.00030498337806349955 0.0010934308563657783 0.0031845979590868737 -0.0062795281745299239 0.0057033321038893366 -0.0015972670965689818 -0.0008796152216089567 -0.0009227027898343885 -0.0051881543873689767 3.2285652177822929e-05 -0.0076465612950482849 -0.0057012858166832908 0.0012438998081675055 -0.0065118331694084637 -0.0013469939642989403 -0.0077451418632817487 -0.0020014583216696729 -0.0038846637965834117
leaf_weight=20.036902323365211 77.608987033367157 119.09662568569183 121.70358347892761 118.18625777959824 160.45743158459663 210.12714475393295 197.14076367020607 107.94629076123238 46.997007861733437 46.915686219930649 33.02335812151432 51.700323432683945 61.026717022061348 192.19476613402367 217.02111810445786 138.56931686401367 90.530290305614471 158.20187813043594 318.43733340501785 86.568820148706436 206.91820931434631 147.91408228874207 76.080384790897369 142.73730283975601 61.238031223416328 71.527133405208588 107.34904012084007 71.773342072963715 65.640194535255432 50.00627189874649 66.203645005822182 76.877706497907639 43.562445968389511 91.341544151306152 26.717966482043266 29.316620111465454 24.241273924708366
leaf_count=110 128 31 110 179 152 127 163 107 93 138 112 103 129 155 164 117 92 118 174 111 155 62 111 85 147 106 133 89 113 120 149 151 91 132 121 80 96
internal_value=0.000114433 0.000791727 0.000592524 0.000786208 0.000622275 0.00089101 0.00258551 0.000437587 -0.00299468 -0.00252074 -0.00166614 0.000693694 0.00314643 0.000657951 0.00201865 0.000161311 0.000173949 0.000584095 0.00178429 -0.000578844 -0.00126942 0.00109155 -0.00269996 0.00380079 -0.00522895 -0.00325319 -0.00371928 -0.00263185 -0.00284011 -0.00357826 -0.00258791 -0.00110737 -0.00364011 -0.00275085 -0.00721709 -0.00400696 -0.00590872
internal_weight=3932.94 3229.43 3110.34 2961.2 2839.5 2629.97 555.182 2074.79 703.504 632.508 480.792 159.724 108.024 1966.84 516.048 355.59 1450.79 1258.6 619.377 639.22 548.69 345.055 341.772 300.939 151.716 149.136 255.203 179.122 321.068 255.428 205.421 139.218 104.8 209.528 70.9961 62.34 50.9592
internal_count=4554 2801 2770 2536 2426 2115 352 1763 1753 1426 1050 325 222 1656 433 281 1223 1068 377 691 599 225 444 203 376 234 333 222 725 612 492 343 238 311 327 192 217
is_linear=0
shrinkage=0.0161547


Tree=148
num_leaves=38
num_cat=0
split_feature=43 2 0 8 4 53 43 44 44 43 53 13 43 50 51 45 15 21 52 23 43 43 15 6 0 50 52 13 53 43 52 13 53 43 51 53 4
split_gain=40.419 11.4213 9.82498 12.553 7.09995 7.33139 5.38404 5.02854 7.99744 8.49317 6.10323 6.58154 5.86847 4.3253 4.12732 3.61369 6.96491 3.48552 3.35662 5.13513 3.80116 5.80863 2.8596 2.82283 2.79388 2.85299 2.37272 4.27271 1.93996 3.40591 2.48283 1.94998 1.76047 1.32823 1.27211 1.28343 1.09026
threshold=0.97555000000000014 1.130775906436434 0.060078843594870618 0.025837865544127151 0.20160628770170258 0.96833124195894249 0.57435000000000014 71.500000000000014 72.500000000000014 1.7233000000000003 0.99271926063360916 0.6408740513677168 1.2181000000000002 87.500000000000014 19.500000000000004 1.0000000180025095e-35 0.14838800578128994 0.048775612987338894 1.0393599922250962 0.59266032067934471 0.88840000000000008 0.77195000000000014 0.57386746753591666 0.097526400442006153 0.51324522947037254 91.500000000000014 1.0072822645845405 0.02433788448930899 0.98753634513359101 0.86930000000000007 0.90364972717805603 0.025481926877273065 0.92681474553163901 0.78585000000000005 16.500000000000004 0.95448212008367206 0.034960456469483391
decision_type=2 2 2 2 2 2 2 2 2 2 2 2 2 2 2 2 2 2 2 2 2 2 2 2 2 2 2 2 2 2 2 2 2 2 2 2 2
left_child=2 4 6 -4 7 22 34 15 -9 10 11 12 17 -14 -11 16 -2 -10 19 20 21 23 -6 -5 25 -21 28 -28 29 30 31 -8 -32 -30 -1 -36 -19
right_child=1 -3 3 18 5 -7 26 8 9 14 -12 -13 13 -15 -16 -17 -18 36 -20 24 -22 -23 -24 -25 -26 -27 27 -29 33 -31 32 -33 -34 -35 35 -37 -38
leaf_value=-0.0046948546145212343 -0.0017483134986027895 0.0036912297104572402 0.0052429405924012224 -0.0035154883592505956 -0.0042184499934756949 0.0018527515834911995 0.0018710790983781874 0.0048917116960231254 -0.004201219191021368 0.0016225208036145446 0.0031865977076239462 -0.0036725995691466434 0.0045251198046650856 0.00048840283437057846 0.0047829235478909094 -0.00226616401434014 0.0041424333598343802 0.0011463824100543876 0.0011155666769923607 0.0024748936036809279 -0.0082617288962672005 0.00026585915648961783 -0.00099289237008960435 -0.0092144452310668583 -0.0028109913992296165 -0.0019167543017564888 -0.0047239343689675474 0.0016461832765851309 -0.0082790155585785678 -0.0063128419149742236 -0.0054788638890848132 -0.0025094434807837545 -0.0013344607490146246 -0.0040893854017200271 -0.011404026922599737 -0.0061844156121633282 -0.0013957140676344464
leaf_weight=21.709708988666534 114.62514209747314 418.02710103988647 75.053740128874779 59.433054521679878 140.86197566986084 147.77872532606125 48.511058673262596 175.2099501490593 80.862588614225388 239.83489167690277 153.01001524925232 128.83525162935257 105.98319721221924 199.98541271686554 195.94711899757385 161.62664660811424 96.461512714624405 86.33498540520668 88.110299900174141 89.174934834241867 46.126044243574142 76.924715399742126 146.15111190080643 36.682364568114281 106.92124161124229 68.076065868139267 49.742900937795639 61.396686345338821 38.699905335903168 73.184285849332809 72.254784986376762 58.50271500647068 42.471656858921051 40.325245708227158 31.338731810450554 20.230294570326805 89.853988885879517
leaf_count=89 151 156 139 154 111 85 109 144 112 124 139 103 84 178 97 181 85 93 142 122 78 132 73 95 160 110 118 112 114 128 174 128 92 72 154 89 99
internal_value=0.000133547 0.00123792 -0.00232419 -0.000968472 0.000784812 -0.00107071 -0.0038939 0.00122601 0.00165465 0.00121178 0.000266933 -0.000378777 0.000374944 0.00188666 0.00304358 -0.000448301 0.000943616 -0.00142446 -0.00178428 -0.0023129 -0.00414103 -0.0030426 -0.00257595 -0.00569049 -0.000796228 0.00057369 -0.00327735 -0.0012049 -0.00389329 -0.00329099 -0.00229364 -0.000523682 -0.00394461 -0.00614112 -0.00797536 -0.0093564 -0.000150052
internal_weight=3886.26 2681.39 1204.87 646.502 2263.36 434.792 558.368 1828.57 1455.86 1280.65 844.865 691.855 563.02 305.969 435.782 372.713 211.087 257.052 571.449 483.338 219.166 173.04 287.013 96.1154 264.172 157.251 485.089 111.14 373.95 294.925 221.74 107.014 114.726 79.0252 73.2787 51.569 176.189
internal_count=4526 2015 2511 1132 1859 269 1379 1590 1173 1029 808 669 566 262 221 417 236 304 993 851 459 381 184 249 392 232 1047 230 817 631 503 237 266 186 332 243 192
is_linear=0
shrinkage=0.0161547


Tree=149
num_leaves=39
num_cat=0
split_feature=43 44 40 30 51 52 43 53 50 52 50 52 13 51 43 4 51 15 13 17 43 53 52 43 40 53 52 50 52 4 10 53 52 52 2 15 52 43
split_gain=33.6391 9.9191 8.85746 16.5138 6.97316 6.96933 5.04499 5.04438 4.04491 5.63646 4.66479 4.11945 5.05412 4.926 4.7599 6.03747 3.63763 5.95921 3.48681 2.89778 2.88881 2.85751 3.47096 2.84268 3.23232 2.48444 2.43686 2.07922 1.86521 1.77171 5.75894 1.68846 1.62167 1.53345 1.35843 1.17169 0.983222 0.788371
threshold=0.82555000000000012 71.500000000000014 1.0000000180025095e-35 1.0000000180025095e-35 19.500000000000004 0.9048394815803591 0.54375000000000007 0.91784838779694733 95.500000000000014 1.0297756688330904 100.50000000000001 0.8987334627721083 0.51133367658933448 20.500000000000004 1.6293500000000003 0.018721810349102485 15.500000000000002 0.024054175733186568 0.56031261744858507 0.16234399027290522 0.68275000000000008 0.90054104421044356 0.89151955663162707 0.70595000000000008 1.0000000180025095e-35 0.94932786211795017 1.0197462719059629 90.500000000000014 0.91132701556953777 0.015432683805622413 0.02018936894801867 0.93266686799190668 0.93506636712040014 0.88624952560493575 0.038287721436468421 0.094505559916897047 1.0518559104586906 0.50075000000000014
decision_type=2 2 2 2 2 2 2 2 2 2 2 2 2 2 2 2 2 2 2 2 2 2 2 2 2 2 2 2 2 2 2 2 2 2 2 2 2 2
left_child=6 4 8 7 21 -6 37 -4 9 11 -10 12 31 14 15 -13 17 -8 -15 -9 32 -2 -23 -22 26 -12 29 -24 -5 30 -25 -3 33 -18 -34 -19 -11 -1
right_child=1 2 3 28 5 -7 16 19 10 36 25 13 -14 18 -16 -17 20 35 -20 -21 23 22 27 24 -26 -27 -28 -29 -30 -31 -32 -33 34 -35 -36 -37 -38 -39
leaf_value=-0.010326611108042972 -0.00037008333110296834 -0.00016930057055751738 0.0025984475004496828 0.0040881068081996107 0.0042803794243821544 -0.0010503763721075512 0.0037809846844629015 0.00088249342222722598 -0.002725597233384283 -0.0001500560185503075 -0.00069648963569970892 -0.001050633619609466 0.0022152870407864131 0.0057913052176810139 -0.0014928030265770325 0.0039949250375653656 -0.0045791432976469981 -0.0010258223674208507 0.0021100927011904226 -0.0022912872674146169 0.0012863444396521281 -0.0061035986502845181 -0.00015674946901631824 -0.0051430113408709498 -0.0067051279784338721 0.0026000253157392158 0.0012463693225303934 -0.0038362653735722757 0.0063291674045611408 -0.0047150356560184351 0.0026597938318887529 -0.0034276073805724824 -0.0048677530862735255 -0.0089056825514885699 -0.00087135986879383856 -0.0047405655888419608 -0.0024368889279732502 -0.0062246835649055069
leaf_weight=19.009447872638702 137.79255589842796 83.63466888666153 250.73162344098091 188.27004995942116 111.21175587177277 150.78432101011276 57.432535693049431 173.24882540106773 169.38154420256615 96.295085698366165 134.01814395189285 90.760759681463242 163.47734743356705 145.35845330357552 115.84335660934448 194.58318144083023 51.646076127886772 43.942508235573769 124.80474263429642 132.49388772249222 50.084642022848129 77.395039141178131 82.771517068147659 52.720235407352448 48.026433259248734 107.54237821698189 45.596612006425858 77.704916924238205 199.75517386198044 80.545868366956711 46.421497344970703 82.396020650863647 57.142937287688255 36.480087608098984 36.296842262148857 44.700801506638527 100.04064545035362 34.27649250626564
leaf_count=106 180 90 171 90 111 179 125 162 164 94 129 116 92 135 59 174 168 95 69 70 102 95 99 113 89 86 83 107 103 163 87 94 173 123 84 90 96 154
internal_value=0.000286359 0.000991797 0.00144201 0.00268372 -0.000810472 0.00121242 -0.00290899 0.000899992 0.000712725 0.0011874 -0.000670156 0.00167835 0.00019899 0.00240444 0.00126888 0.00239006 -0.00251784 -0.000272685 0.00409073 -0.000492867 -0.00316732 -0.00222128 -0.00329362 -0.00225177 -0.00290014 0.000771114 -0.00208899 -0.00193842 0.0052418 -0.00293535 -0.00148948 -0.0017863 -0.00479804 -0.00637013 -0.00331535 -0.00289908 -0.00131529 -0.00768802
internal_weight=3894.62 3190.3 2552.64 944.5 637.66 261.996 704.323 556.474 1608.14 1197.19 410.942 1000.86 329.508 671.35 401.187 285.344 651.037 146.076 270.163 305.743 504.961 375.664 237.871 323.395 273.311 241.561 225.284 160.476 388.025 179.688 99.1417 166.031 181.566 88.1262 93.4398 88.6433 196.336 53.2859
internal_count=4520 2765 1994 596 771 290 1755 403 1398 1019 379 829 276 553 349 290 1495 310 204 232 1185 481 301 637 535 215 446 206 193 363 200 184 548 291 257 185 190 260
is_linear=0
shrinkage=0.0161547


Tree=150
num_leaves=39
num_cat=0
split_feature=43 43 25 19 21 50 42 53 50 40 53 53 43 50 13 13 19 23 23 51 42 4 17 4 4 52 4 21 21 19 0 53 21 51 45 18 51 53
split_gain=28.2906 10.285 6.89381 9.17737 7.83666 6.52553 5.53594 7.46195 10.3172 4.99418 9.73503 3.53502 3.31077 4.01377 3.28709 5.39355 6.89916 4.08919 7.91811 5.15538 4.46097 4.04686 5.48591 3.92347 3.78736 3.13196 2.57284 2.48362 2.86695 2.33905 2.08009 2.06164 1.96625 3.43311 1.64746 1.53749 1.29997 0.156944
threshold=0.82555000000000012 3.3391500000000005 10.500000000000002 0.031134321523960975 0.027807250441307763 105.50000000000001 3.5000000000000004 0.9084263244515246 92.500000000000014 1.0000000180025095e-35 0.95448212008367206 1.0236856744094631 0.70185000000000008 88.500000000000014 0.10667790177948989 0.16476838131086069 0.092404216012190815 0.75727094637700254 0.886995217169679 20.500000000000004 2.5000000000000004 0.18389902342721495 0.10948280110602851 0.055739453722722092 0.12400378114772086 0.9521794254509296 0.017180756183116441 0.0123109368068303 0.019791021306387383 0.016430620896919067 0.2434559181502077 0.94424917842281975 0.0035997754398424567 16.500000000000004 1.0000000180025095e-35 2.5000000000000004 20.500000000000004 0.91607439194099449
decision_type=2 2 2 2 2 2 2 2 2 2 2 2 2 2 2 2 2 2 2 2 2 2 2 2 2 2 2 2 2 2 2 2 2 2 2 2 2 2
left_child=9 2 -2 29 -5 6 14 -8 -9 11 -11 12 27 -14 -6 16 -16 19 -19 30 21 22 23 -20 -22 26 -15 32 -29 34 -17 35 33 -1 -4 -30 -13 -35
right_child=1 -3 3 4 5 -7 7 8 -10 10 -12 36 13 25 15 17 -18 18 20 -21 24 -23 -24 -25 -26 -27 -28 28 31 -31 -32 -33 -34 37 -36 -37 -38 -39
leaf_value=0.00032815285725142486 0.0041936855297224108 0.005302323580248707 -0.002904669454900448 0.0049187481100875551 -0.0026658750976418094 -0.0028634559380465194 -0.00030444528835362416 0.0008518166435095083 0.0054177214771578006 -0.0036638042072061499 0.005907694531196616 -0.0090894880284404234 -0.0047341214713961946 0.00019269614237475889 0.00017522628369013893 -0.0052792112571817566 0.0067138650467078809 0.0044221736101585536 -0.0023271016284292143 0.0013820409972767139 -0.003771548158217587 -0.0010691445598120918 0.0034859872888224979 0.001700970728061248 -0.00015049602385696289 0.0023943960397298215 -0.0049882433430847228 0.0014597668205368391 -0.0079862307020743418 -0.0047209534033309554 -0.0015921050866847474 -0.0009637422506905218 -0.008934177816392351 -0.0061279302129360579 0.0005131399756954871 -0.0033238792903256273 -0.004743664353248178 -0.007967729374885173
leaf_weight=25.350700303912163 131.10557460784912 124.69115316867828 83.832382917404175 109.00158190727234 101.25475919246674 142.51279875636101 286.78769701719284 282.27126109600067 238.0951024889946 68.364388599991798 46.658436730504036 34.345634400844574 76.1996810734272 57.200305819511414 95.993918538093567 86.815327763557434 75.029557824134827 115.30837446451187 111.14798480272293 82.61547315120697 129.19643706083298 232.94446742534637 208.5282279253006 146.00210094451904 180.97394245862961 68.585879266262054 44.456146478652954 31.37082464993 36.560102522373199 88.253760367631912 73.939855247735977 37.083363965153694 40.068694353103638 25.297601252794266 65.612562596797943 37.281666159629822 37.660582423210144 23.195374265313148
leaf_count=78 119 32 129 133 142 130 162 155 120 144 78 102 160 108 125 112 76 112 113 93 109 173 157 134 114 122 88 89 116 139 87 98 151 93 95 94 106 93
internal_value=0.000113127 0.000754209 0.000569315 0.000407477 0.000675537 0.000496918 0.000692634 0.00178784 0.00294096 -0.00285387 0.000218827 -0.0034689 -0.00298934 -0.00165253 0.000153525 0.000339082 0.00304379 8.16681e-07 0.000411863 -0.00189776 -4.65292e-05 0.000669271 0.00153887 -4.0083e-05 -0.00165879 -0.000273223 -0.00207302 -0.00427519 -0.0028521 -0.0026356 -0.00358332 -0.00407154 -0.00605288 -0.00448945 -0.00140411 -0.00563228 -0.00681654 -0.00700795
internal_weight=3881.59 3191.91 3067.22 2936.12 2698.42 2589.42 2446.9 807.154 520.366 689.679 115.023 574.657 502.65 246.442 1639.75 1538.5 171.023 1367.47 1124.1 243.371 1008.79 698.623 465.678 257.15 310.17 170.242 101.656 256.208 142.296 237.699 160.755 110.925 113.912 73.8437 149.445 73.8418 72.0062 48.493
internal_count=4481 2761 2729 2610 2247 2114 1984 437 275 1720 222 1498 1290 478 1547 1405 201 1204 912 292 800 577 404 247 223 318 196 812 397 363 199 308 415 264 224 210 208 186
is_linear=0
shrinkage=0.0161547


Tree=151
num_leaves=41
num_cat=0
split_feature=43 43 2 50 10 52 51 18 13 43 13 53 25 13 10 40 52 43 43 14 17 13 44 23 19 53 2 21 43 52 10 24 50 44 42 52 53 21 52 19
split_gain=22.4629 11.1928 9.42982 5.38027 5.81896 6.41018 5.20931 4.75938 8.58783 8.77739 4.35204 5.76914 5.13645 4.3774 6.27135 8.99529 7.05992 7.43962 5.44341 4.16567 3.79629 3.78576 3.71695 3.70565 3.22566 3.11705 3.02789 3.02175 3.27513 2.80717 2.78004 2.6544 2.44784 2.61643 2.17134 2.06821 1.5763 1.01608 0.980666 0.492192
threshold=1.4967500000000002 0.67295000000000016 1.130775906436434 97.000000000000014 1.015868496515101 0.91329427876986824 15.500000000000002 5.5000000000000009 0.6408740513677168 1.2057500000000003 0.48748146215042804 0.83632869484962924 10.500000000000002 0.057872246345149876 0.50656221737198703 1.0000000180025095e-35 0.97954261554445587 1.0005500000000003 1.1746000000000001 1.5000000000000002 0.0050386208329981797 0.02433788448930899 70.500000000000014 2.3608322765504171 0.020907585374791437 0.91870831532631092 0.12424437526879865 0.11662139416102275 1.09745 0.89887477047811071 0.24764016882102058 13.500000000000002 97.000000000000014 72.500000000000014 1.5000000000000002 0.93088652918327819 0.90393674469901764 0.018076292868198712 0.92352379592465705 0.0015382949396340587
decision_type=2 2 2 2 2 2 2 2 2 2 2 2 2 2 2 2 2 2 2 2 2 2 2 2 2 2 2 2 2 2 2 2 2 2 2 2 2 2 2 2
left_child=1 6 3 4 -2 -6 20 8 10 -10 11 -3 -13 19 15 16 17 25 -19 24 -1 36 38 -9 29 -15 -24 28 -28 -14 -18 -27 33 -23 -31 -29 -8 -21 -16 -38
right_child=2 7 -4 -5 5 -7 21 23 9 -11 -12 12 13 14 22 -17 30 18 -20 37 -22 32 26 -25 -26 31 27 35 -30 34 -32 -33 -34 -35 -36 -37 39 -39 -40 -41
leaf_value=0.0038654892444392424 0.0032158393003782174 -0.0055672915995974284 0.0036215041209648326 -0.0015618712910632896 0.002176534492805666 -0.0014098971786326491 -0.0053297769577776155 -0.00049751247914227271 -0.0011226867834501319 -0.0073510960051143531 0.0022408185807373617 0.0033974848756684116 -0.0049739791824775755 -0.00408648067184509 -0.0026612127176222204 0.0046220853922722491 -0.0054816623223327811 0.0060727939064100945 0.0005573908359382797 -0.0036041569615930984 -0.0038237988721946162 -0.004761116842855532 0.0020393091051207246 0.0037623466648591462 0.0024811186675411049 0.0027998531575269396 -0.0053698773799890232 -0.0019553352525737045 -0.00074029504401357553 0.00085390870231967769 -0.00073425430075830091 -0.0022339616483414799 -0.0074752294325307308 0.00049530256572292801 -0.0032568460575605109 0.001469737625090762 -0.011683172007610701 -0.0069646100250192987 -0.0055274815335497563 -0.0083658074155990546
leaf_weight=32.070720806717873 274.55075794458389 61.695288330316544 402.69518983364105 216.10403776168823 249.86916124820709 271.24835044145584 31.047447606921196 105.07077327370644 141.28674125671387 101.44666057825089 140.53028416633606 82.309474587440491 63.378527820110321 68.142602205276489 67.815707802772522 129.47697019577026 72.865177094936371 91.032484889030457 95.893059015274048 47.974060490727425 35.091595813632011 55.070612356066704 79.056107312440872 108.14664316177368 48.500093027949333 55.388018637895584 81.203092008829117 83.417328089475632 78.363264441490173 80.148191958665848 57.66862028837204 53.983041316270828 33.030659809708595 44.831435531377792 57.657843410968781 102.60173279047012 23.375065177679062 45.994327440857887 57.62085485458374 23.313178047537804
leaf_count=93 174 103 130 135 124 142 116 110 159 88 141 104 124 126 103 152 120 98 95 95 98 173 93 73 76 90 132 94 82 149 85 94 109 117 96 109 107 87 100 99
internal_value=-0.000100451 -0.00101007 0.00153073 0.000698577 0.00131252 0.000309751 -0.00406983 -0.000633701 -0.000873123 -0.00372575 -0.00048902 -0.000719816 -0.000532957 -0.000746049 -0.000276831 0.000831096 -0.000160565 0.000994103 0.00324338 -0.00234973 -0.000152082 -0.00531883 -0.00153455 0.00166314 -0.0012586 -0.00137444 -0.000812813 -0.00146526 -0.00309628 -0.00216014 -0.0033843 0.000315278 -0.00366279 -0.00240228 -0.000866025 -6.61825e-05 -0.00815075 -0.00524898 -0.00397787 -0.0100267
internal_weight=3950.97 2536.5 1414.47 1011.77 795.668 521.118 277.831 2258.67 2045.45 242.733 1802.72 1662.19 1600.49 1518.18 1174.53 624.45 494.973 364.439 186.926 343.653 67.1623 210.668 550.078 213.217 249.685 177.514 424.642 345.585 159.566 201.185 130.534 109.371 132.933 99.902 137.806 186.019 77.7357 93.9684 125.437 46.6882
internal_count=4595 3890 705 575 440 266 912 2978 2795 247 2548 2407 2304 2200 1573 860 708 503 193 627 191 721 713 183 445 310 510 417 214 369 205 184 399 290 245 203 322 182 203 206
is_linear=0
shrinkage=0.0161547


Tree=152
num_leaves=39
num_cat=0
split_feature=43 43 43 53 53 53 42 21 52 36 52 42 17 17 51 43 43 2 52 0 0 0 53 17 15 13 0 6 23 13 17 4 53 13 13 52 51 43
split_gain=26.4767 9.08395 8.15345 5.90189 7.32063 5.84033 8.25455 6.89808 5.63355 5.56021 4.5497 11.0879 7.04788 6.60602 4.29408 4.08541 5.86803 5.40008 7.01144 5.50969 13.4729 4.08038 4.85615 3.87703 3.53062 4.53381 3.4817 7.92844 2.37129 2.16649 2.62779 2.10648 2.00724 1.72871 2.82877 1.13472 1.00316 0.265794
threshold=0.91350000000000009 1.5132500000000002 0.67295000000000016 1.0668673465683673 0.99083314081467899 0.91607439194099449 2.5000000000000004 0.065727672538067633 1.0101644682439328 1.0000000180025095e-35 0.95914581133341847 4.5000000000000009 0.30359497620879661 0.10822731452881656 25.500000000000004 1.3757500000000003 1.3353500000000003 0.019250733310974436 0.9506428847742413 0.092359132334971575 0.1443075562731525 0.17017242843323438 0.87158376087502654 0.17623362924978223 0.21824236735555499 0.17414108123146607 0.29317511782741351 0.28627720285971131 0.1542157711281508 0.013090897211712785 0.0053766097434562342 0.047974619828018886 0.92772124363953157 0.10826369490910241 0.048956222180666926 0.90487736723273982 16.500000000000004 0.55795000000000006
decision_type=2 2 2 2 2 2 2 2 2 2 2 2 2 2 2 2 2 2 2 2 2 2 2 2 2 2 2 2 2 2 2 2 2 2 2 2 2 2
left_child=2 14 21 4 5 24 7 28 9 10 11 12 13 -3 15 16 17 18 -2 -19 -21 22 -1 26 25 33 31 -28 -7 36 -31 -22 -17 34 -4 -32 -24 -38
right_child=1 8 3 -5 -6 6 -8 -9 -10 -11 -12 -13 -14 -15 -16 32 -18 19 -20 20 23 -23 29 -25 -26 -27 27 -29 -30 30 35 -33 -34 -35 -36 -37 37 -39
leaf_value=-0.00021740040207159853 0.004840882410045157 -0.00093827626977193964 -0.0010531996017229229 0.0038739218615035337 -0.0059746894424857677 -0.00086885370080703062 0.0058553298347574657 0.0025301736268243361 -0.0004753472312414762 0.0046356375465426139 0.0041095334471555047 0.0043824112496119042 -0.0027116020586053498 0.0033526262289245942 -0.0026784003060600458 -0.0031261424016277698 0.0048304500516609308 -0.0032129044920150133 -0.00095185871601154376 0.0058426813812685052 -0.004504887909275941 2.5570519397854717e-05 -0.0058361612597268749 0.0019811862426628206 0.0014927326109627108 -0.0071569216081497043 0.0025353600756874294 -0.0026277960115683213 -0.005472298255489459 -0.0014131204406238082 -0.009160646508427581 -0.00097843412804381191 -3.9021711747000046e-05 0.00072030945239369751 -0.0057828862701370023 -0.0052156108115067878 -0.011412991425746522 -0.0089575537183809867
leaf_weight=40.132018968462944 144.88663938641548 180.65115082263947 83.305695980787277 56.504262059926987 85.499877974390984 53.970774665474892 64.23486402630806 92.878377228975296 208.6921454668045 233.66417694091797 186.9658597111702 216.83577346801758 166.07945829629898 194.39487874507904 127.18523886799812 111.04379040002823 87.320015490055084 127.6148941218853 87.439377129077911 102.8795003592968 98.863422960042953 44.755650848150253 21.863449290394783 132.66766196489334 48.254011541604996 59.712516903877258 152.15474289655685 158.43970972299576 63.632173657417297 35.5499107837677 30.20529380440712 79.958437353372574 108.84082984924316 44.973087579011917 54.651389420032501 51.418017283082008 20.393459260463715 26.396618068218231
leaf_count=117 165 139 171 89 176 111 78 141 110 91 87 84 75 100 142 94 66 172 114 108 129 105 79 114 70 116 160 173 129 117 115 90 88 82 117 163 111 99
internal_value=0.000252253 0.00102599 -0.00204648 -0.0011343 -0.00156892 -0.000902924 0.000786294 -0.000760678 0.0019711 0.00240429 0.00185252 0.00129578 5.89351e-05 0.0012858 0.000162996 0.000422591 0.00080162 0.000477354 0.0026607 -0.000117603 0.000427261 -0.00443084 -0.00531352 -0.000468335 -0.00249818 -0.00329185 -0.00113233 -9.84569e-05 -0.00335967 -0.0064141 -0.00507891 -0.00292807 -0.00159805 -0.00203021 -0.00292685 -0.0066755 -0.0086929 -0.0100278
internal_weight=3884.91 2906.58 978.331 707.617 651.113 565.613 274.716 210.481 1387.28 1178.59 944.927 757.961 541.125 375.046 1519.29 1392.11 1172.22 1084.9 232.326 852.578 724.963 270.714 225.959 622.084 290.897 242.643 489.416 310.594 117.603 185.827 117.173 178.822 219.885 182.93 137.957 81.6233 68.6535 46.7901
internal_count=4487 2301 2186 1280 1191 1015 459 381 686 576 485 398 314 239 1615 1473 1291 1225 279 946 774 906 801 666 556 486 552 333 240 684 395 219 182 370 288 278 289 210
is_linear=0
shrinkage=0.0161547


Tree=153
num_leaves=38
num_cat=0
split_feature=43 43 43 6 4 51 45 43 23 51 6 44 53 4 2 4 53 4 8 6 10 0 0 50 43 50 43 21 4 51 43 43 21 4 43 43 4
split_gain=37.2548 10.2613 6.33248 5.18762 9.69766 8.28458 9.12999 11.3361 8.96248 10.1438 7.75199 6.93196 6.51938 6.09408 9.25437 5.78162 5.03176 4.2171 4.0357 6.45043 5.41202 6.54493 3.65863 3.7969 4.00808 2.3283 7.79088 6.55567 5.83282 3.31046 3.09164 2.54523 2.17087 1.97112 1.63726 1.00802 0.959159
threshold=0.97555000000000014 3.3391500000000005 0.54375000000000007 0.43845718963565866 0.47429568734793609 18.500000000000004 1.0000000180025095e-35 1.7591000000000003 0.84668973161642713 21.500000000000004 0.31713313567685991 77.500000000000014 0.884119810504709 0.011548034843387274 0.14996362113569908 0.054923678136358102 0.93757315545435072 0.011751963370843079 0.067816594074574882 0.065521380624299339 0.23036543810234653 0.047488867105641396 0.51324522947037254 91.500000000000014 0.82555000000000012 92.500000000000014 0.80205000000000004 0.0011988263140623077 0.0023268483595710221 15.500000000000002 0.83530000000000004 0.73665000000000014 0.0026186634081086083 0.025867386809436042 0.84985000000000011 0.50075000000000014 0.0095389873677310475
decision_type=2 2 2 2 2 2 2 2 2 2 2 2 2 2 2 2 2 2 2 2 2 2 2 2 2 2 2 2 2 2 2 2 2 2 2 2 2
left_child=2 3 35 5 16 10 8 15 9 -7 11 12 -2 -14 -15 17 -5 -8 19 20 21 25 23 24 -20 26 28 -27 29 -4 31 -29 -31 -21 -25 -1 -23
right_child=1 -3 18 4 -6 6 7 -9 -10 -11 -12 -13 13 14 -16 -17 -18 -19 22 33 -22 36 -24 34 -26 27 -28 30 -30 32 -32 -33 -34 -35 -36 -37 -38
leaf_value=-0.010550832777237411 0.0018315641635658559 0.0053338408921239479 -0.00083574294073639611 0.0014981397996559683 -0.00083887490906574833 0.0047449587726895084 0.0019925960503761383 0.0076237543043519238 -0.002514760891813191 -0.0018389543251680007 -0.0050989025399645815 0.0021286815395638739 0.0003226852557287798 -0.0071294532747197409 -0.00088746703342074379 0.0043616189802809227 0.0044403046852983874 -0.0031096938741697402 -0.00060095179390338668 -0.004422219309928358 0.0014708432088240922 -0.0054350276692188872 -0.0031876080316334716 -0.00015525525764600802 0.0049192049690328869 0.0011142239982824408 0.0019215502257876459 -0.0058518136843324162 0.0024411817343133625 -0.0097524614797984931 -0.0087334606174007332 -0.00048543216080797679 -0.0046418094753782812 -0.0090332729383827848 -0.0037997269464221653 -0.006091254097874952 -0.0089785758626364249
leaf_weight=20.326372742652893 126.91849908232689 134.68680346012115 32.701543286442757 320.94887101650238 259.91792494058609 143.42082566022873 90.089928984642029 108.22719317674637 222.89723151922226 106.36056780815125 101.51958441734314 211.53685009479523 138.85018670558929 119.9421748816967 128.28592479228973 109.3400399684906 287.66956579685211 79.651334971189499 70.836732506752014 47.456546202301979 86.030995801091194 40.835218608379364 120.62114949524403 72.382636725902557 66.600723415613174 57.61438176035881 118.56944155693054 56.859421223402023 32.927217572927475 38.219365000724792 47.031524777412415 38.808539211750031 50.157498806715012 49.357520014047623 57.904932409524918 37.875505641102791 38.948748633265495
leaf_count=116 119 35 78 181 120 140 94 53 174 120 87 172 154 136 115 89 154 88 137 97 153 91 181 138 78 129 181 164 78 120 88 73 135 107 89 173 93
internal_value=-6.24416e-05 0.000987894 -0.0024529 0.000758849 0.00177325 0.000236608 0.00134679 0.00318562 -0.000159939 0.00194143 -0.000917778 -0.000332738 -0.00134574 -0.00238754 -0.00390355 0.00146452 0.00288878 -0.000401661 -0.00218382 -0.00288724 -0.00229824 -0.00288495 -0.000851561 0.000200924 0.00207406 -0.00216285 -0.00119111 -0.00348514 -0.00358755 -0.00522706 -0.00534212 -0.00367489 -0.00685196 -0.00677302 -0.001775 -0.00764871 -0.00716491
internal_weight=3872.33 2690.26 1182.07 2555.58 868.536 1687.04 859.987 387.308 472.679 249.781 827.053 725.534 513.997 387.078 248.228 279.081 608.618 169.741 1123.86 735.518 638.704 552.673 388.346 267.725 137.437 472.889 272.575 200.314 154.006 121.078 142.699 95.668 88.3769 96.8141 130.288 58.2019 79.784
internal_count=4530 2031 2499 1996 455 1541 758 324 434 260 783 696 524 405 251 271 335 182 2210 1587 1383 1230 623 442 215 1046 592 454 411 333 325 237 255 204 227 289 184
is_linear=0
shrinkage=0.0161547


Tree=154
num_leaves=38
num_cat=0
split_feature=43 43 43 37 51 32 45 52 21 23 30 52 21 43 51 0 8 50 50 15 15 23 44 53 10 53 8 17 14 52 52 17 45 51 43 44 13
split_gain=24.6868 9.9636 6.30553 5.38898 5.03126 5.00663 13.2091 5.53893 10.156 6.20757 9.51748 13.7915 6.64739 6.37597 6.1236 4.99595 4.15177 4.09289 8.78963 5.17905 9.21627 4.73939 4.59093 5.61211 4.55911 6.07081 4.41535 2.66248 2.57528 2.21135 2.09569 1.99438 1.90466 1.33522 1.329 1.30633 1.30337
threshold=0.94370000000000009 3.3391500000000005 0.54375000000000007 1.0000000180025095e-35 18.500000000000004 1.0000000180025095e-35 1.0000000180025095e-35 0.8944627222676973 0.12312436582588705 0.84668973161642713 1.0000000180025095e-35 0.9227458868555164 0.04736786873082631 1.3199000000000003 21.500000000000004 0.81963046880216373 0.37963126300653577 92.500000000000014 91.500000000000014 0.0081382502408920941 0.024054175733186568 0.0061419623586745761 75.500000000000014 0.94288056771151185 0.36622254644278357 0.9486888262657186 0.045419144697938979 0.031371669355159386 4.5000000000000009 0.98408243548410612 0.88890035761821551 0.015002926922062053 1.0000000180025095e-35 18.500000000000004 1.3058500000000002 71.500000000000014 0.36468622084542529
decision_type=2 2 2 2 2 2 2 2 2 2 2 2 2 2 2 2 2 2 2 2 2 2 2 2 2 2 2 2 2 2 2 2 2 2 2 2 2
left_child=2 3 35 5 -5 7 -7 8 34 10 11 -9 -13 28 15 -15 -10 18 19 32 -21 -19 24 -24 31 -26 29 -28 -11 30 -23 -22 -4 -32 -2 -1 -29
right_child=1 -3 17 4 -6 6 -8 9 16 13 -12 12 -14 14 -16 -17 -18 21 -20 20 22 26 23 -25 25 -27 27 36 -30 -31 33 -33 -34 -35 -36 -37 -38
leaf_value=-0.0094161421390027162 -0.0046343536434763303 0.0054712813533779742 -0.0074377821926312421 0.0048873210662741537 0.00068336422415656625 -0.0037216930889836792 0.0018383889272379252 0.0068580660955057833 0.0023228474774673749 -0.00031935265986014018 0.0061273930572555329 -0.0035838222390935526 0.0016005182340563119 -0.0015938998470674422 0.0038413768071834751 0.0021457704671867294 -0.00091012226417852462 0.002019474424459405 0.0058590415920156671 0.0043927579072913607 -0.0029856319614869212 -0.0068238056288914828 0.0039692035690004337 -0.0028403566758612654 -0.0039304860734456415 0.0028739111078942819 0.00088436839480364351 -0.004613874302362612 -0.0037195984403479102 -0.0083376808739254113 -0.0010213552161037497 -0.0073361913974282419 -0.0024131802173738121 -0.0045978351390519165 -0.0018922120819392526 -0.0043574806207236361 -0.0012513427550831905
leaf_weight=31.979796603322029 115.61596509814262 119.38848006725311 43.978256702423096 146.27051866054535 150.98379352688789 236.02477061748505 211.36925828456879 88.600248157978058 241.72498512268066 144.83955681324005 154.97550085186958 108.2912814617157 159.77719476819038 188.2154004573822 186.86625528335571 184.73226845264435 181.50149482488632 46.561477497220039 47.569930732250214 76.482964381575584 48.612407326698303 53.735628172755241 66.898192062973976 59.836957395076752 81.587341859936714 58.938628822565079 68.805434137582779 66.517259329557419 97.100848972797394 42.772099271416664 51.092804908752441 63.314745634794235 35.647371724247932 58.358015090227127 76.742629945278168 22.835208892822266 54.924920707941055
leaf_count=169 168 31 121 99 99 174 141 86 175 149 146 148 164 126 95 84 101 105 76 160 110 137 97 102 150 93 133 125 98 101 109 136 86 129 70 103 82
internal_value=0.000103104 0.000905238 -0.00197045 0.000701345 0.00275201 0.000444833 -0.00109486 0.000801937 -0.000462514 0.00139458 0.00278485 0.00133249 -0.000493793 0.000507374 0.00145445 0.000258472 0.000936382 -0.00168515 -0.000795698 -0.00138708 -0.000722837 -0.00285603 -0.00175466 0.000754126 -0.00301411 -0.00107662 -0.00342899 -0.0016546 -0.00168401 -0.00506804 -0.00421105 -0.00544665 -0.00518833 -0.0029283 -0.00354036 -0.00730877 -0.00309309
internal_weight=3873.47 2793.02 1080.45 2673.63 297.254 2376.38 447.394 1928.98 615.585 1313.4 511.644 356.669 268.068 801.754 559.814 372.948 423.226 1025.63 582.867 535.297 455.671 442.768 379.188 126.735 252.453 140.526 396.206 190.248 241.94 205.959 163.186 111.927 79.6256 109.451 192.359 54.815 121.442
internal_count=4478 2154 2324 2123 198 1925 315 1610 514 1096 544 398 312 552 305 210 276 2052 1131 1055 848 921 688 199 489 243 816 340 247 476 375 246 207 238 238 272 207
is_linear=0
shrinkage=0.0161547


Tree=155
num_leaves=36
num_cat=0
split_feature=2 37 44 53 53 45 6 50 50 15 52 2 53 51 13 15 19 53 50 53 53 53 52 6 44 51 15 53 52 44 53 6 14 2 50
split_gain=14.5086 10.285 8.36276 9.53801 8.10666 7.91844 6.74408 8.88173 9.35131 6.835 6.73698 9.92412 15.165 8.26696 6.31061 6.14195 5.98426 5.90034 5.83007 6.22033 5.64899 11.1049 6.85811 5.77638 3.65089 3.47865 3.19586 3.05465 2.94242 2.94138 2.29651 2.17506 3.46962 0.908023 0.64911
threshold=1.0980486479259108 1.0000000180025095e-35 71.500000000000014 0.85794445683935427 0.93632690093775817 1.0000000180025095e-35 0.056793603673924893 92.500000000000014 82.500000000000014 0.094505559916897047 0.9261265768931547 0.36496844143472312 0.88664277070685082 18.500000000000004 0.53213383754682109 0.032184574801058817 0.39348879677514043 0.89060886751271606 86.500000000000014 0.95448212008367206 0.98365542273140338 0.93700965917191315 0.95914581133341847 0.064000832320684611 67.500000000000014 15.500000000000002 0.078258838117148427 0.88750185791739888 0.93506636712040014 74.500000000000014 0.9570324344241784 0.02428625536689713 1.5000000000000002 0.019967147882676121 99.500000000000014
decision_type=2 2 2 2 2 2 2 2 2 2 2 2 2 2 2 2 2 2 2 2 2 2 2 2 2 2 2 2 2 2 2 2 2 2 2
left_child=1 2 14 -4 -2 -3 7 8 28 15 16 12 -12 -14 18 -10 17 -8 19 25 21 22 24 -22 -20 -1 -21 -26 -5 34 -19 32 -31 -27 -9
right_child=4 5 3 6 -6 -7 10 29 9 -11 11 -13 13 -15 -16 -17 -18 30 20 26 23 -23 -24 -25 27 33 -28 -29 -30 31 -32 -33 -34 -35 -36
leaf_value=-0.0020308380224475522 0.004767021153225766 0.0042678727489484734 -0.0043046903509866077 -0.00051383665309441637 0.00052115652448330981 -0.0011330826234984958 0.0018478093950440584 -0.0042125848545268461 0.0015837861726090993 -0.0018117159637980264 0.0090886901198665038 -0.00078194432048210377 -0.00092402441679297976 0.0040992672323043634 -0.0053444957143231999 0.0081267561964936345 0.0013332967814311306 -0.0013636311259757163 -0.0066193092617143588 -0.00327186394238577 -0.0066356046623777505 0.005201579948835495 0.0026185342843807937 0.00072002244418592921 0.00092697256835616311 -0.0055459107378281209 0.0025436857719798082 -0.0037224001260467605 -0.0053114594616783806 -0.003651634968589986 -0.0041227626871095909 -0.0046473781297641393 0.0017612260898174365 -0.0086556882205300577 -0.0066588507976571322
leaf_weight=48.103351384401321 230.28902798891068 201.74979701638222 137.00444379448891 66.94172078371048 239.31184732913971 109.18121954798698 97.355200886726379 59.707147657871246 86.976922139525414 66.285718023777008 93.833275079727173 235.2287332713604 159.95703265070915 183.68216744065285 129.1940133869648 65.742196351289749 313.22026720643044 162.28018239140511 49.126806989312172 49.318733975291252 67.680171400308609 96.870831876993179 88.086898982524872 47.358425587415695 69.588733166456223 43.001101389527321 49.32406459748745 78.455847784876823 66.507479041814804 59.700505495071411 152.9049791097641 57.703012198209763 64.073626518249512 56.96555195748806 53.829332411289215
leaf_count=97 92 170 173 95 98 111 97 102 168 76 77 180 172 176 126 84 179 179 139 117 163 149 153 73 119 116 65 148 112 115 181 85 84 116 91
internal_value=-5.67843e-05 -0.000427797 -0.000712595 -0.000178151 0.0026033 0.00237137 9.81798e-05 -0.00126493 0.000466114 0.00252019 0.000729281 0.00189392 0.00333273 0.00176103 -0.00204886 0.00440039 -0.000350214 -0.00162842 -0.00147648 -0.00350669 -0.000469022 0.0004758 -0.00112903 -0.00360748 -0.00280326 -0.00560037 -0.000363932 -0.00153695 -0.00290484 -0.00333302 -0.00270216 -0.00205714 -0.000849582 -0.007318 -0.0053724
internal_weight=3836.54 3366.94 3056.01 2182.93 469.601 310.931 2045.93 647.468 352.454 219.005 1398.46 672.701 437.472 343.639 873.075 152.719 725.761 412.54 743.881 246.713 497.168 382.129 285.258 115.039 197.171 148.07 98.6428 148.045 133.449 295.014 315.185 181.477 123.774 99.9667 113.536
internal_count=4478 4288 4007 2426 190 281 2253 1012 535 328 1241 605 425 348 1581 252 636 457 1455 511 944 708 559 236 406 329 182 267 207 477 360 284 199 232 193
is_linear=0
shrinkage=0.0161547


Tree=156
num_leaves=37
num_cat=0
split_feature=43 2 43 50 44 45 15 2 50 44 44 43 51 17 4 53 50 50 19 43 0 0 50 45 44 50 53 53 52 53 53 10 19 23 50 2
split_gain=29.9315 13.3775 8.74097 7.62807 7.60941 8.22197 7.42794 6.26967 13.794 4.72205 5.5402 8.61118 11.1839 5.81903 7.04904 8.06427 4.05769 5.62936 3.35758 3.33828 3.35674 3.72716 2.8351 2.5767 4.19037 4.0713 3.05584 2.57127 2.13 1.5176 1.52838 1.36699 2.5122 1.30009 0.823845 0.0594223
threshold=0.97555000000000014 1.0980486479259108 0.57435000000000014 92.500000000000014 80.500000000000014 1.0000000180025095e-35 0.0091795741283684749 0.038287721436468421 86.500000000000014 71.500000000000014 72.500000000000014 1.6857500000000003 19.500000000000004 0.02470643053278614 0.064689785979056461 0.9504147512701473 88.500000000000014 98.500000000000014 0.22121291487482722 0.87605000000000011 0.23448358368475769 0.11308290761860805 89.500000000000014 1.0000000180025095e-35 69.500000000000014 100.50000000000001 0.87554313299711339 0.91393653174282852 0.91132701556953777 0.96955963991497274 0.88831549063524962 0.31523988882094017 0.020289018372558972 1.0516124205940496 90.500000000000014 1.0000000180025095e-35
decision_type=2 2 2 2 2 2 2 2 2 2 2 2 2 2 2 2 2 2 2 2 2 2 2 2 2 2 2 2 2 2 2 2 2 2 2 2
left_child=2 4 29 6 9 -6 27 8 28 16 -11 13 -13 34 22 -16 33 -18 19 20 21 -9 -15 26 -25 -26 -5 -4 -8 30 -1 32 -28 -2 -12 -32
right_child=1 -3 3 23 5 -7 7 18 -10 10 11 12 -14 14 15 -17 17 -19 -20 -21 -22 -23 -24 24 25 -27 31 -29 -30 -31 35 -33 -34 -35 -36 -37
leaf_value=-0.0049942140740170914 -0.0044094645348932374 0.0036539762150154401 -0.0077006369867950522 -0.0074027350765129493 0.00064035315597916575 0.0051879915658298 0.0012149214072699353 -0.005082664490905513 0.0070104538141780217 0.0031214314530761001 0.00056772473550847674 -0.00033439463109788593 0.0047364367716267184 -0.005918993271400083 -0.002091179273162417 0.003073641172404956 0.0019846451685066992 -0.0029903293448700994 0.001732826063845488 0.00064497960165522256 -0.0064252692176612882 0.00092266240828796863 -0.0023209882345657383 -0.0058599415951734622 -0.0024981912094590615 0.0028128271253223375 -0.0017592686940667323 -0.0021998364063405018 -0.0033684414318026425 -0.0035254697185381116 -0.010797396659644814 -0.0019005964046722634 -0.0067335710330875603 -0.0016937558947168552 0.0027991478311768158 -0.009519476662004922
leaf_weight=24.387644201517105 94.935669600963593 465.55498570203781 40.172693639993668 57.365132167935371 240.65128603577614 182.38737893104553 46.607876837253571 46.631656855344772 96.942261219024658 203.056032538414 80.897332102060318 248.49363481998444 208.96035361289978 93.887231707572937 204.27590018510818 128.54081857204437 153.84197986125946 96.647381156682968 88.232052773237228 87.003078579902649 57.35441255569458 63.972604125738144 146.07798624038696 48.345157787203789 96.542271986603737 61.769004806876183 48.274431005120277 49.504656508564949 61.215909287333488 26.323970139026642 19.52178543806076 105.90011824667454 58.734078496694565 89.259720861911774 92.612839251756668 18.490237519145012
leaf_count=102 128 173 102 123 163 113 93 105 167 163 94 129 101 97 181 106 166 111 112 117 115 122 151 125 181 108 110 117 119 109 101 177 123 71 103 87
internal_value=0.000224368 0.00115994 -0.00189831 -0.00150983 0.000647204 0.00260101 -0.000354002 0.000351362 0.00258848 0.000198364 0.000653091 0.000236715 0.00198191 -0.000833036 -0.00161816 -9.6417e-05 -0.0012733 6.51295e-05 -0.000983408 -0.00192339 -0.00325381 -0.00160923 -0.00372872 -0.00305513 -0.00169719 -0.000425968 -0.00409344 -0.00466403 -0.00138724 -0.00677839 -0.00815067 -0.0032018 -0.00448953 -0.00309345 0.00175877 -0.0101758
internal_weight=3933.37 2730.08 1203.29 1114.57 2264.53 423.039 637.637 547.96 204.766 1841.49 1406.8 1203.75 457.454 746.292 572.782 332.817 434.685 250.489 343.194 254.962 167.959 110.604 239.965 476.93 206.656 158.311 270.274 89.6774 107.824 88.7236 62.3997 212.909 107.009 184.195 173.51 38.012
internal_count=4565 2050 2515 2116 1877 276 1169 950 379 1601 1125 962 230 732 535 287 476 277 571 459 342 227 248 947 414 289 533 219 212 399 290 410 233 199 197 188
is_linear=0
shrinkage=0.0161547


Tree=157
num_leaves=38
num_cat=0
split_feature=43 2 8 43 44 4 52 2 15 6 0 17 13 2 37 51 53 53 53 13 23 52 53 21 19 6 52 17 19 44 53 53 2 18 24 53 53
split_gain=25.1459 7.6248 6.09533 5.93796 5.15663 4.56836 8.14686 11.5003 5.51473 7.40173 8.07617 4.78965 4.60363 4.60293 4.2761 4.41335 4.49561 5.20624 4.34743 6.06822 11.9109 3.87588 3.7077 5.18367 3.38769 3.18318 2.9097 2.37101 2.31879 2.12913 2.51626 2.10352 1.98072 1.91011 3.17999 1.44049 2.12337
threshold=0.97555000000000014 1.0980486479259108 0.62731365971581365 0.57435000000000014 71.500000000000014 0.051503066113842082 0.97954261554445587 0.015342768097562973 0.22822255586805471 0.31713313567685991 0.81963046880216373 0.094916223260294613 0.24825345339268226 0.099824276788887153 1.0000000180025095e-35 17.500000000000004 0.91733545063656108 0.98420471254065933 0.87158376087502654 0.048956222180666926 0.26869051775391051 0.89887477047811071 0.9108177217363137 0.18696525115980872 0.21025214053947214 0.050978040197953219 0.93604247666928198 0.052814341985685472 0.040312832084716137 74.500000000000014 0.88005717887098256 0.94288056771151185 0.050308752405419578 1.5000000000000002 14.500000000000002 0.96437649594167552 0.88897016076531321
decision_type=2 2 2 2 2 2 2 2 2 2 2 2 2 2 2 2 2 2 2 2 2 2 2 2 2 2 2 2 2 2 2 2 2 2 2 2 2
left_child=3 2 4 35 22 6 7 -6 12 -10 -11 13 -7 -9 15 18 29 21 -5 31 -21 -18 -2 25 26 -24 -22 28 -23 30 -17 -20 -8 -19 -35 36 -1
right_child=1 -3 -4 14 5 8 32 11 9 10 -12 -13 -14 -15 -16 16 17 33 19 20 24 27 23 -25 -26 -27 -28 -29 -30 -31 -32 -33 -34 34 -36 -37 -38
leaf_value=-0.0034991712485727567 0.0010419558571480526 0.0028698717976338856 -0.0023740234687206936 0.0029977387193052159 0.0047440293188264959 0.0022490903815371114 -0.004162966498538959 0.00044515449175476393 0.0049275876578574939 -0.0015017154983793177 0.0031398044931682662 0.0023359620948894943 -0.0024504915987623322 -0.003887967848783353 0.0024870236656523935 -0.0034139804596514255 0.0030471897928874346 -0.006684706131334245 -0.0027892036611308294 0.0062654689644292593 -0.0012358657479239242 -0.0006719186744288721 -0.0015938123463642311 0.0010429918395625569 0.0014157557810569254 -0.0062724452312321738 -0.0060511879687095904 0.0013341997367358241 -0.0055557995170601553 -0.0023611819777179517 -0.0076687722176242579 -0.0076063381845047871 -0.0010020088879707774 0.00038789686157036246 -0.00523740247129772 -0.0028083232315330472 -0.0096952569788937466
leaf_weight=23.747919961810112 168.63360419869423 464.26133751869202 166.98607116937637 75.867283910512924 177.2313931286335 103.89656776189804 92.284076720476151 143.38585072755814 253.00288772583008 154.8524414896965 265.68992453813553 127.58966094255447 114.17917150259018 115.52469784021378 65.590261816978455 69.812124267220497 72.683319419622421 45.068978190422058 62.095457658171654 61.308452278375626 75.404200494289398 55.464463546872139 77.304138541221619 87.659262180328369 55.73321008682251 74.549243628978729 57.89185705780983 51.887518674135208 46.759037256240845 81.386078506708145 75.508101344108582 38.217854663729668 117.7414470911026 47.552511155605316 58.477580145001411 27.530330941081047 36.80346505343914
leaf_count=97 176 174 102 131 155 96 100 145 158 109 135 84 102 114 107 154 122 115 141 105 132 113 103 69 73 97 110 71 94 154 178 96 110 96 107 114 180
internal_value=0.000125931 0.000985614 0.000595172 -0.00183665 0.000834289 0.00123311 0.000324849 0.00133664 0.00202131 0.00274423 0.0014307 -0.000225829 -0.000211497 -0.00148826 -0.00151254 -0.00176695 -0.00265465 -0.00157569 -0.000508625 -0.00126727 7.8002e-05 -2.79692e-05 -0.000793043 -0.00208501 -0.0019288 -0.00389069 -0.00332721 -0.00147831 -0.0029059 -0.00445316 -0.00562476 -0.00462446 -0.00239092 -0.00389875 -0.00271456 -0.00587217 -0.00726519
internal_weight=3889.56 2704.77 2240.51 1184.79 2073.52 1665.38 773.757 563.732 891.621 673.545 420.542 386.5 218.076 258.911 1096.71 1031.12 604.6 377.893 426.518 350.651 250.338 226.794 408.146 239.513 189.029 151.853 133.296 154.111 102.224 226.706 145.32 100.313 210.026 151.099 106.03 88.0817 60.5514
internal_count=4519 2029 1855 2490 1753 1308 708 498 600 402 244 343 198 259 2099 1992 1204 718 788 657 420 400 445 269 315 200 242 278 207 486 332 237 210 318 203 391 277
is_linear=0
shrinkage=0.0161547


Tree=158
num_leaves=38
num_cat=0
split_feature=19 42 25 53 2 0 19 4 19 53 21 21 4 6 0 0 17 30 21 21 42 15 52 53 4 53 23 0 4 42 50 50 42 23 17 8 15
split_gain=18.1985 9.9103 7.98943 5.10423 4.47668 5.65483 6.36764 4.39928 5.97112 6.26695 7.12107 11.2607 6.9089 12.596 14.3474 6.73028 6.59102 11.079 6.53869 6.00705 6.51685 4.53463 4.34935 4.17195 2.941 2.909 2.78484 3.34485 4.1607 3.50412 2.22637 2.19868 2.8302 1.98696 2.1609 1.02416 1.01961
threshold=0.075426188835405514 5.5000000000000009 11.500000000000002 1.0668673465683673 0.16743514715670246 0.11806426551661071 0.039363425535771789 0.46018676951452614 0.40088985683884121 1.0052663950890719 0.34180723081178027 0.22939140072312295 0.038065662758955933 0.039856717513529157 0.1100766497135708 0.22441724317435371 0.043999619544237069 1.0000000180025095e-35 0.11662139416102275 0.37205366271058388 3.5000000000000004 0.14560712002950763 0.95914581133341847 0.9870734555289622 0.013210164938274118 0.92300324210329154 0.28991743098680156 0.032662706507742105 0.0031249350702378964 2.5000000000000004 94.500000000000014 83.500000000000014 1.5000000000000002 0.12350804799679301 0.00045695214246365724 0.03618675359734181 0.021204905704016546
decision_type=2 2 2 2 2 2 2 2 2 2 2 2 2 2 2 2 2 2 2 2 2 2 2 2 2 2 2 2 2 2 2 2 2 2 2 2 2
left_child=2 7 -1 4 5 23 -7 8 9 10 11 12 13 18 -15 -16 -14 22 25 -10 -21 -11 30 24 26 -2 27 28 29 31 -18 -4 33 34 -33 -26 -25
right_child=1 -3 3 -5 -6 6 -8 -9 19 21 -12 -13 16 14 15 -17 17 -19 -20 20 -22 -23 -24 36 35 -27 -28 -29 -30 -31 -32 32 -34 -35 -36 -37 -38
leaf_value=0.0034517556366296903 -0.0057579710138700403 0.0035554310379784654 -0.0038817497050704064 0.0025854577457530277 -0.0070254279455966235 0.0049210785798763359 -0.0017991081519604518 -0.0013834881028237875 0.003876743820959404 0.0007394710816460531 0.0047807229994998625 -0.0038009863820308658 -0.0039476372881998879 0.0097795242446073564 -0.0014969831045922061 0.0046968737854868447 -0.00094475667929346506 0.0047653717727118962 0.0029250304573693272 -0.00085573129830484901 0.0028729516092012527 -0.0040431886383430126 0.0015924338583519738 -0.0070343415938598532 -0.003283337896649917 -0.00072923407305913951 0.0014790090485212186 -0.0051116398095525104 0.0030660522059191022 -0.005788994844421429 -0.0042590684423641882 0.0013001302282904252 -0.0040539832593152634 0.0035254296574589606 -0.003416838440435123 -0.0064939372805008786 -0.0038753408920690923
leaf_weight=73.1012973934412 59.262627854943275 299.93382447957993 66.124646753072739 57.552385360002518 50.996905609965324 58.020512372255325 100.59642051160336 300.8887628018856 256.77420642971992 79.718482330441475 95.942756325006485 158.54394990205765 109.50996316969395 90.013178795576096 83.079663664102554 101.98598158359528 122.0960106998682 115.98918969929218 72.808376029133797 270.50643217563629 223.31487476825714 147.3976845741272 107.94021087884903 60.254524305462837 61.587340474128723 60.842136144638062 63.665841802954674 80.551433548331261 46.02577717602253 56.231243118643761 93.324028104543686 63.148227110505104 44.252562493085861 43.044367581605911 42.339760154485703 44.784584403038025 47.831119671463966
leaf_count=113 99 113 170 108 81 91 167 166 176 105 76 156 150 84 107 112 132 101 75 169 97 163 119 161 130 84 97 171 90 94 115 162 94 77 126 94 102
internal_value=0.000105561 0.000777751 -0.00170148 -0.00208314 -0.00237222 -0.00210209 0.00065907 0.000451029 0.00069646 0.000107333 0.000548902 0.000203476 0.000827838 0.00226991 0.00448938 0.00191633 -0.000401762 0.000482065 -0.000894879 0.00187257 0.000830446 -0.00236446 -0.00105436 -0.00271052 -0.00219357 -0.00321054 -0.00167969 -0.00213496 -0.00147107 -0.00213371 -0.00238058 -0.00133983 -0.000467964 0.000600426 -0.000593122 -0.00463506 -0.00563639
internal_weight=3909.98 2849.87 1060.11 987.008 929.455 878.458 158.617 2549.94 2249.05 1498.45 1271.34 1175.4 1016.85 467.992 275.079 185.066 548.859 439.349 192.913 750.596 493.821 227.116 323.36 719.841 611.756 120.105 505.384 441.718 361.167 315.141 215.42 258.91 192.785 148.532 105.488 106.372 108.086
internal_count=4527 2399 2128 2015 1907 1826 258 2286 2120 1678 1410 1334 1178 561 303 219 617 467 258 442 266 268 366 1568 1305 183 1081 984 813 723 247 629 459 365 288 224 263
is_linear=0
shrinkage=0.0161547


Tree=159
num_leaves=39
num_cat=0
split_feature=43 43 44 50 2 30 44 42 50 0 17 6 0 23 15 52 23 43 8 51 0 5 15 43 2 44 13 21 4 47 52 21 52 15 17 19 6 51
split_gain=22.0132 10.1257 7.49834 5.18365 8.05556 7.64899 10.5109 8.95709 7.8687 10.1779 7.23602 6.70494 11.9426 5.69552 9.96161 4.8576 6.20045 4.5554 4.16554 4.52987 4.01423 3.639 3.52828 5.57499 3.08296 2.44205 2.38694 3.55485 3.86376 2.30629 2.61658 2.28958 2.15075 1.68472 1.63318 1.46599 0.682618 0.603944
threshold=0.82555000000000012 3.3391500000000005 68.500000000000014 95.500000000000014 1.7383239727353816 1.0000000180025095e-35 83.500000000000014 2.5000000000000004 90.500000000000014 0.81963046880216373 0.014724494932526663 0.51344533133499481 0.62424152343007855 0.52345199281114829 0.17403194647492318 0.8987334627721083 2.0746378907741012 0.6856000000000001 0.058772282310984886 21.500000000000004 0.22241694997234848 1.5000000000000002 0.65305063819120612 1.3353500000000003 0.033432993354453121 72.500000000000014 0.021948282264261331 0.044554363479637385 0.064689785979056461 1.0000000180025095e-35 0.95914581133341847 0.079930403005641665 0.94569171602175783 0.069745368709213953 0.0055883995153959117 0.042489657114721649 0.022282869025351412 18.500000000000004
decision_type=2 2 2 2 2 2 2 2 2 2 2 2 2 2 2 2 2 2 2 2 2 2 2 2 2 2 2 2 2 2 2 2 2 2 2 2 2 2
left_child=17 2 32 4 5 6 11 -7 9 -9 -5 12 13 18 -15 16 20 25 19 24 -12 -16 23 -17 -4 29 -19 35 31 30 36 -29 -2 34 -27 -28 37 -1
right_child=1 -3 3 10 -6 7 -8 8 -10 -11 15 -13 -14 14 21 22 -18 26 -20 -21 -22 -23 -24 -25 -26 33 27 28 -30 -31 -32 -33 -34 -35 -36 -37 -38 -39
leaf_value=-0.0032992677034024997 -0.0049226866780913738 0.0048628676696364373 -0.0038571673563813909 0.003293617132590469 -0.0032185428460109696 -0.00067114748053059175 0.0044255061544173696 2.2678347663274152e-05 0.0065164402726974255 0.0057680669530370309 -0.003405177471427369 0.0023495116695663489 -0.0055545252741932101 0.0043229072773281153 0.0013005696933591963 0.00099000029083993872 -0.0058196605374911548 0.0010243273059993439 -0.0049742753756643393 0.0028539942043260898 0.0012452295766105662 -0.0019229009414585558 0.0023150283238670358 -0.003938778299204612 0.00065657623815111598 -0.0016783816278135102 -0.0029273441498843399 0.0032319066242249782 -0.0039106412531143423 -0.0084540149931177592 -0.0016163210740870247 -0.0011562808976241753 -0.0009451655873405373 0.00072995205301520829 -0.0061813942384790809 -0.0065839275991637124 -0.008267434218375367 -0.0069198509912354435
leaf_weight=24.626574829220772 83.413046777248383 135.66678380966187 100.79146265983582 107.2394485771656 115.08494448661804 166.25138312578201 155.83361265063286 208.77205380797386 167.39677685499191 130.93278747797012 93.883510440587997 245.39827167987823 113.86073076725006 165.54474541544914 168.46779707074165 142.92795991897583 109.10041046142578 78.525833263993263 77.127794235944748 68.348747998476028 100.08106705546379 199.78405702114105 118.78706610202789 103.08875823020935 64.930648237466812 50.576611220836639 78.699617624282837 59.290218830108643 65.574771463871002 46.164213374257088 56.127342119812965 65.101711452007294 61.737246125936508 33.216877982020378 35.967942848801613 44.961052745580673 27.235894769430161 23.494883105158806
leaf_count=93 135 35 157 135 54 167 112 168 93 56 106 148 99 159 139 168 71 157 104 86 95 173 55 78 85 167 173 109 116 176 161 113 92 76 117 103 93 97
internal_value=-1.95629e-05 0.000543884 0.000352947 0.000530876 0.000939446 0.00117477 0.000477627 0.00258292 0.00364975 0.00223713 -0.000601642 -3.32389e-05 -0.000643052 1.87553e-05 0.00103143 -0.0012271 -0.00273866 -0.00263794 -0.00171828 -0.000645406 -0.00100568 -0.000448228 2.86466e-05 -0.00107531 -0.00208866 -0.00414568 -0.00149447 -0.00212512 -0.00073747 -0.0053476 -0.00425693 0.000935307 -0.00323091 -0.0023628 -0.00354984 -0.00425682 -0.0062237 -0.00506699
internal_weight=3894.01 3204.45 3068.78 2923.63 2148.53 2033.44 1360.09 673.353 507.102 339.705 775.108 1204.25 958.856 844.995 533.797 667.869 303.065 689.564 311.199 234.071 193.965 368.252 364.804 246.017 165.722 297.41 392.153 313.627 189.967 177.649 131.485 124.392 145.15 119.761 86.5446 123.661 75.3574 48.1215
internal_count=4521 2770 2735 2508 1800 1746 1262 484 317 224 708 1150 1002 903 471 573 272 1751 432 328 201 312 301 246 242 980 771 614 338 620 444 222 227 360 284 276 283 190
is_linear=0
shrinkage=0.0161547


Tree=160
num_leaves=38
num_cat=0
split_feature=43 43 2 53 53 47 35 4 13 2 44 50 45 37 4 15 53 0 6 2 52 1 0 47 15 15 6 18 52 52 43 13 21 21 42 43 52
split_gain=25.1166 10.4148 7.56853 5.19303 5.08991 5.048 8.16502 7.59001 8.23998 7.78291 7.86655 8.64933 8.24461 4.15675 4.33239 8.5226 6.66438 4.47223 4.32298 4.07978 4.78368 3.93751 6.78497 3.81243 3.53686 3.42332 3.78475 3.39946 3.39172 3.03441 1.48869 1.43995 2.22416 1.20666 1.07068 0.762947 0.649593
threshold=1.0663000000000002 0.67295000000000016 1.0980486479259108 0.86731865515938245 0.85212148155928047 1.0000000180025095e-35 1.0000000180025095e-35 0.0097713201944637281 0.12364723172884988 0.22539481420256266 80.500000000000014 83.500000000000014 1.0000000180025095e-35 1.0000000180025095e-35 0.011548034843387274 0.037246576803738107 0.884119810504709 0.0063205777210034132 0.065521380624299339 0.074845485759439848 0.95914581133341847 2.5000000000000004 0.27320525822935599 1.0000000180025095e-35 0.06805255148960429 0.10822783596606061 0.19269650091342602 1.5000000000000002 0.91132701556953777 0.93604247666928198 0.9043500000000001 0.016729756011446974 0.017529675699574698 0.023455776611510045 2.5000000000000004 0.59860000000000013 0.93329330666766952
decision_type=2 2 2 2 2 2 2 2 2 2 2 2 2 2 2 2 2 2 2 2 2 2 2 2 2 2 2 2 2 2 2 2 2 2 2 2 2
left_child=1 3 5 -1 -3 7 21 8 -2 19 11 -11 -13 14 17 -16 -17 23 -18 -9 34 22 -7 27 31 -20 -27 29 -28 -6 33 35 -33 -19 -21 36 -5
right_child=2 4 -4 24 13 6 -8 9 -10 10 -12 12 -14 -15 15 16 18 30 25 20 -22 -23 -24 -25 -26 26 28 -29 -30 -31 -32 32 -34 -35 -36 -37 -38
leaf_value=0.00090449330790050883 0.00061198890541702764 -0.0051239034441510579 0.0030288340487334199 -0.0078311430179099518 -0.0031940678302110528 -0.00030013792112404956 -0.0031445451365600739 0.0013987188723141052 0.0062392410915860317 0.0037574113973005059 0.0050411223438227657 -0.0028243081101077799 0.0020798561464168861 0.003046295319946228 0.0056060646043532992 0.0030443191182057999 0.0015989719871211006 -0.0011726409495642341 -0.005027251512949399 -0.0043659314844077144 0.00080086374784842887 -0.0014199018200698377 0.0051779012829271491 0.0026084891919988581 -0.0018449698608892018 0.0012146566337870436 -0.00014202110073422981 -0.0054832758330917242 -0.0047084399486207367 0.0014807727782421038 -0.0061672248655933277 -0.0027790907951700276 -0.0076869410486939196 -0.0048462745360494481 -0.0021100141553147627 -0.0062659041181117887 -0.011804738910347347
leaf_weight=40.3618243932724 125.7551982998848 69.729284882545471 453.16862034797668 23.82126072794199 67.571630418300629 134.84314042329788 205.37059366703033 137.23522493243217 147.63475096225739 178.15213131904602 148.78943818807602 196.63751500844955 164.13819122314453 75.071044862270355 62.896504133939743 102.79042220115662 92.634679108858109 47.240354403853416 90.765893518924713 115.74655690789223 112.3350841999054 127.13536405563354 104.91640508174896 62.894433960318565 55.410637095570564 94.026809900999069 72.780545383691788 52.451051384210587 101.85618713498116 78.13856041431427 65.289242148399353 47.886340588331223 48.510003075003624 46.109699249267578 104.45192188024521 29.837720677256584 19.547001853585243
leaf_count=116 141 127 168 118 132 132 151 120 110 108 73 141 111 104 103 139 144 102 163 119 95 86 71 104 142 131 95 92 147 133 105 162 170 94 77 101 94
internal_value=0.000148744 -0.00153914 0.00114349 -0.00443129 -0.000889948 0.000716977 -0.00056537 0.00122984 0.00365079 0.000658027 0.00175286 0.000845029 -0.000593114 -0.000624576 -0.000890206 -2.97269e-05 -0.000668582 -0.00215675 -0.00151282 -0.000944758 -0.0019119 0.000878332 0.002097 -0.000856779 -0.0053884 -0.00231482 -0.00139844 -0.00195662 -0.00280537 -0.000687137 -0.00429597 -0.00654607 -0.00524889 -0.00298721 -0.00329583 -0.00825418 -0.00962213
internal_weight=3903.93 1447.62 2456.31 265.375 1182.25 2003.14 572.266 1430.88 273.39 1157.49 687.717 538.928 360.776 1112.52 1037.45 617.751 554.855 419.695 452.064 469.769 332.534 366.895 239.76 261.056 225.013 359.429 268.664 198.161 174.637 145.71 158.639 169.602 96.3963 93.3501 220.198 73.206 43.3683
internal_count=4521 2818 1703 903 1915 1535 440 1095 251 844 433 360 252 1788 1684 922 819 762 680 411 291 289 203 461 787 536 373 357 242 265 301 645 332 196 196 313 212
is_linear=0
shrinkage=0.0161547


Tree=161
num_leaves=40
num_cat=0
split_feature=42 0 53 53 44 6 34 21 53 18 6 29 15 23 44 21 53 44 42 4 53 53 17 17 53 6 2 4 44 2 53 50 4 2 15 6 0 13 15
split_gain=16.144 9.5847 14.2527 9.09259 7.26811 4.41723 9.6888 6.94997 6.02784 10.5368 11.6759 9.13873 5.09446 8.0553 7.85545 4.81023 6.07598 3.97004 3.67127 7.50542 3.18802 7.90832 5.87978 9.08235 4.82726 4.13492 3.07051 3.04911 2.82714 2.62445 2.58049 3.51755 2.46976 1.96884 1.83412 1.80404 1.60843 2.06506 1.44146
threshold=3.5000000000000004 0.79836212468267298 0.89254457841169998 0.93798213756044391 70.500000000000014 0.028331345137720471 1.0000000180025095e-35 0.13896656973451774 0.89060886751271606 2.5000000000000004 0.27141972077331272 1.0000000180025095e-35 0.47834491176276545 1.6176657179340455 81.500000000000014 0.073343895072340209 0.94424917842281975 76.500000000000014 1.5000000000000002 0.03287162168777967 0.94708392296360266 0.88005717887098256 0.091792542760816206 0.029442469025874423 0.98365542273140338 0.042367267246641714 0.16099253070445291 0.47429568734793609 75.500000000000014 0.069149175140796618 0.88252162331770267 88.500000000000014 0.05377814445632826 0.75105880724146601 0.15128014571769063 0.0066480850089994841 0.047488867105641396 0.04566369991177812 0.17403194647492318
decision_type=2 2 2 2 2 2 2 2 2 2 2 2 2 2 2 2 2 2 2 2 2 2 2 2 2 2 2 2 2 2 2 2 2 2 2 2 2 2 2
left_child=4 2 -2 -4 20 6 7 15 9 -7 38 12 13 14 17 16 30 18 26 -20 21 25 23 24 -22 -1 29 -3 -18 -10 -6 -32 36 -14 -19 -26 37 -23 -11
right_child=1 27 3 -5 5 8 -8 -9 11 10 -12 -13 33 -15 -16 -17 28 34 19 -21 22 32 -24 -25 35 -27 -28 -29 -30 -31 31 -33 -34 -35 -36 -37 -38 -39 -40
leaf_value=0.0024493666309184496 -0.0042063730887282619 0.0042661207094579602 0.0047920107473045015 -0.00035146557439665114 -0.0030074412845015972 -0.0026436459842881822 0.003932292339587363 0.0023399377171273699 -0.0016155131642986314 0.0075575431959465844 9.4791424975344582e-05 0.0042052616158106291 -0.0040132234688447944 0.0034690159886361341 0.0032791216135088209 -0.007365656498172393 -0.0070840048066616573 -0.0056509201961973633 0.004225737568383345 -0.0018472130484132711 0.0019000675340028006 -0.0067457529277997856 -0.005552047514382312 0.0046487796201860991 -0.0069197791537663651 -0.002981025400293174 0.0003437617671210784 0.0018968399733687964 -0.0024167675752625318 -0.0064846338455369149 -0.0026620605069268533 0.0025823840226461138 -0.0021395903826578115 -0.0012539149275093368 -0.0020978990017124968 -0.0021955707784706152 -0.0079885846242725312 -0.0018836887249727976 0.0046720769899002926
leaf_weight=77.027497559785843 139.54584097862244 325.35641956329346 157.43602527678013 208.4641706943512 77.005926206707954 98.915335267782211 79.652822405099869 76.203466653823853 58.927251145243645 92.169916838407516 154.45683994889259 109.57560178637505 132.85671806335449 140.33986002206802 103.96908308565617 56.133459150791168 74.320054486393929 72.138010486960411 91.396574571728706 126.78125727176666 48.759333610534668 53.569264106452465 52.564319401979446 83.476516574621201 40.909020587801933 69.711171045899391 67.005272835493088 251.20181322097778 62.233086094260216 56.673676639795303 52.727940529584885 90.942029699683189 58.048333138227463 137.15259504318237 79.927552074193954 43.555412441492081 64.895918220281601 39.687606886029243 88.628984838724136
leaf_count=170 116 133 102 173 152 143 111 70 97 107 119 89 102 104 114 83 161 119 105 140 101 177 61 117 120 117 86 88 124 94 108 161 90 90 87 100 143 77 75
internal_value=0.000133337 0.00181024 0.000186341 0.00186162 -0.000511825 -6.95795e-05 -0.00129287 -0.00214301 0.000362671 0.00198955 0.00335654 -0.00023758 -0.000693766 -4.41613e-05 -0.000794808 -0.00296944 -0.00227864 -0.00156095 -0.000717708 0.000696798 -0.00203689 -0.003025 -0.000705031 0.000470694 -0.00214725 -0.000130451 -0.00240776 0.00323384 -0.00495695 -0.00400261 -0.000621312 0.000657634 -0.00498957 -0.00261162 -0.00378341 -0.00448367 -0.00603562 -0.00467659 0.00614307
internal_weight=3894.34 1082 505.446 365.9 2812.34 2180.13 569.219 489.566 1610.91 434.171 335.256 1176.74 1067.17 797.159 656.819 413.362 357.229 552.85 400.784 218.178 632.204 362.94 269.265 216.7 133.224 146.739 182.606 576.558 136.553 115.601 220.676 143.67 216.201 270.009 152.066 84.4644 158.153 93.2569 180.799
internal_count=4526 612 391 275 3914 2641 970 859 1671 444 301 1227 1138 946 842 789 706 728 522 245 1273 774 499 438 321 287 277 221 285 191 421 269 487 192 206 220 397 254 182
is_linear=0
shrinkage=0.0161547


Tree=162
num_leaves=40
num_cat=0
split_feature=43 43 4 19 13 13 43 43 42 8 21 8 2 6 51 4 43 53 50 52 6 15 8 40 21 15 53 44 51 50 18 2 15 6 52 43 8 13 52
split_gain=24.5811 8.71817 7.43864 7.41755 9.85024 6.74101 6.35842 5.80668 5.19986 5.50529 5.65131 6.1385 4.33627 11.8885 6.02542 5.38189 4.17056 4.06179 3.39788 7.24068 6.95138 3.41494 4.5327 3.29913 3.34098 3.06299 2.86203 3.54152 2.68717 2.31787 2.26206 2.15169 2.14305 1.89813 1.86305 1.14273 0.921995 2.24842 1.12896
threshold=0.91725000000000012 1.5726000000000002 0.39569070299337167 0.70875963751853488 0.5705636434275223 0.48748146215042804 0.94705000000000006 0.63040000000000007 5.5000000000000009 0.62731365971581365 0.29365306060093022 0.13990995349614793 0.078169298640677662 0.058934594560921365 18.500000000000004 0.054923678136358102 1.1702000000000001 0.87282678806284431 92.500000000000014 0.88624952560493575 0.048509061833725609 0.0053296957368991447 0.046062151970018929 1.0000000180025095e-35 0.0088805338988521242 0.23402760832744454 0.96437649594167552 73.500000000000014 18.500000000000004 94.500000000000014 4.5000000000000009 0.14610993627153243 0.085696606048189225 0.18742663589863479 0.8944627222676973 0.80520000000000014 0.0096678899480960173 0.01526317569668012 0.94174254378713262
decision_type=2 2 2 2 2 2 2 2 2 2 2 2 2 2 2 2 2 2 2 2 2 2 2 2 2 2 2 2 2 2 2 2 2 2 2 2 2 2 2
left_child=7 2 3 4 5 6 -2 17 9 10 11 -3 13 14 29 31 -16 -1 19 20 -9 -20 34 24 -21 33 27 -26 -24 -8 -6 -14 36 -17 -23 -36 37 38 -19
right_child=1 8 -4 -5 30 -7 12 18 -10 -11 -12 -13 15 -15 16 25 -18 32 21 23 -22 22 28 -25 26 -27 -28 -29 -30 -31 -32 -33 -34 -35 35 -37 -38 -39 -40
leaf_value=0.00040749716397272666 0.004348887508979566 0.0023117013652226861 -0.0044445024656105574 0.0045921972619221117 -0.0046771241102267899 0.0046058729116893694 -0.0039581289988837726 -0.0011027815172073075 0.0037322250455562142 -0.00072072665766537895 0.0033765046858701755 -0.0016969702908234609 -0.0018934573099846871 0.0058976691988122092 0.0033517730362851166 0.00057342855447923863 -0.0012138021012840976 -0.0057287967006509066 0.0013470846019776833 -0.0062535880093777816 0.0070745472484101748 -0.0083467734316154587 -0.0035451146644432038 0.0011704575177883219 -0.0027806261764663776 0.0024956286239430584 -0.0045601624801339799 0.0021618744167240748 0.00074105418513169242 -0.0003034856198161552 -0.0015289785078845743 -0.0052579023154417604 -0.0014912271617902053 -0.0026639918455066899 -0.0031118584563152953 -0.006506892048870375 -0.0085655694907181782 -0.002537089920660182 -0.010546897535524732
leaf_weight=32.129004269838333 84.983221381902695 231.03951549530029 97.792179703712463 92.228949189186096 121.17266118526459 94.71814090013504 114.79573807120323 55.587129563093185 252.98887038230896 294.73707842826843 352.81452596187592 175.35748386383057 113.60322460532188 96.320112258195877 124.49204677343369 92.190646529197693 89.938886880874634 28.586427681148052 43.862621054053307 55.093103557825089 52.994025900959969 41.717841595411301 80.189369171857834 72.855153501033783 85.067377716302872 92.89834600687027 68.225749835371971 68.142680644989014 72.854045629501343 74.799732565879822 117.15618717670441 88.063263118267059 24.289278909564018 96.984668552875519 71.154334306716919 40.657310336828232 45.770275175571442 34.506635040044785 22.826256483793259
leaf_count=99 111 150 82 62 121 79 147 118 80 116 157 116 137 93 151 101 95 132 92 136 74 103 149 108 171 83 137 113 122 90 99 108 65 107 159 81 175 125 100
internal_value=-7.77465e-05 0.000674611 -0.000128026 0.00015445 -0.000137457 0.000475291 0.000109327 -0.00226653 0.0016524 0.00115316 0.00188063 0.000581987 -0.000256791 0.000797624 -0.00041823 -0.0013474 0.00143683 -0.00482295 -0.00167167 -0.0007555 0.00288824 -0.00286897 -0.00347218 -0.0018879 -0.00269366 9.33733e-05 -0.00180795 -0.000582368 -0.00150475 -0.00251629 -0.00312958 -0.00336264 -0.00590034 -0.0010863 -0.00543338 -0.00434637 -0.00671357 -0.00572698 -0.00786794
internal_weight=3895.58 2899.08 1592.14 1494.35 1402.12 1163.79 1069.07 996.509 1306.94 1053.95 759.212 406.397 984.087 500.347 404.026 483.74 214.431 188.108 808.401 457.965 108.581 350.436 306.573 349.384 276.529 282.074 221.436 153.21 153.043 189.595 238.329 201.666 155.979 189.175 153.529 111.812 131.69 85.9193 51.4127
internal_count=4544 2285 1666 1584 1522 1302 1223 2259 619 539 423 266 1112 576 483 536 246 696 1563 857 192 706 614 665 557 291 421 284 271 237 220 245 597 208 343 240 532 357 232
is_linear=0
shrinkage=0.0161547


Tree=163
num_leaves=39
num_cat=0
split_feature=43 50 40 17 4 2 43 1 51 52 43 43 18 13 44 21 19 42 52 44 52 8 4 19 13 0 53 19 53 23 53 21 52 10 6 51 21 2
split_gain=23.3732 8.45855 8.32584 8.00602 8.58583 14.1345 8.53252 7.98664 7.39893 6.11606 5.56395 5.17603 4.86693 7.74481 6.11145 5.55887 4.50898 4.15376 7.32035 3.27961 3.20659 2.97024 8.12232 3.83402 5.92563 5.88079 5.55869 5.32162 4.17498 3.86247 2.7253 4.07193 2.56486 2.25817 1.92266 1.77978 0.795436 0.529377
threshold=1.0457000000000003 97.000000000000014 1.0000000180025095e-35 0.66894577861474391 0.011548034843387274 0.031798343688960312 1.7233000000000003 2.5000000000000004 16.500000000000004 0.94893642848195381 0.55795000000000006 1.3058500000000002 5.5000000000000009 0.65338554982379449 78.500000000000014 0.19224799805963658 0.17106534590688058 1.5000000000000002 0.8987334627721083 82.500000000000014 1.0546353685601415 0.12983485018771423 0.063315216859637341 0.047528188180929527 0.083954009353463907 0.032662706507742105 0.98695545832302589 0.019758738759509464 0.88664277070685082 0.34897797818501813 0.91607439194099449 0.080844215914996048 0.94174254378713262 0.41266008625663392 0.039186921963271483 19.500000000000004 0.0056797355940425296 0.050308752405419578
decision_type=2 2 2 2 2 2 2 2 2 2 2 2 2 2 2 2 2 2 2 2 2 2 2 2 2 2 2 2 2 2 2 2 2 2 2 2 2 2
left_child=2 3 10 4 5 11 12 -8 -4 -10 35 -2 13 14 15 16 -6 -3 -19 20 21 23 -23 24 25 26 27 28 -12 37 31 -31 -30 -32 -27 36 -1 -25
right_child=1 17 8 -5 6 -7 7 -9 9 -11 19 -13 -14 -15 -16 -17 -18 18 -20 -21 -22 22 -24 29 -26 34 -28 -29 32 30 33 -33 -34 -35 -36 -37 -38 -39
leaf_value=-0.0026697245483202361 0.0037506368554457267 0.0018150463507957428 0.0046053410683949518 0.0048824494820782147 -0.00085988728373183213 0.0086923225141177299 0.0041839865327712366 0.00053101089424184914 -0.00361881082953716 0.0022734539914725758 -0.0052990444268315503 -0.0012114817308251813 0.0017874024475720339 -0.0043293123662910132 0.0033405987096543064 0.002102635536993067 -0.0054075516747039134 -0.0039092533341141683 0.00032189838190626826 0.0010563591819745222 -0.005707331798382397 0.0042214523215980378 -0.00281664185390637 -0.0055776818874824011 0.0039158847044825458 -0.0077536608766190281 -0.0056183536940531418 0.0056498607443226847 0.0031528466119784076 -0.0014652193054680894 0.00048387064909815783 -0.0078558917806354316 -0.0020490003967272592 -0.0036420092598073391 -0.0030261686082110177 -0.010713608830917216 -0.0072710230326723828 -0.008176592169563587
leaf_weight=19.568340048193932 110.4747180044651 123.55479219555855 90.885786667466164 163.5892471075058 165.38590940833092 96.976861745119095 259.71840250492096 391.86451923847198 104.08785375952721 82.341955363750458 41.423167169094086 108.97801929712296 184.68705704808235 154.58452445268631 101.93638014793396 98.418122053146362 86.739970207214355 190.82844364643097 242.08925968408585 82.774649754166603 66.865616992115974 67.97909227013588 115.49851667881012 42.428415343165398 47.784175887703896 50.68006032705307 49.373760849237442 40.582849845290184 54.719464600086212 50.477338507771492 79.488636508584023 53.702251553535461 45.146363094449043 61.330869942903519 40.307394608855247 22.02795135974884 19.651431292295456 39.493309259414673
leaf_count=90 122 114 131 50 181 74 124 169 181 121 107 96 117 126 84 85 90 152 162 133 141 97 174 95 83 131 133 74 118 96 126 94 105 106 95 119 93 87
internal_value=2.12271e-05 0.000956517 -0.00167344 0.00146401 0.00114623 0.00355618 0.000617881 0.00198707 0.000826086 -0.00101633 -0.00230861 0.0012865 -0.000508913 -0.00120752 -0.000140996 -0.00115343 -0.00242444 -0.000797543 -0.00154318 -0.00202733 -0.00229679 -0.00203776 -0.000209003 -0.00251921 -0.00139294 -0.00218019 -0.000811249 0.000493762 -0.000987239 -0.00379394 -0.00277856 -0.00475947 0.000801247 -0.00131307 -0.00565938 -0.00703907 -0.00497525 -0.00683058
internal_weight=3848.45 2479.83 1368.62 1923.35 1759.76 316.43 1443.33 651.583 277.316 186.43 1091.3 219.453 791.752 607.065 452.48 350.544 252.126 556.472 432.918 1030.06 947.281 880.416 183.478 696.938 370.017 322.233 231.246 181.872 141.289 326.921 244.999 104.18 99.8658 140.82 90.9875 61.2477 39.2198 81.9217
internal_count=4476 1746 2730 1318 1268 292 976 293 433 302 2297 218 683 566 440 356 271 428 314 1995 1862 1721 271 1450 846 763 537 404 330 604 422 190 223 232 226 302 183 182
is_linear=0
shrinkage=0.0161547


Tree=164
num_leaves=39
num_cat=0
split_feature=43 43 21 2 40 44 19 0 8 39 50 17 19 19 2 50 37 44 46 42 13 42 44 13 50 17 21 44 52 13 21 52 2 50 20 17 6 44
split_gain=18.0657 9.76837 7.12015 6.6053 6.42401 6.19527 6.18607 4.19213 5.72835 3.64163 6.70187 4.83284 6.8481 7.96288 10.427 7.03762 6.66066 5.40802 4.81476 7.19417 3.63527 2.79212 3.36797 5.51539 4.44435 3.44375 2.72559 2.44936 2.23536 2.41628 3.42868 2.05669 1.31333 1.28586 1.20563 1.18199 0.951062 0.164993
threshold=1.5574000000000001 0.70185000000000008 0.43214510701583769 1.0980486479259108 1.0000000180025095e-35 73.500000000000014 0.3769602537048386 0.28324313594654837 0.28755150851152061 1.0000000180025095e-35 92.500000000000014 0.13335935392831597 0.19475227528157135 0.12256416566541005 0.21204162046500066 89.500000000000014 1.0000000180025095e-35 83.500000000000014 1.0000000180025095e-35 1.5000000000000002 0.39309643242248954 1.0000000180025095e-35 70.500000000000014 0.054363691920206084 88.500000000000014 0.023956205143156082 0.023455776611510045 71.500000000000014 0.90487736723273982 0.02433788448930899 0.019791021306387383 0.98655405670457841 0.36496844143472312 91.500000000000014 2.5000000000000004 0.01939088806689989 0.012835056634494258 70.500000000000014
decision_type=2 2 2 2 2 2 2 2 2 2 2 2 2 2 2 2 2 2 2 2 2 2 2 2 2 2 2 2 2 2 2 2 2 2 2 2 2 2
left_child=1 4 6 5 28 -2 9 -7 -9 11 -11 12 13 16 15 -15 17 18 21 -20 -14 27 26 33 -25 -26 -23 -3 35 31 -31 -30 -8 -24 -32 36 37 -1
right_child=3 2 -4 -5 -6 7 32 8 -10 10 -12 -13 20 14 -16 -17 -18 -19 19 -21 -22 22 23 24 25 -27 -28 -29 29 30 34 -33 -34 -35 -36 -37 -38 -39
leaf_value=-0.0054155910338468272 -0.0016393416011990587 -0.0027809598423785354 -0.0036239499369397346 0.0030618357845027932 0.0016839839095267514 0.0032852418745195396 0.0035827643125616211 -0.0016706276273797175 0.0019244423916265063 0.0033727762706325616 -0.0020093289316837721 0.0020305482392800243 -0.0017338526672980865 0.0073690195619154405 -0.0027877145438287704 0.0011003285584162278 0.0033331993018571979 0.0026519898259057418 0.003167979490252445 -0.0034490907227774457 -0.0056825241534234697 -0.0016485290700976019 -0.0026553267229371324 -0.0033701654587013487 0.0038989945740150913 -0.00078178091004639635 -0.0063633330344584019 -0.0072976683067641551 -0.0032993443069383168 0.002141795348288979 -0.0059959759146362675 -0.0088905849012103841 0.0010223417481257022 -0.0060807059506658122 -0.0019773061795060787 -0.0034952018753420947 -0.010165908818671401 -0.0072899731207533257
leaf_weight=27.236950807273388 245.1140216588974 63.13854306936264 189.61728662252426 393.4470489025116 50.869065329432487 205.32384389638901 102.79063150286674 188.66049474477768 298.9627029299736 146.97522515058517 102.47993436455727 131.17912384867668 123.5246824324131 82.732752174139023 92.390151560306549 107.42599779367447 70.595305860042572 64.888565391302109 94.923224717378616 78.20782944560051 119.91355806589127 52.874563634395599 55.775729060173035 74.738383054733276 76.164754867553711 88.896831572055817 81.04662674665451 62.201957732439041 37.293414905667305 35.239427357912064 37.894211441278458 31.817458152770996 106.39876985549927 58.701188147068024 40.098484113812447 25.300197824835777 24.211276307702065 22.282727405428886
leaf_count=114 155 126 165 126 118 122 85 105 135 163 128 128 145 85 116 129 92 82 147 115 145 101 93 108 104 116 148 118 136 98 112 124 99 97 95 72 94 86
internal_value=-0.000221256 -0.00101512 -0.000629712 0.00130494 -0.00359912 0.000568053 -0.00035112 0.00134887 0.000533517 -0.000652142 0.00116173 -0.000938645 -0.00120761 -0.000708225 0.00166451 0.00382766 -0.00143523 -0.00183054 -0.00220029 0.000178876 -0.0036789 -0.00287165 -0.00231945 -0.00149448 -0.000101804 0.00137808 -0.00450184 -0.00502244 -0.00455425 -0.00349311 -0.00204027 -0.00587346 0.00228047 -0.00441178 -0.00392985 -0.00650809 -0.00754194 -0.00625902
internal_weight=3891.33 2559.82 2227.58 1331.51 332.243 938.061 2037.96 692.947 487.623 1828.77 249.455 1579.32 1448.14 1204.7 282.549 190.159 922.154 851.558 786.67 173.131 243.438 613.539 488.198 354.277 239.8 165.062 133.921 125.341 281.374 182.343 113.232 69.1109 209.189 114.477 77.9927 99.0312 73.731 49.5197
internal_count=4527 3884 2835 643 1049 517 2670 362 240 2486 291 2195 2067 1777 330 214 1447 1355 1273 262 290 1011 767 518 328 220 249 244 931 565 305 260 184 190 207 366 294 200
is_linear=0
shrinkage=0.0161547


Tree=165
num_leaves=37
num_cat=0
split_feature=43 25 13 47 32 15 0 52 19 53 53 17 23 6 17 52 43 8 4 10 4 2 35 13 28 53 13 22 53 21 53 19 53 53 2 43
split_gain=21.0337 7.51766 8.99658 6.09922 5.32282 4.8733 9.37168 4.99383 4.85333 7.80007 10.421 6.55888 6.40166 6.42427 6.17193 5.85253 3.37466 2.99663 3.64729 3.91005 4.5893 3.07491 3.05119 3.90271 2.80538 5.29142 2.70226 3.4394 3.49542 3.28002 2.51163 2.31172 1.95719 1.95318 0.967698 0.55115
threshold=0.94370000000000009 10.500000000000002 0.059034132164831464 1.0000000180025095e-35 1.0000000180025095e-35 0.15651001685686225 0.44797224179662237 0.92152411567520665 1.4228054403493351 0.89079568334213299 0.86317561980973323 0.38149817951211945 1.469718711229022 0.32375042883337862 0.0299091232286544 0.93506636712040014 0.55795000000000006 0.26086875906379431 0.068664037319289051 0.36622254644278357 0.023521609604782546 0.091518911146897905 1.0000000180025095e-35 0.13135285912947903 1.0000000180025095e-35 0.94708392296360266 0.011086119450522574 1.5000000000000002 0.92218761480424283 0.032886729243541031 0.9486888262657186 0.01388139465137225 0.92562677758408352 0.95448212008367206 0.008862620567739966 0.52010000000000012
decision_type=2 2 2 2 2 2 2 2 2 2 2 2 2 2 2 2 2 2 2 2 2 2 2 2 2 2 2 2 2 2 2 2 2 2 2 2
left_child=4 -2 31 8 16 -5 -7 -8 9 10 -4 12 14 -14 -11 -12 34 18 19 20 22 -21 23 26 25 -16 30 28 -28 32 -18 -3 -29 -23 35 -1
right_child=1 2 3 5 -6 6 7 -9 -10 11 15 -13 13 -15 24 -17 17 -19 -20 21 -22 33 -24 -25 -26 -27 27 29 -30 -31 -32 -33 -34 -35 -36 -37
leaf_value=-0.0063840066545040484 0.004548111849115858 -0.0015849162574137149 -0.00095482893181843775 0.0018999684924760187 0.0016130244737656062 -0.004446594489487395 0.0019700855957420172 -0.0017564623329008255 0.003376728081907161 0.002116808277432681 0.0062265486253936242 -0.0030848162373654808 0.0041737981850078947 0.00039130021927079366 -0.003732373458368896 0.0016900907008547759 -0.0025115310052138164 0.00083071198065817438 -0.0054789129164153289 0.0033946236300928345 -0.0076670506141642732 -0.0026944488956912645 0.00039160708162257657 -0.0063716687105985163 -0.0041129935201852244 0.00083260404018977363 0.0036921050041872081 -0.0076404309430130922 -0.0023074698747245648 0.00075414498685222255 -0.0077627175671588847 -0.0056753638889640899 -0.002606404100461692 0.0012689407658570688 -0.0088457191508452774 -0.0026735909782570661
leaf_weight=21.83286826312542 121.42541900277138 78.069908499717712 142.46333909034729 156.4513204395771 93.774235218763351 172.73457211256027 187.04137936234474 188.35009664297104 224.8830132484436 152.23367303609848 178.12103277444839 143.93173235654831 198.62294435501099 285.79740315675735 107.5396386384964 127.23162007331848 69.080135866999626 79.405347019433975 92.417090564966202 49.141104131937027 45.85713917016983 91.81972935795784 88.537629276514053 70.524165242910385 96.510114431381226 172.66095259785652 56.471268549561501 36.813307225704193 45.975674077868462 40.245002076029778 36.241211831569672 67.002948641777039 44.544871628284454 50.185071498155594 21.182074829936028 20.035342216491699
leaf_count=115 95 108 116 158 170 154 98 109 79 171 119 74 124 174 116 97 178 117 170 79 105 175 170 145 97 168 118 97 108 84 105 101 114 81 105 86
internal_value=-0.000115428 0.000616573 0.000438419 0.000662363 -0.00206061 -0.000614795 -0.00133258 0.000100316 0.00115409 0.000842689 0.00265306 0.000142164 0.000600503 0.00194221 -0.000628262 0.00433634 -0.00241934 -0.00216548 -0.00245638 -0.00207133 -0.00278072 -8.84462e-05 -0.00232196 -0.00292275 -0.00173758 -0.000919412 -0.00218427 -0.00118103 0.000999643 -0.00301819 -0.00431847 -0.00347412 -0.00488422 -0.00129377 -0.00603198 -0.00460845
internal_weight=3855.15 2801.07 2679.65 2534.57 1054.08 704.577 548.126 375.391 1830 1605.11 447.816 1157.3 1013.36 484.42 528.944 305.353 960.309 897.259 817.853 725.436 534.29 191.146 488.433 399.896 376.711 280.201 329.371 224.05 102.447 121.603 105.321 145.073 81.3582 142.005 63.0503 41.8682
internal_count=4480 2158 2063 1854 2322 519 361 207 1335 1256 332 924 850 298 552 216 2152 1846 1729 1559 1224 335 1119 949 381 284 804 521 226 295 283 209 211 256 306 201
is_linear=0
shrinkage=0.0161547


Tree=166
num_leaves=37
num_cat=0
split_feature=43 6 8 6 52 8 19 13 15 15 53 19 15 43 8 10 17 17 53 21 15 6 53 0 13 19 13 15 15 17 52 43 51 53 43 0
split_gain=16.4231 6.16862 11.0711 8.91141 7.19003 8.78015 6.10317 6.04077 6.59429 5.72223 5.27467 5.43451 6.45957 6.99766 9.48609 6.84755 4.90116 4.20249 5.57019 3.95981 3.80269 3.75414 6.72228 3.94193 4.85869 5.53289 3.48394 4.56243 3.35596 2.63263 2.52427 2.549 6.24268 1.81287 1.03117 1.08269
threshold=1.2337000000000002 0.053011664213537639 0.13990995349614793 0.41685351674127563 0.92888845476246418 0.6535086835584567 0.23640516153229976 0.010353947105363444 0.010917407818711153 0.10822783596606061 0.84586600361515785 0.01844668529526922 0.025842260874334531 0.74165000000000014 0.019635631631459136 0.31523988882094017 0.11626708842528705 0.16891656689430298 0.88391633470075603 0.001534913449765019 0.087630933002247155 0.076101367475335163 0.99899457155407623 0.2159591586147013 0.43103135328416403 0.19002187068628609 0.1603229658117625 0.070749730024317822 0.15128014571769063 0.013074221874308376 0.99360176853172566 0.70595000000000008 18.500000000000004 0.94288056771151185 0.83180000000000009 0.020537180393972992
decision_type=2 2 2 2 2 2 2 2 2 2 2 2 2 2 2 2 2 2 2 2 2 2 2 2 2 2 2 2 2 2 2 2 2 2 2 2
left_child=7 9 6 16 5 -5 -3 19 -9 -2 -10 34 -13 20 26 -16 -4 18 -17 30 29 -20 23 -23 25 -25 27 -15 -22 -14 31 32 -1 -6 35 -12
right_child=1 2 3 4 33 -7 -8 8 10 -11 11 12 13 14 15 17 -18 -19 21 -21 28 22 -24 24 -26 -27 -28 -29 -30 -31 -32 -33 -34 -35 -36 -37
leaf_value=0.0058922492474808071 0.0014927176944616856 0.0057069032371305306 -0.0034796723062663283 0.0050044229410397285 -0.0010335986633648218 0.00089026358591953888 0.0016282467809775581 0.00464553854584983 -0.004551722981808541 -0.0030987291943631728 -0.00089102568846323395 0.0041717520592382271 -0.0024182403817775752 0.0018829112347575616 -0.0045413521244968627 0.0022856689827947256 0.00037838230889946289 0.0022179000964715873 0.001766876128586553 -0.0078633845583697386 0.0017916901912731181 -0.0043613625130357637 -0.0065454142443210073 -0.00088158914592279545 -0.0033565534206697971 0.0048483020292146382 0.0006667984540477468 0.0076953516886947865 -0.0037139329344057503 -0.0075909538686523489 -0.0058809942821766948 -0.0034535080546832294 -0.0042875355371396768 0.0011690707028712865 -0.0061075415907031905 -0.0048913008833176754
leaf_weight=33.402376160025597 133.88918876647949 229.59152799844742 151.24251437187195 269.73703646659851 195.8943435549736 271.77056831121445 164.23693346977234 62.176469147205353 88.443991422653198 150.42320972681046 36.645227745175362 81.845200642943382 45.047868683934212 81.639487445354462 111.24746504426003 121.84648644924164 199.00329273939133 145.62785026431084 75.891905963420868 41.934622652828693 54.626069203019142 81.482353359460831 74.55687889456749 125.31452697515488 93.536399811506271 67.762005656957626 120.44577810168266 62.015035331249237 61.337100133299828 59.715314745903015 39.566645085811615 65.210749536752701 29.700564235448837 194.16819673776627 38.375811070203781 34.077042296528816
leaf_count=99 131 172 129 125 89 102 95 138 164 120 105 162 123 125 169 150 116 145 103 127 119 123 112 176 114 73 149 76 127 174 106 114 116 93 66 96
internal_value=0.0002216 0.00126369 0.00163701 0.000909156 0.00173508 0.00293962 0.004006 -0.000834767 -0.000519724 -0.000936512 -0.00071302 -0.000497189 -0.000237976 -0.000499113 2.01659e-06 -0.000790087 -0.0012876 -0.00025916 -0.000822455 -0.00342288 -0.00313584 -0.0015528 -0.00212195 -0.00122598 -0.000334616 0.00112937 0.00269315 0.00439212 -0.00112043 -0.0053667 -0.0023137 -0.00121369 0.00110095 6.28623e-05 -0.00397546 -0.00281853
internal_weight=3893.43 1959.96 1675.64 1281.82 931.57 541.508 393.828 1933.47 1723.66 284.312 1661.48 1573.04 1463.94 1382.09 1161.37 897.266 350.246 786.018 640.391 209.815 220.726 518.544 442.652 368.095 286.613 193.077 264.1 143.655 115.963 104.763 167.88 128.314 63.1029 390.063 109.098 70.7223
internal_count=4523 1172 921 654 409 227 267 3351 2789 251 2651 2487 2220 2058 1515 1165 245 996 851 562 543 701 598 486 363 249 350 201 246 297 435 329 215 182 267 201
is_linear=0
shrinkage=0.0161547


Tree=167
num_leaves=36
num_cat=0
split_feature=43 17 44 25 23 21 13 15 43 51 52 50 43 13 44 6 37 42 53 52 50 2 23 17 2 53 53 53 17 51 15 15 44 53 50
split_gain=24.0338 7.56087 6.65733 4.40136 6.17763 6.18984 5.59675 4.14776 4.08889 4.37156 4.71595 3.30008 3.19584 3.18698 3.058 5.02313 5.06411 5.10241 4.46259 4.39161 3.00413 7.12056 5.02822 5.26605 4.74359 9.23773 2.27499 1.90697 1.70179 1.22361 1.17425 1.1674 1.04336 0.8931 0.528785
threshold=0.79880000000000007 0.66894577861474391 68.500000000000014 10.500000000000002 0.12853483891945408 0.025440772281818656 0.10026948453143252 0.064916227090146078 0.57435000000000014 23.500000000000004 0.96487877779348297 86.500000000000014 0.72460000000000013 0.016729756011446974 79.500000000000014 0.95197367726616788 1.0000000180025095e-35 1.0000000180025095e-35 0.94424917842281975 0.90938961438577992 88.500000000000014 0.14996362113569908 0.84668973161642713 0.11626708842528705 0.32552052793361275 0.95306684351817716 0.89994874383492929 0.96955963991497274 0.047821679867780985 16.500000000000004 0.056707520218346109 0.082746941431825524 73.500000000000014 0.91150424084239345 92.500000000000014
decision_type=2 2 2 2 2 2 2 2 2 2 2 2 2 2 2 2 2 2 2 2 2 2 2 2 2 2 2 2 2 2 2 2 2 2 2
left_child=8 2 7 -4 13 -6 -7 -2 27 10 12 -12 32 -5 15 16 17 -8 19 -16 22 26 -19 -24 -23 -26 -22 29 -28 -1 -13 -14 33 -10 -31
right_child=1 -3 3 4 5 6 14 -9 9 -11 11 30 31 -15 18 -17 -18 20 -20 -21 21 24 23 -25 25 -27 28 -29 -30 34 -32 -33 -34 -35 -36
leaf_value=-0.0051872828407421552 0.0003116547790523919 0.0032136774156792899 0.0032624069046054004 -0.00080366389822371202 0.004214074710066463 -0.0030772769950972406 0.0030827480219986869 -0.0051952506348913454 -0.0075347032323849145 -0.0065333982295875661 -0.0026876147975045559 0.0039891437135968818 -8.6850969661717914e-05 -0.0052563558421089476 0.0046625795299138541 -0.0025340851556089755 0.0029619085431386327 0.001374943905057857 -0.00020029104090768301 0.00096388627761826307 0.0002975359020290782 0.0034193836652709497 -0.0049010121571535772 -0.00080653382403809472 -0.0026241137858154782 0.0030243900500347711 -0.0010837045477832224 -0.002832802107605743 -0.0040956219204748255 -0.011918069700872941 0.00029271229169018192 -0.0033376565203207006 -0.0030797742419879635 -0.0044656924405661906 -0.0079737659780483045
leaf_weight=22.86847697198391 57.029029279947281 226.64559537172318 127.56854751706123 93.908509463071823 105.86989358067513 127.05211618542671 130.25667011737823 95.412032783031464 42.696611970663071 65.273078411817551 59.010797262191772 47.099870428442955 77.07495179772377 75.819682896137238 151.89044716954231 174.70361292362213 172.90657120943069 136.27129524946213 257.10071939229965 186.82049944996834 104.07119956612587 202.80125594139099 127.73508110642433 228.83338990807533 149.76823130249977 152.49988770484924 93.710670590400696 25.879516251385212 102.51339051127434 18.043938107788563 42.816993772983551 46.056899696588516 60.766864120960236 58.858880341053009 17.44721557945013
leaf_count=97 98 75 115 143 133 179 140 151 131 173 137 99 155 122 89 94 121 145 173 123 109 179 124 153 123 112 114 110 103 94 83 88 151 166 88
internal_value=-0.000170584 0.000366798 0.000155561 0.000328412 0.000193511 0.000388094 0.000226003 -0.00313509 -0.0031904 -0.00263532 -0.00204956 0.000280827 -0.00326538 -0.00279274 0.000402946 6.69794e-05 0.000350746 3.46811e-05 0.00140444 0.00262252 -0.00027115 0.000336766 -0.00126456 -0.00227332 0.00150804 0.000225661 -0.00163321 -0.0064828 -0.00265722 -0.00810139 0.00222896 -0.0013028 -0.00475412 -0.00575599 -0.00997908
internal_weight=3865.08 3281.19 3054.54 2902.1 2774.53 2604.8 2498.94 152.441 583.894 499.655 434.382 148.928 285.454 169.728 2371.88 1776.07 1601.37 1428.46 595.812 338.711 1298.2 805.365 492.84 356.568 505.069 302.268 300.295 84.2391 196.224 58.3596 89.9169 123.132 162.322 101.555 35.4912
internal_count=4490 2918 2843 2594 2479 2214 2081 249 1572 1183 1010 319 691 265 1902 1517 1423 1302 385 212 1162 740 422 277 414 235 326 389 217 279 182 243 448 297 182
is_linear=0
shrinkage=0.0161547


Tree=168
num_leaves=39
num_cat=0
split_feature=43 43 4 17 13 50 32 51 13 42 2 51 44 50 0 6 51 51 4 42 42 53 50 53 43 50 53 13 53 52 13 15 44 42 8 43 42 15
split_gain=20.4453 7.42278 6.51193 6.51104 8.08931 5.4891 4.99099 7.20796 4.50577 5.44855 12.5596 4.53191 4.48984 5.00912 3.97474 7.67207 5.25992 6.02121 3.69906 13.03 3.61539 4.10721 3.36137 3.14166 2.81994 2.54608 2.45209 2.28733 2.25518 2.14723 2.01621 2.27553 2.28256 2.10825 1.45897 1.69631 1.20388 0.835119
threshold=0.89405000000000012 1.4967500000000002 0.39569070299337167 0.17623362924978223 0.6408740513677168 81.000000000000014 1.0000000180025095e-35 23.500000000000004 0.48748146215042804 2.5000000000000004 0.075864919470629552 14.500000000000002 70.500000000000014 89.500000000000014 2.5069677747996084 0.7636683688881446 19.500000000000004 16.500000000000004 0.0070062726773037886 2.5000000000000004 1.5000000000000002 0.98753634513359101 93.500000000000014 0.89994874383492929 0.69495000000000007 89.500000000000014 0.91393653174282852 0.23170110085339682 0.8741897193403555 0.93604247666928198 0.14016164217688248 0.12880625055975967 75.500000000000014 1.5000000000000002 0.024118210710665302 0.68820000000000014 1.0000000180025095e-35 0.23940205929162089
decision_type=2 2 2 2 2 2 2 2 2 2 2 2 2 2 2 2 2 2 2 2 2 2 2 2 2 2 2 2 2 2 2 2 2 2 2 2 2 2
left_child=18 2 3 4 5 27 7 8 9 11 -11 -7 -13 -14 15 16 17 -3 20 30 21 24 -18 -22 28 -25 -26 -2 -1 -15 33 -32 37 34 -20 -36 -30 -33
right_child=1 14 -4 -5 -6 6 -8 -9 -10 10 -12 12 13 29 -16 -17 22 -19 19 -21 23 -23 -24 25 26 -27 -28 -29 36 -31 31 32 -34 -35 35 -37 -38 -39
leaf_value=0.0014180149376379905 -0.0042489649188657214 0.0026517679008058724 -0.004412505814762476 0.0029815697392587865 -0.0041974752292827707 0.0038951466987569802 -0.0022034343093387298 -0.0028303427699541014 0.005152709629224669 0.007111577880489813 -0.0008910361402463859 -0.0036181101594182246 0.0029474453804880616 0.00024247325773757254 0.0033058932780548819 -0.0013704164478145783 0.001805838452354995 -0.00099804360666075993 -0.0078151318944708822 0.004279320976659058 -0.0084870338513459032 -0.0063542314650746499 0.0047184783144739581 -0.00089015737463316166 -0.0014176554919747431 -0.0062577279795974512 0.0035207436969972891 -0.00046961616545977464 -0.0023132102637725672 -0.0031417610511980101 0.00086101910652020236 -0.0055423188292108043 0.00016498552119914358 -0.00090700711483381524 -0.0010000052325568516 -0.0056795404329695667 -0.0060435689980449089 -0.0025395854437274133
leaf_weight=24.648989215493202 90.871654897928238 218.4597892165184 84.317314863204956 191.86077916622162 120.27503299713135 76.69259124994278 139.91384661197662 108.3603184223175 83.872907221317291 110.48462489247322 95.352634757757187 88.101664364337921 130.89698585867882 123.35039812326431 275.10365605354309 248.04820430278778 220.75119000673294 256.4222925901413 32.992512464523315 94.282088860869408 50.906313002109528 48.401492029428482 194.52470868825912 47.64116071164608 60.312519192695618 44.703957736492157 46.44777899980545 77.378759205341339 47.299576781690121 81.094455361366272 75.753878489136696 48.454016819596291 51.540960550308228 47.699078544974327 33.696137234568596 50.534291118383408 43.197443589568138 48.234719693660736
leaf_count=76 129 124 75 148 120 89 165 132 72 105 103 139 143 147 81 105 124 156 104 130 124 165 104 105 126 107 83 79 177 103 152 100 82 109 106 115 165 82
internal_value=7.31052e-05 0.000709838 -4.2708e-05 0.000199931 -0.000202352 0.000195962 0.000634658 0.00107675 0.00161277 0.00119221 0.00340442 0.000281741 -0.000372706 0.000479933 0.00156329 0.00114211 0.00184224 0.000680978 -0.00206849 -0.0011086 -0.00318999 -0.00209041 0.00317019 -0.00526485 -0.0011604 -0.00348858 0.000730874 -0.00251083 -0.00291393 -0.00109991 -0.00241479 -0.00141669 -0.00258073 -0.00377034 -0.00493546 -0.00380751 -0.00409384 -0.00404436
internal_weight=3912.88 3016.13 1602.82 1518.51 1326.65 1206.37 1038.12 898.207 789.846 705.973 205.837 500.136 423.444 335.342 1413.31 1138.21 890.158 474.882 896.747 483.188 413.559 270.308 415.276 143.251 221.906 92.3451 106.76 168.25 115.146 204.445 388.906 223.984 148.23 164.922 117.223 84.2304 90.497 96.6887
internal_count=4551 2443 1749 1674 1526 1406 1198 1033 901 829 208 621 532 393 694 613 508 280 2108 980 1128 792 228 336 627 212 209 208 418 250 850 416 264 434 325 221 342 182
is_linear=0
shrinkage=0.0161547


Tree=169
num_leaves=40
num_cat=0
split_feature=43 43 0 53 8 38 51 51 19 6 43 50 19 8 0 44 52 6 52 35 44 30 43 4 4 47 44 44 47 45 17 52 53 21 52 21 6 8 17
split_gain=20.0335 7.84789 7.8109 7.24174 6.81693 6.39825 5.82716 7.19247 8.95016 12.1297 7.29746 6.53264 5.08474 4.51946 6.61196 8.65493 5.422 9.34779 5.31347 4.20477 3.46829 4.03455 3.25179 3.22939 2.63268 2.612 4.09851 2.57764 2.6273 2.56296 2.01109 1.38793 1.78699 1.79084 1.1875 0.975765 0.794407 0.617774 0.276517
threshold=1.2661500000000003 0.69495000000000007 2.5069677747996084 0.84586600361515785 0.66666390686913857 1.0000000180025095e-35 16.500000000000004 22.500000000000004 0.041888014219203178 0.028331345137720471 1.0663000000000002 86.500000000000014 0.0033460243649358332 0.019635631631459136 0.29317511782741351 74.500000000000014 0.93329330666766952 0.5006316260716509 0.99360176853172566 1.0000000180025095e-35 69.500000000000014 1.0000000180025095e-35 1.1650000000000003 0.00059893075023033317 0.054923678136358102 1.0000000180025095e-35 76.500000000000014 76.500000000000014 1.0000000180025095e-35 1.0000000180025095e-35 0.061402482205664584 0.88433015783343849 0.97313100112022466 0.0035997754398424567 0.93992717176033358 0.084472455569054944 0.0083511449730509762 0.02296093912580028 0.025589612467353823
decision_type=2 2 2 2 2 2 2 2 2 2 2 2 2 2 2 2 2 2 2 2 2 2 2 2 2 2 2 2 2 2 2 2 2 2 2 2 2 2 2
left_child=1 19 4 -3 5 13 20 8 9 12 11 -10 -8 -2 15 -15 17 -16 -18 27 -5 25 -12 -9 38 26 35 28 31 30 -13 -1 33 -33 -29 -22 -30 -35 -25
right_child=2 3 -4 6 -6 -7 7 23 10 -11 22 29 -14 14 16 -17 18 -19 -20 -21 21 -23 -24 24 -26 -27 -28 34 36 -31 -32 32 -34 37 -36 -37 -38 -39 -40
leaf_value=-0.0070827215275680736 -0.00099830408971773713 -0.0053607956298019474 0.0035920512723524446 0.00077266557564417823 -0.0018594319120031171 -0.0012914005361826897 0.0044009564465174273 0.00084987622550392397 0.0017984205837758773 0.0089106515577155477 0.0040065815538840007 -0.0001316791145487025 -0.0014592084719991689 0.0066572316722812745 0.00025588335556125957 0.0013629916201838052 -0.0025830633210712516 0.0052685983383849054 0.0017040128596913487 0.0014068419434321413 -0.0043858559166814696 0.00045403897852879237 0.00026772213251964903 -0.0056279252150389161 -0.0011003520040192029 -0.0012295945210012206 -0.0078604877471740563 -0.0034987981045676367 -0.010080965434373295 -0.0047623243900338872 -0.0037736436204657041 -0.0012581438145103563 -0.00033230741064020446 -0.007843652718047012 0.00098281696301186498 -0.0015298804730717569 -0.0061460837579917962 -0.0045288500709031046 -0.0040239144521646
leaf_weight=30.765443868935108 147.63473534584045 82.669560700654984 295.3704976439476 92.019784957170486 227.14123243093491 232.31022447347641 67.325512558221817 70.142897874116898 111.31819421052933 75.454357653856277 117.22945296764374 99.965398371219635 90.694027334451675 156.94289112091064 228.81739699840546 165.63167709112167 154.45273035764694 168.64174348115921 147.50406056642532 39.883993297815323 62.091555446386337 79.576458305120468 125.91093879938126 55.779488205909729 88.972839772701263 80.364152938127518 68.786777973175049 31.556750684976578 27.282490670681 109.15783232450485 65.493720829486847 29.292911857366562 38.086681753396988 28.688944190740585 30.193209365010262 62.79293292760849 26.295447558164597 30.032982245087624 56.417245268821716
leaf_count=124 131 145 91 154 108 151 102 107 154 103 114 159 159 109 150 118 104 80 87 104 111 97 121 104 115 111 102 103 111 177 92 104 119 102 83 80 91 84 79
internal_value=2.09831e-06 -0.00114123 0.00117501 -0.000699893 0.000736773 0.00115741 -0.000455945 0.000159199 0.000880807 0.003582 -0.000121707 -0.00150274 0.00103756 0.00164379 0.00202546 0.00393881 0.00114302 0.00238278 -0.000488853 -0.00349184 -0.00202111 -0.00274813 0.0020704 -0.00213492 -0.00317564 -0.003678 -0.00469397 -0.00420963 -0.0050612 -0.0028409 -0.00157328 -0.00400629 -0.00325573 -0.00452078 -0.00130747 -0.00294985 -0.00814977 -0.00614832 -0.00482136
internal_weight=3898.69 1974.24 1924.45 1662.16 1629.08 1401.94 1579.49 1133.86 862.549 233.474 629.076 385.935 158.02 1169.63 1021.99 322.575 699.416 397.459 301.957 312.079 445.632 353.612 243.14 271.312 201.17 274.035 193.671 272.195 210.445 274.617 165.459 156.867 126.102 88.0148 61.75 124.884 53.5779 58.7219 112.197
internal_count=4540 3411 1129 2386 1038 930 2241 1586 1181 364 817 582 261 779 648 227 421 230 191 1025 655 501 235 405 298 404 293 921 735 428 251 533 409 290 186 191 202 186 183
is_linear=0
shrinkage=0.0161547


Tree=170
num_leaves=39
num_cat=0
split_feature=6 25 44 18 52 8 40 2 0 51 23 13 52 13 17 52 44 32 4 6 34 40 23 52 52 21 19 2 52 8 52 52 15 19 6 0 53 10
split_gain=12.336 7.98078 6.14142 8.22497 5.90077 5.01312 4.35283 9.09097 12.3838 7.28696 4.64908 8.60635 4.2818 5.09345 4.1221 3.98035 3.35276 4.48532 4.33439 4.58932 6.8156 4.95049 4.07286 5.02583 3.18111 3.05345 7.97779 3.86867 3.02899 2.87725 2.61821 3.90624 1.8567 4.72958 1.71313 1.38455 1.03303 0.77675
threshold=0.069196958919875748 11.500000000000002 79.500000000000014 4.5000000000000009 0.90364972717805603 0.1576736805292655 1.0000000180025095e-35 0.16099253070445291 0.81963046880216373 15.500000000000002 0.50797710272707242 0.26466008734873359 0.80205497663138137 0.010353947105363444 0.0024910533950313948 0.89887477047811071 68.500000000000014 1.0000000180025095e-35 0.023948124580457076 0.046422896112455279 1.0000000180025095e-35 1.0000000180025095e-35 0.81262781210195401 0.97497258504563244 0.95797617263640888 0.2530702216102157 0.62732300553596898 0.21204162046500066 0.90075562754280647 0.22898611160671042 0.89887477047811071 0.99360176853172566 0.072958592227894553 0.027305651039802901 0.012388238189494461 0.11642974737074172 0.91150424084239345 1.2698692361477366
decision_type=2 2 2 2 2 2 2 2 2 2 2 2 2 2 2 2 2 2 2 2 2 2 2 2 2 2 2 2 2 2 2 2 2 2 2 2 2 2
left_child=1 -1 6 5 -5 -4 9 -8 37 15 28 -12 -3 30 -15 -2 24 18 19 20 21 22 23 32 34 27 -27 -13 -11 -29 -14 36 33 -18 -16 -20 -32 -9
right_child=2 12 3 4 -6 -7 7 8 -10 10 11 25 13 14 16 -17 17 -19 35 -21 -22 -23 -24 -25 -26 26 -28 29 -30 -31 31 -33 -34 -35 -36 -37 -38 -39
leaf_value=0.0038789588956134832 -0.00045419918853449739 0.0027791223726777378 0.0021022853735471101 0.0052253357769512978 0.0015014931534392778 -0.0022950164457875037 0.0047841743225960501 -0.0019813798072008341 0.0022356757979099182 -0.0054503747500271177 0.0043192670921213807 0.0012959673553638691 -0.0071972651669347 0.0028493953892246211 -0.0037633379138628325 -0.0046444016289118864 -0.0041033127125462629 -0.0045425696947087642 -0.0049426059748400473 0.0028334774290641319 0.0031606681238845356 0.0014850947640017559 0.00052034718440443942 -0.0070120339278521085 -0.00088688834390334283 0.0030997072246320857 -0.0015957928429680853 -0.0047371279752943442 -0.00070267043903236208 -0.00073430850117676657 0.0009949678830932251 -0.0066722764497204939 -0.0044595711855487767 0.0023516236340982008 -0.0088323175013313281 -0.0018249524183145442 -0.0025821243628875272 -0.0040258071465022385
leaf_weight=74.646238073706627 100.65485420823097 56.924814268946648 123.82929962873459 210.47534424066544 235.09114104509354 149.16316801309586 144.78603930771351 97.324053168296814 300.49334535002708 53.852360963821411 141.45464682579041 96.234303683042526 54.323290668427944 58.553899869322777 34.398655936121941 143.52332925796509 60.609595105051994 94.585887983441353 70.395423546433449 105.9120828807354 91.412728756666183 99.109715074300766 81.693062543869019 78.963488429784775 46.975794836878777 199.66075107455254 179.17358660697937 91.558772057294846 100.54797522723675 96.005001395940781 39.812875121831894 47.890411213040352 58.796272814273834 57.944655641913414 35.210696503520012 78.775307103991508 44.75284406542778 96.675811648368835
leaf_count=110 91 103 120 77 111 124 135 93 155 101 160 107 154 119 88 166 140 129 108 139 113 122 80 162 103 152 101 99 178 106 98 133 93 100 94 105 112 90
internal_value=-2.12961e-05 -0.00125754 0.000640973 0.00190769 0.00326055 -0.000300402 0.000146817 0.00122396 0.000181543 -0.000425742 0.000208946 0.000701964 -0.00155315 -0.00175202 -0.00131605 -0.00291712 -0.00156123 -0.00121952 -0.000818407 -0.000235823 -0.000850881 -0.0016898 -0.00262074 -0.00362187 -0.00413524 -7.02357e-05 0.000878922 -0.00133724 -0.00235859 -0.00268827 -0.00421065 -0.00298577 -0.00211244 -0.000948394 -0.00632739 -0.00329621 -0.000898057 -0.00300018
internal_weight=3932.19 1371.69 2560.5 718.559 445.566 272.992 1841.94 639.279 494.493 1202.67 958.487 804.087 1297.04 1240.12 1053.34 244.178 994.783 878.198 783.612 634.442 528.53 437.117 338.007 256.314 116.585 662.632 378.834 283.798 154.4 187.564 186.779 132.456 177.351 118.554 69.6094 149.171 84.5657 194
internal_count=4571 2405 2166 432 188 244 1734 473 338 1261 1004 725 2295 2192 1695 257 1576 1291 1162 949 810 697 575 495 285 565 253 312 279 205 497 343 333 240 182 213 210 183
is_linear=0
shrinkage=0.0161547


Tree=171
num_leaves=35
num_cat=0
split_feature=43 43 40 44 37 51 53 13 51 8 53 44 18 6 21 21 17 51 40 21 17 44 43 53 50 21 24 53 14 17 17 53 53 53
split_gain=20.1758 6.88022 4.76809 10.4091 4.11036 4.81687 6.3611 4.9815 3.75887 4.27832 4.63707 4.3508 4.16874 6.37789 4.80255 5.63396 3.84279 8.08969 8.06769 7.0808 4.73734 3.58516 3.21026 2.66702 2.59941 3.7196 3.26426 4.44891 1.98683 1.71461 3.22065 1.31871 1.41848 1.05755
threshold=0.82555000000000012 1.5246500000000001 1.0000000180025095e-35 70.500000000000014 1.0000000180025095e-35 21.500000000000004 0.98607703705889371 0.5878556289926794 25.500000000000004 0.60830771678879858 0.86317561980973323 68.500000000000014 4.5000000000000009 0.31169883183497521 0.21942028779404524 0.13717220654982765 0.02470643053278614 19.500000000000004 1.0000000180025095e-35 0.022799720980243184 0.049521403859559644 72.500000000000014 0.57435000000000014 1.0236856744094631 88.500000000000014 0.0035997754398424567 9.5000000000000018 0.91784838779694733 1.5000000000000002 0.014724494932526663 0.034589075397235103 0.88831549063524962 0.96437649594167552 0.95812738688631172
decision_type=2 2 2 2 2 2 2 2 2 2 2 2 2 2 2 2 2 2 2 2 2 2 2 2 2 2 2 2 2 2 2 2 2 2
left_child=2 8 22 -4 5 6 7 -3 9 10 21 -12 14 -14 15 16 17 19 20 -13 -18 -2 31 24 26 -26 -24 -28 -27 -30 -31 -1 -33 -10
right_child=1 4 3 -5 -6 -7 -8 -9 33 -11 11 12 13 -15 -16 -17 18 -19 -20 -21 -22 -23 23 -25 25 28 27 -29 29 30 -32 32 -34 -35
leaf_value=-0.0027355432309486682 0.00039229620034954168 -0.00099886123058302596 0.0064375296130982796 -0.0033891353761291371 0.0036938195726609383 0.0027491773676820833 -0.002234430156990467 0.0021898390908401929 -0.0010811720755904376 -0.0029624816919563974 -0.0023604687811257762 -0.0034275522510874915 0.0049449945970704914 -5.029170399189881e-06 -0.0021515106293443207 0.0035121989989148343 -0.0045319282021354188 0.0047226683355393526 0.003375684088908767 0.0022359541726131799 -8.4821859086696847e-05 -0.0042775985069257814 -0.0068727727278364414 -0.0055817024120247156 0.0027825984021565379 -0.0048175258837327229 -0.0054708213175668 0.0017574333716065542 -0.0039116271086331892 0.0028404171524566294 -0.0023634728106146268 -0.0097176752053994963 -0.0044356355305213927 -0.0037689085437216875
leaf_weight=21.502788081765175 81.568420678377151 181.71136265993118 47.00377644598484 70.067859292030334 196.57887035608292 347.42564278841019 176.64720124006271 431.42982095479965 77.106238156557083 102.70465344190598 108.69597241282463 105.02262789011002 154.4298849105835 121.27644062042236 148.98083603382111 182.45965549349785 129.3448965549469 129.03746569156647 85.079376578330994 127.61850148439407 120.99044200778008 90.510236114263535 56.289961904287338 65.429028078913689 50.958105117082596 52.062175661325455 44.998641476035118 43.903321415185928 45.692306756973267 51.923067852854729 77.161210149526596 31.086293183267117 23.148869827389717 75.727832555770874
leaf_count=91 110 133 88 145 82 164 94 174 87 92 180 162 138 103 147 170 176 161 87 160 137 109 164 178 116 131 108 90 114 107 151 163 106 99
internal_value=0.000111973 0.000653337 -0.00241064 0.00055623 0.00153683 0.00116397 0.000466646 0.00124483 1.30962e-05 0.000232788 0.000439833 0.000744767 0.00100356 0.0027676 0.000530694 0.000985013 0.000323538 0.0014786 -0.000921973 -0.000320758 -0.00238258 -0.00206398 -0.00302632 -0.00254644 -0.00207694 -0.00116139 -0.00382866 -0.00190122 -0.00204739 -0.00122223 -0.000270252 -0.00612095 -0.00746317 -0.00241292
internal_weight=3855.57 3174.35 681.227 117.072 1333.79 1137.21 789.788 613.141 1840.55 1687.72 1585.01 1412.94 1304.24 275.706 1028.53 879.553 697.093 361.679 335.415 232.641 250.335 172.079 564.156 488.418 422.989 277.797 145.192 88.902 226.839 174.777 129.084 75.738 54.2352 152.834
internal_count=4517 2765 1752 233 647 565 401 307 2118 1932 1840 1621 1441 241 1200 1053 883 483 400 322 313 219 1519 1159 981 619 362 198 503 372 258 360 269 186
is_linear=0
shrinkage=0.0161547


Tree=172
num_leaves=39
num_cat=0
split_feature=43 43 47 37 19 19 43 29 21 23 4 53 10 44 52 0 1 2 17 43 43 17 51 52 52 44 52 4 43 13 13 53 17 6 44 53 43 17
split_gain=13.0693 9.23035 6.81537 8.08205 7.84055 10.0066 10.4376 8.73515 13.4183 14.4678 6.93862 9.8531 7.57135 6.81156 5.74378 5.30531 4.81006 4.4993 4.50626 3.29786 3.28655 3.31122 4.64952 3.28229 3.01224 2.90198 3.04933 3.56503 4.49417 2.87501 2.57466 2.32779 2.29831 3.44587 1.69088 1.65822 1.59213 0.870813
threshold=0.81235000000000013 3.3391500000000005 1.0000000180025095e-35 1.0000000180025095e-35 0.031134321523960975 0.049435623136082053 1.0663000000000002 1.0000000180025095e-35 0.43214510701583769 2.4038272892419985 0.12232815893433509 0.93456078862774672 0.77010314153841108 75.500000000000014 0.92152411567520665 0.21814194643371548 1.5000000000000002 0.40573160226307475 0.052814341985685472 0.97005000000000008 0.57435000000000014 0.065532535906468556 23.500000000000004 0.96487877779348297 0.99085425470340016 67.500000000000014 0.93992717176033358 0.024649171396034317 0.6856000000000001 0.018603604612194704 1.8679054548804002 0.95812738688631172 0.087582448544762825 0.10932036817359878 67.500000000000014 0.93266686799190668 0.69495000000000007 0.0055883995153959117
decision_type=2 2 2 2 2 2 2 2 2 2 2 2 2 2 2 2 2 2 2 2 2 2 2 2 2 2 2 2 2 2 2 2 2 2 2 2 2 2
left_child=20 2 3 4 29 -6 14 8 9 10 11 12 -8 24 15 -7 -13 18 -15 35 34 22 23 25 32 -22 27 28 -27 -2 -10 36 33 -4 -1 -16 -25 -36
right_child=1 -3 13 -5 5 6 7 -9 30 -11 -12 16 -14 17 19 -17 -18 -19 -20 -21 21 -23 -24 31 -26 26 -28 -29 -30 -31 -32 -33 -34 -35 37 -37 -38 -39
leaf_value=-0.0084736661662005875 -0.00062743672594774863 0.0043697876592450561 -0.0039208540708608368 0.0034307900866748019 0.0056210710025340139 -0.0031883037266152809 0.001440059768688124 0.0042519501142191524 -0.0034452027410386867 0.0069159483838764704 -0.0019315305763201686 0.0013773299676246335 0.0069166843128584303 -0.00074647849222610793 -0.007597428591901231 0.002470767724587512 -0.0032937972780985275 -0.0015383822259030036 0.0036131509539922865 -0.0013878742721283054 -0.0054808595398969356 -0.0046258768675151518 -0.0052803994733797432 0.0050744312702920673 -0.00033142497958200484 -0.0028494771151879083 -0.0048331108091813355 -0.00398370698620229 0.0034018380887504453 -0.0046100470713826419 -0.00071188435637582325 -0.0013289329729756173 -0.0049243951084549957 0.00077400695224450692 -0.0018185693855974575 -0.0037334134440398111 0.00085740749701220312 -0.0059566738732290602
leaf_weight=26.863410018384457 87.736873507499695 146.33627152442932 104.44604435563087 248.85037523508072 100.67371565103531 74.555783033370972 147.71234557032585 190.1220760345459 179.38847416639328 117.56625771522522 180.95857697725296 131.89988908171654 118.91355299949646 105.89515563845634 57.778458595275879 102.90713110566139 102.03783988952637 179.50721365213394 148.84742951393127 79.545942425727844 42.262250125408173 84.478725701570511 61.803759410977364 46.273776471614838 123.99514865875244 44.79675966501236 40.99982026219368 43.325488060712814 90.940825223922729 102.64911812543869 180.36222070455551 51.621823474764824 131.77215033769608 66.952607810497284 32.174492493271828 58.16024449467659 47.19543045759201 22.589287638664246
leaf_count=139 132 37 154 176 122 112 132 104 111 61 146 117 86 122 100 126 99 102 109 98 129 162 167 99 114 139 96 99 169 161 74 118 109 72 142 87 94 97
internal_value=-7.61122e-06 0.000404367 0.000218571 0.000684285 0.000344752 0.00067061 0.000381174 0.0010425 0.000515954 0.00168234 0.000779509 0.00175958 0.0038826 -0.00100425 -0.00201087 9.32766e-05 -0.0006601 0.000420516 0.00180088 -0.00392104 -0.00212777 -0.00168165 -0.00115157 -0.000525239 -0.00245265 -0.00160361 -0.000859 5.09461e-05 0.00133875 -0.00277471 -0.00207484 0.00142446 -0.00332022 -0.00208692 -0.00515392 -0.00565906 0.00294513 -0.00352548
internal_weight=3904.9 3269.57 3123.23 2261.82 2012.97 1822.58 1721.91 1348.96 1158.84 799.088 681.522 500.564 266.626 861.416 372.948 177.463 233.938 434.25 254.743 195.485 635.326 553.699 469.22 407.416 427.166 262.325 220.063 179.063 135.738 190.386 359.751 145.091 303.171 171.399 81.6272 115.939 93.4692 54.7638
internal_count=4513 2863 2826 2044 1868 1575 1453 930 826 641 580 434 218 782 523 238 216 333 231 285 1650 1272 1110 943 449 632 503 407 308 293 185 311 335 226 378 187 193 239
is_linear=0
shrinkage=0.0161547


Tree=173
num_leaves=40
num_cat=0
split_feature=19 44 52 21 51 51 47 10 42 50 39 53 23 40 42 44 2 50 50 2 8 22 53 46 13 13 50 50 52 42 0 2 44 21 21 10 52 0 8
split_gain=20.9751 5.83119 6.66002 7.15193 5.61099 5.39045 5.46937 6.31051 5.32888 4.79925 5.49251 5.35224 4.48883 3.7475 6.26768 5.90233 4.54551 3.69668 3.82494 3.59427 5.88588 5.76309 5.89677 6.3935 4.81372 4.45943 3.84947 3.74629 3.42757 3.39234 2.76463 2.24481 1.61542 1.53243 1.82091 1.81238 1.62689 1.29222 1.10542
threshold=0.075426188835405514 80.500000000000014 0.90364972717805603 0.4821016802572009 28.500000000000004 23.500000000000004 1.0000000180025095e-35 7.4730704772324987 2.5000000000000004 97.000000000000014 1.0000000180025095e-35 0.91393653174282852 1.3856222856012768 1.0000000180025095e-35 1.0000000180025095e-35 75.500000000000014 0.28389877342474251 92.500000000000014 87.500000000000014 0.13250007363816949 0.052437836349556032 1.5000000000000002 0.98695545832302589 1.0000000180025095e-35 0.010353947105363444 0.10026948453143252 98.500000000000014 97.000000000000014 0.89894760290174602 1.5000000000000002 0.44797224179662237 0.36496844143472312 69.500000000000014 0.011452032855322982 0.020796576717272836 0.18010524824261837 0.94283579487430291 0.44797224179662237 0.019635631631459136
decision_type=2 2 2 2 2 2 2 2 2 2 2 2 2 2 2 2 2 2 2 2 2 2 2 2 2 2 2 2 2 2 2 2 2 2 2 2 2 2 2
left_child=19 4 -3 30 5 6 7 9 12 10 13 -11 -8 14 -2 17 -15 18 -16 20 21 22 23 24 26 -22 32 29 -24 -26 -4 -10 -1 -23 38 36 -36 -13 -35
right_child=1 2 3 -5 -6 -7 8 -9 31 11 -12 37 -14 16 15 -17 -18 -19 -20 -21 25 33 28 -25 27 -27 -28 -29 -30 -31 -32 -33 -34 34 35 -37 -38 -39 -40
leaf_value=-0.0023162700058801094 0.0034242012687012253 0.0038676582039438075 0.00058394360583018004 -0.0023387944468270475 0.0037753736995957861 -0.0026504229748794193 -0.0012739478288205208 0.00459353364874169 -0.0013174324124488803 0.0013107420893996044 0.0034552992033290131 -0.0017674438345834122 0.0032346686698934623 0.0041537499978559246 -0.0029734627837120172 0.0016452368007775671 2.118357922271015e-05 -0.0052045791743562742 0.0012693887075967325 -0.0053308910609014609 -0.0016311255314423734 -0.006582450415138651 -0.0082441324412821319 0.0036823011010122132 -0.00066520879652903991 0.0040942666941217983 0.00086211568905271722 -0.0033216189181046081 -0.0021827486109380185 0.0049711109889845296 0.0041423028567311613 -0.0043588340058657079 -0.0065605339711608699 -0.003345493675516174 -0.0015217097811284087 -0.0062798407691693385 -0.0052472911751664728 -0.0045365090766638326 0.00027019263701821085
leaf_weight=35.374900780618191 95.578567683696747 274.26110696792603 117.91551214456558 139.59008747339249 109.66225427389145 179.46618939936161 143.4593525826931 105.15557074546814 127.96721917390823 119.11433088779449 193.53374570608139 89.806730315089226 96.324262291193008 130.83794584870338 138.92051583528519 139.40868800878525 148.0710503757 85.904243856668472 92.287869840860367 81.230624333024025 70.685258015990257 48.75714485347271 41.230719052255154 83.478007093071938 55.308312103152275 71.330496907234192 38.307152070105076 45.601240500807762 59.45492747426033 56.17071121931076 110.26768982410431 125.39120817184448 69.155561372637749 44.483483955264091 70.881770581007004 77.14051716029644 53.811940163373947 86.192821264266968 43.790106371045113
leaf_count=105 121 145 107 55 75 176 181 43 112 126 138 109 76 114 153 128 98 105 96 134 124 136 109 163 135 101 85 93 131 82 76 75 167 94 139 150 102 78 88
internal_value=-0.000111037 0.000607304 0.00196235 0.00054149 0.000213126 2.68761e-05 0.000277395 0.000784919 -0.00118897 0.000481433 0.00100429 -0.00133377 0.000537223 0.000433478 -0.000337585 -0.00112516 0.0019598 -0.00234308 -0.00127991 -0.00206731 -0.00179258 -0.0023167 -0.00118562 -0.000271911 -0.00137251 0.00124458 -0.00351875 0.000579126 -0.00466488 0.00217475 0.00230349 -0.00282267 -0.0051242 -0.0039325 -0.00348714 -0.00433355 -0.0031295 -0.00312355 -0.00155185
internal_weight=3895.31 2849.12 642.034 367.773 2207.08 2097.42 1917.95 1424.81 493.142 1319.66 1024.54 295.114 239.784 831.009 552.1 456.521 278.909 317.113 231.208 1046.19 964.962 822.946 484.082 383.396 299.918 142.016 142.838 157.08 100.686 111.479 228.183 253.358 104.53 338.865 290.108 201.834 124.694 176 88.2736
internal_count=4525 2387 383 238 2004 1929 1753 1309 444 1266 953 313 257 815 603 482 212 354 249 2138 2004 1779 1070 830 667 225 357 310 240 217 183 187 272 709 573 391 241 187 182
is_linear=0
shrinkage=0.0161547


Tree=174
num_leaves=40
num_cat=0
split_feature=2 43 10 25 44 4 8 37 4 52 50 4 13 50 29 15 17 19 13 53 2 13 17 44 28 53 52 53 42 13 44 43 53 50 53 53 17 50 53
split_gain=12.069 8.44736 6.68279 5.33785 5.18109 9.513 11.6868 8.57885 7.37116 4.93885 4.34889 5.88406 5.53482 4.85248 6.59253 5.9431 6.17615 7.60609 6.14622 7.50251 6.70776 4.05081 3.99524 3.86461 5.38415 3.939 3.82019 3.73456 3.63163 3.58204 2.72108 2.71674 2.68904 2.29031 2.00375 1.38453 1.04446 0.812909 0.662216
threshold=1.0980486479259108 0.67295000000000016 4.6738117363219969 6.5000000000000009 80.500000000000014 0.17655764245260594 0.16266733989248741 1.0000000180025095e-35 0.031091985234457036 0.79065029226887218 97.000000000000014 0.11965489806364013 0.059034132164831464 88.500000000000014 1.0000000180025095e-35 0.024904101145107806 0.038818167885462114 0.048625312804862791 0.26786876634280182 0.97796923476467079 0.22539481420256266 0.0055497738951853217 0.020229059911516061 71.500000000000014 1.0000000180025095e-35 0.92120151949605078 0.94893642848195381 0.95849270488435201 1.5000000000000002 0.38776987858487527 68.500000000000014 1.0331500000000002 0.98365542273140338 89.500000000000014 0.90306351514744032 0.93757315545435072 0.02123702467197593 90.500000000000014 0.90393674469901764
decision_type=2 2 2 2 2 2 2 2 2 2 2 2 2 2 2 2 2 2 2 2 2 2 2 2 2 2 2 2 2 2 2 2 2 2 2 2 2 2 2
left_child=1 21 3 -3 7 6 8 9 -6 -5 13 12 -12 23 15 -15 17 -17 -18 20 -20 38 -14 27 25 28 30 34 -25 -9 -23 -24 -27 -28 -11 -2 -19 -32 -1
right_child=35 2 -4 4 5 -7 -8 29 -10 10 11 -13 22 14 -16 16 18 36 19 -21 -22 26 31 24 -26 32 33 -29 -30 -31 37 -33 -34 -35 -36 -37 -38 -39 -40
leaf_value=-0.0049175052635945498 0.0034182228484004929 0.003870979216119624 -0.0041969390679435477 0.0032844606993920082 -0.00014383234153212595 0.0057575523844973862 -0.004018499313146546 0.00051443599618720829 0.0053766160578663305 -0.0027339264450818856 -0.0054742417417169651 -0.0057352275527917905 0.0029084241363813664 0.0037248880155549913 0.0043603962163870445 0.0016787973961434753 0.0037304552647419694 -0.0036639343757826877 0.00083324011211807173 0.0029248866739109416 -0.0043293674413430157 -0.0080839566537079469 -0.0038777077481869822 0.0043967411006294943 -0.0029422642496742682 -0.0028331301743873103 0.0022832860017990824 -0.00048434007793878318 9.0943862227692727e-05 0.0046484808831060162 -0.00067121635784727501 -0.00020385009158741655 0.0010142222997758768 -0.0028174947318214609 -0.0063086584063305707 0.0016366769586360016 -0.0065511047126627529 -0.0039726948809136161 -0.0085539727990211374
leaf_weight=22.378189578652382 220.9684362411499 93.293806821107864 99.069374084472656 80.550793588161469 150.35983473062515 105.91818702220917 114.76873755455017 103.45591109991074 108.79684379696846 87.835916876792908 67.001747637987137 95.562443256378174 74.48842442035675 94.693635910749435 98.976583898067474 60.854232013225555 110.12336647510529 60.398268103599548 116.64252519607544 110.91481658816338 150.33136051893234 32.011049911379814 76.92535063624382 93.546687871217728 169.87100952863693 109.46239650249481 58.652083933353424 103.67411071062088 112.71615076065063 116.06368348002434 35.173190757632256 165.63472092151642 83.633201062679291 37.765110939741135 76.616757571697235 234.82652390003204 71.303812444210052 43.578413903713226 31.415693365037441
leaf_count=88 92 101 57 81 176 57 92 128 89 133 132 90 108 159 87 97 131 96 110 84 137 138 132 106 153 133 157 142 96 71 111 151 92 116 123 91 108 144 144
internal_value=3.08254e-05 -0.00029787 -6.74188e-05 6.60843e-05 -5.33902e-05 0.00148374 0.00027314 -0.000349456 0.00217371 -0.000644141 -0.00078856 -0.00214813 -0.00125556 -0.00040759 0.000434233 -6.70145e-05 -0.000594616 -0.00304457 0.000372071 -0.000606621 -0.00207379 -0.00309137 -0.000364029 -0.00128649 -0.000533269 0.00049142 -0.0020658 -0.00288557 0.00204376 0.00270017 -0.00411247 -0.00136898 -0.00116677 0.00028539 -0.00439936 0.00250037 -0.00522706 -0.00249814 -0.00704121
internal_weight=3880.25 3424.46 3163.48 3064.42 2971.12 479.844 373.925 2491.28 259.157 2271.76 2191.21 479.613 384.05 1711.59 874.239 775.262 680.568 192.556 488.012 377.889 266.974 260.974 317.048 837.356 569.229 399.358 207.18 268.127 206.263 219.52 110.763 242.56 193.096 96.4172 164.453 455.795 131.702 78.7516 53.7939
internal_count=4533 4350 3452 3395 3294 414 357 2880 265 2681 2600 613 523 1987 1009 922 763 301 462 331 247 898 391 978 580 427 666 398 202 199 393 283 225 273 256 183 204 255 232
is_linear=0
shrinkage=0.0161547


Tree=175
num_leaves=39
num_cat=0
split_feature=13 34 42 50 52 15 44 40 53 50 2 10 51 44 2 44 6 46 2 44 6 0 13 17 19 21 46 50 53 50 21 13 53 44 6 19 42 2
split_gain=10.2246 7.83533 7.41577 8.23531 9.12974 6.5919 5.47835 5.33356 4.58379 2.8793 5.23757 6.61129 4.73622 4.43195 4.30443 4.98376 6.00507 4.66694 5.7977 8.1546 3.98256 2.66876 3.56226 6.09308 4.18931 2.87303 2.6525 2.4979 2.74767 2.21348 2.03777 3.48972 2.01239 1.87829 3.31744 1.55 1.5131 1.33882
threshold=0.050011628769491251 1.0000000180025095e-35 3.5000000000000004 99.500000000000014 0.90364972717805603 0.031540889568143431 70.500000000000014 1.0000000180025095e-35 1.0385447593285966 89.500000000000014 0.11460082878600251 0.41728324899483621 18.500000000000004 74.500000000000014 0.14996362113569908 73.500000000000014 0.21171464828636707 1.0000000180025095e-35 0.077224001660120792 73.500000000000014 0.43102975519522496 0.044028022687303887 0.0095808183264582663 0.0027521454477354881 0.024196528400822277 0.0011988263140623077 1.0000000180025095e-35 89.500000000000014 0.90399632505469352 97.000000000000014 0.31841076438383187 0.37566506505689212 0.92993034478275372 69.500000000000014 0.18418269349846603 0.01285446067662919 1.5000000000000002 0.086603388741069418
decision_type=2 2 2 2 2 2 2 2 2 2 2 2 2 2 2 2 2 2 2 2 2 2 2 2 2 2 2 2 2 2 2 2 2 2 2 2 2 2
left_child=1 21 5 4 -4 -2 8 -6 26 10 11 12 -8 32 17 -16 -17 18 19 -11 -18 22 25 -24 35 27 29 -1 -29 33 31 -15 -12 34 37 -25 -21 -7
right_child=2 -3 3 -5 7 6 9 -9 -10 14 13 -13 -14 30 15 16 20 -19 -20 36 -22 -23 23 24 -26 -27 -28 28 -30 -31 -32 -33 -34 -35 -36 -37 -38 -39
leaf_value=-0.005285035192520297 0.0040130644297286886 0.0029745115528247964 0.0043457029107278134 -0.0016204646505161213 -0.00090983459224062589 -0.0033425742120455075 -0.0013737827884578713 0.0022893421050179199 0.0022380536288553344 0.005039047344860945 0.0031498653558299063 0.0064332886550279673 0.0032657744681292736 -0.00032170395580722434 -0.0021740814163664448 0.0042111415207947292 -0.0023669460988704591 -0.0055358403998923408 -0.003850225376987787 8.8037791236278344e-05 0.0014249276253743433 -0.0056834386455573019 0.004173074095859635 -0.0026348641556398541 0.0018716808536250135 -0.0078136945232309008 3.2735198253531428e-05 0.0019819064800620898 -0.0034512112240543832 -0.00087091521561172573 8.3975658924079804e-05 -0.0047407595689461538 3.942433289157228e-05 -0.0064909671706037692 0.00020704065332614936 -0.0070305407919420857 -0.0031137666065056808 -0.0070872237242058794
leaf_weight=67.071269176900387 93.826322004199028 68.691437266767025 308.26695275306702 187.13489377498627 243.86589106917381 61.022872522473335 111.80274052917957 307.47352945804596 56.772285833954811 71.003278493881226 103.81417828798294 78.728452995419502 118.05491545796394 92.358012244105339 153.02510866522789 124.58167254924774 115.3230547606945 72.554915517568588 123.19518187642097 74.101467743515968 193.69833752512932 74.144805178046227 49.372091308236122 48.353378728032112 38.682737424969673 37.497913435101509 73.715287715196609 40.669443815946579 60.324196234345436 68.560363560914993 129.585190564394 94.208294242620468 113.77512782812119 65.343409225344658 49.762018740177155 36.920531220734119 80.217814907431602 42.112831324338913
leaf_count=180 162 125 137 118 147 122 140 165 81 98 94 77 137 105 156 118 111 109 171 109 134 170 115 119 77 115 116 89 149 115 78 85 100 93 69 101 99 84
internal_value=-3.62044e-06 -0.00210967 0.000318804 0.00145062 0.00211919 -0.000182953 -0.000356593 0.000874297 -0.0020286 2.05426e-05 0.000717617 0.00239295 0.00100909 -0.000250988 -0.000562135 0.000332382 0.00121695 -0.00180835 -0.00103236 0.000508307 9.84611e-06 -0.00288056 -0.00233207 -0.000626213 -0.00253778 -0.00377043 -0.00270049 -0.00286831 -0.00126333 -0.003403 -0.00147223 -0.00255314 0.00152345 -0.00419846 -0.00321871 -0.00453803 -0.00157632 -0.00487161
internal_weight=3929.61 521.728 3407.88 1046.74 859.606 2361.14 2267.32 551.339 417.289 1850.03 842.327 308.586 229.858 533.741 1007.7 586.628 433.603 421.073 348.518 225.323 309.021 453.036 378.892 173.329 123.957 205.563 360.517 168.065 100.994 286.801 316.151 186.566 217.589 218.241 152.898 85.2739 154.319 103.136
internal_count=4570 1240 3330 567 449 2763 2601 312 680 1921 816 354 277 462 1105 519 363 586 477 306 245 1115 945 412 297 533 599 418 238 483 268 190 194 368 275 220 208 206
is_linear=0
shrinkage=0.0161547


Tree=176
num_leaves=39
num_cat=0
split_feature=43 43 53 6 8 14 4 6 50 42 42 13 44 53 2 53 13 4 43 53 43 4 23 51 17 4 19 17 43 23 2 17 4 19 13 53 6 50
split_gain=16.024 6.5019 6.53828 5.14562 8.08239 9.3296 7.88113 8.72553 6.0717 6.04292 4.10271 15.4479 5.76825 5.53554 4.69423 4.67436 3.91721 5.34777 4.7809 7.1495 3.99361 3.76183 3.56735 3.4948 3.07818 2.65806 1.872 1.80966 1.59097 1.548 2.71163 1.13714 1.4453 1.11599 1.01088 1.5647 1.6724 1.21323
threshold=1.2181000000000002 0.69495000000000007 0.84586600361515785 0.053011664213537639 0.13666274502772999 6.5000000000000009 0.41177431281308985 0.43845718963565866 88.500000000000014 2.5000000000000004 2.5000000000000004 0.077194331520690412 83.500000000000014 0.91033197859443771 0.085364337806883253 0.98420471254065933 0.14016164217688248 0.00059893075023033317 0.98880000000000012 0.8821447736198883 0.89735000000000009 0.087697036033406187 0.54339983882331688 15.500000000000002 0.046797758450499334 0.05377814445632826 0.070947584038596676 0.004907133141536668 0.66605000000000014 0.13154878618851826 0.077224001660120792 0.030858591024210947 0.0031249350702378964 0.19242227857490271 0.01526317569668012 0.96437649594167552 0.022793311796021971 90.500000000000014
decision_type=2 2 2 2 2 2 2 2 2 2 2 2 2 2 2 2 2 2 2 2 2 2 2 2 2 2 2 2 2 2 2 2 2 2 2 2 2 2
left_child=1 23 -3 22 8 6 7 9 -5 -6 12 -12 15 -13 -15 16 17 20 19 -18 -4 -16 -2 27 -21 26 28 -1 34 -19 -31 32 -17 -20 37 36 -36 -25
right_child=3 2 10 4 5 -7 -8 -9 -10 -11 11 13 -14 14 21 31 18 29 33 24 -22 -23 -24 25 -26 -27 -28 -29 -30 30 -32 -33 -34 -35 35 -37 -38 -39
leaf_value=0.0026932862743327133 0.00095256911904957305 -0.0051252641253145105 0.0027482937636969604 0.00089908269302575814 0.00096142245304913984 0.0025567351688309862 -0.0034913623648596208 0.0024182734319351542 0.0049000161581705653 -0.0033708006685974593 0.006871784032520316 -0.0039004270988043581 0.0039079953862425094 0.0037113991840349038 -0.0032911845439456849 -0.0026467885429620787 0.0065242094230146671 -0.0013538597866648925 -5.8998200949675763e-05 -0.0026249703601448752 -0.0028914066205225604 0.0015909410451677248 -0.0025461276272541874 -0.008826790385964638 0.0018114607191851496 0.00057324275529244064 -0.0085898245901789624 -0.0024105816696973871 -0.0010248520771110364 -0.0069487001555029564 -0.0023570328928054734 -0.0021254608835236939 -0.0065125274998059828 -0.0024657196487045292 -0.0029017042566057559 -0.00096713029738468292 -0.0085982252136587931 -0.0041380585930124881
leaf_weight=34.555121093988419 150.08850169181824 76.604568630456924 82.431944012641907 158.25711715221405 161.94173830747604 508.09728413820267 156.40393006801605 327.18330472707748 264.31819355487823 174.64999753236771 92.952037811279297 93.632818788290024 62.81925231218338 87.957613915205002 84.456559717655182 51.8033197671175 64.975998222827911 52.858827084302902 89.218951433897018 62.468388855457306 54.388551861047745 80.398826450109482 154.18981885910034 28.835142992436886 117.75186458230019 28.746540814638138 27.549374639987946 38.141453504562378 35.90617947280407 66.110769808292389 68.181749612092972 104.28631815314293 49.222944557666779 115.21188169717789 30.496959917247295 33.225698083639145 24.06164014339447 28.77384740114212
leaf_count=102 153 132 152 110 128 176 84 175 178 121 114 117 77 95 107 100 90 105 104 111 87 82 120 134 166 68 81 105 96 136 117 154 99 127 110 111 91 124
internal_value=0.000134358 -0.000948561 -0.000523191 0.00111868 0.00145567 0.000836581 -0.000229048 0.000539645 0.00340164 -0.00128647 -0.00028517 0.00102397 -0.000837362 -0.000545004 0.000697723 -0.00114188 -0.00056679 -0.00192105 0.000409002 0.00193005 0.000506414 -0.000910206 -0.000820358 -0.00308401 0.000273694 -0.00403235 -0.00466628 1.5458e-05 -0.00407007 -0.00369569 -0.00461746 -0.00330878 -0.00453029 -0.00141536 -0.00482212 -0.0037309 -0.00541401 -0.00648492
internal_weight=3923.16 1868.03 1557.73 2055.13 1750.85 1328.28 820.179 663.775 422.575 336.592 1481.13 439.398 1041.73 346.446 252.813 978.912 773.599 323.972 449.627 245.196 136.82 164.855 304.278 310.292 180.22 237.595 208.849 72.6966 181.299 187.151 134.293 205.313 101.026 204.431 145.393 87.7843 54.5586 57.609
internal_count=4539 3294 2272 1245 972 684 508 424 288 249 2140 515 1625 401 284 1548 1195 597 598 367 239 189 273 1022 277 815 747 207 666 358 253 353 199 231 570 312 201 258
is_linear=0
shrinkage=0.0161547


Tree=177
num_leaves=37
num_cat=0
split_feature=43 0 44 0 50 50 21 13 15 47 52 53 13 50 15 43 0 21 23 21 53 6 15 44 52 53 15 0 53 52 50 23 43 43 52 21
split_gain=14.579 7.40412 5.79589 5.61658 5.08572 8.04908 4.77048 9.71437 6.52261 4.82409 4.95281 4.82117 4.72339 5.6824 9.63713 8.15359 4.70972 4.56669 13.6477 3.78117 3.71544 6.65179 5.46137 3.16174 3.04154 3.17328 2.8932 2.84941 3.08223 2.39168 2.26097 2.08334 2.02265 3.6571 3.36371 2.90551
threshold=0.94370000000000009 2.5069677747996084 71.500000000000014 0.35226580320916295 92.500000000000014 91.500000000000014 0.022799720980243184 0.14016164217688248 0.10822783596606061 1.0000000180025095e-35 0.8707702581734863 0.92993034478275372 0.011086119450522574 82.500000000000014 0.024054175733186568 0.85805000000000009 0.20396971583431617 0.43214510701583769 2.3608322765504171 0.0011988263140623077 0.98130582314710868 0.31169883183497521 0.21824236735555499 72.500000000000014 0.91132701556953777 0.91213437731724467 0.062913789495789282 0.20396971583431617 0.92772124363953157 0.88890035761821551 82.500000000000014 0.32532674619732199 0.80520000000000014 0.71405000000000007 0.94569171602175783 0.037894055383918844
decision_type=2 2 2 2 2 2 2 2 2 2 2 2 2 2 2 2 2 2 2 2 2 2 2 2 2 2 2 2 2 2 2 2 2 2 2 2
left_child=4 2 3 16 5 12 -4 11 -9 10 -10 -8 30 27 -15 23 26 18 20 -6 21 22 -12 -16 -11 -26 -2 28 -14 31 -1 -21 33 35 -34 -31
right_child=1 -3 6 -5 19 -7 7 8 9 24 17 -13 13 14 15 -17 -18 -19 -20 29 -22 -23 -24 -25 25 -27 -28 -29 -30 32 -32 -33 34 -35 -36 -37
leaf_value=-0.0018106843620171792 -0.0034730152122108039 0.0029137343299379679 0.0034370812183371451 -0.0038705126371111178 0.00087693884379613091 0.005657514153484873 -0.0059808361471107028 0.0041636019685197794 -0.0015919681979583412 0.00060975500961488855 0.0006001455429614544 -0.00051119537883866702 -0.0068932469583633986 0.0067287627857303793 -0.0053434441246232667 0.0035898522642891636 0.0033265847765176345 -0.00015925170657195661 0.0068389018703650696 -0.0080853008120290015 -0.001400157297779114 -0.0013165633435699188 0.0051333282623399331 -0.00054069251464989145 -0.00021874304881140311 -0.0036772482496506358 0.00016420700738929315 -0.00017811216084523868 -0.0017012300926186337 -0.0064861972265974613 -0.0069236826288783509 -0.0034521324408648378 -0.0018069241771576149 0.00070564478740925613 -0.0072536512582602186 -0.00059262824441758946
leaf_weight=40.553471811115742 94.028807163238525 296.98211765289307 142.81897047162056 158.72869804501534 56.540345579385757 47.059413626790047 86.752511501312256 133.63084369897842 162.23331922292709 198.69329857826233 122.41036403179169 81.62960147857666 60.054525509476662 57.371869817376137 72.556787826120853 75.358658790588379 77.07098662853241 310.80435347557068 133.09231752157211 49.801557958126068 123.583347260952 124.25512623786926 160.03115874528885 70.559482470154762 133.75800728797913 143.52953860163689 145.21949973702431 68.402747079730034 59.30800399184227 51.730570606887341 50.898984521627426 51.540479391813278 60.436164617538452 83.204579889774323 57.975259333848953 37.76947121322155
leaf_count=119 145 105 157 151 156 86 107 118 122 125 111 89 152 127 175 96 79 152 65 154 103 102 107 135 91 107 158 108 132 181 165 97 102 159 108 91
internal_value=-0.000103003 0.000500552 0.000217536 -0.0013908 -0.00172756 -0.000757212 0.000588928 0.000376449 0.000733815 0.000449563 0.00102144 -0.00332922 -0.00130106 -0.000639191 0.000836385 -0.000710963 -0.000146479 0.00145666 0.00221374 -0.00302884 0.0010529 0.00179831 0.00316864 -0.00297558 -0.000915789 -0.00200893 -0.00126529 -0.00280697 -0.00431347 -0.00359153 -0.00465639 -0.00572897 -0.00284746 -0.00173247 -0.00447369 -0.00399908
internal_weight=3880.38 2829.25 2532.27 475.048 1051.12 602.124 2057.22 1914.4 1746.02 1612.39 1136.41 168.382 555.065 463.612 275.847 218.475 316.319 974.177 663.372 448.998 530.28 406.697 282.442 143.116 475.981 277.288 239.248 187.765 119.363 392.458 91.4525 101.342 291.116 172.705 118.411 89.5
internal_count=4537 2194 2089 533 2343 1295 1556 1399 1203 1085 762 196 1209 925 533 406 382 640 488 1048 423 320 218 310 323 198 303 392 284 892 284 251 641 431 210 272
is_linear=0
shrinkage=0.0161547


Tree=178
num_leaves=37
num_cat=0
split_feature=43 43 43 40 50 44 43 0 2 32 6 17 0 4 4 5 50 50 8 6 45 50 13 8 0 2 51 43 42 46 15 13 51 43 43 23
split_gain=15.5685 6.7274 6.25842 4.70248 8.85906 8.18682 5.85791 4.08822 6.46019 3.71149 7.30859 5.68621 4.75685 9.68621 5.05495 4.89056 4.62295 6.10753 4.39798 6.00601 4.49333 3.45407 3.30586 3.20175 3.74165 2.66974 2.4998 4.89635 2.32114 4.55573 3.11475 1.90274 1.80556 1.59459 1.04513 0.943697
threshold=0.97555000000000014 3.3391500000000005 0.54375000000000007 1.0000000180025095e-35 104.50000000000001 69.500000000000014 0.94705000000000006 0.16765320310356543 0.12105461925998276 1.0000000180025095e-35 1.216177502379596 0.087582448544762825 0.27725358228841906 0.073902452926660103 0.0095389873677310475 3.5000000000000004 83.500000000000014 92.500000000000014 0.46454273302499388 0.41685351674127563 1.0000000180025095e-35 89.500000000000014 0.2862098573023108 0.065415353182612976 0.12680484205294484 0.28007312716567151 16.500000000000004 0.65720000000000012 1.5000000000000002 1.0000000180025095e-35 0.051498759630716463 0.062460921423893 21.500000000000004 0.50075000000000014 0.81505000000000016 0.058004943681154018
decision_type=2 2 2 2 2 2 2 2 2 2 2 2 2 2 2 2 2 2 2 2 2 2 2 2 2 2 2 2 2 2 2 2 2 2 2 2
left_child=2 9 33 4 6 -5 7 26 -9 10 12 -11 13 14 16 18 -2 -18 19 20 25 -7 -10 24 -16 -14 27 -4 29 31 -30 32 35 -1 -29 -28
right_child=1 -3 3 5 -6 21 -8 8 22 11 -12 -13 15 -15 23 -17 17 -19 -20 -21 -22 -23 -24 -25 -26 -27 28 34 30 -31 -32 -33 -34 -35 -36 -37
leaf_value=-0.010641528528682937 -0.00087572991223625258 0.0042522971541132902 0.00047088159518339311 0.0061803388231706528 0.0035983295212133736 0.0016443137889691581 -0.0072653547694511789 0.0044345584536536501 -0.0040612934253137925 -0.0033866317393187648 0.0038372887084348645 0.00046873860547593605 -0.0011807651266780028 0.0060842872793013319 -0.00011925563280778027 0.0019062866469177883 0.0058204391183843528 0.001120014833109998 -0.0030164412829920655 0.00220644114382861 0.00068223108336781129 -0.0030308131551184531 0.00019983715780640848 0.0012768695695487471 -0.0043280012203527861 -0.0046728455541517342 -0.003991616438475171 -0.0049745544051511791 -0.0064908324491006154 0.0027753636475364393 -0.0010518726610906502 -0.00039465160412439205 -0.0063390326831112209 -0.0047751680052882895 -0.0082730471941334285 -0.0001259836555261658
leaf_weight=18.804045327007771 97.407467007637024 139.93637490272522 38.27233749628067 57.440008699893951 75.372801274061203 75.949853584170341 55.338361650705338 60.871247142553329 82.068586274981499 141.45138040184975 201.01767253875732 339.34929376840591 130.28949195146561 104.13936588168144 158.32493835687637 231.14807111024857 128.76845255494118 164.05271497368813 176.0074634552002 196.63469940423965 181.2967677116394 90.249863550066948 112.85520443320274 175.9714432656765 84.5726637840271 101.75745862722397 32.817395776510239 63.330578923225403 57.56795546412468 60.520200863480568 52.572045758366585 77.209386736154556 41.899444565176964 33.878760389983654 41.494563281536102 33.108884081244469
leaf_count=118 108 35 107 93 146 109 88 100 165 149 80 171 117 76 160 123 117 174 116 127 148 155 169 160 93 92 97 151 135 133 95 167 129 164 86 85
internal_value=0.0001395 0.000801449 -0.0014288 -0.00117034 -0.00169908 0.000922706 -0.00219206 -0.00182001 -0.000159561 0.000616585 0.000905801 -0.00066551 0.000600533 0.00144686 0.00084997 -0.000159341 0.0021729 0.00318703 -0.000766814 -0.000117691 -0.00122332 -0.000894376 -0.00159422 -0.000382504 -0.00158467 -0.00271212 -0.00267153 -0.00447462 -0.00194615 -0.00107215 -0.00389471 -0.00233058 -0.00371681 -0.00686904 -0.00628025 -0.00205025
internal_weight=3913.75 2752.13 1161.62 1108.94 885.299 223.64 809.926 754.588 255.795 2612.19 2131.39 480.801 1930.37 913.237 809.098 1017.13 390.229 292.821 785.986 609.978 413.344 166.2 194.924 418.869 242.898 232.047 498.793 143.097 355.695 245.555 110.14 185.035 107.826 52.6828 104.825 65.9263
internal_count=4538 2046 2492 2210 1853 357 1707 1619 434 2011 1691 320 1611 888 812 723 399 291 600 484 357 264 334 413 253 209 1185 344 841 611 230 478 311 282 237 182
is_linear=0
shrinkage=0.0161547


Tree=179
num_leaves=40
num_cat=0
split_feature=42 43 37 50 50 52 17 23 52 52 2 0 43 53 53 53 17 15 43 0 2 19 15 6 2 53 13 53 53 53 15 19 21 13 17 2 13 45 2
split_gain=17.0871 8.91517 8.07013 8.69718 8.62496 9.65992 5.85953 5.45989 4.65408 4.23213 4.16596 4.09768 3.97781 4.70488 6.62408 3.7538 3.53733 5.99935 4.11204 5.32552 3.259 5.64898 4.68222 4.13438 3.67262 3.43797 3.4458 3.38171 7.24463 3.75186 3.21271 3.97515 1.93482 1.6121 1.40274 2.31407 1.46081 0.923874 0.825145
threshold=2.5000000000000004 1.2255500000000004 1.0000000180025095e-35 95.500000000000014 90.500000000000014 0.88624952560493575 0.073531878045879309 0.51476788789747141 0.93992717176033358 0.8987334627721083 0.668457246427267 0.84212189615645683 0.59175000000000011 0.84586600361515785 0.90695698981273087 0.89060886751271606 0.066933744632457839 0.15370997402900452 0.97005000000000008 0.02424040708919142 0.035570277283964689 0.037781598933224629 0.10822783596606061 0.077292929639976429 0.0077252482901228169 0.98420471254065933 0.35298012564680675 0.92818066549961431 0.96539899205807367 1.0240617235125469 0.46109766258107737 0.19002187068628609 0.06681386496843407 0.018603604612194704 0.012791140972860373 0.0094461063060223144 0.011086119450522574 1.0000000180025095e-35 0.072349332878543046
decision_type=2 2 2 2 2 2 2 2 2 2 2 2 2 2 2 2 2 2 2 2 2 2 2 2 2 2 2 2 2 2 2 2 2 2 2 2 2 2 2
left_child=1 12 3 4 5 -2 7 -7 -6 -5 -8 -4 34 -14 16 -3 17 18 19 33 24 -22 23 -23 27 26 -24 -16 -29 -30 31 32 -17 -15 35 36 -1 -26 -21
right_child=2 15 11 9 8 6 10 -9 -10 -11 -12 -13 13 14 20 30 -18 -19 -20 38 21 22 25 -25 37 -27 -28 28 29 -31 -32 -33 -34 -35 -36 -37 -38 -39 -40
leaf_value=-0.0060561152096111435 0.0033616690601526735 0.002684211548351698 0.0018885810598298605 -0.0035524786060511168 0.0052990361846062531 -0.0006900441013136838 -0.0033964985771674809 0.0046325405032834367 0.0014686423304391071 5.7052620539506168e-05 0.00015567939666867283 0.0055609227112230191 -0.0052485919067989922 -0.00049960298506623326 -0.0055844580012273312 0.00073788383057981635 -0.001849401509350024 0.0061293813305732525 0.0035620511725529243 -0.0056051865483249166 0.0035296498287881871 -0.00072169939253139846 0.0026738363631155387 -0.006730143879857535 -0.007530273580049188 -0.0032180178142618234 -0.0015231287132866855 0.0033827980323092449 -0.0067111098848929331 -0.00043970034983521549 -0.0020646800288133191 0.0024887255375855479 -0.0024610809184224297 0.0036899885345736995 -0.0014308979432252338 -0.010348582392086208 -0.00054987664255898956 -0.0042995448946810478 -0.002367748811700742
leaf_weight=34.075921028852463 229.22948835790157 176.90480619668961 165.84184192121029 142.99998481571674 193.16750918328762 117.59053927659988 197.82294811308384 87.88878059387207 144.86855033040047 208.19249793887138 152.65341544151306 151.94897109270096 75.776031315326691 47.57722033560276 54.880014047026634 100.60562837123871 118.86849415302277 57.665388256311417 73.691687822341919 41.25999128818512 59.176200345158577 48.691727116703987 97.821235448122025 77.388401210308075 47.660886257886887 96.313108950853348 106.78160998225212 62.184790104627609 50.909979313611984 48.718736171722412 146.84184259176254 179.89736235141754 96.835927486419678 48.303806707262993 25.889504879713058 20.958988778293133 19.927715927362442 44.825709357857704 40.925097972154617
leaf_count=167 141 127 138 129 117 159 147 77 101 159 69 55 149 110 118 103 154 79 89 101 111 89 135 157 105 144 135 112 106 103 86 128 92 94 92 103 81 96 84
internal_value=0.000150671 -0.000837664 0.00130949 0.000806215 0.00149999 0.000571151 -0.000579425 0.00158656 0.00365748 -0.00141269 -0.00184931 0.00364448 -0.00158221 -0.00134234 -0.00110044 0.000649418 0.000519299 0.00142926 0.000352696 -0.000975478 -0.00197266 -0.001148 -0.00179626 -0.0044097 -0.00326939 -0.000701264 0.000483453 -0.00211913 -0.000943837 -0.00364437 -3.73002e-05 0.000751657 -0.00083106 0.00161107 -0.00467285 -0.0057925 -0.00402428 -0.00596443 -0.00399306
internal_weight=3893.56 2101.36 1792.2 1474.41 1123.22 785.185 555.956 205.479 338.036 351.192 350.476 317.791 1400.27 1299.42 1223.64 701.086 428.292 309.423 251.758 178.066 795.352 486.172 426.996 126.08 309.18 300.916 204.603 216.694 161.814 99.6287 524.181 377.339 197.442 95.881 100.852 74.9626 54.0036 92.4866 82.1851
internal_count=4542 3250 1292 1099 811 593 452 236 218 288 216 193 2714 2271 2122 536 711 557 478 389 1411 771 660 246 640 414 270 439 321 209 409 323 195 204 443 351 248 201 185
is_linear=0
shrinkage=0.0161547


Tree=180
num_leaves=42
num_cat=0
split_feature=43 43 21 52 17 53 50 44 6 21 13 47 43 52 4 0 0 21 8 6 14 53 53 47 13 21 17 8 8 17 19 35 44 52 47 17 4 13 45 53 23
split_gain=15.8846 6.71755 5.85911 5.55658 5.47202 5.64759 5.10371 6.39132 4.11996 4.41821 5.58091 3.81925 5.52491 4.38499 4.2594 7.5019 11.2667 3.33789 6.42569 6.55267 6.90841 4.82545 3.65212 3.19397 3.13382 3.08708 4.15984 5.21467 4.44924 3.79034 2.21533 2.14735 2.87094 2.52684 2.04235 3.05575 1.964 1.88374 1.43504 1.35378 0.856864
threshold=1.4967500000000002 0.70185000000000008 0.4462358993040359 0.79065029226887218 0.24556377996781775 0.83632869484962924 104.50000000000001 83.500000000000014 0.55602531938859345 0.21942028779404524 0.51133367658933448 1.0000000180025095e-35 2.6030500000000001 0.91706344704376541 0.36448121951712381 0.86214101313440517 0.33472528238849991 0.0020175972447025823 0.025837865544127151 0.039186921963271483 1.5000000000000002 0.92596810925254058 0.94288056771151185 1.0000000180025095e-35 0.53213383754682109 0.098191441985766695 0.03792510669435975 0.044908721098179068 0.07991291638558444 0.070294104971475327 0.074466783205947337 1.0000000180025095e-35 76.500000000000014 0.94893642848195381 1.0000000180025095e-35 0.00045695214246365724 0.049521235080727664 0.022742906771117656 1.0000000180025095e-35 0.96955963991497274 0.33805736263865732
decision_type=2 2 2 2 2 2 2 2 2 2 2 2 2 2 2 2 2 2 2 2 2 2 2 2 2 2 2 2 2 2 2 2 2 2 2 2 2 2 2 2 2
left_child=1 31 3 -3 5 -5 7 8 9 10 17 12 14 -13 15 16 -2 -7 19 20 22 -22 -19 25 -11 26 27 -20 -29 -27 -23 32 34 -34 35 -1 -25 -37 -36 40 -39
right_child=11 2 -4 4 -6 6 -8 -9 -10 24 -12 13 -14 -15 -16 -17 -18 18 23 -21 21 30 -24 36 -26 29 -28 28 -30 -31 -32 -33 33 -35 38 37 -38 39 -40 -41 -42
leaf_value=0.00066332765828354043 0.00280076716950343 0.0042899903060380487 -0.0034688527071139444 -0.005219527765793563 0.0037435344937950289 -0.0040570597178056726 0.0026004455422536784 0.0028211273712145878 0.0027619427934618235 -0.0011348670521411273 0.0036707442918122099 0.0018654034546882077 0.0041798831384062072 -0.0015043375478820829 -0.00095980955580713691 0.0044818644771114574 -0.0028219013989930373 0.0048370565563416968 -0.0048167838065875223 0.0051892254040267136 -0.0047779933223469741 -0.0019974624897454289 -0.00030945406484665715 -0.005325852611259038 -0.0054515625163032251 0.0021908185601142481 -0.0051576485747576607 0.0036848902714985022 -0.0022870744334982287 -0.002237543779394472 0.0022890457589481729 0.00047666177118331737 -0.0034643120751850676 0.0029054018831964224 -0.0047416588519178958 -0.0085864611716858566 -0.0019401485218712275 -0.0033043386868924405 -0.0099571600225645627 -0.00097719687446809348 -0.0069249287062290556
leaf_weight=37.148184068500996 240.43951666355133 68.736361354589462 156.56169590353966 65.591814935207367 80.304981797933578 89.210153549909592 137.20955795049667 128.14701360464096 74.72655776143074 79.591674834489822 69.102876424789429 187.2310539484024 218.56238687038422 218.26414662599564 173.3045688867569 198.23588466644287 151.6776208281517 81.395114332437515 60.771270453929901 71.471256017684937 92.571973949670792 64.923846453428268 64.500274688005447 90.461741805076599 97.848379850387573 122.09118750691414 87.474609702825546 70.058716148138046 60.8227678835392 85.953261435031891 61.055710852146149 41.831773072481155 34.508487194776535 30.723656117916107 32.070340856909752 24.913104198873043 88.417075663805008 37.984214246273041 24.124917484819889 33.636584565043449 30.965921953320503
leaf_count=132 159 83 142 107 69 164 174 134 73 92 68 90 64 115 74 83 95 119 109 92 160 113 101 146 107 147 129 96 96 100 72 108 111 79 117 109 111 130 94 101 85
internal_value=-1.30856e-05 -0.000788313 -0.000459683 -0.000223228 -0.000384491 -0.000564323 -0.00039257 -0.000642888 -0.000936388 -0.00112861 -0.000792582 0.0013706 0.00191514 5.15875e-05 0.00126696 0.00192065 0.000625823 -0.00105151 -0.000808194 0.000716652 -0.00016046 -0.00197771 0.00256179 -0.00180618 -0.00351529 -0.0011283 -0.00223852 -0.000906168 0.000909621 0.000361247 7.99842e-05 -0.00294205 -0.00344196 -0.000464244 -0.00432151 -0.00341391 -0.00365235 -0.00460185 -0.0069807 -0.00363418 -0.00493037
internal_weight=3864.62 2476.91 2149 1992.44 1923.7 1843.4 1777.81 1640.6 1512.45 1437.72 1260.28 1387.72 982.22 405.495 763.658 590.353 392.117 1191.18 1101.97 435.918 364.447 218.552 145.895 666.051 177.44 487.172 279.127 191.653 130.881 208.044 125.98 327.907 286.075 65.2321 220.843 164.648 178.879 127.5 56.1953 102.587 68.9501
internal_count=4550 3870 2804 2662 2579 2510 2403 2229 2095 2022 1823 680 475 205 411 337 254 1755 1591 657 565 345 220 934 199 677 430 301 192 247 185 1066 958 190 768 557 257 425 211 316 215
is_linear=0
shrinkage=0.0161547


Tree=181
num_leaves=39
num_cat=0
split_feature=43 43 44 44 40 44 19 53 51 53 10 4 15 43 4 44 18 50 15 43 51 53 23 23 53 13 43 43 43 44 6 51 10 53 8 43 52 1
split_gain=22.0899 5.70985 6.30252 6.05677 8.93946 6.00861 8.68527 5.22158 9.43433 8.77261 4.56724 8.01705 5.50451 4.0812 3.74044 4.86667 3.4005 3.80672 3.00786 2.94581 3.7521 2.45065 3.47133 3.26455 3.81923 3.59024 3.32593 3.82516 3.36843 3.17593 2.68383 2.43077 2.25933 2.26003 1.78838 1.41569 1.16036 0.883502
threshold=0.91350000000000009 1.9938000000000002 68.500000000000014 78.500000000000014 1.0000000180025095e-35 72.500000000000014 0.42494553034057375 0.9108177217363137 18.500000000000004 0.87710060212051622 4.6738117363219969 0.24137378770041951 0.10822783596606061 0.54375000000000007 0.033586915779677817 76.500000000000014 2.5000000000000004 89.500000000000014 0.24631162049260127 1.4083000000000003 18.500000000000004 0.98729402868487515 0.15735541155560154 0.50797710272707242 0.94779950875236973 0.13619744789704982 0.83180000000000009 0.77910000000000013 0.73035000000000017 75.500000000000014 0.038630327868005868 20.500000000000004 0.10205594940113701 0.88934586804758931 0.22225114927758124 0.50075000000000014 0.93763497399644036 1.5000000000000002
decision_type=2 2 2 2 2 2 2 2 2 2 2 2 2 2 2 2 2 2 2 2 2 2 2 2 2 2 2 2 2 2 2 2 2 2 2 2 2 2
left_child=13 2 -2 4 -3 6 7 9 -9 -4 11 12 14 35 15 -7 -14 34 21 20 -19 23 -23 24 25 26 27 28 31 37 -26 32 33 -15 -18 -1 -24 -25
right_child=1 3 5 -5 -6 10 -8 8 -10 -11 -12 -13 16 18 -16 -17 17 19 -20 -21 -22 22 36 29 30 -27 -28 -29 -30 -31 -32 -33 -34 -35 -36 -37 -38 -39
leaf_value=-0.010260431659888441 -0.0036550080672651426 -0.00182972444423137 -0.00063395022498608617 0.0034013256746081104 0.0029200859212054984 0.0041890277043121994 0.0055194622516320166 -0.0035437513705270656 0.0023175968537950094 0.0065075185427878358 -0.002564909492213923 0.0034676232972846747 -0.0034497401611702479 0.0042350533396096467 -0.0016573898036703007 -9.6409047515650626e-05 -0.0029641755292649928 0.0012162591089878686 0.00050393214064958455 0.0021093532587869268 -0.0029915796790010987 -0.0071816922159109887 -0.0040632575184004491 -0.0040829048232058924 -0.00052222273551971157 0.0020963259233746892 -0.0059937461631001249 0.0023005704910532164 -0.006624787337719428 -0.00071514271579952826 0.0046538455582195081 -0.004765563095278866 -0.0035222112521231717 -0.0015977475326100254 -0.00035964558122477953 -0.0046562127707692842 -0.00053128028648424417 -0.0071482795629979352
leaf_weight=17.839221835136414 103.41567102074623 208.51926285028458 89.706199526786804 355.40443694591522 205.14349246025085 154.76902782917023 128.74289256334305 141.41544753313065 145.30209237337112 89.855035305023193 175.04737144708633 171.83846575021744 126.07389575242996 36.026223912835121 81.565680027008057 125.02389496564865 178.48931014537811 119.43340891599655 115.76694896817207 166.47329384088516 102.996497631073 59.117124378681183 46.470916792750359 49.114432215690613 68.234979555010796 48.72272615134716 61.197613120079041 48.100015491247177 45.695208698511124 53.273189693689346 42.379934757947922 45.029010131955147 36.814897015690804 33.417389720678329 111.95810520648956 34.539204321801662 50.823371782898903 49.03762224316597
leaf_count=113 158 103 99 113 80 170 79 171 154 88 97 112 125 89 91 145 156 115 174 107 109 178 101 104 157 94 123 90 108 86 75 144 104 93 84 169 96 100
internal_value=-2.57053e-05 0.000655595 0.000238729 0.00185465 0.0005258 0.000429688 0.00180509 0.000779522 -0.00057335 0.00293974 -0.000110981 0.000209912 -0.000269869 -0.00218275 0.00138669 0.0022741 -0.00101309 -0.000560901 -0.00192463 0.000484158 -0.000732187 -0.00228812 -0.00409424 -0.0018303 -0.0011602 -0.0019769 -0.00262486 -0.00178365 -0.00278095 -0.00389078 0.00146089 -0.00161995 -0.000286936 0.00142822 -0.00196021 -0.00656492 -0.00221827 -0.00561439
internal_weight=3922.77 2981.17 2212.11 769.067 413.663 2108.69 595.022 466.279 286.718 179.561 1513.67 1338.62 1166.78 941.6 361.359 279.793 805.425 679.351 889.222 388.903 222.43 773.455 156.411 617.043 465.618 355.003 306.28 245.083 196.983 151.425 110.615 151.288 106.259 69.4436 290.447 52.3784 97.2943 98.1521
internal_count=4554 2356 2060 296 183 1902 591 512 325 187 1311 1214 1102 2198 406 315 696 571 1916 331 224 1742 375 1367 1077 845 751 628 538 290 232 430 286 182 240 282 197 204
is_linear=0
shrinkage=0.0161547


Tree=182
num_leaves=39
num_cat=0
split_feature=43 40 52 43 53 32 17 21 53 52 30 40 13 52 51 53 43 6 10 0 10 52 4 44 50 10 51 43 51 44 44 43 50 50 0 53 6 53
split_gain=12.633 6.869 9.23478 5.39342 4.85309 5.17371 4.61924 3.84361 4.90888 7.86012 3.81497 10.589 7.37581 5.82811 5.19692 4.79885 4.25735 3.79119 8.45803 5.69616 4.8773 7.16023 4.23515 2.87463 6.31914 3.46402 2.77564 2.60328 2.5523 2.45722 2.16813 1.80238 1.63682 2.02104 2.37647 1.77495 1.11477 1.03475
threshold=0.97555000000000014 1.0000000180025095e-35 0.9506428847742413 3.1257500000000005 0.98804111680207429 1.0000000180025095e-35 0.023512074515822642 0.23974318626755628 0.93700965917191315 0.9227458868555164 1.0000000180025095e-35 1.0000000180025095e-35 0.26466008734873359 0.93763497399644036 19.500000000000004 0.95849270488435201 1.4643000000000004 0.5006316260716509 1.3906926294302087 0.26290704374821794 0.4684104804385712 0.88232740654921848 0.006335214353593281 73.500000000000014 89.500000000000014 0.17396691089502045 18.500000000000004 1.2255500000000004 20.500000000000004 78.500000000000014 73.500000000000014 0.77480000000000016 83.500000000000014 94.500000000000014 0.027086293340121245 0.88831549063524962 0.36506697056660459 0.89621648370326457
decision_type=2 2 2 2 2 2 2 2 2 2 2 2 2 2 2 2 2 2 2 2 2 2 2 2 2 2 2 2 2 2 2 2 2 2 2 2 2 2
left_child=1 4 6 10 5 7 -3 8 23 26 13 12 -12 17 16 -16 27 18 19 20 21 -2 -23 32 -25 -26 -10 -15 30 -14 -6 -11 37 35 -35 -34 -13 -1
right_child=3 2 -4 -5 28 -7 -8 -9 9 31 11 36 29 14 15 -17 -18 -19 -20 -21 -22 22 -24 24 25 -27 -28 -29 -30 -31 -32 -33 33 34 -36 -37 -38 -39
leaf_value=-0.0074137273076920109 -0.0023921708715026898 0.0012575202507724475 0.0047792076198591056 0.0033140679814145538 -0.0042937575305975724 -0.0059662991842464866 -0.0046399048461561645 0.0029388113064770923 0.0013717703680289439 -0.00025034322317875145 0.0026909877816596976 0.0044693139366441034 -0.0023882773624678 -0.0023406885151008652 -0.001159990167999216 0.0030941110359707113 -0.0043340422324710691 0.0023453877750067883 -0.0035843819032755466 0.0038553071895338483 -0.0030872582844533873 0.00042638069176552975 0.0051264029172627115 0.0027500678275433114 -0.006814735020660133 -0.00070140715145469061 0.007036954439309369 0.0011577291553297592 -0.0021275944617982689 0.00023843383535292491 -0.0092198839959459367 -0.0047533791760086975 0.00075079954988895394 -0.0015647687958882984 -0.0067567679839012325 -0.003248630720882014 0.0026071163884167506 -0.0035429887427999504
leaf_weight=35.200957097113132 103.63290125131607 70.368277788162231 100.7462987601757 181.86513686180115 61.86694073677063 61.115985207259655 68.307398498058319 57.437719255685806 45.139919757843018 46.619398355484009 173.11326488852501 170.17726850509644 229.17749446630478 139.12219813466072 179.92180907726288 112.4551850259304 166.14477491378784 286.30306023359299 129.4504811167717 137.26465404033661 98.140493273735046 97.485337406396866 102.79215750098228 77.452125817537308 43.627974465489388 54.290469065308571 45.140607997775078 92.36464250087738 70.307075269520283 156.35231655836105 37.42024527490139 46.171298623085022 59.764229349792004 42.330765932798386 50.399958580732346 56.183838590979576 165.46502929925919 36.93611367046833
leaf_count=103 122 136 149 49 159 130 110 75 105 125 171 112 174 176 156 87 110 152 103 111 95 99 91 144 114 107 82 85 169 82 88 84 130 114 125 151 70 98
internal_value=2.36549e-05 -0.0013826 0.00105687 0.000626641 -0.00201239 -0.00145955 -0.00164737 -0.0010642 -0.00142388 0.000810796 0.000434171 0.00128342 -7.91455e-05 -2.74937e-05 -0.00115875 0.000476239 -0.00236095 0.000789803 0.000123847 0.00101392 4.38433e-05 0.00105496 0.00283866 -0.00232067 -0.000697918 -0.00342523 0.00420438 -0.000944799 -0.00448268 -0.00132301 -0.00615036 -0.00249099 -0.00333408 -0.00260893 -0.00438667 -0.00118717 0.00355129 -0.00543181
internal_weight=3888.06 1166.83 239.422 2721.23 927.406 757.811 138.676 696.695 639.258 183.071 2539.36 894.285 558.643 1645.08 690.009 292.377 397.632 955.069 668.766 539.316 402.051 303.91 200.277 456.186 175.371 97.9184 90.2805 231.487 169.594 385.53 99.2872 92.7907 280.816 208.679 92.7307 115.948 335.642 72.1371
internal_count=4543 2498 395 2045 2103 1687 246 1557 1482 396 1996 609 427 1387 614 243 371 773 621 518 407 312 190 1086 365 221 187 261 416 256 247 209 721 520 239 281 182 201
is_linear=0
shrinkage=0.0161547


Tree=183
num_leaves=39
num_cat=0
split_feature=44 43 43 4 4 35 53 19 17 42 13 52 44 2 43 52 44 52 13 43 21 46 17 23 17 1 6 6 4 4 53 50 44 23 13 45 2 53
split_gain=9.60812 6.97976 4.2781 5.53513 10.3813 6.26411 7.32176 4.46297 10.4996 10.2396 8.96885 4.29862 4.56923 7.90888 4.13823 4.37306 9.27296 5.74198 3.9236 3.92047 3.86208 3.74553 3.70918 5.43459 3.55306 3.26233 5.91452 5.15434 2.52332 4.52451 3.89503 1.71486 2.45325 1.3132 1.2379 1.22206 1.17963 1.27253
threshold=71.500000000000014 0.82555000000000012 2.7357000000000005 0.41177431281308985 0.27195832892444344 1.0000000180025095e-35 1.0495987963961808 0.12138150423322208 0.013859603300445798 1.5000000000000002 0.24825345339268226 0.98798033168035049 80.500000000000014 0.24246078085495301 0.59860000000000013 0.90938961438577992 68.500000000000014 0.8854571507991148 0.20880845282320834 1.0727500000000003 0.10767486395715585 1.0000000180025095e-35 0.16578084851517136 1.0700471944026482 0.096049042256999964 2.5000000000000004 0.076101367475335163 0.018454066815001568 0.028943232576169872 0.0061622529507437416 0.89875697301968915 101.50000000000001 73.500000000000014 1.0848972541194859 0.10826369490910241 1.0000000180025095e-35 0.0094461063060223144 0.91607439194099449
decision_type=2 2 2 2 2 2 2 2 2 2 2 2 2 2 2 2 2 2 2 2 2 2 2 2 2 2 2 2 2 2 2 2 2 2 2 2 2 2
left_child=14 18 3 4 5 6 7 8 9 -3 -9 12 13 20 36 16 17 -16 31 -10 -7 28 23 -12 -25 26 27 -18 29 30 -17 32 -2 -30 35 -34 37 -1
right_child=1 2 -4 -5 -6 11 -8 10 19 -11 22 -13 -14 -15 15 21 25 -19 -20 -21 -22 -23 -24 24 -26 -27 -28 -29 33 -31 -32 -33 34 -35 -36 -37 -38 -39
leaf_value=-0.00062491080269527169 0.00040924052591335497 -0.0020603408601967523 0.0025997997939230023 -0.001700036233870278 0.0043764098474373932 -0.0011051943897512834 0.005332740206458293 0.0055948001046577413 -0.0055890064569458081 0.0058128574881708955 -0.0014579486582871172 -0.0034153615142259452 0.0025287352588232188 0.0014779515883416407 -0.0075153862223404809 -0.00026785888063073407 -0.00011262714765298915 0.0001203662022523763 0.0011090432401828314 -0.0012854928308131952 -0.0058481197495403054 0.00066557803223075106 -0.0015485945871036382 0.00049608894745639274 0.0037954288307386593 0.0044692817998380572 -0.00269196174374077 0.0063043581906713862 -0.005737470344867707 0.0011832796429380602 -0.0061849605767879939 -0.0058613250477146375 -0.0041447183498149109 -0.0030302098013515119 -0.0059895233851568136 -0.00090353952202817109 -0.0077111860952156002 -0.0061159400639924115
leaf_weight=20.910021848976612 65.718743607401848 77.688795804977417 268.07698714733124 276.63740396499634 185.71326899528503 89.021064192056656 94.945228159427643 113.32580164074898 89.269363164901733 96.856617242097855 130.58373227715492 144.63354906439781 117.26859703660011 156.51038241386414 57.085995480418205 50.170147657394409 74.334320321679115 46.748696118593216 92.508295863866806 144.9438978433609 90.207126498222351 95.404881775379181 151.08726334571838 147.24042791128159 202.10238420963287 74.092458158731461 88.134257972240448 58.277969732880592 85.002508550882339 85.237622991204262 68.911170020699501 39.540480747818947 61.294723145663738 103.93111583590508 34.950602844357491 60.151309236884117 28.984989628195763 23.273721106350422
leaf_count=88 162 127 79 147 102 107 76 104 142 104 133 128 77 95 132 89 133 86 161 148 79 148 100 127 143 57 108 75 146 139 152 112 175 102 80 153 124 113
internal_value=-8.38284e-05 0.000375787 0.000668125 0.000443762 0.000735707 0.000369378 0.00102064 0.000665585 -0.000690635 0.00230856 0.00141036 -0.000990641 -0.00021649 -0.00117536 -0.00148602 -0.00118152 7.40526e-05 -0.0040776 -0.00175061 -0.00292576 -0.00349235 -0.00220589 0.000658864 0.0013538 0.00240483 0.00153616 0.000551669 0.00270739 -0.00290252 -0.00165815 -0.00369203 -0.00276165 -0.00220985 -0.00424822 -0.0033104 -0.00253939 -0.00517866 -0.0035173
internal_weight=3890.78 2930.28 2576.11 2308.03 2031.4 1845.68 1248.04 1153.1 408.759 174.545 744.34 597.641 453.007 335.739 960.5 887.331 398.674 103.835 354.164 234.213 179.228 488.657 631.014 479.927 349.343 294.839 220.747 132.612 393.253 204.319 119.081 261.656 222.115 188.934 156.397 121.446 73.1687 44.1837
internal_count=4553 2861 2018 1939 1792 1690 1204 1128 521 231 607 486 358 281 1692 1367 591 218 843 290 186 776 503 403 270 373 316 208 628 380 241 682 570 248 408 328 325 201
is_linear=0
shrinkage=0.0161547


Tree=184
num_leaves=40
num_cat=0
split_feature=43 43 44 52 43 52 50 6 6 15 19 19 50 8 10 10 8 8 44 52 52 13 15 19 44 15 40 51 52 17 51 19 15 44 44 2 17 51 52
split_gain=10.8556 6.36355 3.4333 3.58593 3.0125 3.39225 5.03506 4.96183 8.65453 3.63664 3.01087 3.09497 2.94899 2.76031 4.79729 8.6366 5.62793 5.03385 5.66681 4.31554 4.16155 5.94895 5.58374 7.69303 7.33472 6.3588 3.60128 4.54942 3.45699 2.89172 2.24515 2.10715 2.01569 1.99315 2.82703 3.31219 2.01297 1.81513 1.78309
threshold=2.0324500000000003 0.82555000000000012 68.500000000000014 0.94569171602175783 0.54375000000000007 0.96487877779348297 86.500000000000014 0.21863523986456865 0.1352306589022402 0.025842260874334531 1.195432795076506 0.62732300553596898 82.500000000000014 0.69883548858288047 2.1910808990382713 1.6001140563804512 0.23882312878027259 0.1805238334491571 83.500000000000014 0.94174254378713262 0.97497258504563244 0.47442206046138041 0.2243035899754581 0.10305941887090168 74.500000000000014 0.010917407818711153 1.0000000180025095e-35 19.500000000000004 1.0344386104535139 0.12669404954048466 18.500000000000004 0.050087337154888022 0.053902978974551687 67.500000000000014 71.500000000000014 0.0052015835216927585 0.029442469025874423 19.500000000000004 0.90487736723273982
decision_type=2 2 2 2 2 2 2 2 2 2 2 2 2 2 2 2 2 2 2 2 2 2 2 2 2 2 2 2 2 2 2 2 2 2 2 2 2 2 2
left_child=1 4 3 -3 37 7 32 8 12 -8 11 -2 -6 14 15 16 17 18 20 -16 22 28 23 25 -25 -4 27 31 30 -24 -22 -27 -7 -14 35 -35 38 -1 -36
right_child=10 2 13 -5 5 6 9 -9 -10 -11 -12 -13 33 -15 19 -17 -18 -19 -20 -21 21 -23 29 24 -26 26 -28 -29 -30 -31 -32 -33 -34 34 36 -37 -38 -39 -40
leaf_value=-0.003325261780366883 0.0022267517282370006 -0.0048642587921349529 0.0038579941475206363 0.00030059014775627374 0.00068382576168640372 -0.0053019737061084796 0.0055416326568435842 -0.0078381116523085995 0.0057731793057076578 2.1224221612974783e-05 0.0032578521956660687 -0.00041817719785417742 -0.0066171533923235874 -0.0015837818977250059 0.0032460796348982362 -0.0036292588497702258 0.0043225581003295144 -0.0031982574353608779 0.0035911325211494807 -0.00034101814695914094 -0.0061931926497861079 0.0025379020740320685 -0.0034263100459436483 0.0058125766073160506 0.00032773392444271815 -0.0058337231256526106 0.0020046357044908357 0.00060970748503766544 -0.00051411784386644127 0.00028247119175833313 -0.0023718938654675526 -0.0019673965030525377 -0.00028475422959379061 0.0030321167902013133 -0.0073323426600278704 -0.0033267465938562183 -0.00099105316918259695 -0.0097252119548214659 -0.0031251812368150531
leaf_weight=32.772046320140362 258.86194676160812 75.730229079723358 86.686372011899948 65.360221236944199 58.867945984005928 44.570473060011864 50.070210292935371 38.983311325311661 35.762827560305595 82.383796498179436 245.08269476890564 208.41919040679932 40.361418664455414 223.84123963117599 242.14254742860794 160.25210800766945 86.08843120932579 113.34041446447372 127.29161444306374 137.07840913534164 71.411959856748581 78.133751034736633 112.95729130506516 151.60221710801125 109.64973428845406 70.647616893053055 76.432459801435471 102.60167428851128 130.00523439049721 106.68062317371368 91.587796807289124 76.753988862037659 39.345280036330223 39.513885468244553 53.685867637395859 46.574872627854347 39.398764446377754 17.872338995337486 51.519568383693695
leaf_count=164 127 131 113 99 148 127 111 82 63 167 65 77 131 135 161 154 76 116 108 104 101 63 108 143 109 110 88 135 158 78 117 102 80 94 151 115 81 108 128
internal_value=5.75428e-06 -0.000399431 -2.38571e-05 -0.00247164 -0.00179523 -0.00148628 0.000146527 -0.00235932 -0.00177526 0.00210805 0.00180766 0.00104705 -0.00259349 0.000122781 0.00030201 -5.45516e-05 0.000305311 7.56371e-05 0.000342122 0.00194944 1.52265e-05 -0.00142277 0.000612196 0.0013408 0.00351054 -3.13041e-05 -0.00106412 -0.00200232 -0.00247894 -0.00162491 -0.00404605 -0.00382048 -0.00294957 -0.00330527 -0.00272583 -0.000408091 -0.00410567 -0.0055838 -0.00527208
internal_weight=3880.32 3167.96 2496.28 141.09 671.683 621.038 216.37 404.668 365.685 132.454 712.364 467.281 329.922 2355.19 2131.34 1752.12 1591.87 1505.78 1392.44 379.221 1265.15 371.139 894.012 674.374 261.252 413.122 326.436 250.003 293.005 219.638 163 147.402 83.9158 271.054 230.693 86.0888 144.604 50.6444 105.205
internal_count=4528 4259 2509 230 1750 1478 485 993 911 278 269 204 848 2279 2144 1879 1725 1649 1533 265 1425 439 986 800 252 548 435 347 376 186 218 212 207 700 569 209 360 272 279
is_linear=0
shrinkage=0.0161547


Tree=185
num_leaves=39
num_cat=0
split_feature=43 43 53 4 6 6 10 17 5 50 44 39 45 6 6 17 51 4 53 51 43 50 19 2 0 19 40 13 34 21 21 17 44 6 30 6 53 53
split_gain=9.01242 7.28661 3.82102 5.84277 8.363 4.99912 6.15956 4.57916 5.08627 7.07213 4.48043 6.31737 9.26565 4.50859 5.17784 5.66878 5.18752 6.58686 4.47725 4.36025 5.42235 6.69788 5.1258 4.31113 4.11743 3.36479 3.30735 3.22671 1.92883 2.18233 4.52044 2.97055 2.06153 1.58189 1.50565 3.9791 1.36309 0.801243
threshold=3.3391500000000005 0.69495000000000007 0.86731865515938245 0.60732475140443409 1.216177502379596 0.7636683688881446 2.8377059552531585 0.027516040392336818 2.5000000000000004 89.500000000000014 83.500000000000014 1.0000000180025095e-35 1.0000000180025095e-35 0.53023867694322657 0.34578941807482999 0.13335935392831597 16.500000000000004 0.034591592677158153 0.89060886751271606 22.500000000000004 1.1746000000000001 99.500000000000014 0.11987744136646651 0.15409754159599251 0.37956557293550702 0.024704265187531844 1.0000000180025095e-35 0.11794354875567184 1.0000000180025095e-35 0.013354416565740846 0.02133365777138518 0.0023213126955264692 74.500000000000014 0.098908115656623677 1.0000000180025095e-35 0.05128077008283257 0.90528059157376572 0.92772124363953157
decision_type=2 2 2 2 2 2 2 2 2 2 2 2 2 2 2 2 2 2 2 2 2 2 2 2 2 2 2 2 2 2 2 2 2 2 2 2 2 2
left_child=1 26 7 4 5 6 10 -3 9 -9 11 13 -13 14 15 16 18 19 -4 20 21 22 25 33 -25 -18 28 -21 29 31 -31 36 37 -19 35 -20 -1 -32
right_child=-2 2 3 -5 -6 -7 -8 8 -10 -11 -12 12 -14 -15 -16 -17 17 23 34 27 -22 -23 -24 24 -26 -27 -28 -29 -30 30 32 -33 -34 -35 -36 -37 -38 -39
leaf_value=-0.0010700306012047963 0.0040789716973842179 -0.0043624242634557574 0.0011621156829364559 -0.0024662533393251308 0.0044659347888041673 -0.0021895224066442185 0.0029384130966698808 0.0041054053564041479 -0.0033362595140373269 -0.0018674644503946518 0.0025916225559342323 0.0044907462813627598 -0.001177435503885922 0.0034246453169560747 -0.0032942143107154657 0.0020234692695003426 0.0025168928814094972 -0.0025096471866466875 -0.0019788678302408063 -0.003965831690586355 -0.00092477615636969105 0.0067674858472240368 0.0055813319052318315 0.0018841820907724209 -0.0029168695523097057 -0.0018036501143794857 0.0015358270806863177 0.00097086682467985611 0.00058992753037920113 0.003106526615336952 -0.0076131284381595306 -0.0092216250270955088 -0.00068932612515442684 -0.0060082524235376168 -0.0012315161794768622 -0.0065187474824124269 -0.0054623135743449213 -0.0038737674582330532
leaf_weight=32.635227411985397 135.73770761489868 102.48771713674068 71.935474038124084 192.75850832462311 128.57118481397629 202.93119284510612 234.63224878907204 100.7832967042923 104.22101831436157 106.30315926671028 185.74722653627396 178.73916324973106 130.00813618302345 76.875399589538574 164.95903480052948 235.45728468894958 85.913321226835251 71.636470884084702 109.81435969471931 73.352425098419189 151.29830881953239 82.123872011899948 59.60883229970932 99.189051032066345 87.95630669593811 103.96926537156105 44.43363881111145 65.324222564697266 30.508671827614307 30.833760246634483 30.926894217729568 35.537296995520592 31.305615052580833 63.734904915094376 64.689516544342041 93.099688023328781 42.390308894217014 28.955498486757278
leaf_count=122 34 179 99 97 51 114 139 86 80 124 161 167 131 54 149 180 149 100 172 130 147 116 69 97 104 178 109 74 90 93 101 153 82 85 81 136 182 92
internal_value=-1.00517e-05 -0.00015863 5.50646e-05 0.000254894 0.000440792 0.00024862 0.00044732 -0.00140061 -0.000425526 0.00103937 0.000188172 -2.75296e-05 0.00210397 -0.000401249 -0.000575896 -0.000280714 -0.000703367 -8.74949e-05 -0.00241584 0.000884473 0.00160953 0.00276579 0.00144858 -0.00196078 -0.000372261 0.000151201 -0.00254076 -0.00164038 -0.00322925 -0.00373022 -0.00224068 -0.00537415 -0.00404875 -0.00415684 -0.00337764 -0.00406183 -0.00355172 -0.005805
internal_weight=3871.39 3735.65 3428.12 3014.33 2821.57 2693 2490.06 413.795 311.307 207.086 2255.43 2069.69 308.747 1760.94 1684.06 1519.1 1283.65 944.107 339.539 621.59 482.914 331.615 249.491 322.517 187.145 189.883 307.527 138.677 263.093 232.585 122.022 110.563 91.188 135.371 267.604 202.914 75.0255 59.8824
internal_count=4507 4473 3449 2980 2883 2832 2718 469 290 210 2579 2418 298 2120 2066 1917 1737 1249 488 863 659 512 396 386 201 327 1024 204 915 825 368 457 275 185 389 308 304 193
is_linear=0
shrinkage=0.0161547


Tree=186
num_leaves=36
num_cat=0
split_feature=43 0 2 44 44 43 47 43 2 13 8 2 8 0 43 50 2 2 34 52 50 50 4 4 44 2 50 8 4 19 44 17 13 4 6
split_gain=12.9259 4.50915 16.464 4.06146 9.74057 7.78912 4.20741 6.09338 3.85895 9.01727 5.70845 7.39661 8.00727 7.43998 4.58565 3.8714 3.56708 2.86638 2.776 2.68229 3.59394 2.60115 2.3389 2.18506 4.88678 2.93134 2.00025 1.99739 2.20748 2.67517 1.99116 2.93582 1.76771 1.74199 0.773426
threshold=0.97555000000000014 0.060078843594870618 0.038287721436468421 71.500000000000014 72.500000000000014 2.7357000000000005 1.0000000180025095e-35 1.3353500000000003 0.04603253794366758 0.067444352164233223 0.12983485018771423 0.25828264027609754 0.37963126300653577 0.74752326461195517 1.2337000000000002 89.500000000000014 0.021220654241220247 0.013994789931373113 1.0000000180025095e-35 0.9521794254509296 85.000000000000014 92.500000000000014 0.46018676951452614 0.030071105716857335 70.500000000000014 0.10466599822828866 85.000000000000014 0.067816594074574882 0.063315216859637341 0.22121291487482722 70.500000000000014 0.0061914575223117113 0.26466008734873359 0.011751963370843079 0.19573653425184626
decision_type=2 2 2 2 2 2 2 2 2 2 2 2 2 2 2 2 2 2 2 2 2 2 2 2 2 2 2 2 2 2 2 2 2 2 2
left_child=1 16 -3 6 -5 8 7 32 9 -6 14 -12 13 -13 -10 -16 17 18 19 26 -21 -22 -14 24 -4 -26 -1 -25 -29 34 -28 -32 -2 -18 -30
right_child=3 2 23 4 5 -7 -8 -9 10 -11 11 12 22 -15 15 -17 33 -19 -20 20 21 -23 -24 27 25 -27 30 28 29 -31 31 -33 -34 -35 -36
leaf_value=-0.0016222474188740755 -0.00049287575411021203 0.0076916796438648381 -0.004061929851397349 0.0040532679324975021 0.0023675074513409672 0.0033144930795656214 -0.0035431255782646474 0.0024125483179110248 -0.00038631297256650285 -0.0037003473024026881 -0.0031338112478318941 0.00014658512716963772 7.8433265235901492e-05 0.004860813783909481 0.001117953699336873 0.0047751459512826097 -0.0076565579372603219 0.0023325928065239744 0.0010804883695582849 -0.0045972570612488693 0.0031703204597831351 -0.0019400733947538041 -0.0021228887404152988 -0.0045366014659224069 -0.00019211194417830923 0.0045315654075797742 -0.0027330018947977317 0.00047446166793033476 -0.0029377049480301706 -0.0006507270452060708 -0.0041920217166135478 -0.010254702628291389 -0.0037218203733187438 -0.0029676877491579827 -0.0057961848211748879
leaf_weight=61.163678616285324 98.764939337968826 58.245790004730225 55.26301933825016 229.03762972354889 98.603342682123184 233.12736678123474 109.41934815049171 158.19240999221802 140.27676209807396 181.68254202604294 179.68027371168137 186.57842049002647 316.73725926876068 164.30501866340637 136.51003277301788 169.12703424692154 46.429522886872292 37.597617357969284 54.33993735909462 55.234689988195896 49.747238114476204 54.435350619256496 209.13267683982849 69.057556673884392 91.579332500696182 54.801127478480339 55.663320600986481 99.844402119517326 49.535104885697365 103.93632999062538 51.408875197172165 35.061227574944496 80.159842073917389 37.281831659376621 49.277005329728127
leaf_count=164 141 107 138 173 110 65 120 104 158 176 156 141 176 91 93 113 123 92 117 145 113 132 100 150 166 82 174 169 95 147 145 85 100 86 89
internal_value=1.60966e-07 -0.00141751 -0.000491516 0.000616413 0.000896309 0.000537604 -0.000790661 0.000102716 0.000174451 -0.0015657 0.000499103 -0.000147857 0.000464079 0.00235407 0.00203184 0.00314169 -0.00250377 -0.00193952 -0.00232466 -0.0028348 -0.001266 0.000500142 -0.000797008 -0.00132292 3.10791e-05 0.00157631 -0.00406499 -0.00205754 -0.00149177 -0.00246006 -0.00511616 -0.00665027 -0.00193947 -0.00556831 -0.00436321
internal_weight=3861.24 1169.9 631.54 2691.33 2244.8 2015.76 446.537 337.117 1782.63 280.286 1502.35 1056.43 876.753 350.883 445.914 305.637 538.363 454.652 417.054 362.714 159.417 104.183 525.87 573.294 201.643 146.38 203.297 371.65 302.593 202.748 142.133 86.4701 178.925 83.7114 98.8121
internal_count=4536 2519 1143 2017 1552 1379 465 345 1314 286 1028 664 508 232 364 206 1376 1167 1075 958 390 245 276 1036 386 248 568 650 500 331 404 230 241 209 184
is_linear=0
shrinkage=0.0161547


Tree=187
num_leaves=38
num_cat=0
split_feature=13 2 15 21 50 44 43 10 6 2 4 53 4 23 23 44 53 50 17 17 52 4 19 52 10 52 45 50 8 43 40 46 17 17 10 52 50
split_gain=11.4031 8.20549 7.72797 17.4553 6.84675 7.74044 7.24766 6.57881 5.67674 5.20106 5.07656 13.3807 7.81416 4.80933 10.881 10.0514 7.35224 10.7527 6.11928 5.60001 3.82491 3.78012 7.87505 3.19905 3.60408 3.19259 3.14496 3.09617 2.73331 2.66233 2.54159 4.7512 3.39363 2.26408 2.00602 1.5987 1.10713
threshold=0.048956222180666926 1.0980486479259108 0.034535208271919589 0.023973092265871226 98.500000000000014 68.500000000000014 0.76450000000000007 2.8915698981251787 0.047781180011135245 1.6323769284256393 0.011548034843387274 0.93757315545435072 0.027637439233070351 0.85939506257353704 0.51476788789747141 80.500000000000014 0.91667874470546307 82.500000000000014 0.10948280110602851 0.058032643560561557 1.0526333068396607 0.034591592677158153 0.22121291487482722 0.89887477047811071 0.10539802316804736 0.87938179050627185 1.0000000180025095e-35 89.500000000000014 0.0034684687980786658 0.65310000000000012 1.0000000180025095e-35 1.0000000180025095e-35 0.001713562872673369 0.030858591024210947 0.39058126920753528 0.93992717176033358 91.500000000000014
decision_type=2 2 2 2 2 2 2 2 2 2 2 2 2 2 2 2 2 2 2 2 2 2 2 2 2 2 2 2 2 2 2 2 2 2 2 2 2
left_child=20 2 3 -2 5 33 29 8 28 -3 11 -8 34 14 -14 16 17 -15 -18 -16 23 -10 -23 25 30 26 -1 -20 -6 -7 31 32 36 -4 -12 -19 -25
right_child=1 9 4 -5 7 6 10 -9 21 -11 12 -13 13 15 19 -17 18 35 27 -21 -22 22 -24 24 -26 -27 -28 -29 -30 -31 -32 -33 -34 -35 -36 -37 -38
leaf_value=-0.0043652727930098053 0.0095775887774747822 0.0041017516419078652 -0.00593714616897985 -0.0027600248148520893 -0.0013648035449849464 -1.3979939058276414e-05 0.0055527547111466589 -0.0059318739741416691 0.0026230620620312922 0.00077372898963569501 -0.00096808671475732944 -0.0010521578638793519 -0.0015088559259968746 0.001815757315605174 0.0022881998098668883 0.0033124498729110684 -0.0018324279629211627 -0.0027599406080409308 0.00064048596456921236 0.007833934231401227 -0.0071584412588261712 -0.0038024283079117287 0.0017685086670668709 -0.0024546878584722604 -0.0039542458441795235 -0.0062640810307903584 0.00117808287839004 0.0038909073096132247 -0.0059787151003638499 -0.0048776115230633943 0.0039032250443724755 0.0041782346992648252 0.00085261775557237871 -0.0017124388622277071 -0.0040706195259277086 -0.0054022088582767929 -0.0063416216053962275
leaf_weight=57.330896586179733 67.183685421943665 232.60841631889343 53.906407952308655 53.966155990958214 63.507177203893661 45.783302158117294 183.83512097597122 80.227065026760101 107.82183393836021 259.01526913046837 120.83531114459038 141.78332763910294 101.6855993270874 117.74566984176636 95.827024817466736 240.172781676054 143.32541769742966 113.91472333669662 158.19123637676239 94.262872517108917 37.433134712278843 130.00615918636322 134.97083866596222 40.87303052842617 69.506162531673908 67.625847324728966 50.007415525615215 148.06138318777084 70.935429155826569 81.94335350394249 40.826932117342949 42.161705330014229 60.062004439532757 85.793121844530106 98.904139161109924 125.70540311932564 35.940280966460705
leaf_count=149 109 91 128 104 94 122 172 61 128 102 134 161 132 82 103 135 141 96 107 80 103 176 102 118 149 169 120 91 117 180 70 92 142 154 113 99 96
internal_value=8.04201e-05 0.000420419 8.90466e-05 0.0040818 -8.75493e-05 0.000334475 0.000589792 -0.00163327 -0.000953385 0.00234836 0.000842232 0.00267679 0.000458969 0.000922362 0.00275654 0.000411274 -0.00045221 -0.00218176 0.000922596 0.00503825 -0.00219085 7.29116e-05 -0.000964771 -0.00179037 -0.000747715 -0.00351481 -0.0017827 0.00221194 -0.00379922 -0.00313425 0.000265973 -0.000563452 -0.00202403 -0.00334264 -0.00236453 -0.00414608 -0.00427335
internal_weight=3853.69 3351.92 2860.29 121.15 2739.14 2151.68 2011.98 587.469 507.241 491.624 1884.25 325.618 1558.63 1338.89 291.775 1047.12 806.944 357.366 449.578 190.09 501.767 372.799 264.977 464.334 289.37 174.964 107.338 306.253 134.443 127.727 219.864 179.037 136.875 139.7 219.739 239.62 76.8133
internal_count=4522 3314 3121 213 2908 2230 1948 678 617 193 1646 333 1313 1066 315 751 616 277 339 183 1208 406 278 1105 667 438 269 198 211 302 518 448 356 282 247 195 214
is_linear=0
shrinkage=0.0161547


Tree=188
num_leaves=40
num_cat=0
split_feature=43 0 10 44 4 29 51 21 2 43 52 2 17 13 2 29 51 17 53 53 42 13 19 15 8 4 4 51 50 6 15 17 53 15 53 43 53 52 52
split_gain=14.5955 7.34987 6.50249 5.1984 6.76968 5.26311 5.44914 4.93102 4.08865 6.10617 6.3956 4.93079 4.06291 7.57722 3.54287 3.28783 2.83321 5.10275 2.74616 4.38824 3.15213 2.54858 2.43936 3.67219 3.39333 4.88396 4.72932 2.29804 2.17521 2.10593 3.94983 4.47249 2.54277 1.47336 1.42157 1.41831 1.30973 1.13244 0.837834
threshold=1.1074500000000003 2.5069677747996084 4.6738117363219969 71.500000000000014 0.27195832892444344 1.0000000180025095e-35 15.500000000000002 0.18696525115980872 0.23275541595718874 1.2118500000000003 0.96487877779348297 0.34743784825367013 0.022489426358038637 0.087018785913477462 0.063834155418173569 1.0000000180025095e-35 13.500000000000002 0.21538106965448109 1.0315862677987275 0.93700965917191315 1.0000000180025095e-35 0.15249055753104737 0.19797082450708353 0.33417329761575337 0.067816594074574882 0.015737479807516382 0.048502378245181575 18.500000000000004 90.500000000000014 0.020526005091874272 0.0043633187218381402 0.0084848592289241149 0.89500366014159549 0.10346822988751085 1.0668673465683673 0.92510000000000014 0.90054104421044356 0.97001380033895535 0.89784060897868379
decision_type=2 2 2 2 2 2 2 2 2 2 2 2 2 2 2 2 2 2 2 2 2 2 2 2 2 2 2 2 2 2 2 2 2 2 2 2 2 2 2
left_child=12 2 3 7 5 6 -5 33 9 -8 14 -10 15 -14 -11 18 -15 22 19 21 -21 29 24 35 25 -18 -26 -22 -28 30 37 32 -32 -2 -20 -24 -31 38 -1
right_child=1 -3 -4 4 -6 -7 8 -9 11 10 -12 -13 13 16 -16 -17 17 -19 34 20 27 -23 23 -25 26 -27 28 -29 -30 36 31 -33 -34 -35 -36 -37 -38 -39 -40
leaf_value=-0.0038584588922417882 -0.0016715773580381593 0.0030666481365123712 -0.0025794619246073992 0.0025016504149473068 0.0036952315109677765 0.003077683544897286 0.0020059662225578876 0.00088152232834665405 0.0032174150854836579 -0.0018598688698257988 0.00045366922569596053 -0.00050420316646172803 0.0049538102585411307 0.0023432732419261647 -0.0057497635985452825 -0.0061826072769269533 -0.00020995562489008958 0.002600375672903916 -0.0069936976075633591 -0.0034941583037706417 -0.00051728088858951204 0.0013538660009344363 -0.0032331285607663449 -0.00066615484235929318 0.0042795832196397517 -0.0053613330304293728 0.00070652770048375789 0.0033826674235883643 -0.0031891394857255272 -0.0062480984232822631 0.0044941795329948167 -0.0041835721319462282 -0.0011927612707539907 -0.0047270531156708836 -0.0025352823664732075 -0.006675758131260783 -0.0027980848749004986 -0.0020948379786335483 -0.0075064464542919122
leaf_weight=31.389453731477261 83.267447769641876 297.55993103981018 180.46258521080017 210.6802704334259 213.22956317663193 189.41360515356064 108.42971354722977 147.76322507858276 143.82158690690994 116.42421358823776 137.31259405612946 262.44585937261581 60.235137581825256 60.806050568819046 128.6016970872879 50.993540674448013 104.06467872858047 77.952454000711441 38.671259537339211 42.99004603177309 78.547673210501671 39.019851207733154 62.040027260780334 88.580089062452316 58.505174219608307 89.203105837106705 79.117719888687134 79.178904362022877 70.949009135365486 66.748432502150536 46.714737311005592 48.272703096270561 36.590297110378742 81.496062576770782 36.075117520987988 62.890615522861481 50.400436013936996 32.819666355848312 34.477201454341412
leaf_count=84 104 96 82 150 109 116 110 107 99 102 106 161 118 86 104 111 177 86 113 127 165 67 106 109 85 165 123 148 124 167 105 111 95 88 90 86 120 91 106
internal_value=-0.000115114 0.000697563 0.00034568 0.000635264 0.00102769 0.000589185 0.000163665 -0.00126123 -0.000385441 -0.00137776 -0.00233738 0.000813276 -0.00133948 -0.000559881 -0.00390148 -0.00223003 -0.00100029 -0.00129354 -0.00192552 -0.00155425 0.000383579 -0.00256077 -0.00178682 -0.0031822 -0.00104541 -0.00258758 0.00038361 0.0014405 -0.00113528 -0.00300045 -0.00210332 -0.000270953 0.00199629 -0.00318289 -0.00484192 -0.00496616 -0.00476381 -0.00454641 -0.00576796
internal_weight=3828.14 2300.91 2003.35 1822.89 1510.36 1297.13 1107.72 312.527 897.036 490.768 382.339 406.267 1527.23 814.344 245.026 712.889 754.109 693.303 661.896 587.149 200.717 386.433 615.35 213.511 401.84 193.268 208.572 157.727 150.067 347.413 230.264 131.578 83.305 164.764 74.7464 124.931 117.149 98.6863 65.8667
internal_count=4499 1534 1438 1356 1057 948 832 299 682 422 312 260 2965 1265 206 1700 1147 1061 1589 1386 440 946 975 301 674 342 332 313 247 879 592 311 200 192 203 192 287 281 190
is_linear=0
shrinkage=0.0161547


Tree=189
num_leaves=40
num_cat=0
split_feature=42 53 23 21 53 43 42 53 51 47 0 51 43 8 6 13 53 50 35 53 42 50 19 51 6 43 52 13 2 43 52 52 53 53 51 51 47 45 45
split_gain=10.3083 8.90168 10.4425 8.19747 7.62002 9.68223 7.41101 7.28956 6.8034 5.52498 8.82889 4.94759 6.24322 4.93223 4.82099 8.82677 4.5193 4.45008 4.1722 3.90192 3.65989 3.3647 6.53744 3.66067 3.26329 3.09482 2.65149 2.64403 2.31112 2.2682 1.94478 6.07024 2.66198 3.90165 2.13031 1.75014 1.64437 1.17678 1.06468
threshold=2.5000000000000004 0.89254457841169998 0.28548578422929144 0.048211709098202951 0.88750185791739888 1.3199000000000003 3.5000000000000004 0.87635861983964825 18.500000000000004 1.0000000180025095e-35 0.86214101313440517 17.500000000000004 1.9011500000000001 0.056154106529026082 0.68938608250548394 0.95426413201018401 0.95549470138030268 86.500000000000014 1.0000000180025095e-35 0.9486888262657186 3.5000000000000004 93.500000000000014 0.24367543544396877 22.500000000000004 0.15728491797527164 1.4467500000000002 0.90364972717805603 0.24185506398520853 0.19195693003423495 0.57435000000000014 0.89887477047811071 0.91132701556953777 0.95920522467349889 0.89163288659541295 19.500000000000004 23.500000000000004 1.0000000180025095e-35 1.0000000180025095e-35 1.0000000180025095e-35
decision_type=2 2 2 2 2 2 2 2 2 2 2 2 2 2 2 2 2 2 2 2 2 2 2 2 2 2 2 2 2 2 2 2 2 2 2 2 2 2 2
left_child=3 9 -3 13 5 7 8 24 25 10 20 17 21 18 15 16 -8 -6 29 -19 -2 23 27 26 -5 -4 -13 -23 -28 37 32 -32 33 -31 36 -36 38 -1 -33
right_child=1 2 6 4 11 -7 14 -9 -10 -11 -12 12 -14 -15 -16 -17 -18 19 -20 -21 -22 22 -24 -25 -26 -27 28 -29 -30 30 31 34 -34 -35 35 -37 -38 -39 -40
leaf_value=-0.0032573395631329181 -3.2102428845143441e-06 0.0056425217918258655 -0.00055365090459471471 -0.0037831110449821613 -0.0051321535846140555 0.0054992207954822217 0.0036717398154492704 0.0043326722994543199 -0.0028057314734171485 -0.0042246121740121545 0.0034492144091402789 0.0036818538550680681 0.0040038644492398209 -0.0064237007780274854 0.00054604995851978682 0.0063658968626148114 -0.00039197785399274843 0.00062984074966773588 0.0014455986822778319 -0.0035288410540839587 -0.0044640872228385794 -0.0022755495975718106 -0.0059598649137717116 -0.0022932666052837111 0.00071036748793606107 0.0032550624908158311 0.0020635864781704438 0.0022573068687096326 -0.0018104333846704276 -0.0056531925175806975 0.0040665621924037589 -0.0030841523001795346 -0.006606974633126015 0.00053225546114529722 0.00093581757003553671 -0.0029563399957747085 -0.0011003395901228931 -0.0077385325774856012 -0.0063235519251307985
leaf_weight=35.928255744278431 99.131872251629829 145.61191289126873 114.97046938538551 94.865570425987244 103.73104025423527 129.8194163441658 132.88047784566879 72.35744047164917 201.37022802233696 111.13744935393333 118.10475140810013 88.390134811401367 90.224993348121643 64.544473767280579 332.91961598396301 145.98092705011368 154.41555672883987 139.07793818414211 92.034277930855751 102.10776552557945 93.053550004959106 68.112072184681892 76.371521025896072 94.964112848043442 75.943572014570236 107.95896953344345 83.518296331167221 66.246249407529831 77.461641311645508 45.239589974284172 48.644513577222824 61.384160295128822 47.037573382258415 64.640553772449493 79.925754621624947 48.412791982293129 57.551017537713051 26.628249518573284 46.563858285546303
leaf_count=173 110 180 132 153 126 74 94 87 180 96 60 98 43 135 118 56 119 162 175 115 77 106 84 132 97 56 107 81 79 113 88 128 118 125 162 99 115 142 104
internal_value=2.18317e-06 0.000913205 0.0015589 -0.000766964 -3.09723e-05 0.00193698 0.00105942 3.52102e-05 -0.000653385 -0.00113391 -2.69064e-05 -0.000772252 6.26076e-05 -0.00216327 0.00200793 0.00313119 0.00148758 -0.00233415 -0.0017428 -0.00113077 -0.00216311 -0.000578039 -0.00218582 0.000405913 -0.00178526 0.00129081 0.0014338 -4.05951e-05 0.000199454 -0.00226498 -0.00190173 -0.00121935 -0.00339107 -0.0020144 -0.00209443 -0.00053241 -0.00330572 -0.00516484 -0.00448148
internal_weight=3839.26 1757.54 1336.11 2081.73 1363.19 372.986 1190.5 243.167 424.3 421.428 310.29 990.206 645.289 718.535 766.197 433.277 287.296 344.917 653.991 241.186 192.185 555.064 210.73 344.334 170.809 222.929 249.37 134.358 160.98 561.956 499.4 342.482 156.918 109.88 293.838 128.339 165.499 62.5565 107.948
internal_count=4499 1278 935 3221 1544 411 755 337 368 343 247 1133 730 1677 387 269 213 403 1542 277 187 687 271 416 250 188 284 187 186 1367 1052 696 356 238 608 261 347 315 232
is_linear=0
shrinkage=0.0161547


Tree=190
num_leaves=39
num_cat=0
split_feature=43 43 47 13 23 43 6 18 4 2 4 44 2 15 13 44 2 52 21 13 2 53 21 2 53 17 51 4 53 52 6 44 53 17 0 43 53 52
split_gain=11.0074 5.31871 5.17868 6.91318 8.45543 4.42233 4.40458 4.21128 3.87215 13.1432 5.39949 5.27605 4.7314 4.659 9.4978 6.0513 4.70841 2.78647 3.18558 12.2992 2.66227 5.1613 6.79399 3.29344 2.61105 4.06296 3.45689 3.12876 2.8289 5.30238 2.49967 2.28109 2.15977 4.31169 2.04944 1.73643 1.22595 1.52328
threshold=0.81235000000000013 3.3391500000000005 1.0000000180025095e-35 0.039019996241916856 0.22051142071578267 0.55795000000000006 1.216177502379596 1.5000000000000002 0.011548034843387274 0.042311875665406201 0.027637439233070351 72.500000000000014 0.077224001660120792 0.14401361695680329 0.30295894034614096 80.500000000000014 0.13054357759121621 0.89894760290174602 0.20046795098694506 0.20265019007229576 0.41135358763425744 0.97589690608743151 0.37205366271058388 0.26400190549780261 1.0236856744094631 0.065532535906468556 22.500000000000004 0.016484685942770614 0.91102016829210564 1.0072822645845405 0.0029191031119196269 74.500000000000014 0.88831549063524962 0.012151955993209902 0.06340209995299019 1.6616000000000002 0.96437649594167552 0.93329330666766952
decision_type=2 2 2 2 2 2 2 2 2 2 2 2 2 2 2 2 2 2 2 2 2 2 2 2 2 2 2 2 2 2 2 2 2 2 2 2 2 2
left_child=5 2 3 30 -5 36 8 -4 9 11 12 -6 -10 16 -15 20 -12 35 19 -19 23 22 -22 -16 25 26 28 -26 32 31 -2 34 33 -7 -30 -9 37 -1
right_child=1 -3 7 4 6 24 -8 17 10 -11 13 -13 -14 14 15 -17 -18 18 -20 -21 21 -23 -24 -25 27 -27 -28 -29 29 -31 -32 -33 -34 -35 -36 -37 -38 -39
leaf_value=-0.0041615543646933949 -0.00093028481749426388 0.0037243272482922456 0.0023239927913211098 0.0052558583475540337 0.003125064899639199 0.0026702486693843215 0.002871955993202605 -0.00099357017143117529 0.00014628912456209677 0.0073571968828545003 0.00056039471693412164 -0.0022031057476131718 -0.0046675110176125963 0.0049550089213812659 7.4989205134476988e-05 0.0030956452896801802 -0.0043820464414866239 -0.0052834894519474228 -0.003071017476236245 0.0021102878150317068 0.0017702621558600268 0.0032072637170638793 -0.0030931400480971004 -0.0033297145908760808 -0.0068869289985323311 -0.0046233499491303183 -0.0037295021703990876 -0.00041172303551852824 0.0034196907485777002 0.0066399119187598487 -0.0052418200584043242 -0.0028558287056096245 -0.0037076744460610061 -0.0038037467309964797 -0.0012677436730121668 0.0016907671644458969 -0.0024987369742778976 -0.010167517389613086
leaf_weight=20.894064292311668 91.930839002132416 129.42335081100464 106.96712067723274 116.61977767944336 80.697218596935272 67.673676818609238 232.10185080766678 131.4842449426651 108.84232431650162 89.526350498199463 111.51899799704552 121.5641485452652 104.39409074187279 137.90500780940056 170.82849097251892 176.16902554035187 91.637061446905136 91.068891793489456 253.31006291508675 165.2623704969883 153.48351776599884 134.10648530721664 146.52720415592194 131.00956436991692 44.892952099442482 66.830361753702164 66.30321741104126 34.394683167338371 60.211606293916702 42.920432358980179 56.759556740522385 44.763937965035439 59.405031055212021 44.50205285847187 40.862203031778336 120.54982513189316 19.871986880898476 23.322541072964668
leaf_count=113 137 32 129 148 98 159 91 140 106 78 140 130 118 129 144 98 115 131 177 153 123 83 85 113 142 131 181 72 143 83 98 109 154 109 92 57 95 127
internal_value=0.000135075 0.000515237 0.000382299 0.000790452 0.00102804 -0.00180719 0.000780314 -0.000677559 0.000504196 0.00220375 0.000166019 -7.72991e-05 -0.0022104 0.00057038 0.00100364 0.000406232 -0.00166898 -0.00109909 -0.00178622 -0.00051656 -0.000237545 0.000572637 -0.000605055 -0.00140279 -0.00135688 -0.000919665 -0.00033951 -0.00407801 0.000284256 0.00164895 -0.00257613 0.000180091 -0.00121706 0.000101903 0.00152465 0.000290369 -0.0058316 -0.00732947
internal_weight=3890.54 3253.69 3124.26 2255.62 2106.93 636.849 1990.31 868.643 1758.21 291.788 1466.42 202.261 213.236 1253.19 1050.03 912.124 203.156 761.675 509.641 256.331 735.955 434.117 300.011 301.838 572.76 493.473 426.642 79.2876 360.339 188.758 148.69 145.838 171.581 112.176 101.074 252.034 64.0886 44.2166
internal_count=4563 2853 2821 2034 1799 1710 1651 787 1560 306 1254 228 224 1030 775 646 255 658 461 284 548 291 208 257 1375 1161 1030 214 849 427 235 344 422 268 235 197 335 240
is_linear=0
shrinkage=0.0161547


Tree=191
num_leaves=40
num_cat=0
split_feature=43 43 51 52 2 47 6 8 52 17 21 43 53 53 2 53 21 43 50 40 6 0 8 10 6 21 45 50 21 50 53 19 50 50 0 50 52 53 53
split_gain=6.79802 5.69005 3.61636 3.56554 4.4728 3.95429 6.51094 15.4621 5.94668 4.83651 7.97453 6.40388 5.09955 9.16851 4.57823 4.81781 3.83459 3.67873 3.64931 3.30823 3.0477 6.08067 3.52402 3.70652 3.2299 2.9805 4.08274 2.75898 2.0439 2.00788 1.66009 1.5879 1.51891 1.98951 1.46648 1.26427 1.87866 2.18391 1.47083
threshold=0.69495000000000007 3.3391500000000005 14.500000000000002 1.0609984877020588 0.11460082878600251 1.0000000180025095e-35 0.028331345137720471 0.025837865544127151 0.84255070091722872 0.16891656689430298 0.43214510701583769 1.8244000000000002 0.88391633470075603 0.86731865515938245 0.014665019236916184 0.91667874470546307 0.89188260619136395 1.0500500000000004 79.500000000000014 1.0000000180025095e-35 0.10666026300301852 0.77528673136779125 0.11270339711983653 1.3497085235445347 0.039856717513529157 0.16760405424839195 1.0000000180025095e-35 97.000000000000014 0.052549958541456616 103.00000000000001 0.97313100112022466 0.069681738443098509 91.500000000000014 85.000000000000014 0.20104322892101956 86.500000000000014 0.90487736723273982 0.90393674469901764 0.95920522467349889
decision_type=2 2 2 2 2 2 2 2 2 2 2 2 2 2 2 2 2 2 2 2 2 2 2 2 2 2 2 2 2 2 2 2 2 2 2 2 2 2 2
left_child=2 3 -1 5 -5 6 8 -8 -2 11 -11 12 13 -9 15 -7 -12 19 -14 32 24 22 -22 -24 -16 26 27 -20 29 35 -27 -19 33 -10 -28 38 -37 -38 -4
right_child=1 -3 28 4 -6 14 7 9 17 10 16 -13 18 -15 20 -17 -18 31 25 -21 21 -23 23 -25 -26 30 34 -29 -30 -31 -32 -33 -34 -35 -36 36 37 -39 -40
leaf_value=0.0017152173960496165 0.0035069530333814644 0.0036096864273652786 -0.0070204099510099358 0.00062917962483113724 -0.0045776411528405513 0.004801372487078172 0.0063820424980454028 -0.0017042264465901129 -0.0050208210910717196 0.0040222756771209484 -0.001160047410461329 0.0027654647694642094 0.0020241831369067816 0.0048931126291633003 -0.00046625046564660036 -0.0011162933746659712 0.0018642498328740396 0.0014398226300257326 -0.000847143396821652 0.00061897418204567736 0.003301525068547171 -0.0025475622794437656 -0.0025194387556388993 0.001858118543097911 -0.0046458113677796823 -0.0021264608947495741 -0.0012456855966972078 0.0028592974788904991 -0.00028827629414776324 -0.0081798286628647892 -0.0050058639262988173 -0.0015727169781919758 -0.0056303807703140538 -0.00052930640155268748 -0.0043253491334014574 -0.0055813126546024249 0.0024160978684374451 -0.003018292272835843 -0.001876306929630507
leaf_weight=48.647224217653275 63.196357727050781 123.88862085342407 38.751819498836994 80.010127127170563 93.220963776111603 73.851356744766235 128.86077737808228 113.04032275080681 50.775004610419273 239.61948981881142 218.24130403995514 172.16814523935318 75.564187914133072 107.0214646756649 81.756711095571518 69.876115918159485 219.41304230690002 90.683786302804947 142.05398961901665 49.190852135419846 105.00192722678185 236.05443727970123 101.72532480955124 100.19782540202141 117.7496272623539 135.09367901086807 77.711923718452454 83.057165414094925 53.42007040977478 24.478867881000042 85.216618210077286 91.973562508821487 88.468888729810715 52.19257789850235 83.936764419078827 31.390198782086372 31.337733633816242 50.235778458416462 23.184172503650188
leaf_count=134 86 31 153 106 99 96 147 148 102 157 115 89 82 107 107 95 89 103 181 74 104 135 104 82 152 138 109 106 135 102 93 80 175 94 112 131 93 180 84
internal_value=1.0774e-05 0.000208505 -0.00231835 8.55465e-05 -0.00217277 0.000205782 0.000550348 0.000981188 -0.00111552 0.000583983 0.00165323 -8.97482e-05 -0.000634313 0.00150422 -0.000714709 0.00192438 0.00035615 -0.00180565 -0.00132372 -0.00311778 -0.00122557 -0.000598196 0.000901051 -0.000347218 -0.00293305 -0.00174044 -0.000886119 0.000520388 -0.00309454 -0.00384644 -0.00324022 -7.70832e-05 -0.00407797 -0.00274415 -0.00284481 -0.00323994 -0.00222292 -0.000930587 -0.00509485
internal_weight=3852.26 3550.81 301.446 3426.92 173.231 3253.69 2367.48 1881 486.481 1752.14 677.274 1074.86 902.696 220.062 886.213 143.727 437.654 423.285 682.634 240.627 742.486 542.98 306.925 201.923 199.506 607.07 386.76 225.111 252.799 199.379 220.31 182.657 191.436 102.968 161.649 174.9 112.964 81.5735 61.936
internal_count=4510 3498 1012 3467 205 3262 2387 1673 714 1526 361 1165 1076 255 875 191 204 628 821 445 684 425 290 186 259 739 508 287 878 743 231 183 371 196 221 641 404 273 237
is_linear=0
shrinkage=0.0161547


Tree=192
num_leaves=42
num_cat=0
split_feature=43 43 4 6 10 19 24 13 13 2 42 13 34 21 19 21 19 17 4 23 6 50 40 6 0 52 19 50 18 2 13 42 52 52 17 43 50 4 6 17 19
split_gain=8.43293 6.54525 3.78363 5.39618 4.02907 4.55173 5.22152 6.32001 6.51254 9.13597 6.1729 6.39243 5.4149 7.35803 4.80051 4.29812 4.99754 9.42017 5.67199 7.09034 4.03243 3.97643 3.63234 3.31077 2.99864 7.80426 6.71841 3.32632 2.74123 2.68286 2.42387 1.84384 1.88946 3.30955 1.75319 1.65349 1.63293 2.17058 1.51357 1.60558 0.673208
threshold=0.70185000000000008 3.3391500000000005 0.60732475140443409 1.216177502379596 4.4687470415037227 0.42494553034057375 13.500000000000002 0.15845149040355025 0.24185506398520853 0.15609676731134123 2.5000000000000004 0.077194331520690412 1.0000000180025095e-35 0.15771999556707822 0.62732300553596898 0.36247606367288826 0.34705089305500408 0.13335935392831597 0.042981152729420671 1.0216113715653721 0.33780090542292074 89.500000000000014 1.0000000180025095e-35 0.5006316260716509 0.05613800523312993 0.90075562754280647 0.014391649568002854 91.500000000000014 2.5000000000000004 0.063834155418173569 0.0095808183264582663 1.5000000000000002 1.0101644682439328 0.96152879766598975 0.078061378013636273 0.9043500000000001 94.500000000000014 0.017553454584260345 0.025251172041385727 0.0043184119287487345 0.0010007343623041167
decision_type=2 2 2 2 2 2 2 2 2 2 2 2 2 2 2 2 2 2 2 2 2 2 2 2 2 2 2 2 2 2 2 2 2 2 2 2 2 2 2 2 2
left_child=22 2 3 4 5 6 10 36 9 29 12 -12 13 24 23 16 17 18 19 -10 34 -13 28 -7 26 -26 30 -27 31 -9 -2 32 33 38 -20 -28 37 -8 39 40 -1
right_child=1 -3 -4 -5 -6 14 7 8 15 -11 11 21 -14 -15 -16 -17 -18 -19 20 -21 -22 -23 -24 -25 25 27 35 -29 -30 -31 -32 -33 -34 -35 -36 -37 -38 -39 -40 -41 -42
leaf_value=-0.0025667585150940266 -0.0014487181379929099 0.003874024078017139 -0.0020198336219354176 0.003347440705989128 -0.0030900003598150158 0.0011967086472064491 -0.00024191742515015105 0.0016388556694955595 0.0025555590137430659 0.0058034646711045777 0.005322553138276287 0.0029812985971672265 0.0042391147732456502 0.0048133714847043568 -1.1234672700361294e-05 0.00219489598450696 -0.0045416681257622231 0.0026918319949143241 -0.0031582680864250365 -0.0032292634359395458 -0.00049939919027874055 -0.0018168888773832188 0.0013580084279483562 0.0045282384836758671 -0.0037935002559021328 -0.00048546087374244884 -0.0027497686956600405 0.0043243662086899746 -0.00044107465903918565 -0.0026739259535183894 0.0028653209970478082 -0.0071633872495064053 -0.0066476493267754559 0.0027016938175771755 -0.0061364327624790424 -0.0061930528836648359 -0.0055953166613816226 -0.0042840772203331674 -0.0073434520571962316 0.00059474371522993496 -0.0063027737101344584
leaf_weight=26.049581907689571 94.508054494857788 118.92041635513306 222.16558051109314 132.88493186235428 104.84846916794777 164.86639374494553 62.275262624025345 73.868455350399017 125.64932069182396 96.721294373273849 129.1768484711647 91.381451100111008 65.062020123004913 57.681021332740784 336.48642939329147 95.585792481899261 115.16465371847153 148.37436521053314 104.11596450209618 98.75412929058075 87.740657091140747 88.952212780714035 51.512178689241409 147.48711621761322 86.561153441667557 65.423135191202164 62.501343756914139 87.990986049175262 65.533890426158905 76.758157581090927 53.078309386968613 44.08077996969223 36.989348210394382 25.503585234284401 102.24435526132584 87.139999508857727 64.611224144697189 78.209824621677399 24.11282867193222 25.618738539516926 24.356279902160168
leaf_count=107 168 29 107 59 56 105 95 92 132 98 144 89 84 55 181 74 100 122 126 96 91 97 123 88 130 103 134 126 175 106 96 154 141 77 114 125 107 122 93 94 107
internal_value=-8.0529e-05 0.000148505 1.85153e-05 0.000160648 2.195e-05 0.000132616 -0.000204552 -0.000861763 -0.000386288 0.00192899 0.000697127 0.00257946 -0.000185675 -0.000669611 0.00132756 -0.00103882 -0.00143406 -0.000897403 -0.00192449 9.80892e-06 -0.00340039 0.000614523 -0.00257575 0.00276979 -0.00125833 8.49051e-05 -0.00234284 0.00227323 -0.00332007 -0.000558905 0.000102793 -0.0042328 -0.00343847 -0.00249367 -0.00463385 -0.00475488 -0.0034698 -0.00249224 -0.00381685 -0.00269832 -0.00437201
internal_weight=3850.95 3527.19 3408.27 3186.1 3053.22 2948.37 2299.53 1330.07 1124.98 247.348 969.457 309.511 659.946 594.884 648.84 877.629 782.043 666.879 518.504 224.403 294.101 180.334 323.757 312.354 537.203 239.975 297.228 153.414 272.245 150.627 147.586 206.711 162.63 125.641 206.36 149.641 205.096 140.485 100.137 76.0246 50.4059
internal_count=4522 3451 3422 3315 3256 3200 2826 1475 1151 296 1351 330 1021 937 374 855 781 681 559 228 331 186 1071 193 882 359 523 229 948 198 264 773 619 478 240 259 324 217 401 308 214
is_linear=0
shrinkage=0.0161547


Tree=193
num_leaves=41
num_cat=0
split_feature=43 2 6 8 53 43 8 21 2 25 13 15 0 53 42 43 44 15 6 13 2 53 10 50 50 2 51 4 50 42 43 13 53 21 44 21 10 19 19 45
split_gain=7.43596 4.81744 6.39582 5.67132 6.09054 6.41046 4.51248 4.33851 3.47444 3.46354 5.0662 10.0397 4.91904 3.96286 10.7736 6.08348 4.01708 3.90347 6.80428 5.45953 4.29371 4.13496 6.47437 3.94611 4.44397 5.65628 3.72016 3.34485 3.8067 3.56027 3.70575 3.19392 2.89805 2.76123 2.74797 2.63948 2.52922 1.61091 1.05565 0.563978
threshold=2.0324500000000003 1.9607784646518125 1.216177502379596 0.69883548858288047 0.85794445683935427 0.60225000000000006 0.50165828097212495 0.80194427843447469 0.52746379920148223 10.500000000000002 0.057872246345149876 0.037246576803738107 0.030407931659991626 0.884119810504709 2.5000000000000004 1.2337000000000002 73.500000000000014 0.2021627663980273 0.076101367475335163 0.3371739975137576 0.17793949120083039 0.93317080725677648 0.22625170661897701 95.500000000000014 86.500000000000014 0.26862201091507165 18.500000000000004 0.0021732355885286186 82.500000000000014 1.5000000000000002 0.81505000000000016 0.013090897211712785 0.96130391013822181 0.078426114939548652 71.500000000000014 0.018364198886538268 0.32005089118896995 0.072803313905222683 0.080555666936186723 1.0000000180025095e-35
decision_type=2 2 2 2 2 2 2 2 2 2 2 2 2 2 2 2 2 2 2 2 2 2 2 2 2 2 2 2 2 2 2 2 2 2 2 2 2 2 2 2
left_child=1 2 3 4 36 31 9 8 -2 -7 12 -12 27 14 15 16 -13 18 21 -19 33 26 37 24 -21 -26 -15 28 -11 30 -30 39 -22 38 -33 -14 -1 -23 -20 -6
right_child=7 -3 -4 -5 5 6 -8 -9 -10 10 11 13 35 17 -16 -17 -18 19 20 23 32 22 -24 -25 25 -27 -28 -29 29 -31 -32 34 -34 -35 -36 -37 -38 -39 -40 -41
leaf_value=-0.00074031133225793471 0.0020404770193178496 -0.0036934089410903394 0.0047586754202468533 -0.0043284982376529564 -0.0085764736994517164 0.0029547697327284373 0.003496237520924574 0.0033362276139970214 -0.00080080131088310113 -0.0049431513806610997 0.0056758276218745463 -0.00045795177463137506 -0.0024292558243408087 2.0471800291824622e-05 -0.0019666972783967842 0.0074853421760928606 0.0048396910731944324 0.0033937359748334151 -0.0010362778494834213 -0.0010120819864094513 -0.0025956680760008586 -0.0050462331361640538 0.0022223121926386018 -0.0021120951190157435 0.0046328051369009656 -0.00025569279126572066 0.0049699720761218012 0.0035593354949970779 0.0042137804560712583 -0.0029513396332010227 -0.0017252665681964116 -0.0046372772443132211 0.0016617083985998673 -0.0064816774604441497 0.0016865263913334581 -0.0075436009191122829 -0.0043654425399213739 -0.0015841912333252367 -0.0041304342111165406 -0.0048560644883361139
leaf_weight=94.49407097697258 250.92931371927261 92.855623722076416 73.221873641014099 79.589213848114014 24.443165451288223 118.5774550139904 117.72871840000153 276.16761183738708 203.33546388149261 54.485828623175621 91.752288818359375 82.479250431060791 66.847992837429047 78.784467369318008 130.96948942542076 78.57663631439209 68.27694770693779 152.97189950942993 57.44510206580162 199.56775003671646 92.575442373752594 61.132761418819427 104.81440001726151 169.80772826075554 125.61371925473213 121.53439915180206 79.746123254299164 46.101375535130501 64.835761100053787 69.415337473154068 47.509733378887177 35.042298123240471 75.96998342871666 80.841324418783188 36.729643411934376 43.454355925321579 107.21693393588066 82.291585355997086 57.660577893257141 18.821611270308495
leaf_count=178 121 52 42 64 125 139 78 73 81 117 130 130 139 116 118 52 77 157 97 176 120 108 138 156 100 107 105 82 156 125 80 148 93 112 123 92 149 112 87 94
internal_value=0.000269388 -6.78331e-05 4.107e-05 -7.33832e-05 4.18659e-05 0.000241533 0.000405306 0.00173944 0.00076868 0.000259984 0.000126031 0.000456495 -0.00155117 0.00020459 0.00172983 0.00384088 0.00194133 -0.000152085 -0.000964279 0.000661974 -0.00256723 0.00047207 -0.000829546 -1.58316e-05 0.00078101 0.0022289 0.00251023 -0.000421016 -0.00119774 -7.49971e-05 0.00170222 -0.00349098 -0.000676703 -0.00419338 -0.00140104 -0.00444409 -0.0026672 -0.00305984 -0.00258625 -0.00695797
internal_weight=3914.62 3184.18 3091.33 3018.11 2938.52 2736.81 2621.77 730.432 454.265 2504.04 2385.46 1992.81 392.65 1901.06 360.302 229.333 150.756 1540.76 771.262 769.495 364.492 406.769 248.239 616.524 446.716 247.148 158.531 282.348 236.247 181.761 112.345 115.037 168.545 195.947 71.7719 110.302 201.711 143.424 115.106 43.2648
internal_count=4549 4274 4222 4180 4116 3789 3299 275 202 3221 3082 2291 791 2161 377 259 207 1784 1088 696 509 579 358 539 383 207 221 560 478 361 236 490 213 296 271 231 327 220 184 219
is_linear=0
shrinkage=0.0161547


Tree=194
num_leaves=38
num_cat=0
split_feature=43 19 42 53 32 51 53 4 6 53 53 14 13 13 50 18 51 53 52 50 17 0 2 43 53 50 53 52 8 53 0 21 50 0 19 52 4
split_gain=9.01458 6.33674 4.08173 3.77793 7.88011 7.54845 7.28768 7.16663 6.61635 4.54353 6.18396 7.39668 10.9753 7.83234 7.43046 5.13745 4.71613 6.42127 3.09246 4.08413 3.06462 2.98281 2.96609 1.97073 1.90217 3.25526 3.93706 3.11854 2.54143 2.53751 1.81271 1.54073 1.49186 1.47461 1.4648 0.709608 0.568582
threshold=0.82895000000000019 1.4228054403493351 2.5000000000000004 1.0495987963961808 1.0000000180025095e-35 26.500000000000004 0.99899457155407623 0.065432320766663388 0.2153988499581389 0.87843979173544362 0.884119810504709 1.5000000000000002 0.050011628769491251 0.13135285912947903 95.500000000000014 3.5000000000000004 18.500000000000004 0.92596810925254058 0.95914581133341847 87.500000000000014 0.10102776364913164 0.090887283881804989 0.063834155418173569 0.54375000000000007 0.98272433948956606 90.500000000000014 0.93700965917191315 0.89894760290174602 0.061952385451911229 0.90188601915518507 0.23448358368475769 0.099984458808039592 88.500000000000014 0.079321294206020229 0.014391649568002854 0.94174254378713262 0.045585693280086124
decision_type=2 2 2 2 2 2 2 2 2 2 2 2 2 2 2 2 2 2 2 2 2 2 2 2 2 2 2 2 2 2 2 2 2 2 2 2 2
left_child=2 3 23 4 5 6 9 -5 31 15 -11 12 -12 22 16 21 18 -18 19 -15 -16 -2 -13 35 25 30 27 -27 32 -29 33 -6 -26 34 -25 -1 -8
right_child=1 -3 -4 7 8 -7 36 -9 -10 10 11 13 -14 14 20 -17 17 -19 -20 -21 -22 -23 -24 24 28 26 -28 29 -30 -31 -32 -33 -34 -35 -36 -37 -38
leaf_value=-0.0037407727233962499 -0.00041737508467395372 0.0024536260948163718 0.0013584322774093335 0.0048640956693697902 -0.0029462596913589177 -0.0028218166207255105 -0.0034394837044658066 -0.00069276222724214034 -0.00041815316529827577 0.0050950471603674998 -3.6614870364164257e-05 -0.0048794757844801027 0.0080043791690924751 -0.0025353887099301077 0.0004077938457334216 0.0011280439300625708 0.00065460505315313451 0.0050740864936222778 0.0023662258649287875 0.0015941753824924201 -0.0031565372503477825 -0.0043964089205162484 -0.00021696193743838481 -0.0013451184552530143 -0.0025515569633424587 -0.0042274135441114956 0.0037479797398824494 0.0023053139676451426 -0.00028855507049388803 -0.0028676581943047272 -0.0060397864662960652 -0.0059397601714124603 -0.0070057815978157622 0.00054813914049009699 -0.0051178237358333245 -0.0078025973424655105 -0.0015969055991506321
leaf_weight=26.693279109895229 94.151937782764435 329.74228644371033 95.774995058774948 118.39029049873352 89.531294733285904 184.59402292966843 91.578813165426254 124.01911920309067 261.32150092720985 104.545037150383 86.298178464174271 85.677756100893021 91.024216800928116 124.46879661083221 127.03214886784554 212.0006699860096 148.05082157254219 204.04616361856461 169.21679738163948 125.54148799180984 124.80093312263489 102.90239673852921 60.929964780807495 56.561490118503571 31.597313910722733 60.920967191457748 52.73852114379406 65.906717464327812 38.249499633908272 39.626531660556793 40.21639409661293 89.954050362110138 51.786134973168373 38.468358770012856 51.142790451645851 19.369833216071129 83.607474535703659
leaf_count=146 120 110 177 116 116 175 112 84 158 87 127 132 86 105 133 163 115 145 136 104 89 122 82 164 98 165 103 146 79 95 85 82 161 88 137 108 71
internal_value=-2.17662e-05 0.000331417 -0.00172865 9.04193e-05 -8.54466e-05 0.000306225 0.000589847 0.00202115 -0.00205841 0.00088642 0.00131018 0.00101645 0.00409104 0.000550374 0.00105076 -0.000617403 0.00183739 0.00321577 0.000679736 -0.000461748 -0.00135858 -0.00249524 -0.00294174 -0.00224439 -0.00196442 -0.00143303 -9.84288e-05 -0.00131711 -0.00373634 0.000362922 -0.00300251 -0.00444654 -0.0053179 -0.00216686 -0.00313657 -0.0054488 -0.00256012
internal_weight=3902.48 3233.43 669.053 2903.68 2661.27 2220.47 2035.87 242.409 440.807 1860.69 1451.63 1347.09 177.322 1169.76 1023.16 409.055 771.324 352.097 419.227 250.01 251.833 197.054 146.608 573.278 527.215 405.582 219.193 166.454 121.633 105.533 186.389 179.485 83.3834 146.173 107.704 46.0631 175.186
internal_count=4522 2770 1752 2660 2460 2104 1929 200 356 1746 1341 1254 213 1041 827 405 605 260 345 209 222 242 214 1575 1321 983 509 406 338 241 474 198 259 389 301 254 183
is_linear=0
shrinkage=0.0161547


Tree=195
num_leaves=40
num_cat=0
split_feature=43 25 0 8 19 19 13 27 10 2 53 46 53 53 50 8 15 51 0 45 6 19 1 0 47 19 15 44 43 0 43 24 50 13 17 51 50 51 19
split_gain=8.50224 5.27802 5.90528 9.99563 5.28147 7.51764 6.83151 4.51485 3.35718 8.15045 3.64953 3.21576 6.15202 5.3799 11.0753 7.97161 7.71015 4.60995 5.86289 5.96938 3.18691 4.63755 3.06137 2.52867 2.51524 3.20374 3.9079 3.38708 3.34001 2.39905 2.166 1.93575 1.88535 2.3932 1.6771 1.17884 1.26943 1.25521 0.676325
threshold=0.82555000000000012 10.500000000000002 2.5069677747996084 0.60830771678879858 0.031134321523960975 0.04532086093426161 0.13296399597700104 1.0000000180025095e-35 0.27106900472194667 0.067712408040111749 1.0236856744094631 1.0000000180025095e-35 0.91033197859443771 0.89060886751271606 83.500000000000014 0.12983485018771423 0.19727058696038124 16.500000000000004 0.19634035164087091 1.0000000180025095e-35 0.22112197558563373 0.10922798835410834 1.5000000000000002 0.13137559449368469 1.5000000000000002 0.080555666936186723 0.011834172773362671 73.500000000000014 0.70785000000000009 0.478981051733328 1.1411500000000003 14.500000000000002 90.500000000000014 0.028102835665740959 0.02123702467197593 15.500000000000002 87.500000000000014 19.500000000000004 0.013334333016632541
decision_type=2 2 2 2 2 2 2 2 2 2 2 2 2 2 2 2 2 2 2 2 2 2 2 2 2 2 2 2 2 2 2 2 2 2 2 2 2 2 2
left_child=8 -2 3 4 32 -6 23 11 10 -10 24 13 -13 14 -8 -16 22 -18 -19 -20 21 31 -15 34 25 26 35 28 -28 -14 -24 -11 33 -3 -7 -1 -37 -38 -12
right_child=1 2 -4 -5 5 6 7 -9 9 20 38 12 29 16 15 -17 17 18 19 -21 -22 -23 30 -25 -26 -27 27 -29 -30 -31 -32 -33 -34 -35 -36 36 37 -39 -40
leaf_value=-0.0013634341520708025 0.0034812095132880088 0.0015318192939190723 0.0023495229384259977 -0.0028681274544318999 0.0048545533919243074 0.00062467565220396281 0.0069178697635736107 -0.0019397993084566054 0.0060749356214289596 -0.0040341488545890015 -0.0046263336224205715 -0.0036546304018344809 -0.00052864020435387294 9.1314233393964854e-05 0.0040855697903675924 -0.0012561893815658373 0.0037090853186685928 -0.0023857755957800847 -0.00017385487736487596 0.0037487405591359445 -0.0043930750247697173 0.0040662875868118439 -0.0011467711231824315 -0.0049121440801396313 0.0017506880407162975 -0.0070117700530329579 -0.00097883085076658346 -0.0031651901327463109 0.0052165203029073881 0.0028510712368141327 -0.0049835755324845847 0.00048038283175347437 -0.0034339292638548352 -0.0028058115871379221 -0.0029281381831464909 -0.0075034483071773957 -0.0060466132490993871 -0.001380564706189847 -0.0082555188485464084
leaf_weight=34.67895033955574 141.23646983504295 68.011101961135864 324.39568263292313 276.52855539321899 104.11029824614525 70.532895296812057 121.62376508116722 154.54143086075783 45.387252166867256 57.422534540295601 27.071942448616028 108.36686143279076 117.57421961426735 160.24977678060532 131.54095077514648 163.56734156608582 191.74767774343491 118.13119333982468 211.52993413805962 194.1971555352211 66.653288945555687 46.793128103017807 75.422459602355957 68.67585301399231 43.243631206452847 34.99679559469223 49.132150270044804 55.850117966532707 42.22899816930294 102.68219807744026 78.223974764347076 43.612695708870888 111.5415800511837 64.844459772109985 68.204632043838501 31.26204501837492 27.53194435685873 33.176478952169418 26.537238091230392
leaf_count=103 127 100 113 156 126 96 83 112 89 149 96 105 116 171 120 138 128 109 149 134 130 83 106 93 118 86 165 148 79 72 81 93 177 96 89 121 90 109 87
internal_value=8.45416e-05 0.000427379 0.000287626 4.5444e-05 0.000369622 0.000615557 0.000409023 0.000708513 -0.00157792 -0.000144358 -0.00249616 0.000939108 -0.000503437 0.00126689 0.00281554 0.00112484 0.000640017 0.00156594 0.00078148 0.00170366 -0.00146045 -0.000138173 -0.00147085 -0.00237689 -0.00189831 -0.00240921 -0.00182105 -3.11109e-05 0.00188479 0.00104696 -0.00310015 -0.00208541 -0.0018854 -0.000585302 -0.00112192 -0.00390158 -0.00485863 -0.00349667 -0.00642283
internal_weight=3893.06 3227.48 3086.24 2761.85 2485.32 2240.92 2136.81 1929.4 665.579 259.869 405.71 1774.86 328.623 1446.23 416.732 295.108 1029.5 715.606 523.858 405.727 214.482 147.828 313.896 207.413 352.101 308.857 273.861 147.211 91.3611 220.256 153.646 101.035 244.397 132.856 138.738 126.649 91.9705 60.7084 53.6092
internal_count=4543 2797 2670 2557 2401 2028 1902 1624 1746 544 1202 1512 293 1219 341 258 878 520 392 283 455 325 358 278 1019 901 815 392 244 188 187 242 373 196 185 423 320 199 183
is_linear=0
shrinkage=0.0161547


Tree=196
num_leaves=41
num_cat=0
split_feature=13 10 2 44 40 37 6 50 17 52 44 53 17 51 6 45 50 53 32 30 19 50 18 23 10 13 40 50 44 17 44 52 52 51 52 6 50 6 4 19
split_gain=6.46345 5.28959 8.90966 4.9329 9.03471 4.47505 7.51707 4.86032 7.98793 6.34687 5.74818 5.29989 7.1002 3.29866 3.18679 4.70928 7.21426 3.11109 3.79555 5.98801 8.05358 4.92306 3.10814 3.81086 4.15345 2.97291 2.89974 4.15378 3.98116 5.05996 3.42237 3.37281 3.63369 2.385 2.25094 2.23919 2.19547 1.58155 1.57432 0.842685
threshold=4.4067244970687147 8.6733077421297047 1.0980486479259108 68.500000000000014 1.0000000180025095e-35 1.0000000180025095e-35 0.090345481462966129 97.000000000000014 0.18215715110196415 0.84255070091722872 80.500000000000014 0.97647157317789879 0.058032643560561557 12.500000000000002 0.36506697056660459 1.0000000180025095e-35 104.50000000000001 1.0495987963961808 1.0000000180025095e-35 1.0000000180025095e-35 0.1442354929363838 89.500000000000014 2.5000000000000004 0.030575946015710741 0.084794710360733425 0.079082620973198792 1.0000000180025095e-35 87.500000000000014 74.500000000000014 0.10948280110602851 72.500000000000014 0.89894760290174602 0.93763497399644036 21.500000000000004 0.93763497399644036 0.053011664213537639 100.50000000000001 0.053776508548123839 0.031091985234457036 0.072803313905222683
decision_type=2 2 2 2 2 2 2 2 2 2 2 2 2 2 2 2 2 2 2 2 2 2 2 2 2 2 2 2 2 2 2 2 2 2 2 2 2 2 2 2
left_child=1 2 3 4 22 7 -7 9 14 -5 13 12 -12 -11 15 36 37 18 19 26 25 -20 23 -1 -25 -21 28 -28 29 30 31 -15 -33 34 -30 -34 -9 -17 39 -38
right_child=-2 -3 -4 5 -6 6 -8 8 -10 10 11 -13 -14 17 -16 16 -18 -19 21 20 -22 -23 -24 24 -26 -27 27 -29 33 -31 -32 32 35 -35 -36 -37 38 -39 -40 -41
leaf_value=-0.0063710317961964162 0.0042347620365527014 -0.0035188039006581423 0.0028031064440020969 0.0045195734823091811 0.0034615614177253128 0.0052978576249278053 -8.5059584702288011e-05 -0.00052754783856947857 -0.0057564406953153034 0.0028012684655567429 -0.0029345896428071552 0.0048704622991335485 0.0025908126202358467 -0.0049474850358165361 0.0025560520448201147 6.8473086086551807e-05 0.0047054236001741207 0.001661790342537331 -0.0056100906849939755 0.006641120046589009 -0.00074424852735298298 -0.00031904299013655446 -0.0061711829125767692 0.0022907745030216185 -0.0037776026941745205 0.0019784161068722643 -0.00040556548404832137 -0.0050051341765330621 -0.0016164964756702842 0.0033927991837947873 0.0017248200632161829 0.0027552501391986191 -4.9086546525358983e-05 0.00023752019900699224 -0.0051643265004244227 -0.0045995561713074833 -0.0037989427347517903 -0.0035770424932850976 -0.0056694461590475996 -0.0010370935757076506
leaf_weight=43.615400068461895 91.328524231910706 115.47096195816994 272.35129350423813 82.580185428261757 59.004798144102097 105.86000761389732 187.83512955904007 90.353754192590714 96.786051869392395 77.482728630304337 96.037784293293953 103.97281242907047 164.9158610701561 64.793994754552841 67.933090090751648 65.095646508038044 73.738276563584805 142.7846055328846 93.306868016719818 68.71344992518425 211.50552588701248 90.31536428630352 80.932796150445938 58.148840822279453 59.608956873416901 74.247041761875153 94.417246878147125 112.04783806204796 100.56487461924553 100.77087378501892 102.63919526338577 55.936029091477394 57.571892827749252 69.650613538920879 87.083132311701775 55.356939792633057 61.190330989658833 59.394529610872269 63.115154951810837 54.51943002641201
leaf_count=164 29 49 114 87 98 123 133 134 70 99 140 91 104 122 56 117 92 162 100 101 162 89 167 146 166 92 102 133 133 77 170 90 122 95 128 89 125 77 89 64
internal_value=-1.10805e-05 -0.000115273 -6.29045e-06 -0.000235799 -0.00220719 -3.99218e-05 0.00185517 -0.00024314 -0.0014855 0.000129639 -4.94628e-05 0.0017862 0.00055732 -0.000453203 -0.000713347 -0.00118852 0.000701062 -0.000612629 -0.00083832 -0.000520993 0.0012577 -0.00300767 -0.00358761 -0.00229188 -0.000781036 0.00421953 -0.00122089 -0.00290173 -0.0007211 0.000217441 -0.000734048 -0.00181415 -0.000611883 -0.00231538 -0.00326296 -0.0022797 -0.00258005 -0.00167081 -0.0036171 -0.00249763
internal_weight=3812.98 3721.65 3606.18 3333.83 301.311 3032.52 293.695 2738.82 632.126 2106.69 2024.11 364.926 260.954 1659.19 535.34 467.407 198.228 1581.71 1438.92 1255.3 354.466 183.622 242.306 161.373 117.758 142.96 900.833 206.465 694.368 437.069 336.298 233.659 168.865 257.299 187.648 112.929 269.179 124.49 178.825 115.71
internal_count=4501 4472 4423 4309 741 3568 256 3312 824 2488 2401 335 244 2066 754 698 286 1967 1805 1616 355 189 643 476 312 193 1261 235 1026 670 593 423 301 356 261 211 412 194 278 189
is_linear=0
shrinkage=0.0161547


Tree=197
num_leaves=38
num_cat=0
split_feature=43 43 53 6 0 2 0 8 23 52 50 44 6 10 52 52 43 43 23 43 19 2 13 21 43 43 19 15 6 8 53 53 52 13 45 19 43
split_gain=12.2387 4.90878 5.64853 4.50269 6.08632 5.37918 6.06675 7.40124 4.98761 4.39632 4.36056 4.78468 4.18431 7.44289 3.48875 3.40814 2.84212 6.03657 4.28528 5.18475 4.7962 2.75858 4.25227 2.53738 2.422 2.25787 2.95763 2.44409 2.01865 1.97724 3.72718 1.728 1.63992 1.4516 1.18235 1.14235 0.779507
threshold=1.3199000000000003 0.72065000000000012 0.84586600361515785 0.05128077008283257 0.30468706546190832 1.130775906436434 0.46758821699660491 0.37963126300653577 0.85939506257353704 0.91132701556953777 93.500000000000014 83.500000000000014 0.12065274851252689 0.45154573168749018 0.88890035761821551 0.91329427876986824 1.1746000000000001 1.1201000000000001 0.19352968552850214 0.96725000000000005 0.064215394919187443 0.22539481420256266 0.53213383754682109 0.0077205260731917158 0.54375000000000007 0.92140000000000011 0.18664843688935637 0.16190455165194365 0.010368787092996507 0.07991291638558444 0.88831549063524962 1.0065020884069211 0.90938961438577992 0.034930342413369522 1.0000000180025095e-35 0.069681738443098509 0.50075000000000014
decision_type=2 2 2 2 2 2 2 2 2 2 2 2 2 2 2 2 2 2 2 2 2 2 2 2 2 2 2 2 2 2 2 2 2 2 2 2 2
left_child=1 24 -3 28 8 6 -6 9 -5 -8 11 16 13 14 -12 -16 17 18 19 23 -20 -14 -23 -4 36 26 -22 -27 -2 30 33 32 -32 -26 -34 -17 -1
right_child=3 2 10 4 5 -7 7 -9 -10 -11 12 -13 21 -15 15 35 -18 -19 20 -21 25 22 -24 -25 29 27 -28 -29 -30 -31 31 -33 34 -35 -36 -37 -38
leaf_value=-0.0085299851998685144 0.00035948286353731224 -0.0045611901248520858 -0.0019686636959480078 0.0055527935930891042 -0.0027144314717974819 0.002375392758643445 0.0042816998712415753 -0.00090957769566079715 0.0014450383765157936 0.00060758770512313656 -0.0038018039678597063 0.0042169207646158427 -0.005264538677216068 0.0046109497741232582 0.0030592115883376109 -0.00021072061501713167 -0.0017111269269396274 0.0045516538353353696 -0.0041951392942918544 0.0064023373924830236 -0.00045702845879554848 0.00083519246758294904 -0.0043947341888915942 0.002680362090233067 0.0027593004210616158 0.0010212994099887338 0.003708259948650104 -0.0025056122850099882 -0.0027190894451336626 0.00067537067007472043 -0.0052681775928076187 -0.0068431501946081517 -0.0035180651475474386 -0.0017617003972809869 9.8984108179337992e-05 -0.0031922198375199506 -0.0042823550004440891
leaf_weight=17.372149519622326 118.91116487979889 80.824128836393356 60.892661958932877 147.35270404815674 159.06721371412277 414.47834777832031 172.55399459600449 335.64215564727783 161.89228576421738 167.4936448931694 96.323540657758713 81.714834243059158 83.932430297136307 69.120698660612106 62.748832523822784 78.350135505199432 175.56256923079491 87.823854565620422 86.308929592370987 53.391544878482819 103.48567649722099 85.092055559158325 77.546540498733521 61.664317697286606 37.249003008008003 84.694064021110535 78.03798034787178 129.96179133653641 104.37673199176788 61.307220950722694 52.584889873862267 38.09504359960556 47.127793461084366 36.890106558799744 47.2119180560112 58.636566013097763 32.126833595335484
leaf_count=113 98 133 122 108 111 134 87 172 96 96 156 82 123 86 92 135 176 85 152 70 177 108 89 108 103 107 100 149 92 133 177 135 135 96 123 83 163
internal_value=8.48064e-05 -0.000761271 -0.00039351 0.00106589 0.00137328 0.000870989 0.000124014 0.000792226 0.00340235 0.00247198 -0.000184972 0.000470366 -0.00126001 -0.000162167 -0.00127654 -5.87219e-05 0.000138254 0.000573332 4.26944e-05 0.00220085 -0.000744318 -0.00288596 -0.00165845 0.000370485 -0.00244728 7.45459e-06 0.00133365 -0.00111404 -0.00107961 -0.00193358 -0.00255075 -0.00377712 -0.00298216 0.000509743 -0.00170793 -0.00148694 -0.0057731
internal_weight=3847.85 2066.08 1696.11 1781.77 1558.48 1249.24 834.757 675.69 309.245 340.048 1615.29 1003.54 611.751 365.18 296.059 199.736 921.823 746.261 658.437 175.949 482.488 246.571 162.639 122.557 369.965 396.18 181.524 214.656 223.288 320.466 259.159 185.02 146.925 74.1391 94.3397 136.987 49.499
internal_count=4505 3511 2333 994 804 600 466 355 204 183 2200 1328 872 552 466 310 1246 1070 985 300 685 320 197 230 1178 533 277 256 190 902 769 570 435 199 258 218 276
is_linear=0
shrinkage=0.0161547


end of trees

feature_importances:
raf_score_base=1150
pcp_provider_id_te=674
county_id_te=519
age=480
county_freq=376
cost_inpatient_12m_ratio=353
cost_professional_12m_ratio=329
cost_er_12m_ratio=326
pcp_freq=322
cost_rx_12m_ratio=284
hcc_count=275
cost_outpatient_12m_ratio=273
cost_er_6m_ratio=245
cost_outpatient_6m_ratio=240
cost_rx_6m_ratio=234
cost_inpatient_6m_ratio=228
cost_professional_6m_ratio=220
cost_total_12m_ratio=186
cost_total_6m_ratio=126
hcc_14=90
claims_inpatient_12m=66
claims_er_12m=56
sex_male=53
hcc_09=38
orec=36
hcc_02=30
months_history_available=25
hcc_08=24
hcc_04=23
claims_inpatient_6m=22
hcc_06=21
dual=20
claims_er_6m=17
hcc_11=15
claims_total_12m=11
hcc_03=11
hcc_13=9
claims_rx_12m=6
claims_outpatient_6m=3
claims_outpatient_12m=3
hcc_10=3
hcc_12=3
hcc_01=2
claims_total_6m=1
months_enrolled_6m=1
claims_professional_12m=1

parameters:
[boosting: gbdt]
[objective: tweedie]
[metric: tweedie]
[tree_learner: serial]
[device_type: cpu]
[data_sample_strategy: bagging]
[data: ]
[valid: ]
[num_iterations: 198]
[learning_rate: 0.0161547]
[num_leaves: 112]
[num_threads: 4]
[seed: 42]
[deterministic: 1]
[force_col_wise: 0]
[force_row_wise: 0]
[histogram_pool_size: -1]
[max_depth: -1]
[min_data_in_leaf: 91]
[min_sum_hessian_in_leaf: 0.001]
[bagging_fraction: 0.84885]
[pos_bagging_fraction: 1]
[neg_bagging_fraction: 1]
[bagging_freq: 1]
[bagging_seed: 42]
[bagging_by_query: 0]
[feature_fraction: 0.889062]
[feature_fraction_bynode: 1]
[feature_fraction_seed: 42]
[extra_trees: 0]
[extra_seed: 12879]
[early_stopping_round: 0]
[early_stopping_min_delta: 0]
[first_metric_only: 0]
[max_delta_step: 0]
[lambda_l1: 0]
[lambda_l2: 0]
[linear_lambda: 0]
[min_gain_to_split: 0]
[drop_rate: 0.1]
[max_drop: 50]
[skip_drop: 0.5]
[xgboost_dart_mode: 0]
[uniform_drop: 0]
[drop_seed: 17869]
[top_rate: 0.2]
[other_rate: 0.1]
[min_data_per_group: 100]
[max_cat_threshold: 32]
[cat_l2: 10]
[cat_smooth: 10]
[max_cat_to_onehot: 4]
[top_k: 20]
[monotone_constraints: ]
[monotone_constraints_method: basic]
[monotone_penalty: 0]
[feature_contri: ]
[forcedsplits_filename: ]
[refit_decay_rate: 0.9]
[cegb_tradeoff: 1]
[cegb_penalty_split: 0]
[cegb_penalty_feature_lazy: ]
[cegb_penalty_feature_coupled: ]
[path_smooth: 0]
[interaction_constraints: ]
[verbosity: -1]
[saved_feature_importance_type: 0]
[use_quantized_grad: 0]
[num_grad_quant_bins: 4]
[quant_train_renew_leaf: 0]
[stochastic_rounding: 1]
[linear_tree: 0]
[max_bin: 255]
[max_bin_by_feature: ]
[min_data_in_bin: 3]
[bin_construct_sample_cnt: 200000]
[data_random_seed: 175]
[is_enable_sparse: 1]
[enable_bundle: 1]
[use_missing: 1]
[zero_as_missing: 0]
[feature_pre_filter: 1]
[pre_partition: 0]
[two_round: 0]
[header: 0]
[label_column: ]
[weight_column: ]
[group_column: ]
[ignore_column: ]
[categorical_feature: ]
[forcedbins_filename: ]
[precise_float_parser: 0]
[parser_config_file: ]
[objective_seed: 16083]
[num_class: 1]
[is_unbalance: 0]
[scale_pos_weight: 1]
[sigmoid: 1]
[boost_from_average: 1]
[reg_sqrt: 0]
[alpha: 0.9]
[fair_c: 1]
[poisson_max_delta_step: 0.7]
[tweedie_variance_power: 1.26216]
[lambdarank_truncation_level: 30]
[lambdarank_norm: 1]
[label_gain: ]
[lambdarank_position_bias_regularization: 0]
[eval_at: ]
[multi_error_top_k: 1]
[auc_mu_weights: ]
[num_machines: 1]
[local_listen_port: 12400]
[time_out: 120]
[machine_list_filename: ]
[machines: ]
[gpu_platform_id: -1]
[gpu_device_id: -1]
[gpu_device_id_list: ]
[gpu_use_dp: 0]
[num_gpu: 1]

end of parameters

pandas_categorical:[]
